X,Y,FID,INDEX_NO,REGION_NO,PORT_NAME,COUNTRY,LATITUDE,LONGITUDE,LAT_DEG,LAT_MIN,LAT_HEMI,LONG_DEG,LONG_MIN,LONG_HEMI,PUB,CHART,HARBORSIZE,HARBORTYPE,SHELTER,ENTRY_TIDE,ENTRYSWELL,ENTRY_ICE,ENTRYOTHER,OVERHD_LIM,CHAN_DEPTH,ANCH_DEPTH,CARGODEPTH,OIL_DEPTH,TIDE_RANGE,MAX_VESSEL,HOLDGROUND,TURN_BASIN,PORTOFENTR,US_REP,ETAMESSAGE,PILOT_REQD,PILOTAVAIL,LOC_ASSIST,PILOTADVSD,TUGSALVAGE,TUG_ASSIST,PRATIQUE,SSCC_CERT,QUAR_OTHER,COMM_PHONE,COMM_FAX,COMM_RADIO,COMM_VHF,COMM_AIR,COMM_RAIL,CARGOWHARF,CARGO_ANCH,CARGMDMOOR,CARBCHMOOR,CARICEMOOR,MED_FACIL,GARBAGE,DEGAUSS,DRTYBALLST,CRANEFIXED,CRANEMOBIL,CRANEFLOAT,LIFT_100_,LIFT50_100,LIFT_25_49,LIFT_0_24,LONGSHORE,ELECTRICAL,SERV_STEAM,NAV_EQUIP,ELECREPAIR,PROVISIONS,WATER,FUEL_OIL,DIESEL,DECKSUPPLY,ENG_SUPPLY,REPAIRCODE,DRYDOCK,RAILWAY
-10111520.4137223,3505692.3680513,1,8895,8650,CONVENT,US,30.016667,-90.833333,30,1,N,90,50,W,CP05,11352,S,RN,F, , , ,Y, , , , ,J,0,M, , , , ,Y,Y,Y,Y, ,Y, , ,Y, ,Y, , , ,Y,Y,Y, , , , , , , , , , , , , , , ,Y, , , , , , , , , , , , , 
-10612458.1222921,3471454.98192683,2,9235,8650,DEER PARK,US,29.75,-95.333333,29,45,N,95,20,W,CP05,11325,V,RN,G, , , ,Y,Y,G,K, ,L,0,L, ,Y, , ,Y,Y, , ,Y, ,Y, , , ,Y, ,Y,Y, , , , , , , ,Y, , , , , , , , , , ,Y, , , , , , , , , , , , ,S
13662612.1700278,-540545.450456069,3,52270,51970,RAHA ROADSTEAD,ID,-4.85,122.733333,4,51,S,122,44,E,163,72131,V,OR,F, , , , , ,N,L, ,N,0,M, , , , , , , , , , , , , , ,Y, , , , , , ,Y, , , , , , , , , , , , , , , , , , , , , , , , , ,D, , 
-3892471.52807147,-938451.586756636,4,12740,12700,PORTO DE SUAPE,BR,-8.4,-34.966667,8,24,S,34,58,W,124,24222,S,CB,G,Y,Y,N,Y,Y,G,G,K,G,2,L,Y,Y,Y,Y,Y,Y,Y, , , ,Y,Y, ,Y, , ,Y, ,Y,Y,Y,Y,Y, , ,Y,Y, ,Y, , , , , , , ,Y, , , , , ,Y,Y,Y, , ,N,L,S
3603040.85200895,3450102.88104034,5,48055,47950,AIN SUKHNA TERMINAL,EG,29.583333,32.366667,29,35,N,32,22,E,172,62195/4,L,OR,F, , , ,Y, , ,A, ,A,2,L,Y,Y, , ,Y,Y,Y,Y,Y,Y,Y, ,Y,Y,Y,Y,Y,Y,Y, ,Y,Y,Y, , ,Y, , ,Y, , , , , , , , , , , , ,Y,N,Y,Y, , ,N, , 
4254259.87314961,2747316.5742472,6,48121,48100,KING FAHD PORT,SA,23.95,38.216667,23,57,N,38,13,E,172,62172,V,CB,P,N,N,N,Y, ,G, ,F,A,1,M, ,Y,Y,Y,Y,Y,Y, ,Y,Y,Y,Y,Y, ,Y, ,Y,Y,N, ,Y,Y,Y, , ,Y,Y, ,Y,Y, , , , ,Y, , , , ,Y,Y,Y,Y,Y,Y,Y, ,C, , 
4742210.30779345,1704571.1352082,7,48155,48143,RAS ISA MARINE TERMINAL,YE,15.133333,42.6,15,8,N,42,36,E,172,62292,L, , , , , ,Y,Y, ,A, ,J,3,M,Y,Y, , ,Y,Y,Y,Y,Y, ,Y, ,Y, ,Y,Y,Y,Y, , , ,Y,Y, , ,Y,N,N,N,Y, , , , , ,Y,N,N,N, ,N,N,N, ,Y,N, ,N, , 
12675579.3516608,2567647.15251636,8,57777,57740,SHEKOU,CN,22.466667,113.866667,22,28,N,113,52,E,161,93721,M,CN,G,Y,N,N,Y, ,H,H,F,J,1,M,Y,Y,Y,N,Y,Y,Y, , ,Y,Y,Y, ,Y,Y,Y,Y, ,Y,Y,Y, , , , ,Y,Y, , ,Y,Y,Y, , ,Y,Y,Y,Y,Y,Y,Y,Y,Y,Y,Y,Y, ,C, ,S
11990964.4832821,-656083.633753123,9,50340,50020,ARDJUNA OIL FIELD,ID,-5.883333,107.716667,5,53,S,107,43,E,163,71018,V,OR,P, , , ,Y, ,B,K, ,B,0,M, , ,Y, ,Y,Y,Y,Y,Y,Y,Y,Y,Y, , , ,Y,Y,Y,Y,Y,Y, , , ,N, , ,N, , , , , , , ,Y, , , , ,N,N,N,N, , ,N, , 
13590254.5010121,4909633.71170532,10,60230,59850,BAYUQUAN,CN,40.3,122.083333,40,18,N,122,5,E,157,94380,V,OR,F,Y, ,Y, , ,G,J,J,J,8,M, ,Y,N, ,Y,Y,Y, , , ,Y,Y, ,Y, , ,Y, , ,Y,Y, , , , , , , , , , , , , , , ,Y, , , , , , , , , , , , ,S
7961198.91656561,2381944.74764902,11,48730,48610,PIPAVAV BANDAR,IN,20.916667,71.516667,20,55,N,71,31,E,173,63080,S,CN,G,Y,N,N,Y,N,G,L,G,H,3,L,Y,Y,Y, ,Y,Y,Y,Y,Y, ,Y,Y, ,Y,Y,Y, ,Y,Y,Y,Y, , , , ,Y,Y, ,N,Y,Y, ,Y,Y,Y,Y,Y, , , , ,Y,Y,Y, , , ,N,L,L
13536450.0804621,-464240.581310782,12,52295,51970,POMALAA,ID,-4.166667,121.6,4,10,S,121,36,E,163,BA2640,V,CN,F,N,N,N,N, ,N,L,M, ,0,M, , ,Y,N,Y,N,Y,Y,Y,N,Y,Y, ,Y, , ,Y,Y,Y, ,Y,Y, , , ,Y, , ,N,N,N,N,N,N,N,N,Y, , , , ,N,Y,N,N, , , , , 
13291547.2007169,-572206.082733751,13,52320,51970,UJUNG PANDANG,ID,-5.133333,119.4,5,8,S,119,24,E,163,72161,M,CB,F,Y,Y,N,Y, ,K,B,K,L,2,M, , ,Y,N,Y,Y,Y,Y,Y,N,Y,Y, ,Y, , ,Y,Y,Y,Y,Y, , , , ,Y,Y, , , ,Y,Y, , ,Y,Y,Y,Y,N,N,N,Y,Y, ,Y,Y,Y,C,S,S
13388024.0927377,1666161.58190881,14,58395,57960,SUBIC BAY,PH,14.8,120.266667,14,48,N,120,16,E,162,91286,M,CN,E,Y,Y, , ,Y,A,A,J,K,0,L,Y, ,Y, ,Y,Y,Y, ,Y,Y,Y,Y,Y, ,Y, ,Y, ,Y, ,Y,Y,Y, , ,Y, , ,Y,Y,Y, , , ,Y,Y,Y,Y,Y,Y,Y, ,Y,Y, , , ,C,M, 
13328653.697648,-72359.2211479382,15,52350,51970,DONGGALA,ID,-0.65,119.733333,0,39,S,119,44,E,163,72171,V,OR,F, ,Y, , , ,A,A,P,P,4, , , ,Y, ,Y,N, , , , , ,Y,Y,Y, , ,Y,Y,Y, , ,Y, , , ,Y, , , , , , , , , , , , , , , ,Y,Y,N,N, , ,D, , 
13968740.7697093,402873.120622172,16,52440,52400,TAHUNA,ID,3.616667,125.483333,3,37,N,125,29,E,164,73341,V,CN,G, , , , , ,O,A,O, ,3,M,N, , , ,Y, , , , , , ,Y, ,Y, , ,Y,Y, , , ,Y, , , ,Y, , , , , , , , , , ,Y, , , , ,N,N, , , , , , , 
12720107.1479781,2581707.02222622,17,57857,57855,YANTIAN,CN,22.583333,114.266667,22,35,N,114,16,E,161,93730,S,CN,E,Y,Y, ,Y,Y,G,B,G,M,1,M, , ,Y, ,Y,Y,Y, ,Y, ,Y,Y, ,Y,Y,Y,Y, , ,Y, , , , , ,Y, , , ,Y,Y, , , ,Y,Y,Y, , , , ,Y,Y,Y, , , ,C, ,S
14180247.8022165,87202.9844450928,18,52510,52500,TERNATE,ID,0.783333,127.383333,0,47,N,127,23,E,164,73016,V,OR,F, ,Y, ,Y, ,L,A,M,D,1,M,Y, , ,N,Y,Y,Y, , ,Y,Y,Y, ,Y,Y, ,Y, ,Y, , ,Y,Y, , ,Y,Y, , ,Y, ,Y, , ,Y,Y,Y, , , , ,Y,Y,Y, , , ,C, , 
14189524.4264493,-70503.7799394918,19,52523,52520,LABUHA,ID,-0.633333,127.466667,0,38,S,127,28,E,164,73016,V,OR,F, ,Y, ,Y, , ,G,P, ,0, , , , , , , , , , , , , , , , , , , , , , ,Y, , , , , , , , , , , , , , , , , , , , ,Y, , , , , , , 
14527193.5485222,-345258.912870055,20,52680,52650,BULA,ID,-3.1,130.5,3,6,S,130,30,E,164,73022,V,OR,F, , , ,Y, ,J,B,K, ,1,M, , , , , , ,Y, , , ,Y, , , , ,Y,Y, ,Y, ,Y, , , , ,Y,N, ,N, ,Y, , , , ,Y,N, , , , ,N,Y,N,N, , ,N, , 
14580997.9690723,-150295.219661496,21,52695,52650,SALAWATI,ID,-1.35,130.983333,1,21,S,130,59,E,164,73461,S,RN,P,Y,Y,N,Y, ,F,A, ,H,2,M, , ,Y,N,Y,Y,Y,Y, ,N,Y,Y,Y,Y, , ,Y,Y,Y, , ,Y, , , ,N, , ,N,N, , , , , , ,Y, , , , ,N,Y,N,N,N,N,C, , 
-10122652.3628017,3501407.67875222,22,8893,8650,ST. JAMES,US,29.983333,-90.933333,29,59,N,90,56,W,CP05,11352,S,RN,F, , , ,Y, , , , ,J,0,M, , , , ,Y,Y,Y,Y, , , , ,Y, ,Y, , , ,Y,Y,Y, , , , , , , , , , , , , , , ,Y, , , , , , , , , , , , , 
14267448.0700046,-410309.504738891,23,52720,52650,AMBON,ID,-3.683333,128.166667,3,41,S,128,10,E,164,73441,S,CN,F,N,N,N,Y,Y,J,J,J,L,5,M,Y,Y,Y,N,Y,Y,Y,Y, ,Y,Y,Y,Y,Y,Y,Y,Y,Y,Y,N,Y,Y, , , ,Y, , ,N,Y,Y,Y, , ,Y,Y,Y, , , , ,Y,Y,Y, ,Y,Y,C, , 
14146851.9549785,-365699.200434245,24,52760,52735,NAMLEA,ID,-3.283333,127.083333,3,17,S,127,5,E,164,73018,V,CN,F, , , , , ,P,C,P, ,2, , , , , , , , , , , , , , , , , , , , , ,Y,Y, , , , , , , , , , , , , , , , , , , , , , , , , , , , 
14616249.1411568,-891590.231096248,25,52870,52850,SAUMLAKI,ID,-7.983333,131.3,7,59,S,131,18,E,164,73006,V,CN,G, , , , , ,N,A,N,N,3, , , , , , , , , , , , , , , , , , , , , , , , , , , , , , , , , , , , , , , , , , , ,Y, , , , ,D, , 
17660837.2143529,6992251.9276904,26,62600,62530,PETROPAVLOVSK,RU,53.05,158.65,53,3,N,158,39,E,155,96500,V,CN,G,Y,Y, ,Y,Y,J,C,K, ,5,M, , ,Y, ,Y, ,Y, , , , , , ,Y, , ,Y, , ,Y,Y, , ,Y, ,Y,Y, ,N,Y,Y,Y, ,Y,Y,Y, , , ,Y,Y,Y,Y,Y, ,Y,Y,A,M, 
15167280.6205835,-211545.807784802,27,52940,52900,SERUI,ID,-1.9,136.25,1,54,S,136,15,E,164,73032,V,CN,F,Y,Y, , , ,J,A,N,J,5,L,Y, , , , , , ,Y, , , , , , , , , , , , , ,Y, , , , , , , , , , , , , , , , , , , , , , , , , ,D, , 
14926088.3905314,-96480.5712413553,28,53010,52900,MANOKWARI ROAD,ID,-0.866667,134.083333,0,52,S,134,5,E,164,73034,V,CN,G,N,N,N,N, ,K,A,O, ,1,M,N, , , ,Y,Y,Y, ,Y, ,Y,Y, ,Y,Y, ,Y,Y,Y, , ,Y, , , ,Y, , , ,Y,Y,Y, ,Y, ,Y,Y, , , , ,Y,Y,Y,N, , ,C,S,L
13477079.6853723,-304388.75294757,29,52235,51970,MANGKASA OIL TERMINAL,ID,-2.733333,121.066667,2,44,S,121,4,E,163,BA2640,S,OR,P,N,N,N,N, ,K,C, ,K,2,L, , ,Y,N,Y,Y,Y, ,Y,N,Y, , ,Y, , ,Y,Y,Y, ,Y, , , , ,Y,N, ,N, , , , , , , ,Y, , , , ,N,N,N,N,N,N,N, , 
13645914.2464088,-441920.474384888,30,52240,51970,KENDARI,ID,-3.966667,122.583333,3,58,S,122,35,E,163,73271,V,CN,G, , , ,N,Y,G,E,M, ,1,M,N, , , ,Y,Y,Y,Y, ,Y,N,Y, ,Y, , ,Y,Y,Y, , ,Y, , , ,Y, , , , ,Y, , , , ,Y,Y, , , , ,Y,Y, ,Y, , ,D, , 
18477180.1468369,7400779.18915312,31,62630,62530,NIKOL SKOYE,RU,55.2,165.983333,55,12,N,165,59,E,155,96740,V,CN,P, , ,Y, , ,H,J, , ,4, , , , , , , , , , , , , , , , , ,Y, , , , ,Y, , , ,Y, , , , , , , , , , , , , , , ,Y,Y, , , , ,D, , 
14584708.6187654,-144727.756288489,32,53045,52900,KASIM TERMINAL,ID,-1.3,131.016667,1,18,S,131,1,E,164,73461,L,OR,P,Y,Y, ,Y,Y,F,A,M,N,1,M,Y, , , ,Y,Y,Y, , , ,Y,Y, ,Y, , ,Y,Y,Y, ,Y, , , , , ,N, ,N,Y,Y, , ,Y,Y, ,Y, , , , , ,Y,N,N, , ,N, , 
12586523.7590261,363840.840579565,33,51585,51550,BINTULU PORT,MY,3.266667,113.066667,3,16,N,113,4,E,163,71401/2,S,CB,P,Y,N,N,Y,N,H,C,H,G,1,L,Y,Y,N,N,Y,Y,Y, , ,N,Y, ,Y,Y,Y, ,Y, ,Y, ,Y,Y, , , ,Y,Y, ,N,Y,Y, , ,Y,Y,Y,Y, , , , ,Y,Y,Y,Y,N,N,C,S, 
-19284246.4550881,9456369.74278528,34,62640,62530,PROVIDENIYA,RU,64.416667,-173.233333,64,25,N,173,14,W,155,96645,V,CN,G,N,N,Y,Y,N,A,A,K,L,2, , , , , ,Y,Y,Y, ,Y, ,Y, , , ,Y,Y,Y,Y,Y,N,Y, ,Y, , , , , ,Y,Y,Y, , , ,Y,Y,Y, , , , ,Y,Y,Y,Y, , ,C, , 
12686711.3007401,488427.111719412,35,51590,51550,MIRI,MY,4.383333,113.966667,4,23,N,113,58,E,163,71343,S,RN,F,N,Y,N, , ,P,L,P, ,2,M, , ,Y,N,Y,Y,Y,Y,Y, ,Y,Y,Y,Y,Y, ,Y,Y,Y, ,Y,Y,Y, , ,Y,N, ,N, ,Y, , ,Y,Y, , , , , , , ,Y, , ,Y,N,C, ,M
12690421.9504332,497731.471379366,36,51600,51550,LUTONG,MY,4.466667,114,4,28,N,114,0,E,163,71343,S,OR,F, ,Y, ,Y, ,B,L, ,H,4,L, , ,Y,N,Y,Y,Y,Y,Y, ,Y,Y,Y,Y, , ,Y,Y,Y, , ,Y, , , ,Y,N, ,N, ,Y, , ,Y,Y, , , , , , ,Y, ,Y,Y,N,N,N, , 
18069008.6805949,10950410.5365689,37,62660,62530,AMBARCHIK,RU,69.633333,162.316667,69,38,N,162,19,E,183,41100,V,CN,F, , ,Y, , ,O,L,P, ,0, ,Y, , , , ,Y, , , , , , , , , , , , , ,Y,Y,Y, , , ,Y, , , , , , , , , , , , , , , ,Y,Y,Y, , , ,B, , 
12809162.7406127,561030.17605465,38,51620,51610,MUARA HARBOR,BN,5.033333,115.066667,5,2,N,115,4,E,163,71331,S,CN,G,N,N,N,Y, ,L,K,L,L,3,M, , , ,Y,Y,Y,Y, , ,Y,Y, , ,Y,Y, ,Y, ,Y, , ,Y, , , ,Y,Y, ,N, ,Y, , , ,Y, ,Y, , , , , ,Y,Y,Y,Y,Y,C, , 
12788754.1673006,544269.526161322,39,51630,51610,BANDAR SERI BEGAWAN,BN,4.883333,114.883333,4,53,N,114,53,E,163,71331/0,S,RN,G, , , , , ,N,J,N,N,5, ,Y, ,Y, , , ,Y, , , , ,Y, , ,Y,Y, , ,Y, ,Y,Y,Y, , ,Y, , , , ,Y, , , , ,Y,Y, , , , ,Y,Y, ,Y, , ,C, , 
14345371.7135599,11622380.6204339,40,62670,62530,TIKSI,RU,71.633333,128.866667,71,38,N,128,52,E,183,800,S,CN,F, , ,Y, , ,M,M,M,P,1, , , , , , ,Y, , , , , , , , , , ,Y, ,Y, ,Y,Y, , , ,Y, , , ,Y,Y,Y, , ,Y,Y, , , , , , ,Y,Y, , , ,C, , 
12725673.1225177,514481.996256396,41,51645,51610,SERIA OIL LOADING TERMINAL,BN,4.616667,114.316667,4,37,N,114,19,E,163,71330,V,OR,P,N,Y,N,Y, , ,N, ,L,2,L, , ,Y,N,Y,Y,Y,Y,Y,N,N, , ,Y,Y,Y,Y,Y,Y, ,Y, , , , ,Y,N, ,N, , , , , , , , , , , ,N,Y,Y,Y,N,N,N,C, , 
12827715.9890782,588973.239334317,42,51680,51650,VICTORIA,MY,5.283333,115.233333,5,17,N,115,14,E,163,71333,S,CN,E,Y,Y,N,N, ,M, ,M,H,2,L, , ,Y,N,Y,N,Y, , ,Y,Y,Y,Y, ,Y,Y,Y,Y,Y, ,Y, , , , ,Y, , ,N, ,Y, , , ,Y,Y,Y,Y, , ,Y, ,Y,Y,Y,Y,Y,A,M,S
12920482.231406,667275.541041055,43,51690,51650,KOTA KINABALU,MY,5.983333,116.066667,5,59,N,116,4,E,163,71325,M,CN,F,N,Y,Y,Y, ,L,F,K,M,1,L, , ,Y, ,Y,N,Y, , , ,Y,Y,Y, , , ,Y, ,Y,Y,Y,Y,Y, , ,Y,N, ,N, ,Y, ,Y, , , ,Y, , , , , ,Y,Y,Y, , ,C, ,S
18957709.2820945,10977117.8189003,44,62680,62530,PEVEK,RU,69.716667,170.3,69,43,N,170,18,E,183,41060,V,CN,G, , , ,Y, ,K,J,N,N,0,L, ,Y, , , , , , , , , , , , , ,Y, , ,Y, ,Y,Y,Y, , ,Y, , , , ,Y, , , ,Y,Y, , , , , , ,Y,Y, , , ,C, , 
8963074.33370508,12316623.4510713,45,62695,62530,PORT DIKSON,RU,73.5,80.516667,73,30,N,80,31,E,183,42141,V,CN,G, , ,Y, ,N,J,M,J,N,1,M, , , , ,Y,N,N,N, , , ,Y, ,Y,N,N,Y,Y,Y,N,Y,Y, , , ,Y,Y, ,Y,Y,Y, , , , ,Y, , , , , ,Y,Y,Y, , , ,C, , 
9399075.6726454,10961080.868757,46,62710,62530,UST-PORT,RU,69.666667,84.433333,69,40,N,84,26,E,183,800,V,RN,G, , ,Y, , ,L,K,L, ,0, , , , , , ,Y, , , , , , , , , , , , , , ,Y, , , , , , , , , , , , , , , , , , , , , , , , , , ,D, , 
9592029.45668707,10876182.9499566,47,62720,62530,DUDINKA,RU,69.4,86.166667,69,24,N,86,10,E,183,800,M,RN,G, , ,Y,Y, ,M,L,M,P,0,M, , , , , ,Y, , ,Y, , , , , ,Y, , ,Y,Y,Y,Y,Y, , , ,Y, , , , ,Y,Y, , ,Y,Y, , , , , , , ,Y, , , ,C, , 
9640267.90269749,10295149.0074407,48,62730,62530,IGARKA,RU,67.483333,86.6,67,29,N,86,36,E,183,800,S,RN,G,N,N,Y,Y,N,E,J,L,J,0,M,Y, ,Y,N,Y,Y,Y, , , ,Y,Y,Y,Y,Y,Y,Y,Y,Y, ,Y,Y,Y, , ,Y,N, ,N, , ,Y, , , ,Y,Y, , , , ,Y,Y,Y,Y,N,N,C, , 
8115190.87882964,10348648.5845358,49,62740,62530,MYS NOVYY PORT,RU,67.666667,72.9,67,40,N,72,54,E,183,804,V,RN,F, , ,Y, , ,M,N,N, ,2, , , , , , ,Y, , , , , , , , , , ,Y, , , , ,Y, , , ,Y, , , , , , , , , , , , , , , , , , , , , , , , 
5899933.0120435,10343767.805999,50,62770,62530,NAR YAN-MAR,RU,67.65,53,67,39,N,53,0,E,183,804,V,RN,F,N,N,Y,Y, ,O,N,M, ,2,M,Y,Y,Y,N,Y,Y,Y, ,Y, , ,Y, , , , ,Y,Y,Y, ,Y, , , , ,N, , ,Y, ,Y,Y, , ,Y,Y,Y,Y, , , , ,Y,Y, , , ,C, , 
14608827.8417706,4019853.83052532,51,61690,61100,UBE,JP,33.933333,131.233333,33,56,N,131,14,E,159,97251,M,CB,F,N,N,N,N,Y,J,K,H,C,4,M, , ,Y,N,Y,N,Y, ,Y, ,Y,Y,Y, , , ,Y,Y,Y,Y,Y,Y,Y, , ,Y, , ,Y, ,Y, , , ,Y,Y,Y, , , , , ,Y,Y,Y, , ,C,S,M
15553188.1886669,4195635.59611823,52,61410,61100,URAGA KO,JP,35.233333,139.716667,35,14,N,139,43,E,158,97144,V,CN,F, , , , , ,F,H, , ,1,M, , , , , , ,Y, ,Y, , , , , ,Y,Y, , , ,Y,Y, , , , ,Y, , , , , ,Y, ,Y, , ,Y, , , , ,Y,Y, , , , ,A,S, 
15440013.373027,4182015.40636637,53,61415,61100,TAGONOURA,JP,35.133333,138.7,35,8,N,138,42,E,158,97164/5,M,RB,G, , , ,Y,Y,L, ,L,L,1,L,Y, , , ,Y,N,Y, ,Y, ,Y,Y, ,Y, , ,Y,Y,Y,Y,Y,Y, , , ,Y,N, ,N,Y,Y, , , , , ,Y,Y,Y,Y,Y, ,Y,Y, , , ,C,M,M
15467843.2457254,4118674.23677268,54,61420,61100,SHIMODA KO,JP,34.666667,138.95,34,40,N,138,57,E,158,97166/7,V,CB,F,N,N,N,Y, ,N,N,N, ,1, , , , , ,Y,N,Y,Y, ,Y,Y, , , ,Y,Y, ,Y,Y, ,Y,Y, , , ,Y,Y, , ,Y,Y, , , , , ,Y, , , , ,Y,Y,Y,Y, , ,C,S, 
15388064.2773235,4109654.73355267,55,61425,61100,OMAEZAKI KO,JP,34.6,138.233333,34,36,N,138,14,E,158,97159,S,CB,G, , , ,Y, ,J,L,H,N,2,M,N, , , ,Y,N,Y, , , ,Y,Y, ,Y, , ,Y,Y, , ,Y,N, , , , , , , ,Y,Y,N,N,N,Y,N,Y, , , , , ,Y,Y, , , ,C, , 
15417749.4748684,4166146.30821736,56,61460,61100,SIMIZU KO,JP,35.016667,138.5,35,1,N,138,30,E,158,97163,S,CN,F,N,N,N,Y,N,C,A,G,B,2,M,Y,Y,Y, ,Y,N,Y, ,Y, ,Y,Y, ,Y, , ,Y,Y, ,Y,Y, , , , ,Y,Y, ,Y,Y,Y, , ,Y,Y, ,Y,Y, ,Y,Y, ,Y,Y,Y,Y,Y,C,S,S
15245204.2641388,4143515.38091163,57,61470,61100,KINUURA KO,JP,34.85,136.95,34,51,N,136,57,E,158,97181,S,CN,F,N,N,N,Y, ,J,G,J,H,2,L,Y, ,Y,N,Y,Y,Y,Y,Y,N,Y,Y, ,Y, , ,Y,Y, ,Y,Y,Y, , , ,Y, , ,Y, , , , , , , ,Y,N,N,N,N,Y,Y,Y, , , ,C, ,S
15274889.4616837,4138994.70260694,58,61475,61100,GAMAGORI KO,JP,34.816667,137.216667,34,49,N,137,13,E,158,97188,S,OR,G, , , ,Y, ,K,J,K,N,2,L, , ,Y,N,Y,Y,Y, , , ,Y,Y, ,Y, , ,Y, ,Y, ,Y,N,Y, , ,Y,Y, ,N,Y,Y, , ,Y,Y, ,Y, , , , ,Y,Y,Y, , , ,C, ,S
15235927.639906,4172944.57243419,59,61480,61100,NAGOYA KO,JP,35.066667,136.866667,35,4,N,136,52,E,158,97184,M,CB,G,N,N,N,Y,Y,F,F,F,A,2,L,Y,Y,Y,Y,Y,Y,Y, ,Y, ,Y,Y, ,Y,Y,Y,Y,Y,Y,Y,Y, , , , ,Y,Y, ,Y,Y,Y, , ,Y,Y, ,Y,Y,Y,Y,Y, ,Y,Y,Y,Y,Y,A,S,M
15209953.0920543,4159352.19935812,60,61490,61100,YOKKAICHI,JP,34.966667,136.633333,34,58,N,136,38,E,158,97187/3,M,CB,G,Y,Y,N,Y,Y,J,H,G,B,4,M,Y,Y,Y,N,Y,Y,Y, ,Y, ,Y,Y, ,Y,Y, ,Y,Y,Y,Y,Y,Y,Y, , ,Y,Y, ,Y, , ,Y,Y,Y,Y, ,Y,Y, , , , ,Y,Y,Y, , ,C, ,M
15202531.7926681,4109654.73355267,61,61495,61100,MATSUSAKA,JP,34.6,136.566667,34,36,N,136,34,E,158,97181,S,CN,F, ,Y, ,Y, ,M,J,M, ,3, ,Y, , ,N,Y,Y,Y, , , ,Y,Y, , , , , ,Y, ,Y, , , , , ,Y, , , , , , , , , ,Y, , , , , , ,Y, , , , , , ,S
15234072.3150595,4093888.00236231,62,61500,61100,TOBA,JP,34.483333,136.85,34,29,N,136,51,E,158,97182,S,CN,F,N,Y,N,Y, ,L,G,N, ,4, ,Y, , , ,Y,Y,Y, , , , , , , , , , , , ,Y,Y,Y, , , ,Y,Y, ,N, , , , , , , , , , , , , ,Y, , , , ,D,S,S
15163569.9708904,4037757.24728273,63,61515,61100,OWASE,JP,34.066667,136.216667,34,4,N,136,13,E,158,97205,V,CB,F,N,N,N,Y, ,G,P, ,E,0,L,Y, ,Y,N,Y,N,Y, ,Y, ,Y,Y, ,Y, , ,Y,Y,N,Y, , , , , ,Y, , , , , , , , , , , , , , , , ,Y,Y, , , ,C, ,S
15068948.4037161,3990820.43611328,64,61540,61100,TANABE KO,JP,33.716667,135.366667,33,43,N,135,22,E,158,97200,V,CN,F,Y,Y,N,Y, ,K,A,K, ,2,M, , ,Y,N,Y,N,Y,Y, , ,Y,Y, , , , ,Y,Y,Y, , ,Y, , , ,Y, , , , , ,N, , , , ,Y, , , , , ,Y,Y, , , ,C, , 
15050395.1552506,4048961.18870881,65,61543,61100,KAINAN,JP,34.15,135.2,34,9,N,135,12,E,159,97207,S,CB,F,Y, , ,Y,Y,J,D,J,H,4,L,Y, , , ,Y,N,Y, ,Y, ,Y,Y, ,Y, , ,Y,Y, , ,Y, , , , ,Y, , , , , ,Y, , , ,Y, , , , , ,Y,Y,Y, , , ,N, , 
13007682.499194,768099.034496107,66,51710,51650,KUDAT,MY,6.883333,116.85,6,53,N,116,51,E,163,71314,V,OR,F,N,N,N,Y,Y,J,J,M, ,2,L, , ,Y,N,Y,N,Y, , ,N,N,Y,Y, , , ,Y, ,Y, ,Y, , , , ,Y,Y, ,N, , , , , , , ,Y, , , , , ,Y,Y, , , ,C, , 
13148687.1875322,650488.43703801,67,51720,51650,PELABUHAN SANDAKAN,MY,5.833333,118.116667,5,50,N,118,7,E,163,71311,S,CN,G,N,Y,N,Y,Y,K,F,N,K,2,M,Y, ,Y,N,Y,N,Y, ,Y, ,Y,Y,Y, ,Y,Y,Y,Y,Y, ,Y, ,Y, , ,Y,Y, ,N, ,Y, , , , ,Y,Y, , , , ,Y,Y,N,Y,Y,Y,C, ,M
15042973.8558644,4060176.18921342,68,61545,61100,WAKAYAMA KU,JP,34.233333,135.133333,34,14,N,135,8,E,159,97224,L,CB,F,N,N,N,Y,Y,K,A,G,J,2,L, , ,Y,N,Y,N,Y, ,Y, ,Y,Y, ,Y, , ,Y,Y,Y,Y,Y, , , , ,Y,Y, ,Y,Y,Y, ,Y, ,Y, ,Y, , , , ,Y,Y,Y,Y, , ,C, ,S
13170951.0856908,559167.692885955,69,51730,51650,LAHAD DATU,MY,5.016667,118.316667,5,1,N,118,19,E,163,72143,V,CN,G, , , , , ,K,A,O,K,2,M,Y, ,Y, ,Y,N,Y, , ,N,Y,Y,Y, , , ,Y, ,Y,Y,Y, , , , ,Y,N, ,N,N,N,N,N,N,N,N,Y, , , , , ,Y,Y, , , ,N, , 
13117146.6651407,386143.240448099,70,51770,51760,TANJUNG ARANG  (BUNYU),ID,3.466667,117.833333,3,28,N,117,50,E,163,72130,V,CN,F, , , , , ,M,H, ,H,0,M, , , , ,Y,Y, , , , , ,Y, , , ,Y, , , , ,Y,Y, , , , , , , , , , , , , , , , , , , , , ,Y, , , , , , 
15076369.7031024,4102894.85664595,71,61547,61100,SAKAI-SENBOKU,JP,34.55,135.433333,34,33,N,135,26,E,159,97226,M,CB,G,Y, , , ,Y,F,K,E,D,1,M, , ,Y,N,Y,Y,Y, ,Y, ,Y,Y, ,Y, , ,Y,Y,Y,Y,Y,N, , , ,Y, , ,Y,Y, , , , , , ,Y,N,N, , , ,Y,Y,Y, , ,C,M,S
15070803.7285627,4123186.70966886,72,61555,61100,AMAGASAKI,JP,34.7,135.383333,34,42,N,135,23,E,159,97245,S,CT,F,N,N,N,Y,Y,K,J,K,K,2,M,Y, ,Y,N,Y,Y,Y, , , ,Y,Y, ,Y,Y, ,Y,Y,Y, ,Y,Y,Y, , ,Y, , ,Y,Y,Y, , , , ,Y,Y, , , , ,Y,Y,Y,Y, , ,C, , 
13091172.117289,365699.200434243,73,51780,51760,LINGKAS,ID,3.283333,117.6,3,17,N,117,36,E,163,72131,S,OR,G, , , ,Y, ,M,D,L,L,7,M, , ,Y, ,Y,Y,Y,Y, , ,Y,Y, ,Y, , ,Y,Y,Y, ,Y,Y,Y, , ,Y,N, ,N, ,Y, , , , ,Y,Y, , , , ,Y,Y,Y, , , ,D, , 
15048539.830404,4116418.68120598,74,61560,61100,KOBE,JP,34.65,135.183333,34,39,N,135,11,E,159,97230,L,OR,G,N,N,N,Y, ,G,F,G,G,2,L, ,Y,Y,Y,Y,Y,Y, , ,N,Y,Y, ,Y, , ,Y,Y,Y,Y,Y, ,Y, , ,Y,Y, ,Y,Y,Y,Y, , ,Y,Y,Y,Y,Y,Y,Y, ,Y,Y,Y,Y,Y,A,L,S
14992880.0850074,4132217.11298388,75,61567,61100,HIMEJI,JP,34.766667,134.683333,34,46,N,134,41,E,159,97231,M,CB,F,N,N,N, , ,G,F,F,G,1,M, , ,Y,N,Y,Y,Y, , ,N,Y,Y, ,Y,N, ,Y,Y, ,Y,Y,N, , , , , , ,Y,Y,Y, ,Y, ,Y,Y,Y, , , , , ,Y,Y, ,Y,Y,C, ,S
14968760.8620022,4134475.85298165,76,61570,61100,AIOI,JP,34.783333,134.466667,34,47,N,134,28,E,159,97219,V,CN,F,N,N,N,Y,Y,M,M, , ,1,M,Y, ,Y,N,Y, ,Y, ,Y, ,Y,Y, , , , ,Y,Y, , , ,Y, , , ,Y, , ,Y, , ,Y,Y,Y,Y,Y,Y,Y,Y,Y,Y,Y,Y,Y,Y,Y,Y,A,M,L
15009578.0086264,4123186.70966886,77,61573,61100,KAKOGAWA,JP,34.7,134.833333,34,42,N,134,50,E,159,97204/6,V,CB,F,N,N,N,Y, ,J,L,N,F,0,M, , ,Y,N,Y,N,Y, , , ,Y,Y, , , ,Y,Y, , ,Y,Y, , , , , , , ,Y, , , , , , , , , , , , , ,Y,Y, , , , , ,S
14911245.791759,4093888.00236231,78,61580,61100,UNO,JP,34.483333,133.95,34,29,N,133,57,E,159,97234,V,CN,F,N,N,N, ,Y,H,L,J, ,2,M, , ,Y,N,Y,Y,Y, ,Y, ,Y,Y, , , , ,Y,Y,Y,Y,Y,Y, , , ,Y, , ,Y,Y,Y,Y,Y,Y, ,Y,Y, , ,Y,Y, ,Y,Y, , , ,A,M, 
14909390.4669124,4089387.27494218,79,61590,61100,HIBI KO,JP,34.45,133.933333,34,27,N,133,56,E,159,97234,V,CN,F, , , , , ,H,L, , ,2,L, , , , ,Y,N,Y, ,Y, ,Y,Y, ,Y, , ,Y,Y, , ,Y,Y, , , , , , , ,Y,Y, , , , ,Y,Y,Y,Y,Y,Y,Y,Y,Y, ,Y,Y,C, , 
14887126.5687538,4096139.04044723,80,61595,61100,MIZUSHIMA KO,JP,34.5,133.733333,34,30,N,133,44,E,159,97238/33,M,CN,G,Y,N,N,Y,Y,F,C,F,F,3,M, , ,Y,N,Y,Y,Y, , ,N,Y,Y, ,Y, , ,Y,Y,Y,Y,Y, , , , ,Y, , ,Y,Y,Y, ,Y, ,Y,Y,Y,N,N, , , ,Y,Y, , , ,C,M,S
13078184.8433631,239393.093130418,81,51800,51760,TANJUNGREDEB,ID,2.15,117.483333,2,9,N,117,29,E,163,72120,S,RN,G, , , ,Y, ,N,M,N, ,0, , , , , , , , , , , , , , , , ,Y, , , , ,Y, , , , , , , , , , , , , , , , , , , , ,Y, , , , , ,C, , 
13131989.2639132,109469.540086538,82,51810,51760,BENOA,ID,0.983333,117.966667,0,59,N,117,58,E,163,72110,V,RN,G, , , ,Y, ,K,C,M,M,3, , , , , , , , , , , , , , , , , , , , , , , , , , ,Y, , , , , , , , , , , , , , , , , , , , , ,D, , 
13078184.8433631,11131.9547309726,83,51811,51760,BONTANG LNG TERMINAL,ID,0.1,117.483333,0,6,N,117,29,E,163,72109,V,CN,F, , , ,Y, ,H,B,H,H,8,L,Y,Y,Y,N,Y,Y,Y, , , ,Y, , , , , ,Y,Y,Y, ,Y, , , , ,N,N, ,N,N,Y,N,Y, , , ,Y, , , , ,Y,Y, , , , ,N, , 
13083750.8179028,-11131.9547309737,84,51815,51760,TANJUNG SANTAN,ID,-0.1,117.533333,0,6,S,117,32,E,163,72109,V,CN,P,N,N,N, , ,A,A,J,C,0,M,Y, ,Y, ,Y,Y,Y, ,Y, ,Y,Y, ,Y,Y,Y,Y,Y, , ,Y,N, , , ,N, , ,N,N,N,N,N,N,N,N,N,N,N,N,N, , ,N,N, , , , , 
9163449.41713297,1920825.04037747,85,49470,49310,KAKINADA BAY,IN,17,82.316667,17,0,N,82,19,E,173,63290,V,CB,P,Y,Y,N,Y,N, ,K,P, ,2,L,Y,Y,Y,Y,Y,Y,Y,N,N, ,Y,Y,Y, , ,Y,N,Y, ,Y, ,Y, , , ,Y,Y, ,Y, ,Y, , , ,Y,Y,Y, , , , ,Y,Y,Y,N,N,N,C,S, 
9272913.58307969,2000516.32161519,86,49480,49310,VISHAKHAPATNAM,IN,17.683333,83.3,17,41,N,83,18,E,173,63291/0,M,CB,G,Y,Y,N,Y,Y,E,O,K,K,1,M,Y,Y,Y,N,Y,Y,Y, ,Y,N,Y, , ,Y, , ,Y,Y,Y,Y,Y,Y, , , ,Y,Y, ,Y, ,Y, , , , ,Y,Y, , , , , ,Y,Y, ,Y,Y,B,M,L
13037367.6967389,-57515.8497409223,87,51820,51760,SAMARINDA,ID,-0.516667,117.116667,0,31,S,117,7,E,163,72100,V,RN,G, , , ,Y, ,M,B,M,M,1,M, , ,Y, ,Y,Y,Y, , , ,Y,Y,Y,Y, , ,Y,Y,Y, ,Y, , , , ,Y,N, ,N, ,Y,Y,Y, ,Y,Y,Y, , , , ,Y,Y, , , , ,C, ,M
9649544.52693027,2304648.15585356,88,49535,49310,PARADIP,IN,20.266667,86.683333,20,16,N,86,41,E,173,63324,S,CB,G,Y,N,N,Y,Y,H,K,J,G,2,M, ,Y,Y,N,Y,Y,Y, ,Y, ,Y,Y, , ,Y,Y,Y, , ,Y,Y, ,Y, , ,Y,Y, ,N,Y,Y, , ,Y,Y,Y, , , , , , ,Y,Y, , , ,C, ,M
9805391.81404085,2513526.38477624,89,49555,49310,HALDIA PORT,IN,22.016667,88.083333,22,1,N,88,5,E,173,63322/1,V,RN,F,N,N,N,Y, ,L,J,K,K,3,L,Y,Y,Y,Y,Y,Y,Y, , , ,Y,Y, , , , ,N, ,Y,Y,Y,Y, , , ,Y, , ,N,Y,Y, , , ,Y,Y,Y, , , , ,Y,Y,Y,N, , ,C,M,S
13042933.6712786,-105758.36216381,90,51830,51760,SENIPAH OIL TERMINAL,ID,-0.95,117.166667,0,57,S,117,10,E,163,72103/7,V,OR,P,N,N,N,Y, , ,A, ,A,0,M,Y, ,Y,N,Y,Y,Y,Y, ,Y,Y,Y, ,Y, , ,Y,Y,N, , , , , , ,Y,N, ,N,N, , , , , , ,Y,N,N,N,N,N,N,N,Y,N,N,N, , 
9833221.68673917,2577688.70447863,91,49560,49310,CALCUTTA,IN,22.55,88.333333,22,33,N,88,20,E,173,63323,L,RN,G,Y,N,N,Y,Y,L,K,L,L,2,M,Y,Y,Y,Y,Y,Y,Y, ,Y,Y,Y,Y, , ,Y,Y,Y, ,Y,Y,Y,Y, , , ,Y, , ,N,Y,Y,Y,Y,Y,Y,Y,Y,Y, ,Y,Y, ,Y,Y, ,Y,Y,B,M,L
9974226.37507731,2567647.15251636,92,49580,49570,MONGLA,BD,22.466667,89.6,22,28,N,89,36,E,173,63331,S,RN,F,Y,N,N,Y,N,N,M,N, ,3,M, , , , ,Y,Y,Y, ,Y, ,Y, ,Y,Y,Y,Y,Y,Y, ,Y,Y,Y, , , ,Y,Y, ,N,Y,Y, , , ,Y,Y,Y, , , , , ,Y,Y,N, , ,C, , 
13003971.8495009,-139160.403169844,93,51840,51760,BALIKPAPAN,ID,-1.25,116.816667,1,15,S,116,49,E,163,72101,S,CN,E,N,N,N,Y, ,H,H,J,J,9,M, , ,Y,N,Y,Y,Y, , ,N,Y,Y, ,Y, , ,Y, ,Y, ,Y, , , , ,Y, , ,Y, ,Y,Y, , ,Y, ,Y, , , , ,Y,Y,Y,Y,N,N,C,S, 
10220984.5796691,2549587.55501342,94,49590,49570,CHITTAGONG,BD,22.316667,91.816667,22,19,N,91,49,E,173,63337,M,RN,G,Y,Y,N,Y, ,N,L,L,L,3,M,Y,Y,Y,N,Y,Y,Y,Y,Y, ,Y, ,Y, ,Y,Y,Y,Y,Y,Y,Y,Y,Y, , ,Y,N, ,N, ,Y,Y,Y,Y,Y,Y, ,N,N,N,N,Y,Y,Y,Y, , ,C,M,S
12998405.8749612,-161430.494148645,95,51845,51760,LAWI LAWI OIL TERMINAL,ID,-1.45,116.766667,1,27,S,116,46,E,163,72107,S,OR,P, , , ,Y, , ,B, ,B,2,L,Y, ,Y,N,Y,Y,Y, ,Y, ,Y,Y,Y,Y, , ,Y,Y,Y, ,N, ,Y, , ,Y, , ,N,N,N,N, , , , ,Y, , , , ,N,N,N,N,N,N,N, , 
10341580.6946951,2288832.79796772,96,49620,49610,SITTWE,MM,20.133333,92.9,20,8,N,92,54,E,173,63352,S,OR,F,Y,Y,N,Y,N,N,N,N,L,2,M,Y, ,Y,N,Y,Y,Y, , , ,Y, , ,Y, , , , ,Y,Y,Y,Y, , , ,Y, , ,N,Y,Y, , , , ,Y,Y, , , , , ,Y, , , , ,C, , 
10545666.4278161,1895618.27605209,97,49640,49610,BASSEIN,MM,16.783333,94.733333,16,47,N,94,44,E,173,63412,S,RN,G,Y,N,N,Y,N,N,L,N, ,2,M, , , , ,Y,Y, , ,Y, ,N, , , , ,Y,Y, ,Y,Y,Y,Y, , , ,Y, , ,N,N,N,N,N,N,N,N,Y, , , , , ,Y,N,N, , ,C, ,S
12946456.7792577,-291387.309536635,98,51850,51760,GUNUNG BATU BESAR,ID,-2.616667,116.3,2,37,S,116,18,E,163,72094,V,RN,G, , , , , ,N,K,M, ,1, , , , , , , , , , , , , , , , , , , , , ,Y, , , , , , , , , , , , , , , , , , , , , , , , , , ,D, , 
10705224.3646198,1893680.48970819,99,49650,49610,RANGOON,MM,16.766667,96.166667,16,46,N,96,10,E,173,63413,S,RN,G,Y,N,N,Y, , ,M,M,L,2,M, ,Y,Y,Y,Y,Y,Y,Y,Y,Y,Y,Y,Y,Y, , ,Y,Y,Y,Y,Y,Y, , , ,Y,Y, ,N,Y,Y, , , ,Y,Y,Y, , , , , ,Y, , ,Y,Y,C,S,M
12937180.1550249,-360124.213272665,100,51860,51760,KOTA BARU,ID,-3.233333,116.216667,3,14,S,116,13,E,163,72075,V,CN,G, , , ,Y,Y,D,F,N,G,4,M,Y, , , ,Y,Y,Y, ,Y, ,Y,Y,Y,Y, , ,Y, ,Y, ,Y,Y, , , ,Y, , ,N, , , , , , , , , , , , ,Y,Y, , , , ,C, , 
10866637.6262701,1860763.94645215,101,49660,49610,MOULMEIN HARBOR,MM,16.483333,97.616667,16,29,N,97,37,E,173,63420,S,RN,G,Y,N,N,Y,N,P,M,N, ,0,M, , ,Y, ,Y,Y,Y, ,Y, ,Y,Y, ,Y, ,Y, ,Y, ,Y,Y,Y,Y, , ,Y, , ,N,Y, ,Y, , , , ,Y, , , , , ,Y,N,N, , ,C, ,S
12755358.3200626,-371274.466702543,102,51890,51760,BANJARMASIN,ID,-3.333333,114.583333,3,20,S,114,35,E,163,72060,V,RN,E, , , ,Y,Y,O,C,K,C,2,M,N, , , ,Y,Y,Y, , , ,Y,Y, ,Y, , ,Y,Y,Y, ,Y, , , , ,Y, , ,N,Y,Y,Y, ,Y,Y,Y,Y, , , , , ,Y,Y, , , ,C,S,S
10976101.7922168,1395064.68356844,103,49690,49610,MERGUI,MM,12.433333,98.6,12,26,N,98,36,E,173,63433,S,RN,E,Y,N,N,Y,N,N,K,Q, ,12,M, , , , , , , ,Y, , , , , , , ,Y, , ,Y, ,Y,Y, , , ,Y, , ,N, ,Y, , , , , , , , , , , ,Y,Y, , , , , , 
12436242.4464552,-306246.203924422,104,51920,51760,KUMAI,ID,-2.75,111.716667,2,45,S,111,43,E,163,72040,V,RN,G, , , ,Y, ,M,J,N, ,1,L, , , , ,Y, , , , , , ,Y, ,Y, , ,Y,Y, , ,Y, , , , , , , , , , , , , , , , , , , , ,Y, , , , , ,D, , 
10324882.7710761,1309690.67306056,105,49720,49710,PORT BLAIR,IN,11.683333,92.75,11,41,N,92,45,E,173,63383,S,CN,G,Y,Y,N,Y,Y,O,H,O,L,3,M,Y, ,Y, ,Y,Y,Y, ,Y, ,Y,Y, ,Y,Y, ,Y,Y,Y, ,Y,Y, , , ,Y,Y, ,N,Y,Y, , , ,Y,Y,Y, , , , ,N,Y,Y,Y, , ,N, , 
10953837.8940581,874731.97140972,106,49770,49760,PHUKET,TH,7.833333,98.4,7,50,N,98,24,E,174,71043/2,S,OR,G, ,Y,N,Y,N,L,M,K,M,3,M, ,Y, , ,Y,Y,Y,N,Y,N,Y, ,Y, , , ,Y,Y,Y,N,Y,Y,Y, , ,Y, , ,Y, ,Y,Y, ,Y,Y, ,Y, , , ,Y,Y,Y,Y,Y, , ,C,S, 
11011352.9643013,900958.598268463,107,49780,49760,KRABI,TH,8.066667,98.916667,8,4,N,98,55,E,174,71040,V,RN,G,N,N,N,Y,N,O,C,M,J,0,M, , ,Y,Y, , ,N,Y,Y, , ,Y,Y,Y, ,N,Y, ,N, ,Y,Y,Y, , ,Y, , ,N, , , , , , , , , , , , ,Y,N,N,N, , ,N, , 
12170930.9933979,-1855.32487271944,108,51941,51760,PONTIANAK,ID,-0.016667,109.333333,0,1,S,109,20,E,163,71212,V,RN,E,Y, , ,Y,Y,N,E,O,B,2,M, ,Y, , ,Y,Y,Y, , ,N,Y,Y, ,Y, , ,Y,Y,Y, ,Y,Y, , , ,Y, , , ,Y,Y, , ,Y,Y,Y, , , , , ,Y,Y,Y,N, , ,C, , 
11078144.6587773,826064.010185368,109,49790,49760,KANTANG HARBOR,TH,7.4,99.516667,7,24,N,99,31,E,174,71044,V,RN,G,Y,N,N,Y,N,P, ,Q, ,2,M, , ,Y,Y,Y,N,Y,Y,Y, , ,Y, ,Y, , ,Y, ,Y,Y, ,Y, , , ,Y, , ,N, ,Y, , , , ,Y,Y, , , , ,Y,Y,Y,Y, , ,C, ,S
13896383.1006936,166998.313752922,110,52040,51970,MANADO,ID,1.5,124.833333,1,30,N,124,50,E,163,73012,S,CN,P, ,Y, , , , ,A,P, ,5, , , , , ,Y, ,N, , , , ,Y, ,Y, , ,Y,Y,Y, , ,Y, , , ,N, , ,N, ,Y, , , , ,Y,Y, , , , ,Y,Y,Y, , , ,C, ,S
11287796.3664379,334111.17140196,111,49930,49820,PORT KLANG,MY,3,101.4,3,0,N,101,24,E,174,71272/3,L,CN,G,N,N, ,Y,N,F,F,E,F,3,L,Y,Y,Y,Y,Y,Y,Y, ,Y, ,Y, ,Y, ,Y, ,Y, ,Y,Y,Y,Y, , , ,Y,Y, ,Y,Y,Y, , ,Y,Y,Y,Y,Y,N, ,Y,Y,Y,Y, ,Y,Y,C,S, 
13697863.3421123,55660.4518654205,112,52090,51970,GORONTALO,ID,0.5,123.05,0,30,N,123,3,E,163,73012,V,OR,P, ,Y, ,Y, ,K,A,K,L,2,M,Y, , , ,Y,Y,Y, , , ,Y,Y, ,Y, , ,Y,Y,Y, , ,Y, ,Y, ,N, , ,N, , , , , , , ,Y, , , , , ,Y, , , , ,C, , 
11332324.1627552,280244.180160492,113,49960,49820,PORT DICKSON,MY,2.516667,101.8,2,31,N,101,48,E,174,71262,M,OR,F,Y,Y,N,Y,N,J,A,L,G,2,L,Y, , , ,Y,Y,Y, , , ,N,Y,Y, , , ,Y, ,Y,Y,Y,Y, , , ,Y,Y, ,Y, , , , , , , ,Y,N,N,N,N,Y,Y,Y,N,Y,Y, , ,S
11382417.9336122,244963.08062701,114,49970,49820,MELAKA,MY,2.2,102.25,2,12,N,102,15,E,174,71262,S,RN,G,Y,N,N,Y,Y,Q,N,O,L,1,M,N, , , ,Y,Y,Y, ,Y,N,Y,Y, ,Y,Y,Y, ,Y,Y,Y,Y,Y, , , ,Y,Y, ,N,Y,Y, , , ,Y, ,Y, , , , ,Y,Y,Y, , , ,C, , 
13441828.5132878,-152151.066020389,115,52140,51970,POSO,ID,-1.366667,120.75,1,22,S,120,45,E,163,73012,V,OR,P,Y,Y, , , ,N,A,N,N,2,M, , , , ,Y,N, , , , ,Y,Y, ,Y, , ,Y,Y, , , ,Y, , , , , , , , , , , , , , ,Y, , , , , , , , , , ,D, , 
8888861.33984289,775574.739853933,116,49240,49210,COLOMBO,LK,6.95,79.85,6,57,N,79,51,E,173,63233,M,CB,F,N,Y,N,Y,N,H,A,G,C,1,M, ,Y,Y,Y,Y,Y,Y, ,Y, ,Y,Y,Y, ,Y,Y,Y, ,Y,Y,Y,Y, , , ,Y, , ,Y, ,Y,Y, ,Y,Y,Y,Y, , , , ,Y,Y,Y,Y,Y,Y,B,M,M
8929678.4864671,671006.630083818,117,49250,49210,GALLE HARBOR,LK,6.016667,80.216667,6,1,N,80,13,E,173,63234/2,S,CB,G,N,Y,N,Y, ,K,A,L, ,1,M,Y, ,Y,N,Y,Y,Y, , , ,Y,Y,Y,Y,Y,Y,Y, , ,Y, ,Y, , , ,Y, , ,N,Y,Y, , , ,Y,Y, , , , , ,Y,Y,Y, , , ,C, ,S
13506764.8829172,-220827.762159038,118,52230,51970,KOLONODALE,ID,-1.983333,121.333333,1,59,S,121,20,E,163,BA3240,V,CN,F, , , , , ,M,H, ,M,3,L, , ,Y, , , , ,Y, , , , , , ,Y,Y, , , , , ,Y, , , ,Y, , , , , , , , , , , , , , , , , , , , , ,D, , 
5475063.62218251,3563677.64270203,119,48450,48410,BANDAR-E MAHSHAHR,IR,30.466667,49.183333,30,28,N,49,11,E,172,62442,S,RN,G,N,N,N,Y,Y,J, , ,H,4,M, , ,Y,N,Y,Y,Y, ,Y,Y,Y,Y, , ,Y, ,Y,Y, , ,Y, , , , ,N, , ,Y,Y, ,Y, , ,Y,Y, , , , , ,Y,Y,N,N,N,N,N, , 
12284105.8090377,174422.271879778,120,51560,51550,KUCHING,MY,1.566667,110.35,1,34,N,110,21,E,163,71349/8,S,RN,E,Y,Y,Y,Y, ,N,M,L,M,4,M, , ,Y,N,Y,N,Y, ,Y,Y,Y,Y, ,Y,Y, ,Y, ,Y, ,Y,Y, , , ,Y,Y,N,N,Y,Y, , , ,Y,Y,Y,Y, , , , ,Y, ,Y,Y,Y,C,S,S
5463931.67310318,3559373.30282381,121,48460,48410,BANDAR KHOMEYNI,IR,30.433333,49.083333,30,26,N,49,5,E,172,62442,S,OR,G,Y,N,N,Y, ,F,A,H, ,4,L, , ,Y,N,Y,Y, , ,Y, ,Y,Y, , ,Y,Y,Y,Y,Y,Y,Y, , , , ,Y,Y, ,Y, ,Y, , , ,Y,Y,Y,Y,Y,Y,Y,Y,Y,Y,Y,N,N,B, ,M
12447374.3955345,254246.810185999,122,51580,51550,SIBU,MY,2.283333,111.816667,2,17,N,111,49,E,163,71350,V,RN,G,Y,Y, , , ,O,L,L,N,3,M,Y, , , ,Y, ,Y, ,Y,N,N, , ,Y,Y, ,Y, ,Y, ,Y, , , , ,Y,Y, ,N, ,Y, , ,Y, , ,Y, , , , , ,Y, ,Y, , ,C,S,M
12415833.8731431,237536.471392629,123,51583,51550,SARIKEI,MY,2.133333,111.533333,2,8,N,111,32,E,163,71350,V,RN,G, , , , , ,M,J,M, ,10, , , , , ,Y, ,Y, , ,N,N,Y, ,Y, , ,Y, ,Y, ,Y, , , , ,Y,Y, , , , , , , , , ,Y, , , , , ,Y, ,Y, , ,C, , 
4918466.16821614,9831379.30453182,124,62775,62530,MEZEN,RU,65.833333,44.183333,65,50,N,44,11,E,183,BA2271,S,CN,G,Y,N,Y,Y, ,O,O,O, ,3,M,Y, ,Y,N,Y,Y,Y,Y,Y, ,Y, ,Y, , , ,Y,Y,Y,Y,Y, , , , ,Y, , ,Y, , ,Y, , , ,Y,Y,Y, , , , ,Y,Y, , , ,C, , 
4512150.02682069,9486509.33127333,125,62800,62530,ARKHANGELS'K,RU,64.533333,40.533333,64,32,N,40,32,E,183,BA2280,M,RN,G,Y,N,Y,Y,Y,L,K,L,L,1,L,Y, ,Y,N,Y,Y,Y, ,Y, ,Y,Y,Y,Y,Y,Y,Y,Y,Y,Y,Y, , , , ,Y,Y,Y,Y,Y,Y,Y, ,Y, ,Y,Y,Y,Y,Y,Y,Y,Y,Y,Y,Y,Y,A,L,L
5603081.03659477,3405377.79278527,126,48465,48410,KHARG ISLAND OIL TERMINAL,IR,29.233333,50.333333,29,14,N,50,20,E,172,62431,S,OR,G,N,N,N,Y, ,A,B,C,A,2,M,Y, ,Y,N,Y,Y, , ,Y,Y,Y,Y, , ,Y, ,Y,Y,Y, ,Y,Y, , , ,Y,Y, ,N, , , , , , , , , , , , ,Y,N,Y,Y,N,N,D, , 
4428660.40872573,9495144.30729438,127,62810,62530,SEVERODVINSK,RU,64.566667,39.783333,64,34,N,39,47,E,183,BA2273,S,CN,F, , ,Y, , ,L,K,K,L,2, ,Y,Y,Y, ,Y,Y, , ,Y, ,Y,Y, , ,Y,Y,Y, ,Y,Y,Y, , , , ,Y, , , ,Y,Y,Y,Y, , ,Y,Y,Y, , , ,Y,Y,Y,Y, , ,A,S, 
5508459.46942049,3377767.4991989,128,48468,48410,SIRUS OIL TERMINAL,IR,29.016667,49.483333,29,1,N,49,29,E,172,62540,S,OR,F,N,Y,N,N, ,A,A, ,A,2,L, , ,N,N,Y,Y,Y, , , ,Y,Y,Y, ,Y,Y,Y,Y, , , ,N,Y, , , , , ,N, , , , , , , ,N,N,N,N,N,N,N,N,N,N,N,N, , 
4241272.59922372,9324415.59775169,129,62820,62530,ONEGA,RU,63.9,38.1,63,54,N,38,6,E,183,BA2097,V,RN,G,Y,N,Y,Y,N,N,O,N, ,1,M,Y,N, ,N,Y,Y,Y, ,Y, ,Y,Y,Y, ,Y,Y,Y,Y, ,Y,Y,Y, , , ,Y, , ,Y, , , , , , , ,Y, , , , ,Y,Y, , , , ,C, , 
3873918.27960592,9486509.33127333,130,62830,62530,BELOMORSK,RU,64.533333,34.8,64,32,N,34,48,E,183,BA2275,S,CN,F, , ,Y, , ,M,N,O,N,4, ,Y, ,Y, ,Y,Y,Y, , , , ,Y,Y, , , ,Y, , ,Y,Y, , , , ,Y, , , , , , , , , , ,Y,Y, , , , , , , , , ,C, , 
3872062.95475937,9603982.80600292,131,62840,62530,RABOCHEOSTROVSK,RU,64.983333,34.783333,64,59,N,34,47,E,183,BA2274,S,CN,F, , ,Y, , ,N,M,K,N,5, ,Y, , , , ,Y, , ,Y, , , , , , , ,Y, , ,Y,Y, , , , ,Y, , , ,Y, , , , , ,Y,Y,Y, , , , ,Y, , , , ,C, ,S
3736624.24096088,9954825.39306927,132,62860,62530,KERET,RU,66.283333,33.566667,66,17,N,33,34,E,183,BA3180,S,CN,F, , ,Y, , ,K,G,M, ,0, ,Y, , , , ,Y, , , , , , , , , ,Y, , , , ,Y, , , , ,Y, , , , , , , , , , ,Y,Y, , , , , , , , , ,C, , 
3658700.59740559,10066422.0774208,133,62870,62530,KOVDA,RU,66.683333,32.866667,66,41,N,32,52,E,183,BA3180,V,CN,G, , ,Y, , ,J,G,N, ,0, ,Y, , , ,Y,Y, ,Y,Y, , , , , , ,Y, , , , , , , , , ,Y, , , ,Y, , , , , ,Y,Y,Y, , , , , , , , , , , , 
13295257.85041,3791785.21752748,134,59995,59850,ZHENJIANG,CN,32.216667,119.433333,32,13,N,119,26,E,157,UK1642,S,RN,F,Y, ,N, ,Y,K,L,J,L,1,M,Y,Y, , ,Y,Y,Y, , , ,Y,Y, ,Y, , ,Y, , , , ,Y, ,Y, ,Y,Y, , , ,Y,Y,Y,Y,Y, ,Y, , , , ,Y,Y,Y, , , ,C, ,M
3608606.82654862,10194149.9991344,135,62890,62530,KANDALAKSHA,RU,67.133333,32.416667,67,8,N,32,25,E,183,BA3180,V,RN,F, , ,Y, , ,L,G,K, ,2,M,Y, ,Y,N,Y,Y,Y, , , ,Y,Y,Y, ,Y,Y,Y,Y, ,Y,Y, , , , ,Y,Y, , , ,Y, , , , ,Y,Y,Y, , , ,Y,Y,N,Y, , ,C, ,S
13219189.5317012,3774254.3997542,136,60000,59850,NANJING,CN,32.083333,118.75,32,5,N,118,45,E,157,522,V,RN,F,Y, ,Y,Y, ,K,L,K,K,1,L,Y,Y,Y, ,Y,Y,Y,Y,Y, ,Y,Y, ,Y,Y,Y,Y, ,Y,Y,Y,Y, , , ,Y,N, ,N,Y, ,Y, ,Y,Y,Y,Y, , , , ,Y,Y,Y,Y, , ,C, ,S
3825679.8335955,10061736.2770171,137,62900,62530,BOLSHAYA PIRYU GUBA,RU,66.666667,34.366667,66,40,N,34,22,E,183,BA3180,S,CN,G, , ,Y, , ,N,J,N, ,5, , , , , , ,Y, , ,Y, ,Y, , , , , ,Y, , , ,Y, , , , ,Y, , , , , , , , , , ,Y, , , , , , , , , , ,C,S, 
13176517.0602305,3676114.90713866,138,60010,59850,WU HU,CN,31.333333,118.366667,31,20,N,118,22,E,157,TW 153,S,RN,F, , , ,Y, ,M,L,N, ,1, , , , , ,Y,Y,Y, , , ,Y,Y, , , , ,Y, ,Y,Y,Y, , , , ,Y, , , ,Y,Y,Y, , ,Y,Y, , , , , ,Y,Y, , , , ,N, , 
4398975.21118086,10461871.5723227,139,62910,62530,OSTROVNOY GREMIKHA,RU,68.05,39.516667,68,3,N,39,31,E,183,BA2269,S,CN,G, , , , , ,H,G,K, ,11, ,Y, , , , ,Y, , , , , , , , ,Y, ,Y, , , ,Y, , , , ,Y, , , , , , , , , , , , , , , ,Y,Y,Y, , , ,C,M, 
13028091.0725061,3570136.91583197,140,60030,59850,ANKINGCHENG,CN,30.516667,117.033333,30,31,N,117,2,E,157,TW 159,V,RN,F, , , , , ,O,M,P,N,16,M,Y, , , ,Y,Y,Y, , , ,Y,Y,Y, , , ,Y,Y,Y,Y,Y,Y, , , ,Y, , , ,Y,Y,Y, , , ,Y,Y, , , , ,Y,Y,Y,Y, , ,N, ,S
12721962.4728246,3578754.45115166,141,60060,59850,HANKOW,CN,30.583333,114.283333,30,35,N,114,17,E,157,TW 169,M,RN,F, , , ,Y,Y,O,M,N,H,38, , , ,Y, ,Y,Y,Y, , , ,Y,Y, , , , ,Y, ,Y,Y,Y, , , , , , , , , ,Y,Y, ,Y,Y,Y,Y, , , , ,Y,Y,N,Y,Y,Y,B, , 
3679109.17071769,10745611.3445279,142,62950,62530,MURMANSK,RU,68.983333,33.05,68,59,N,33,3,E,183,42760,L,RN,G,Y,N,Y,N,Y,L,G,M,A,3,M,Y,Y,Y,N,Y,Y,Y, ,Y, ,Y,Y, , ,Y,Y,Y,Y,Y,Y,Y, , , , ,Y,Y, ,Y,Y,Y,Y,Y, ,Y,Y,Y,Y,Y,Y,Y, ,Y,Y,Y,Y,Y,A,L,M
12070743.451684,3608962.63843557,143,60110,59850,WANXIAN,CN,30.816667,108.433333,30,49,N,108,26,E,157,522,V,RN,G, , , , , ,P,H, , ,90, , , , , , , , , , , , , , , , , ,Y,Y,Y,Y, , , , , , , , , ,Y,Y, , , ,Y, , , , , , , , ,Y, , , ,D, ,S
11870368.3682561,3447969.61355002,144,60120,59850,CHUNG CHING,CN,29.566667,106.633333,29,34,N,106,38,E,157,522,V,RN,F,Y,N,N,Y, ,P, , , ,20, , , , , ,Y,Y, , , , ,Y,Y, ,Y, , ,Y, , ,Y, , , , , , , , , , ,Y, ,Y, , , , , , , , ,Y,Y,Y, , , ,C, , 
3677253.84587114,10745611.3445279,145,62970,62530,MYS ABRAM,RU,68.983333,33.033333,68,59,N,33,2,E,183,42760,V,CN,F, , ,Y, , ,H,H,N, ,8, , , , , , ,Y, , , , , , , , , , ,Y, , ,Y,Y, , , , ,Y, , , ,Y, , , , , ,Y,Y, , , , , ,Y, , , , , , , 
13297113.1752565,4127701.00074095,146,60130,59850,LIANYUNGANG,CN,34.733333,119.45,34,44,N,119,27,E,157,94281,S,CB,F, , , ,Y, ,F,F,H, ,5,M,Y,Y, , ,Y,Y,Y, ,Y, ,Y,Y, ,Y, , ,Y, , ,Y,Y,Y, , , ,Y, , ,Y,Y,Y,Y,Y, ,Y, ,Y, , , , ,Y,Y,Y,Y, , ,C, ,M
-5013087.73539042,-8564847.98246968,147,63070,63060,ELLEFSEN HARBOR,AQ,-60.733333,-45.033333,60,44,S,45,2,W,200,29107,V,CN,G, , ,Y,Y,N,J,A, , ,0, ,Y,Y, , , , , , , , , , , , , , , , , , , ,Y, , , , , , , , , , , , , , , , , , , , , , , , , , , , 
13388024.0927377,4305208.9571852,148,60140,59850,QINGDAO GANG,CN,36.033333,120.266667,36,2,N,120,16,E,157,94283,L,OR,E,Y,Y,Y,Y, ,E,A,D,K,4,M,Y,Y,Y, ,Y,Y,Y, ,Y, ,Y,Y, ,Y, , ,Y, ,Y,Y,Y, , , , ,Y,Y, ,Y,Y,Y,Y,Y,Y,Y,Y,Y, , ,Y,Y,Y, ,Y, ,Y,Y,B,M,S
-4977836.56330588,-8568644.05811509,149,63080,63060,SCOTIA BAY,AQ,-60.75,-44.716667,60,45,S,44,43,W,200,29107,V,CN,P, , ,Y,Y,N,A,G, , ,0, ,N,Y, , , , , , , , , , , , , , , , , , , ,Y, , , , , , , , , , , , , , , , , , , , , , , , , , , , 
-6502913.58717373,-8878929.59725692,150,63090,63060,ADMIRALTY BAY,AQ,-62.083333,-58.416667,62,5,S,58,25,W,200,29101,V,CN,G, , ,Y, ,N,A,A, , ,0, , ,Y, , , , , , , , , , , , , , , , , , , ,Y, , , , , , , , , , , , , , , , , , , , ,Y, , , , , , , 
-6749671.79176549,-9088001.28012087,151,63095,63060,PORT FOSTER,AQ,-62.95,-60.633333,62,57,S,60,38,W,200,29101,V,CN,F, , ,Y, ,N,A,B, , ,0, , ,Y, , , , , , , , , , , , , , ,Y, ,Y, , ,Y, , , , , , , , , , , , , , , , , , , , , , , , , , , , 
13592109.8258587,4509031.39307665,152,60150,59850,WEIHAI,CN,37.5,122.1,37,30,N,122,6,E,157,94427,M,CN,E, ,Y, ,Y, ,A,C,J, ,1,M, , , , ,Y,Y,Y, ,Y, ,Y,Y, ,Y, , ,Y, , , , ,Y, , , ,Y, , , ,Y,Y, , , ,Y,Y, , , , , ,Y,Y,Y, ,Y, , , , 
13519752.1568431,4516049.50132395,153,60160,59850,YANTAI,CN,37.55,121.45,37,33,N,121,27,E,157,94322,S,CB,G,Y, ,Y,Y, ,G,F,G, ,2,M, , , ,N,Y,Y,Y, ,Y, ,Y,Y,Y, , , ,Y,Y,Y,Y,Y, , , , ,Y,Y, ,Y, ,Y, , , , ,Y,Y, , , , ,Y,Y, ,Y,Y,Y,A, ,M
-7068787.66537287,-9560245.55971579,154,63100,63060,PORT LOCKROY,AQ,-64.816667,-63.5,64,49,S,63,30,W,200,29106,V,CN,P, , ,Y, ,N,C,E, , ,3, ,Y, , , , , , , , , , , , , , , ,Y, , , , ,Y, , , , , , , , , , , , , , , , , , , , , , , , , , , , 
13389879.4175843,4527756.81980847,155,60170,59850,LONGKOU GANG,CN,37.633333,120.283333,37,38,N,120,17,E,157,94420,S,CN,F, , ,Y,Y, ,J,G,K, ,1,M,Y,Y, ,N,Y,Y,Y, ,Y, ,Y,Y, ,Y, , ,Y, , , ,Y,Y, , , ,Y,Y, ,Y, ,Y, , ,Y, ,Y,Y, , , , ,Y,Y,Y, , , ,C,S, 
-7013127.91997623,-9430637.66538857,156,63110,63060,MELCHIOR HARBOR,AQ,-64.316667,-63,64,19,S,63,0,W,200,29106,V,CN,P, ,Y,Y, ,N,N,A, , ,0, ,Y,Y, , , , , , , , , , , , , , ,Y, , , , ,Y, , , , , , , , , , , , , , , , , , , , ,Y, , , , ,N, , 
-7005706.62059002,-9430637.66538857,157,63120,63060,ANDERSEN HARBOR,AQ,-64.316667,-62.933333,64,19,S,62,56,W,200,29106,V,CN,P, ,Y,Y, ,N,A,C, , ,0, , ,Y, , , , , , , , , , , , , , , , , , , ,Y, , , , , , , , , , , , , , , , , , , , ,Y, , , , , , , 
13098593.4166752,4716897.98268504,158,60180,59850,DAGU TANGGU,CN,38.966667,117.666667,38,58,N,117,40,E,157,94360,V,RN,F, , ,Y,Y, ,O,F,N, ,2,M, ,Y,Y, ,Y,Y, , ,Y, ,Y,Y,Y, ,Y,Y,Y,N, ,Y,Y, , , , ,Y, , , ,Y, , , , ,Y, , , , ,Y,Y,Y,Y,Y,Y, , ,A,M,L
13117146.6651407,4716897.98268504,159,60190,59850,TIANJIN XIN GANG,CN,38.966667,117.833333,38,58,N,117,50,E,157,94364,L,RN,E,Y, ,Y,Y, ,G,F,B,H,3,L,Y,N,Y,N,Y,Y, , ,Y, ,Y,Y, ,Y, , ,Y,Y,Y,Y,Y,Y, , , ,Y,Y, ,N,Y,Y, , , ,Y,Y,Y,Y, , , ,Y,Y,Y,Y, , ,C,L,L
16777702.5873929,8303886.53535747,160,62550,62530,BUKHTA NAGAYEVA (MAGADAN),RU,59.566667,150.716667,59,34,N,150,43,E,155,96441,S,CN,E, , ,Y,Y, ,E,E,J,L,3, , , , , ,Y,Y,Y, ,Y, , , ,Y, ,Y, ,Y, ,Y,Y,Y, , , , ,Y, , , , ,Y,Y, , , ,Y, , , , , , ,Y,Y,Y, , ,B, ,M
13467803.0611395,4968191.93018821,161,60210,59850,HULUDAO GANG,CN,40.7,120.983333,40,42,N,120,59,E,157,94380,V,CB,G, ,Y,Y, , ,L,N,L,L,0, , , , , , ,Y,Y, ,Y, , , , , , , , , , ,Y,Y, , , , ,Y, , , , , ,Y, , , ,Y, , , , , ,Y,Y,Y, , , ,B,L,S
-10096677.8149499,3305827.87452617,162,8822,8650,SOUTHWEST PASS,US,28.45,-90.7,28,27,N,90,42,W,CP05, ,S,RN,N,N,N,N,Y, , , , ,J,0,M, , , , , , ,Y,Y, , , , , , ,Y, , , , , ,Y, , , , , , , , , , , , , , , ,Y, , , , , , , , , , , , , 
13606952.4246311,4965745.01185379,163,60220,59850,YINGKOU,CN,40.683333,122.233333,40,41,N,122,14,E,157,94384,S,CB,F, , ,Y, , ,N,L,N,J,2,L, ,Y,Y, ,Y,Y,Y, , , ,Y,Y, ,Y, , ,Y, , ,Y,Y,Y,Y, , ,Y, , , ,Y,Y, , , ,Y,Y,Y, , , , ,Y,Y,Y,Y, , ,C, ,S
-10041018.0695533,4681167.38350058,164,8890,8650,TRI-CITY PORT,US,38.716667,-90.2,38,43,N,90,12,W,CP05, ,L,RN,E,N,N, ,Y,Y,O, , , ,0,L, , , ,Y,Y, ,Y, , ,Y,Y, , , ,Y,Y,Y,Y,Y,Y,Y,Y, , , ,Y,Y,Y,Y,Y,Y,Y,Y, , , ,Y,Y,N,Y,Y,Y,Y,Y,Y,Y,Y,B,L,M
13497488.2586844,4690683.28041233,165,60240,59850,LUSHUN,CN,38.783333,121.25,38,47,N,121,15,E,157,94421,V,CB,F,Y, , ,Y, ,L,K, , ,5, , ,Y,Y,N,Y,Y,Y, ,Y, ,Y,Y, ,Y, , ,Y,Y, ,Y,Y, , , , , , , , ,Y,Y,Y, , , , , , , , , ,Y,Y,Y, , , ,C, ,M
14579142.6442257,4022090.22204838,166,62140,61100,MOJI KO,JP,33.95,130.966667,33,57,N,130,58,E,159,97274,M,RN,G,Y,Y,N,Y,Y,J,K,K,H,3,M,Y,Y,Y,N,Y,Y,Y,Y,Y,N,Y,Y, ,Y, , ,Y,Y,Y,Y,Y,Y, , , ,Y,Y, ,Y, ,Y,Y,Y,Y,Y, ,Y,Y,N,Y,Y,Y,Y,Y,Y,Y,Y,C,M,S
13543871.3798483,4709741.80736448,167,60250,59850,DALIAN,CN,38.916667,121.666667,38,55,N,121,40,E,157,94423,L,CB,G,N,Y,Y,Y, ,A,A,E,A,3,L,Y,Y,Y,N,Y,Y,Y, ,Y, ,Y,Y, ,Y, , ,Y,Y,Y,Y,Y,Y, , , ,Y,Y, ,Y,Y,Y,Y,Y,Y,Y, ,Y,Y, ,Y,Y,Y,Y,Y, ,Y,Y,A,M,M
14584708.6187654,3999745.957947,168,62145,61100,KANDA,JP,33.783333,131.016667,33,47,N,131,1,E,159,97274,V,CN,G, , , ,Y, ,K,M,H, ,2,M, , , ,N,Y,N,Y, ,Y, ,Y,Y, ,Y, , ,Y,Y,Y,Y, ,Y, , , ,Y, , , , , ,Y, , , , ,Y,Y,Y,Y,Y,Y,Y,Y,Y,Y,Y,A, ,S
13959464.1454765,4681167.38350058,169,60280,60270,NAMPO,KP,38.716667,125.4,38,43,N,125,24,E,157,95043,S,RN,F,N,N,Y,Y, ,B,F,H, ,3,L,Y,Y,Y,N,Y,Y,Y, , , ,Y, , ,Y, , ,Y, ,Y,Y,Y,Y, , , ,Y,N, , ,Y,Y, ,N,N, ,Y,Y,Y, , , , ,Y,Y,Y, , ,C,M,M
13983583.3684817,4683545.52485688,170,60290,60270,KYOMIP'O,KP,38.733333,125.616667,38,44,N,125,37,E,157,95040,V,RN,F, , ,Y, , ,K,K, , ,19, ,Y, , , , , ,Y, , , , , , , , ,Y, , , ,Y, ,Y, , , ,Y, , , ,Y,Y, , , , ,Y,Y,Y, , , , ,Y, , , , , , , 
13992859.9927145,4579425.8128701,171,60310,60270,HAEJU HANG,KP,38,125.7,38,0,N,125,42,E,157,95060,S,CB,F,Y,N,Y,Y, ,O,K,O, ,6, ,Y, ,Y,N,Y,Y,Y, , , , , , , ,Y,Y, , , ,Y,Y,Y, , , ,Y, , , , ,Y,Y, , , ,Y,Y,Y, , , , ,Y, , , , ,C, ,S
14094902.859275,4504355.26490065,172,60320,60315,INCHON,KR,37.466667,126.616667,37,28,N,126,37,E,157,95067,L,RB,G,Y,Y,N,Y, ,J,A,K,A,9,M,Y,Y,Y,N,Y,Y,Y, ,Y, ,Y,Y, ,Y,Y,Y,Y, ,Y,Y,Y,Y, , , ,Y, , ,Y,Y,Y,Y,Y,Y,Y,Y,Y, , , , ,Y,Y,Y,Y,Y,Y,C,S,M
14094902.859275,4298328.30668397,173,60330,60315,KUNSAN,KR,35.983333,126.616667,35,59,N,126,37,E,157,95082/7,S,RN,F,N,N,N,Y, ,K,K,J,O,6,L, , ,Y,N,Y,Y,Y, , , ,Y,Y,Y, , , ,Y,Y,Y,Y,Y, , , , ,Y,Y, ,Y, ,Y,Y, ,Y,Y,Y,Y, , , , ,Y,Y,Y,Y, , ,C, ,S
14068928.3114232,4134475.85298165,174,60340,60315,MOKPO,KR,34.783333,126.383333,34,47,N,126,23,E,157,95086,M,RN,G,Y,N,N,Y, ,B,B,G, ,3,M,Y,N,Y,N,Y,Y,Y, , , ,Y,Y,Y, , , ,Y,Y, ,Y,Y,Y, , , ,Y,Y, ,Y, ,Y,Y, ,Y, ,Y,Y, , , , ,Y,Y,Y,Y,Y,Y,C, ,M
14085626.2350422,3964085.34641876,175,60350,60315,CHEJU HANG,KR,33.516667,126.533333,33,31,N,126,32,E,157,95103,S,CB,G,Y, , ,Y,N,L,M,J,L,2,M,N, ,Y, , ,N,Y, , , ,Y,Y, , , , ,Y,Y,Y, , ,Y, , , ,Y, , ,Y, , , , , , , ,Y, , , , , ,Y,Y, , , ,C,S,S
14820334.8742778,4080391.20475095,176,61630,61100,ONOMICHI-ITOZAKI,JP,34.383333,133.133333,34,23,N,133,8,E,159,97243,L,CN,F, , , , ,Y,K,K,K, ,4, , , , , ,Y,Y,Y, ,Y, ,Y,Y, ,Y, , ,Y,Y,Y,Y,Y,Y, , , ,Y, , ,Y, , ,Y, , , ,Y,Y, , , , ,Y,Y,Y, , , ,C, ,M
14755398.5046484,4060176.18921342,177,61640,61100,KURE,JP,34.233333,132.55,34,14,N,132,33,E,159,97268/7,M,CN,G,Y,Y,N,Y,N,F,B,E,G,4,M,Y,Y,Y,N,Y,N,Y, ,Y,N,Y,Y, ,Y, , ,Y,Y,Y,Y,Y,Y, , , ,Y,Y, ,N, ,Y,Y,Y,Y,Y,Y,Y,Y,Y,Y,Y,Y,Y,Y,Y,Y,Y,A,M,S
14742411.2307225,4053445.85927031,178,61655,61100,KANOKAWA KO,JP,34.183333,132.433333,34,11,N,132,26,E,159,97267,V,CN,G,N,N,N,Y, ,E,J, ,J,8,L,Y,Y,Y,N,Y,N,Y,Y, ,N,Y,Y,Y, ,Y, ,Y,Y,Y, , ,Y, , , ,Y, , , ,N,N,N, , , , ,N, , , , ,Y,Y,Y,Y, , , , , 
14722002.6574104,4053445.85927031,179,61662,61100,IWAKUNI KO,JP,34.183333,132.25,34,11,N,132,15,E,159,97288,M,OR,G,Y,Y,N,Y, ,B,G,J,F,2,M,Y,Y,Y,Y,Y,N,Y, ,Y,Y,Y,Y, ,Y, , ,Y,Y,Y,Y,Y,Y, , , ,Y, , ,Y,Y, , , , , ,Y,Y, , ,N,N,Y,Y,Y,Y,N,N,C, ,S
14679330.1859397,4028802.02613441,180,61675,61100,KUDAMATSU,JP,34,131.866667,34,0,N,131,52,E,159,97272,S,CN,G,N,N,N,Y,Y,L,K,L,D,3,M,N, , ,N,Y,N,Y, ,Y,N,Y,Y, ,Y, , , ,Y,Y,Y,Y, , , , ,Y, , ,Y, ,Y,Y, , , ,Y, , , ,Y,Y,Y,Y,Y,Y, , ,C,L,S
14673764.2114,4033278.7570689,181,61680,61100,TOKUYAMA,JP,34.033333,131.816667,34,2,N,131,49,E,159,97272,M,OR,F,N,N,N,N, ,J,F,J,H,3,L, , ,Y,N,Y,N,Y,Y, ,Y,Y,Y, ,Y, , ,Y,Y,Y,Y,Y, , , , ,Y, , ,Y, , ,Y,Y,Y,Y, ,Y, , , , ,Y,Y,Y,Y, , ,C,M,M
15547622.2141272,4202451.98587991,182,61400,61100,YOKOSUKA KO,JP,35.283333,139.666667,35,17,N,139,40,E,158,97146/4,M,CB,G,N,N,N,Y, ,G,A,K,J,1,M,Y,Y,Y,Y,Y,Y,Y, , , ,Y,Y, ,Y, , ,Y,Y,Y,Y,Y, , , , ,Y,Y, ,N, , ,Y, , , , ,Y, , , , ,Y,Y,Y,Y, , ,C,M,S
15822210.2914173,6603623.9066552,183,61040,60840,ALEKSANDROVSK -SAKHALINSKIY,RU,50.9,142.133333,50,54,N,142,8,E,155,96181,S,OR,P,Y,Y,Y,Y, ,L,G,P, ,2,M,N, , , ,Y,Y,N,Y,Y, ,Y, ,Y, , , ,Y,Y, ,Y, ,Y, , , ,Y, , , , ,Y,Y, , ,Y,Y, , , , , ,Y,Y, , , , ,D, ,S
15753563.2720948,6839396.77683856,184,61045,60840,LAZAREV,RU,52.216667,141.516667,52,13,N,141,31,E,155,96382,V,OR,G, , ,Y,Y, ,N,G,M,O,2,M, , , , , ,Y, , ,Y, ,Y, , ,Y, , , , , ,Y,Y, , , , ,Y, , , , ,Y, , , , ,Y, , , , , , , , , , , ,D, , 
15863027.4380415,7091636.23894632,185,61060,60840,MOSKAL VO,RU,53.583333,142.5,53,35,N,142,30,E,155,96360,V,CN,F,Y,Y,Y, , ,M,L,M,M,5,M, , , , ,Y,Y,Y,Y,Y, , , , , , , ,Y, , ,Y, ,Y, , , ,Y, , , , ,Y, , , ,Y,Y, , , , , , , ,Y, , , ,N, ,S
16345411.8981457,5444831.67424156,186,61090,61070,SHAKOTAN,RU,43.866667,146.833333,43,52,N,146,50,E,155,96902,V,CN,G, , , , , ,K,G,O, ,3, , , , , , , , , , , , , , , , , ,Y, , , , ,Y, , , ,Y, , , , , , , , , , , , , , , , , , , , , , , , 
15957649.0052158,5519766.2160404,187,61110,61100,MOMBETU KO,JP,44.35,143.35,44,21,N,143,21,E,158,96906,V,CB,G, ,Y,Y,Y, ,M,J,N, ,3, ,N, ,Y,N,Y,N,Y, , , , ,Y, ,Y, , , ,Y,Y,Y,Y, , , , ,Y, , ,Y, , , , , , , ,Y, , , , , ,Y, ,Y, , ,C, , 
16061547.1966228,5468021.75073717,188,61120,61100,ABASHIRI-KO,JP,44.016667,144.283333,44,1,N,144,17,E,158,96906,V,CB,G, ,Y,Y,Y,Y,M,L,N, ,2,M, , ,Y,Y,Y,N,Y, , , ,Y,Y, , ,Y,Y,Y, ,Y,Y,Y,Y, , , ,Y, , , , , ,N, , , , ,Y, , , , , ,Y, ,Y, , ,C, , 
16206262.5346541,5362846.99441299,189,61130,61100,NEMURO KO,JP,43.333333,145.583333,43,20,N,145,35,E,158,96764,S,CB,F, ,Y,Y,Y, ,M,G, , ,2, , , ,Y, , , , , , , , , , , ,Y,Y, , , ,Y, ,Y, , , ,Y, , , , , , , , , , ,N, , , , ,Y,Y,Y, , , , , , 
16206262.5346541,5355197.98858626,190,61140,61100,HANASAKI KO,JP,43.283333,145.583333,43,17,N,145,35,E,158,96764,V,OR,F, ,Y,Y,Y, ,H,K,K, ,3, ,Y, ,Y, , , , , , , , , , , , , , , , , , ,Y, , , , , , , , , , , , , , , , , , , , , , , , , , , , 
16070823.8208556,5309435.35430371,191,61160,61100,KUSHIRO KO,JP,42.983333,144.366667,42,59,N,144,22,E,158,96763/2,S,CB,G,N,N,Y,Y,Y,K,K,G,J,2,L,Y,Y,Y, ,Y,N,Y, ,Y, ,Y,Y, ,Y, , ,Y,Y,Y,Y,Y, , , , ,Y,Y, ,N, , ,Y, ,Y, , ,Y,Y, , , ,Y,Y,Y,Y,Y,Y,C, ,M
15766550.5460206,5256326.93277128,192,61165,61100,TOMAKOMAI KO,JP,42.633333,141.633333,42,38,N,141,38,E,158,96961/2,S,CB,E,N,N,N,Y,Y,G,G,G,F,2,M,N,Y,Y,N,Y,N,Y, , , ,Y,Y, ,Y, , ,Y,Y,Y, ,Y, , , , ,Y,Y, ,Y,Y,Y, , , , , , , , , , , ,Y,Y, , , ,C,S, 
15692337.5521585,5213552.79038016,193,61170,61100,MURORAN KO,JP,42.35,140.966667,42,21,N,140,58,E,158,96949,M,CB,G,Y,N,N,Y,Y,F,L,F,F,1,M,Y,Y,Y,N,Y,N,Y, , , ,Y,Y,Y, , , ,Y,Y, ,Y,Y, , , , ,Y,Y, ,Y,Y,Y, , ,Y,Y,Y,Y, , , , , ,Y,Y, , , ,A,M,L
15649665.0806877,5178471.59712832,194,61180,61100,MORI,JP,42.116667,140.583333,42,7,N,140,35,E,158,96948,V,OR,P, ,Y, , , ,J,J,O, ,4,M, , , , , , , , , , , , , , , ,Y, , , ,Y, ,Y, , , , , , , , , , , , , , , , , , , , , , , , , , , , 
15664507.6794601,5128578.88041792,195,61190,61100,HAKODATE,JP,41.783333,140.716667,41,47,N,140,43,E,159,96947/3,M,CB,E,N,N,N,Y, ,K,E,G,G,1,L,Y,Y,Y,N,Y,N,Y, ,Y,N,Y,Y, ,Y, , ,Y,Y,Y,Y,Y,Y,Y, , ,Y,Y, ,Y,Y,Y,Y,Y,Y, , ,Y, , , , ,Y,Y,Y,Y,Y,Y,B,M,L
15597715.9849842,5141027.6349241,196,61205,61100,ESASI KO,JP,41.866667,140.116667,41,52,N,140,7,E,159,96943,V,CB,P, , , , , ,J,F,P, ,2, ,Y, , , , , , , , , , , , , ,Y, , , , ,Y, ,Y, , , ,Y, , , , , , , , , , , , , , , , , , , , , , , , 
15697903.5266981,5342463.60195838,197,61230,61100,OTARU,JP,43.2,141.016667,43,12,N,141,1,E,159,96942,M,CB,G,N,Y,N, , ,H,G,H,M,0,L,Y,Y,Y, ,Y,N,Y, ,Y, ,Y,Y, ,Y, , ,Y,Y, ,Y,Y, , , , ,Y,Y, ,Y, ,Y,N, , ,Y,Y,Y,Y, , , ,Y,Y,Y,Y,Y,Y,C, ,S
15766550.5460206,5457707.82568852,198,61250,61100,RUMOI,JP,43.95,141.633333,43,57,N,141,38,E,159,96939,V,CB,G,Y,Y, , , ,J,D,J,M,0,L, ,Y,Y, ,Y,N,Y, ,Y, ,Y,Y, ,Y, , ,Y,Y,Y,Y,Y, , , , ,Y, , ,Y, , ,N, , , , ,Y, , , , , ,Y,Y, , , ,C, ,S
15772116.5205603,5375609.34579956,199,61260,61100,WAKKANAI,JP,43.416667,141.683333,43,25,N,141,41,E,159,96938/7,S,CB,F,Y,Y,Y,Y, ,K,G,J, ,0,M, , ,Y,N,Y,N,Y, , , ,Y,Y, ,Y,Y,Y,Y,Y,Y,Y,Y, , , , ,Y, , ,Y,Y,Y,Y, , , , ,Y, , , , ,Y,Y,Y, ,Y,Y,C,S,S
15668218.3291533,4987789.36301235,200,61270,61100,AOMORI,JP,40.833333,140.75,40,50,N,140,45,E,159,96944,S,CB,G,N,N,N,Y, ,E,E,H,L,2,L,Y,Y,Y,N,Y,N,Y, ,Y, ,Y,Y, ,Y,Y,Y,Y,Y,Y,Y,Y, , , , ,Y, , ,N,Y,Y,N, ,Y,Y, ,Y,Y, , , ,Y,Y,Y, ,Y,Y,C,M, 
3768164.76335231,3150567.56294532,201,47990,47950,EL GHARDAQA,EG,27.216667,33.85,27,13,N,33,51,E,172,62188,V,CN,F, ,Y, ,Y, ,N,K, ,N,1, , , , , ,Y, ,Y, , , , ,Y,Y, ,Y, ,Y, ,Y, , ,Y, , , ,Y, , , , , , , , , , , ,Y, , , ,N,Y,N,N,N,N,D, , 
3705083.71856946,3265794.49632952,202,48015,47950,RAS SHUKHIER,EG,28.133333,33.283333,28,8,N,33,17,E,172,62191,M,OR,F, ,Y, ,Y,N,J,A,N,F,0,M, , , , ,Y,Y,Y, , , ,Y,Y,Y, ,Y, ,Y,Y,Y, , ,Y,Y, , ,Y,Y, ,Y,Y,Y,Y,Y, , ,Y, , , , , ,Y,N,N, , , , , , 
3684675.14525736,3293172.87608502,203,48020,47950,RAS GHARIB,EG,28.35,33.1,28,21,N,33,6,E,172,62195,V,OR,P, ,Y, ,Y, ,A,A, ,M,1,M,Y,Y, , ,Y,Y,Y, , ,N,N,Y,Y, ,Y, ,Y, ,Y,Y,Y,Y, , , , , , ,N,Y, , ,Y, , , , , , , , ,Y,N,Y,Y,Y,Y,C, , 
3623449.42532105,3499265.87349281,204,48040,47950,AS SUWAYS,EG,29.966667,32.55,29,58,N,32,33,E,172,62193,L,CB,G,N,Y,N,Y, ,D,M,N,L,2,M, , ,Y,Y,Y,Y,Y, ,Y,N,Y,Y,Y, ,Y,Y,Y,Y, ,Y,Y,Y, , , ,Y,Y, ,N, , ,Y,Y,Y,Y, ,Y,Y, , , ,Y,Y,Y,Y,Y,Y,B,M,L
3614172.80108828,3486422.57439756,205,48045,47950,EL-ADABIYA,EG,29.866667,32.466667,29,52,N,32,28,E,172,62193/4,S,CN,E, ,Y, ,Y, ,G,G,H, ,1,L, ,Y, , ,Y,Y,Y, , , ,Y,Y,Y, ,Y, ,Y,Y, ,Y,Y,Y, , , ,Y, , ,Y, ,Y, ,Y,Y,Y,Y, , , , , , ,Y,Y,Y, , ,B, ,L
3593764.22777618,3578754.45115166,206,48050,47950,EL ISMAILIYA,EG,30.583333,32.283333,30,35,N,32,17,E,172,56082,S,LC,E, , , ,Y,Y,D,J,P, ,2,L, , , , ,Y,Y, , , , , ,Y,Y, , , ,Y,Y, , , ,Y, , , ,Y, , , , , , , , , , , , , , , ,Y,Y, , , , , , , 
3686530.47010391,3379889.30580989,207,48060,47950,RAS ABU ZANIMAH,EG,29.033333,33.116667,29,2,N,33,7,E,172,62195,S,CN,F, , , ,Y,Y,A,A,M, ,1,L,Y, , , ,Y, ,Y,Y, , ,N,Y,Y, ,Y,Y,Y,Y,Y, ,Y,Y,Y, , ,Y, , ,Y, , , , , , , , , , , , ,Y,Y,N, , , ,C, , 
3695807.09433668,3343864.95383374,208,48065,47950,WADI FEIRAN,EG,28.75,33.2,28,45,N,33,12,E,172,62195,S,OR,F, , , ,Y, ,C,A, ,J,0,M,Y, , , ,Y,Y, , , , ,Y,Y,Y, , , ,Y,Y,Y, ,Y,Y,Y, , , , , ,Y, , , , , , , , , , , , , ,Y,Y,N, , , , , 
3890616.20322491,3445836.69807041,209,48076,48075,ELAT,IL,29.55,34.95,29,33,N,34,57,E,172,62220,S,CN,F,N,N,N,Y, ,A,A,K,J,1,L, ,Y,Y,N,Y,Y, , , ,Y,Y,Y,Y, ,Y, ,Y,Y,Y, ,Y,Y, ,Y, ,Y,Y, ,Y,Y, , , , ,Y,Y,Y,Y, , , ,Y,Y,Y,Y,Y,Y,C,S,S
3896182.17776457,3441571.9219573,210,48090,48080,AL AQABAH,JO,29.516667,35,29,31,N,35,0,E,172,62225,V,OR,P,N,N,N,Y, ,A,A,G,A,1,M, , ,Y,N,Y,Y,Y,Y,Y,N,Y,Y,Y, ,Y,Y,Y,Y,Y,Y,Y,Y, , , ,Y,Y, ,N,Y,Y, ,Y,Y,Y,Y,Y,Y,N,N,Y,Y,Y,Y,Y,Y,Y,B, , 
4235706.62468406,2763565.93162317,211,48120,48100,YANBU,SA,24.083333,38.05,24,5,N,38,3,E,172,62171,V,CB,P,N,Y,N,Y,Y,G, ,J,A,1,M, ,Y,Y,N,Y,Y,Y,Y,Y, ,Y,Y,Y, ,Y,Y,Y,Y,Y,N,Y,N, , , ,Y, , ,Y, ,Y,Y,Y,Y, , ,Y,N,N, ,N,Y,Y,Y, ,N, ,C, , 
4361868.71424977,2449605.12396886,212,48140,48100,JIDDAH,SA,21.483333,39.183333,21,29,N,39,11,E,172,62241,S,CB,G,N,N,N,Y,N,F,M,M,M,1,M,N, ,Y,Y,Y,Y,Y,Y,Y, ,Y,Y,Y,Y,Y,Y,Y,Y,Y,N,Y, , , , ,Y,Y, ,N,Y,Y,Y, ,Y,Y,Y,Y,Y, , , , ,Y,Y,Y,Y,Y,A,L,S
5658740.78199141,3373524.91268123,213,48470,48410,BUSHEHR,IR,28.983333,50.833333,28,59,N,50,50,E,172,62428,M,CN,F,Y,N,N,Y,Y,M,H,L,M,1,M, ,Y,N,N,Y,Y,Y, , , ,Y,Y,Y, ,Y, ,Y,Y,Y, ,Y, , , , ,Y,Y, ,N, ,Y,Y,Y,Y,Y,Y, , , , , , ,Y,Y,Y, , ,C, , 
11373141.3093794,150295.219661496,214,50805,50515,SUNGAIPAKNING,ID,1.35,102.166667,1,21,N,102,10,E,174,71275,S,CN,F, , , ,Y, ,C,C,M,G,0,L,Y,Y, ,N,Y,Y,Y, ,Y, ,Y,Y,Y,Y, , ,Y,Y,Y, ,Y, , , , ,Y, , ,N,Y, , , , , ,Y,Y, , , , , ,Y,N, , , , , , 
4729223.03386757,1909187.55169407,215,48142,48100,JIZAN,SA,16.9,42.483333,16,54,N,42,29,E,172,62276,S,CB,G,N, , ,Y, ,H,D,J,F,2,M,Y,Y, ,N,Y,Y,Y, , , ,Y,Y,Y, ,Y, ,Y,Y,Y, ,Y,Y, , , ,Y,Y, , ,Y,Y,Y,Y, ,Y,Y, , , , , ,Y,Y,Y,Y, , ,C, ,S
5937039.50897459,3096428.09329303,216,48480,48410,JAZIREH-YE LAVAN OIL TERMINAL,IR,26.783333,53.333333,26,47,N,53,20,E,172,62481,V,OR,F,Y,Y,N,Y, , ,A, ,D,2,M,Y, ,Y,N,Y,Y,Y, , ,Y,Y,Y,Y, ,N, ,Y,Y,Y, ,Y,Y,Y, , ,Y,N, ,N, , , , , , ,Y, , , , , , ,N,Y,Y,N,N,N, , 
2051989.28028934,-4053445.85927031,217,46780,46725,SIMONSTOWN,ZA,-34.183333,18.433333,34,11,S,18,26,E,171,57483,V,CB,G, , , ,Y, ,L,H,L, ,1,M, , , , , ,Y, , ,Y,Y,Y, , , ,Y, ,Y,Y,Y,Y,Y,Y, , , ,Y,Y, ,N,Y,Y, ,Y,Y,Y,Y,Y,Y,Y,Y,Y, ,Y,N,N, , ,D,M,S
6283985.25528029,3135970.99252768,218,48530,48410,JAZIREH-YE HORMOZ,IR,27.1,56.45,27,6,N,56,27,E,172,62393,V,OR,F,Y, , ,Y, ,M,H,O, ,0, , ,Y, , ,Y,Y, , , , , ,Y, , , , ,Y,Y, , , ,Y, , , , , , , , , , , , , , , , , , , , , , , , , , , , 
11766470.176849,-1166019.26904911,219,50910,50900,FLYING FISH COVE,CX,-10.416667,105.7,10,25,S,105,42,E,175,71191,M,CN,F,Y,Y,N,Y, ,A, ,N, ,3,M,N, ,Y, ,Y,Y,Y, , ,N,N,Y, ,Y,Y, ,Y,Y,Y, ,Y,Y,Y, , ,Y, , ,N, ,Y, , , , ,Y,Y, , , , , ,Y,Y,N,N,N,N, , 
2465726.72107101,-4053445.85927031,220,46800,46725,MOSSEL BAY,ZA,-34.183333,22.15,34,11,S,22,9,E,171,61051,S,CB,G,N,Y,N,Y,Y,L,C,O,J,2,M,Y, ,Y,N,Y,Y,Y, ,Y, ,Y,Y,Y,Y,Y, ,Y,Y,Y,Y,Y, , , , ,Y,Y, ,N,Y, , , , , ,Y,Y,Y, , , ,Y,Y,Y,Y, ,Y,C,M,M
2851634.28915436,-4024327.05158357,221,46820,46725,PORT ELIZABETH,ZA,-33.966667,25.616667,33,58,S,25,37,E,171,61061,M,CB,F,N,N,N,Y,Y,J,H,N,K,2,M,Y, ,Y,N,Y,Y,Y, ,Y,Y,Y,Y, , ,Y, ,Y,Y,Y,Y,Y, , , , ,Y,Y, ,N,Y,Y, , , , ,Y,Y,Y, ,Y,Y,Y,Y,Y,Y,Y,Y,B, ,L
11796155.3743939,-671006.630083818,222,50925,50920,BANTEN,ID,-6.016667,105.966667,6,1,S,105,58,E,163,71180,V,OR,P, , , ,Y, ,G,C,G,E,0,M, , , , ,Y,Y,Y, ,Y, ,Y,Y, ,Y, , ,Y,Y, ,Y,Y, , , , ,Y,Y, , , ,Y,Y,Y,Y,Y,Y,Y, , , , ,Y,Y,Y,N, , ,C, , 
6072478.22277307,2986700.77762498,223,48535,48410,JAZIREH-YE SIRRI,IR,25.9,54.55,25,54,N,54,33,E,172,62512,S,OR,F, , , ,Y,Y, ,A,A,A,2,M,N, , ,N,Y,Y,Y,Y, , ,Y,Y,Y, , , ,Y,Y,Y, ,Y,Y,Y, , ,N,N, ,Y, , , , , , , , , , , , ,N,N, ,N, , ,N, , 
6747816.46691893,2908534.32882817,224,48550,48410,CHAH BAHAR,IR,25.266667,60.616667,25,16,N,60,37,E,172,62377,V,CN,F, , , , , ,N,K,L, ,2,M, , ,Y,N,Y,Y, ,Y, , ,Y,Y,Y, ,Y,Y,Y,Y, , , ,Y, , , ,Y,Y, ,N, ,Y, , , ,Y,Y, , , , , ,Y,Y,Y,Y, , ,B, , 
3571500.32961753,-3352332.43894719,225,46855,46725,RICHARDS BAY,ZA,-28.816667,32.083333,28,49,S,32,5,E,171,61100,M,CB,F,N,N,N,Y,Y,D,D,G,G,2,M, ,Y,Y,N,Y,Y,Y, ,Y, ,Y,Y,Y,Y,Y, ,Y,Y,Y, ,Y, , , , ,Y,Y, ,Y,Y,Y, , ,Y, ,Y,Y, , , , ,Y,Y,Y,Y, , ,C, , 
7456550.55830277,2849155.37929966,226,48600,48580,KARACHI,PK,24.783333,66.983333,24,47,N,66,59,E,173,63054,M,CN,G,Y,Y,N,Y,Y,K,K,H,G,2,L,Y,Y,Y,Y,Y,Y,Y, , ,Y,Y, , ,Y,Y,Y,Y,Y,Y,Y,Y,Y, , , ,Y,Y, ,N,Y,Y,Y,Y,Y,Y,Y,Y,Y, , ,Y,Y,Y,Y,Y,Y,Y,C,L,L
3627160.07501416,-2994953.05280834,227,46870,46860,MAPUTO,MZ,-25.966667,32.583333,25,58,S,32,35,E,171,61112/1,M,LC,E,N,N,N,Y,Y,K,F,J,K,4,M,Y, ,Y,Y,Y,Y,Y, ,Y, ,Y,Y,Y, , , ,Y,Y,Y,Y,Y, , , , ,Y,Y, ,N,Y,Y, , , ,Y,Y,Y,Y, ,Y,Y,Y,Y,Y,Y,Y,Y,B,S,S
7497367.70492697,2847111.98089802,228,48605,48580,MUHAMAMAD BIN QASIM,PK,24.766667,67.35,24,46,N,67,21,E,173,63055,S,CN,G,Y,Y,N,Y,N,J,J,J,J,3,M,Y,Y,N,N,Y,Y,Y, , ,N,Y,Y, , , ,Y,Y, ,Y, ,Y,Y, , , ,Y,N, ,N, ,Y, , , ,Y,Y,Y, , , ,N,Y,Y,Y,Y,N,N,C, , 
4063161.41395449,-2103983.76709605,229,46900,46860,CHINDE,MZ,-18.566667,36.5,18,34,S,36,30,E,171,61150,S,RN,F, , , ,Y, ,P,N, , ,3,M,Y, , , ,Y,Y,Y,Y,Y, ,Y, , , , , , , , , ,N,Y, ,Y, ,Y, , , ,Y, , , , , ,Y, , , , , ,Y,N, , , , , , , 
11790589.3998542,-674737.947917547,230,50930,50920,ANYER LOR,ID,-6.05,105.916667,6,3,S,105,55,E,163,71180,V,OR,F, , , , , , ,K,K, ,2,M,Y, , , ,Y,Y,Y,Y,Y, , , , , ,Y,Y,Y,Y, ,Y,Y,Y, , , ,Y,Y, ,Y, , , , , , , , , , , , , ,Y, , , , ,D, , 
7720006.68651352,2611875.52844899,231,48620,48610,MANDVI,IN,22.833333,69.35,22,50,N,69,21,E,173,63062,V,OR,N,Y,N,N,Y,N,L,M,O, ,3,L,Y,N,Y,N,Y,N,N, , , ,Y,Y, , , , ,Y,Y,Y,Y,Y,Y, , , ,Y, , , ,Y,Y, , , , ,Y,Y, , , , ,Y, , , , , , , , 
4105833.88542524,-2023897.42273216,232,46910,46860,QUELIMANE,MZ,-17.883333,36.883333,17,53,S,36,53,E,171,61150,V,RN,G, ,Y, ,Y, ,O,L,N, ,2,M,Y, ,Y,N,Y,Y, , ,Y, ,N,Y,Y, ,Y, ,Y,Y,Y,Y,Y, , , , ,Y, , , ,Y, , , , , ,Y,Y,Y, , , ,Y,Y,Y,N,N,N,C, , 
7690321.48896865,2567647.15251636,233,48670,48610,OKHA,IN,22.466667,69.083333,22,28,N,69,5,E,173,63063,V,CN,G,Y, ,N,Y,N,L,L,L, ,3,L, , ,Y,N,Y,Y,Y, ,Y, ,Y,Y, , ,Y,Y,N,Y,Y,Y,Y,Y, , , ,Y, , , ,Y, , , , , ,Y,Y, , , , ,Y,Y,Y, , , ,C, ,S
4534413.92497934,-1693041.9865196,234,46930,46860,MOCAMBIQUE,MZ,-15.033333,40.733333,15,2,S,40,44,E,171,61172/1,S,CN,F,Y,N,N,Y, ,L,C, , ,3, , , ,Y,N,Y,Y, , ,Y,N,N,Y,Y,Y,Y, ,Y, ,Y, , ,Y, , , ,Y, , ,N,Y, , , , , ,Y,Y,Y, , , ,Y,Y,N,Y,N,N,C, , 
11799866.024087,-659814.044165864,235,50935,50920,TANJUNG SEKONG,ID,-5.916667,106,5,55,S,106,0,E,163,71180,V,CN,F,N,N,N,Y, ,H, ,M,H,0,M,Y,Y,Y,N,Y, ,Y, , ,N,Y,Y, ,Y, , ,Y,Y,Y,Y,Y,Y, , , ,Y, , , ,Y,Y, , ,Y,Y,Y,Y, , , , , ,Y,Y, , , ,C, , 
7833181.50215335,2379958.64291976,236,48690,48610,VERAVAL,IN,20.9,70.366667,20,54,N,70,22,E,173,63070,V,OR,F,N,N,N,N,N,K,H, , ,2,L,Y, ,Y,N,Y,N,N,Y,Y, ,Y,Y, , ,Y,Y,Y,Y,Y,Y, ,Y, , , ,Y, , , ,Y,Y, , , , ,Y, , , , , , ,Y, , , , ,C,S,S
4526992.62559312,-1635476.48681079,237,46935,46860,NACALA,MZ,-14.533333,40.666667,14,32,S,40,40,E,171,61170,V,CN,G,Y,N,N,Y, ,A,K,M,K,3,L,Y, , ,N,Y,Y,Y, ,Y, ,Y,Y,Y,Y, ,Y,Y,Y, , ,Y,Y, , , ,Y,Y, ,N,Y,Y,Y, , ,Y,Y,Y,Y, , , , ,Y, ,Y,N,Y,C, ,S
8040977.88496746,2483533.7271129,238,48760,48610,BHAVNAGAR,IN,21.766667,72.233333,21,46,N,72,14,E,173,63092,S,RT,G,Y,N,N,Y,N,O,J,O, ,12,M, ,Y,Y,N,Y,Y,Y,Y,Y,Y,Y,Y, , ,Y,Y,Y,Y,Y,Y,Y,Y, , , ,Y, , ,N,Y,Y, , , , ,Y, ,Y, , ,Y,Y,Y,Y,Y, ,Y,C,S,S
4467622.23050338,-1149045.59881298,239,46970,46965,MIKINDANI,TZ,-10.266667,40.133333,10,16,S,40,8,E,171,61181,V,CN,F, ,Y, ,Y, ,L,J,P, ,3, , , , , , ,Y, , , , ,Y, , , , ,Y, , , , , ,Y, , , , , , , , , , , , , , , , , , , , , , , , , ,D, , 
11898198.2409544,-680335.356475663,240,50970,50920,JAKARTA,ID,-6.1,106.883333,6,6,S,106,53,E,163,71186/5,L,CB,E,Y,Y,N,Y, ,J, ,J,B,0,M,Y,Y,Y,Y,Y,Y,Y, , , ,Y,Y, ,Y, , ,Y,Y,Y,Y,Y,Y,Y, , ,Y,Y, ,Y, ,Y,Y,Y, ,Y, ,Y,Y,N,Y,Y,Y,Y,Y,Y,Y,Y,A,M,M
8111480.22913653,2151011.84803322,241,48840,48610,MUMBAI (BOMBAY),IN,18.966667,72.866667,18,58,N,72,52,E,173,63103,L,CT,G,Y,Y,N,Y,N,J,K,K,G,4,L,Y,Y,Y,Y,Y,Y,Y, ,Y,N,Y,Y,Y, ,Y,N,Y, ,Y,Y,Y,N, , , ,Y,Y, ,Y,Y,Y,Y,Y,Y,Y,Y,Y,Y, ,Y,Y,Y,Y,Y,Y,Y,Y,A,S,L
4475043.5298896,-1149045.59881298,242,46975,46965,MTWARA,TZ,-10.266667,40.2,10,16,S,40,12,E,171,61181,V,CB,G,N,Y,N,Y, ,C,N,K,K,3,L,N, ,N,N,Y,Y,Y, ,Y, ,Y, , ,Y,Y, ,Y,Y,Y, ,Y,Y, , , ,Y,Y, ,N, ,Y, , , ,Y,Y,Y,Y, , , ,N,Y,N,N,N,N,D, , 
8120756.85336931,2149050.10880149,243,48845,48610,JAWAHARLAL NEHRU PORT (NHAVA SHIVA),IN,18.95,72.95,18,57,N,72,57,E,173,63103,M,OR,G,Y,Y,N,Y,N,J,H,H,H,4,L,Y,Y,Y, ,Y,Y,Y, ,Y,N,Y,Y,Y, ,Y,N,Y,Y,Y,Y,Y,N, , , ,Y,Y, ,Y,Y,Y,N, , ,Y,Y,Y,Y, ,Y,Y,Y,Y,Y,Y,Y,Y,B, ,M
4374855.98817565,-760624.379117102,244,47010,46965,DAR ES SALAAM,TZ,-6.816667,39.3,6,49,S,39,18,E,171,61191,M,CN,E,Y,N,N,Y, ,K,H,L,J,3,L,Y,Y,Y,Y,Y,Y,Y,Y,Y, ,Y,Y,Y,Y,Y, ,Y,Y,Y,Y,Y,Y, , , ,Y,Y, ,N,Y,Y,Y,Y, ,Y,Y,Y,Y, , , ,Y,Y,Y,Y,N,N,C, ,S
8215378.42054359,1739191.40196513,245,48970,48610,MARMAGAO,IN,15.433333,73.8,15,26,N,73,48,E,173,63111/0,S,RN,G,Y,Y,N,Y,N,G,E,J,J,2,L,Y,Y,Y,N,Y,Y,Y, , , ,Y,Y,Y, ,Y,Y,Y,Y,Y,Y,Y, , , , ,Y,Y, , , ,Y, , , , ,Y,Y,Y, ,Y,Y,Y,Y,Y,Y,Y,Y,A,M,M
12085586.0504564,-749414.341985289,246,51010,50920,CIREBON,ID,-6.716667,108.566667,6,43,S,108,34,E,163,72236,V,CB,G,Y,Y,N,Y, ,P,M,P, ,0,M,Y, ,Y,N,Y,Y,Y, ,Y, ,Y,Y, ,Y, , ,Y,Y,Y,Y, ,Y, , , ,Y, , ,N, ,Y, , , ,Y,Y,Y, , ,Y, ,Y,Y,Y,Y, , ,C,S,M
8250629.59262813,1668080.64612948,247,48990,48610,KARWAR,IN,14.816667,74.116667,14,49,N,74,7,E,173,63110,V,CB,G,N,Y,N,Y,N,K,M,K, ,2,L,Y,Y,Y,N,Y,Y,Y,Y,Y,N,Y,Y,N, ,Y,Y,N,Y, ,Y,Y,Y, , , ,Y, , , , ,Y, , , , ,Y,Y,Y, , , ,Y,Y,Y, ,Y, , , ,S
8382357.6567335,1336226.00120198,248,49040,48610,AZHIKAL (AZHIKKAL),IN,11.916667,75.3,11,55,N,75,18,E,173,63200,V,RN,P,N,N,N,Y,N,P,L,P, ,0,M,Y,N,N,N,Y,N,N,N, , , ,N, , ,N,N,N,Y,N,Y,Y,N, , , ,N,N, ,N,Y, , , , , ,Y, , , , , , , , , , , , , , 
12148667.0952393,-764361.576210152,249,51020,50920,TEGAL,ID,-6.85,109.133333,6,51,S,109,8,E,163,72236,V,OR,F,N,N,N,Y, ,P,M,P, ,0,M,Y, ,Y,N,Y,N,N,N,N, ,Y,Y, ,Y, , ,Y,Y, ,Y, ,Y, , , ,N, , , , ,Y, , , , ,Y,Y, , , , ,Y,Y,Y, ,N,N,C,S,M
8434306.75243703,1260469.67745416,250,49100,48610,CALICUT (KOZHIKODE),IN,11.25,75.766667,11,15,N,75,46,E,173,63200,V,OR,N,N,N,N,Y,N, ,L, , ,1,M,Y,N,Y,N,Y,Y,Y,N, , ,Y,Y, , ,Y,Y,Y,Y,Y,Y,Y,Y, , , ,Y,Y, ,N, , , , , , , , , , , , ,Y,Y,Y,N, , ,C, ,S
8438017.40213014,1251012.67799329,251,49110,48610,BEYPORE,IN,11.166667,75.8,11,10,N,75,48,E,173,63200,V,OR,F,N,N,N,Y,N,O,K,P, ,1,M,Y,N,Y,N,Y,Y,Y, , , ,Y,Y, , ,Y,Y,Y,Y,Y,Y,Y,Y, , , ,Y,Y, ,N,Y, , , , , ,Y, , , , , ,Y,Y, ,Y, , ,C, ,S
769959.811320142,4422857.41057666,252,45510,45470,SKIKDA,DZ,36.883333,6.916667,36,53,N,6,55,E,131,52223,S,CB,G,N,Y,N,Y,N,F,E,K, ,0,M,Y,Y,Y,N,Y,Y,Y, ,Y,Y,Y,Y,Y, ,Y, ,Y,Y,Y, ,Y,Y,Y, , ,Y,Y, ,Y,Y,Y,Y,Y,Y,Y,Y,Y,Y, , , ,Y,Y,Y,Y,N,N,C, ,M
12211748.1400221,-764361.576210152,253,51030,50920,PEKALONGAN,ID,-6.85,109.7,6,51,S,109,42,E,163,72028,V,OR,F,Y,Y, ,Y, , ,M, , ,2,M, , ,Y, , , , , , , , , , , ,Y,Y, , , ,Y, ,Y, , , ,Y, , , , ,Y, , , , ,Y,Y, , , , ,Y,Y, , , , ,C, , 
8486255.84814056,1115122.27544708,254,49130,48610,KOCHI (COCHIN),IN,9.966667,76.233333,9,58,N,76,14,E,173,63200/1,M,CN,G,N,Y,N,Y,N,G,H,H,B,1,L,Y,Y,Y,N,Y,Y,Y, ,Y,N,Y,Y,Y,Y,Y,Y,Y,Y,Y,Y,Y,Y, , , ,Y,Y, ,Y,Y,Y,Y, ,Y,Y,Y,Y,Y, ,Y,Y,Y,Y,Y,Y,Y,Y,A,M,M
12291527.108424,-775574.739853933,255,51040,50920,SEMARANG,ID,-6.95,110.416667,6,57,S,110,25,E,163,72236,S,OR,G,Y,Y,N,Y, ,L,J,L,J,0,M,Y,Y,Y,N,Y,Y,Y, ,Y,N,Y,Y, ,Y, ,Y,Y,Y, ,Y, ,Y, , , ,Y,N, ,Y,Y,Y, , ,Y, ,Y,Y,Y, , , ,Y,Y,Y,Y, , ,C,S,M
732853.314389051,4439106.78725058,256,45520,45470,COLLO,DZ,37,6.583333,37,0,N,6,35,E,131,52223,V,CN,G, ,Y, ,Y, , ,A,O, ,1,M,Y, , ,Y, ,N,Y,Y,Y, , , , , , , , , , , ,Y,Y, , , ,Y, , , , , , , , , , , , , , , ,Y,Y, , , , , , , 
8525217.6699182,992874.011623841,257,49160,48610,QUILON (KOLLAM),IN,8.883333,76.583333,8,53,N,76,35,E,173,63210,V,CB,G,N,N,N,Y,N,L,H,M, ,1,M,Y,N,N,N,N,Y,Y, , ,N,N,N, , ,Y,Y, ,Y,N,N,Y,N, , , ,Y, , , , , , , , , , , , , , , ,Y,Y,Y, , , ,C, , 
8599430.66378038,912203.190062273,258,49180,48610,KOLACHEL,IN,8.166667,77.25,8,10,N,77,15,E,173,63210,V,OR,F,N,N,N,Y,N, ,H, , ,1,M,Y,N,N,N,N,N, , , , , ,N, , ,Y,Y, , , , ,N,Y, , , ,Y, , , , , , , , , , , , , , , ,Y, , , , , , , , 
12395425.299831,-747546.227403036,259,51070,50920,REMBANG,ID,-6.7,111.35,6,42,S,111,21,E,163,72028,V,OR,F, ,Y, , , ,K,K, ,K,0, , , , , , , , , , , , , , , , ,Y, , , ,Y, ,Y, , , ,Y, , , , , , , , , , , , , , , ,Y, , , , , ,D, ,S
8181982.57330561,464240.581310782,260,49200,49190,MALE,MV,4.166667,73.5,4,10,N,73,30,E,173,63172,V,CN,F,N,N,N,Y,N,A,A,K,A,1,M,Y, ,Y,N,Y,Y,Y, ,Y, ,Y, , ,Y,Y,Y,Y, ,Y, , ,Y,Y, , ,Y,N, ,N, ,Y, , , ,Y,Y,Y,Y, , ,Y,Y,Y,Y,Y, ,Y,C, , 
5374876.08046856,3546469.098702,261,48430,48410,ABADAN,IR,30.333333,48.283333,30,20,N,48,17,E,172,62438,M,RN,G,Y,N,N,Y, ,K,K,K, ,1,M, ,Y,Y,N,Y,Y,Y, ,Y,N,Y,Y,Y, ,Y,Y,Y, ,Y, ,Y, , , , ,Y, , ,N, ,Y,Y,Y, , ,Y,Y, , , , , ,Y,Y,Y, , ,C,S,S
12484480.8924656,-751282.520565199,262,51100,50920,TUBAN,ID,-6.733333,112.15,6,44,S,112,9,E,163,72028,V,OR,P, ,Y, ,Y, ,P,L,P,A,4, ,Y,Y,Y, , ,Y,Y, , , , , ,Y, , , ,Y,Y, , , ,Y,Y, , ,Y,N, ,N, , , , , , , , , , , , ,Y,Y,N, , , ,N, , 
6013107.82768333,1913066.02702611,263,48230,48225,MINA RAYSUT,OM,16.933333,54.016667,16,56,N,54,1,E,172,62313,S,CB,G,Y,Y,N,Y,N,F,K,L, ,2,L,Y, ,Y,Y,Y,Y,Y, , , ,Y,Y,Y, ,Y, ,Y,Y,Y, ,Y, , , , ,Y,Y, ,N,Y,Y, ,Y,Y,Y,Y,Y,Y,N,N,Y,Y,Y,Y,Y,Y, ,C, , 
12549417.262095,-803618.164259671,264,51130,50920,SURABAYA,ID,-7.2,112.733333,7,12,S,112,44,E,163,72234,M,CB,G,Y,Y,N,N, ,K,C,K,J,0,M,Y,Y,Y,Y,Y,Y,Y,Y,Y, ,Y,Y, ,Y, , ,Y,Y,Y,Y,Y, , , , ,Y,Y, , , , ,Y,Y,Y,Y,Y,Y,Y,N,Y,Y,Y,Y,Y,Y,Y,Y,A,M,M
6521466.83563928,2708791.40768979,265,48250,48225,MINA QABUS,OM,23.633333,58.583333,23,38,N,58,35,E,172,62355,V,CB,G,N,N,N,Y,Y,L,A,H, ,3,M, ,Y,Y,Y,Y,Y,Y, , ,Y,Y,Y,Y,Y,Y, ,Y,Y,Y, ,Y,Y, , , ,Y,Y, ,Y, ,Y,Y,Y,Y,Y, ,Y, , , , ,Y,Y,Y, ,Y,Y,C, , 
12683000.651047,-859751.951885686,266,51200,50920,PANARUKAN,ID,-7.7,113.933333,7,42,S,113,56,E,163,72221,V,CN,N,Y,Y,N,Y, , ,F, ,A,0, , , ,Y,N,Y,N,N, ,Y,Y,Y,Y, ,Y,Y,Y,Y, , ,Y, ,Y, , , ,Y, , ,N, ,Y, , , ,Y, ,Y, , , , ,Y, ,N,N, , ,N, ,M
565874.078199141,4404317.06399294,267,45550,45470,BEJAIA,DZ,36.75,5.083333,36,45,N,5,5,E,131,52221,S,CB,G,N,Y,N,Y, ,G,K,K, ,0,M,Y, , ,N,Y,Y,Y, ,Y, ,Y,Y, , ,Y, ,Y, ,Y,Y,Y,Y,Y, , ,Y,Y, ,Y,Y, , , ,Y, ,Y,Y,Y,Y,Y,Y,Y,Y,Y,Y,N,Y,A,L,M
12133824.4964668,-863496.511682104,268,51220,50920,CILACAP,ID,-7.733333,109,7,44,S,109,0,E,163,71183,L,CN,E,Y,Y,N,N, ,J,C,J,J,1,L,Y,Y,Y,N,Y,Y,Y, , ,N,Y,Y, ,Y, , ,Y, ,Y, ,Y, , , , ,Y, , ,N, ,Y, , , ,Y,Y,Y,Y, ,N,N,Y,Y,Y,Y,N, ,C, , 
436001.338940322,4427497.55186868,269,45560,45470,DELLYS,DZ,36.916667,3.916667,36,55,N,3,55,E,131,52240,V,CB,F, , , ,Y, , ,H,N, ,1,M,Y, , , ,Y,Y,Y, , , ,N,Y, , ,Y, ,Y, ,Y, ,Y,Y, , , ,Y, , , , , , , , , , ,Y,Y, , , , ,Y,N,N, , ,N, , 
12825860.6642317,-977853.929616806,270,51260,51250,BENOA,ID,-8.75,115.216667,8,45,S,115,13,E,163,72204/3,V,CN,F, ,Y, ,Y, ,L,B,L,N,2,M, ,Y, , ,Y,Y,Y, , , ,Y,Y, ,Y, , ,Y,Y,Y, ,Y, , , , ,Y,N, , , ,Y, , , ,Y, ,Y, , , , , ,Y,Y,N, , ,N, , 
341379.771766039,4406632.84255915,271,45570,45470,ALGER,DZ,36.766667,3.066667,36,46,N,3,4,E,131,52243,L,CB,E,N,Y,N,Y, ,D,J,K, ,1,L,Y,Y,Y,Y,Y,Y,Y, ,Y, ,Y, ,Y, ,Y, ,Y,Y,Y,Y,Y, , , , ,Y, , ,Y,Y, , , , , ,Y,Y,Y,Y,Y,Y,Y,Y,Y,Y,Y,Y,A,S,L
12976141.9768026,-972222.79017947,272,51290,51250,LABUHANHAJI,ID,-8.7,116.566667,8,42,S,116,34,E,163,72211,V,OR,P,N,N,N,N, ,P,G,P, ,8, , , ,Y,N, , , , , , ,Y,Y, , , , , , , , , ,Y, , , ,Y, , , , , , , , , , , , , , , ,Y,Y, ,N,N, ,D, , 
146570.66287781,4374257.56253555,273,45610,45470,TENES,DZ,36.533333,1.316667,36,32,N,1,19,E,131,52240,V,OR,F, , , ,Y, ,A,G,M, ,0,M,N, , , ,Y,Y, , , , ,Y, ,Y, , , ,Y, , ,Y,Y,Y, , , ,Y,Y, ,N,Y,Y, , ,Y,Y,Y,Y, , , , ,Y,Y, , , , , , , 
9276.6242327728,4291452.01465978,274,45620,45470,MOSTAGANEM,DZ,35.933333,0.083333,35,56,N,0,5,E,131,52263,V,CB,G,Y,Y,N,N,Y,J,A,M, ,0,M,Y, ,Y,N,Y,Y,Y, ,N,N,Y,Y, , ,Y, ,Y,Y,Y,Y,Y,Y, , , ,Y,Y, , ,Y,Y, ,Y, , ,Y,Y,Y, , , , ,Y,N,N, , ,C,M,S
13605097.0997846,-962839.226484066,275,51320,51250,MAUMERE,ID,-8.616667,122.216667,8,37,S,122,13,E,163,73004,V,OR,F,Y,Y, , , ,M,A,M,M,2,M,Y, , , ,Y,N,Y,Y,Y, , ,Y, ,Y, , ,Y, ,Y, ,Y,Y,Y, , ,Y, , ,N, , , , , , , , , , , , ,Y,Y,Y, , , , , , 
-33395.8472379821,4280001.18427705,276,45630,45470,ARZEW,DZ,35.85,-0.3,35,51,N,0,18,W,131,52262,S,CB,G,N,Y,N,Y, ,K,A,L,G,0,M,N, ,Y,Y,Y,Y,Y, ,Y, ,Y,Y, ,Y,Y, ,Y,Y, ,Y,Y, , , , ,Y, , ,Y, ,Y,Y, , ,Y,Y,Y,Y, , , ,Y,Y,Y,Y, , ,C, ,S
13690442.0427261,-932825.616571513,277,51330,51250,LARANTUKA,ID,-8.35,122.983333,8,21,S,122,59,E,163,73201,V,OR,G, , , , , , ,B, , ,0, ,Y, ,Y, , , , , , , , , , , , , ,Y, , , , ,Y, , , ,Y, , , , , , , , , , , , , , , , ,Y, , , , ,D, , 
-27829.8726983184,4275424.22257806,278,45635,45470,ARZEW EL DJEDID,DZ,35.816667,-0.25,35,49,N,0,15,W,131,52262,S,CB,P, , , ,Y, ,L,A, ,H,0,M,N, , , ,Y,Y,Y, , , ,Y, , , ,N, ,Y, ,Y,Y,Y, , , , ,Y,Y, ,N, , , , , , , , , , , , ,Y,Y,Y,Y, , ,N, ,S
13542016.0550017,-987240.845126032,279,51340,51250,ENDE,ID,-8.833333,121.65,8,50,S,121,39,E,163,73002,V,CN,F, ,Y, , , ,N,A,N,M,2,M,Y, , , ,Y, , , , , , ,Y, ,Y, , ,Y,Y,Y, , ,Y, , , ,Y, , , , ,Y, , , , ,Y, , , , , , ,Y, , , , ,D, , 
-70502.3441690733,4259419.96554792,280,45640,45470,ORAN,DZ,35.7,-0.633333,35,42,N,0,38,W,131,52282/1,L,CB,E, ,Y,N,Y, ,A,A,J, ,1,M, , , , ,Y,Y,Y, ,Y, ,Y,Y, ,Y,Y, ,Y,Y,Y,Y,Y, ,Y, , ,Y, , , ,Y,Y,Y,Y, , ,Y,Y,Y, , , ,Y,Y,Y,Y,Y,Y,C, ,L
-77923.6435552915,4263990.2167747,281,45650,45470,MERS EL KEBIR,DZ,35.733333,-0.7,35,44,N,0,42,W,131,52282/1,S,CB,G,Y,Y,N,Y,N,K,J,J, ,1, , , , , ,Y,Y, , , , , , , , , , ,Y, , ,Y,Y, , , , , , , , , , , , , , , , , , , , ,Y,Y,Y,Y, , ,A,L, 
-153991.962264028,4204725.05093637,282,45660,45470,BENI SAF,DZ,35.3,-1.383333,35,18,N,1,23,W,131,52069,V,CB,F, , , ,Y, , ,D,L, ,0,L,Y, , , ,Y, ,Y, ,Y, ,N, , , , , ,Y, , , ,Y,Y,Y, , , , , , , ,Y,Y, , ,Y,Y,Y, , , , ,Y,Y, , , , ,B, ,S
11823985.2470922,358265.945503926,283,51500,51480,TAREMPAH,ID,3.216667,106.216667,3,13,N,106,13,E,163,71445,V,CN,F,Y,Y, ,Y, ,O,A,O, ,0, , , , , , , , , , , , , , , , , ,Y, , , , ,Y, , , ,Y, , , , , , , , , , , , , , , ,Y,Y, , , , , , , 
11365720.0099932,163286.420141647,284,50790,50515,BENGKALIS,ID,1.466667,102.1,1,28,N,102,6,E,174,71261,V,CN,G, , , , , ,L,K,N, ,0, ,Y, , , ,Y,Y, , , , ,Y,Y,Y, , , ,Y, , , ,Y, , , , ,Y, , ,N,N,N,N,N,N,N,N, , , , , , ,Y, ,N, , , , ,S
11551252.4946487,137304.642564391,285,50010,49990,PULAU BUKOM,SG,1.233333,103.766667,1,14,N,103,46,E,174,71253,M,OR,G,N,N,N,Y,N,K,G, ,F,2,L, ,Y,Y,Y,Y,Y,Y, ,Y, ,Y,Y,Y, ,Y,Y,Y,Y,Y, ,Y,Y, , , ,Y,Y, ,Y, , , , , , , , ,Y, ,Y,Y,Y,Y,Y,Y,Y,Y,A, , 
11554963.1443418,133593.156061576,286,50015,49990,PULAU SEBAROK,SG,1.2,103.8,1,12,N,103,48,E,174,71252,S,OR,F,N,N,N,Y,N,J,J, ,E,0,L, ,Y,Y,Y,Y,Y,Y, ,Y, ,Y,Y,Y, ,Y,Y,Y,Y,Y, ,Y, , , , ,Y,Y, ,Y, , , , , , , , ,Y, ,Y,Y,Y,Y,Y,Y,Y,Y,A, , 
-207796.382814111,4177479.06218109,287,45670,45470,GHAZAOUET,DZ,35.1,-1.866667,35,6,N,1,52,W,131,52069,V,CB,F, ,Y,N,N,N,J,D,K, ,0,L,Y, , ,N,Y,Y,Y, ,Y,Y,Y, , ,Y,Y, ,Y,Y,Y, ,Y, , , , ,Y,Y, ,N,Y,Y,Y, ,Y,Y,Y,Y,Y, , , ,Y,Y,Y,Y,Y,Y,C, ,L
-647508.371447541,4270849.18210282,288,45755,45700,TANGER,MA,35.783333,-5.816667,35,47,N,5,49,W,131,52042,M,CB,G,Y,Y,N,Y, , ,K,G,J,2,M, ,Y,Y,Y,Y,Y,Y, ,Y, ,Y,Y,Y,Y,Y, ,Y,Y,Y,Y,Y, , , , ,Y,Y, ,N,Y,Y, , , ,Y,Y,Y,Y, , , ,Y,Y,Y,Y,Y,Y,B, ,M
11601346.2655057,118747.64977487,289,50030,50020,TANJUNGUBAN,ID,1.066667,104.216667,1,4,N,104,13,E,174,71243,V,CN,F,N,Y,N,Y, ,K,B,E,E,0,L,Y, , ,N,Y,Y,Y, , ,N,Y,Y,Y, , , ,Y,Y,Y, ,Y, , , , ,Y, , ,N, , , , , , , , , , , , ,Y,Y,Y, , , , , , 
14657066.287781,3928534.49042659,290,62160,61100,OITA KO,JP,33.25,131.666667,33,15,N,131,40,E,159,97283,V,CB,P,N,N,N,Y, ,A,A,G,D,2,M,Y, ,Y,N,Y,N,Y,Y,Y, ,Y,Y, ,Y,Y, ,Y,Y,Y,Y,Y, , , , ,Y, , ,Y, ,Y,Y, ,Y,Y,Y,Y,Y, , , ,Y,Y,Y,Y, , ,C, ,S
-326537.172993603,4202451.98587991,291,45762,45700,PORT NADOR,MA,35.283333,-2.933333,35,17,N,2,56,W,131,52047,V,CB,F,N,N,N,Y, ,J,A,K, ,0,M, , ,Y,N,Y,Y,Y, , ,Y,Y, , ,Y, , ,Y, ,Y,Y,Y, , , , ,Y,Y, ,N,Y, , , , ,Y,Y,Y, , , , , ,Y,Y,Y, , ,C, , 
14679330.1859397,3928534.49042659,292,62165,61100,SAGANOSEKI KO,JP,33.25,131.866667,33,15,N,131,52,E,159,97278,S,CB,F, , , ,Y, ,K,E,K, ,2,M, , ,Y,N,Y,N,Y, , , ,Y,Y, ,Y, , ,Y,Y,Y, ,Y,Y, , , ,Y, , , , , , , , , ,Y,Y, , , , , ,Y,Y, , , ,C, , 
14679330.1859397,3906370.3005525,293,62170,61100,TSUKUMI,JP,33.083333,131.866667,33,5,N,131,52,E,159,97278,V,CB,F,N,N,N,Y, ,A,D,F, ,2,L,Y, ,Y,N,Y,N,Y,Y,Y, ,Y,Y, , , , ,Y,Y, ,Y,Y, , , , ,Y, , ,N, , ,Y, , ,Y,Y,Y, , , , , ,Y,Y, , , ,C, , 
-734708.639235605,4069156.18280746,294,45785,45700,KENITRA,MA,34.3,-6.6,34,18,N,6,36,W,143,51201,S,RN,E,Y,N,N,Y, ,O,G,N, ,3,M,Y,Y,Y,N,Y,Y,Y, ,Y, ,Y, ,Y, , ,Y,Y,Y,Y,Y,Y, , , , ,Y, , ,N,Y,Y,Y, , ,Y,Y,Y,Y, , , ,Y,Y,Y,Y, , ,C, ,M
-823764.231870224,3990820.43611328,295,45790,45700,MOHAMMEDIA,MA,33.716667,-7.4,33,43,N,7,24,W,143,51220/3,V,CB,G,Y,Y,N,Y, ,M,F,M,F,4,L,Y,Y,Y,N,Y,Y,Y, ,Y, ,Y,Y,Y, , , ,Y, ,Y,Y,Y,Y,Y, , ,Y,Y, ,Y, ,Y,Y, , ,Y,Y,Y,Y, , , ,Y,Y,Y,Y, , ,C, ,S
-847883.454875434,3975217.42926081,296,45793,45700,CASABLANCA,MA,33.6,-7.616667,33,36,N,7,37,W,143,51222,L,CB,E,N,Y, ,Y, ,H,A,J, ,4,L,Y,Y,Y,Y,Y,Y,Y, ,Y, ,Y,Y,Y, ,Y, ,Y,Y,Y,Y,Y, ,Y, , ,Y,Y, ,N,Y,Y, , ,Y,Y,Y,Y,Y,Y,Y,Y,Y,Y,Y,Y,Y,Y,C, ,L
14686751.4853259,3890880.35624669,297,62175,61100,SAIKI KO,JP,32.966667,131.933333,32,58,N,131,56,E,159,97278,S,CB,F,Y,Y, , ,N,J,D,K, ,2,M, , ,Y, ,Y,N,Y, , , ,Y,Y, ,Y, , ,Y,Y,Y, ,Y,Y, , , ,Y, , , , , ,Y,Y,Y, , , , , , , ,Y,Y,Y, , , ,C, , 
-1029705.28983778,3802755.03185911,298,45797,45700,SAFI,MA,32.3,-9.25,32,18,N,9,15,W,143,51240/24,S,CB,G,Y,Y,N,Y,N,L,A,J, ,3,M,Y,Y,Y,N,Y,Y,Y, ,Y, ,Y, ,Y,Y, , ,Y, , , ,Y, , , , ,Y,Y, ,N,Y,Y, , , ,Y,Y,Y,Y, , , ,Y,Y,Y,Y, , ,C, ,L
14657066.287781,3820327.74135996,299,62190,61100,HOSOSHIMA KO,JP,32.433333,131.666667,32,26,N,131,40,E,158,97320,V,CB,F,N,Y,N,Y, ,K,G,H,K,3,L, , ,Y,N,Y,N,Y, , ,Y,Y,Y, ,Y, , ,Y,Y,N,Y,Y, , , , ,Y,Y, ,N,Y,Y,Y, , ,Y,Y,Y, , , , ,Y,Y,Y, , , ,C,M,S
-1089075.68492753,3697855.3303377,300,45800,45700,ESSAOUIRA,MA,31.5,-9.783333,31,30,N,9,47,W,143,51280,V,CN,F,Y,Y, ,Y, , ,B, , ,3, ,Y, , , ,Y, ,Y,Y,Y, ,Y, , ,Y, , ,Y,Y,Y, ,Y,Y,Y, , ,Y, , ,N,Y,Y, , , , ,Y, , , , , , ,Y,N, , , , , , 
-1771835.2284596,2716894.18101761,301,45808,45805,AD DAKHLA,EH,23.7,-15.916667,23,42,N,15,55,W,143,51420,V,RN,G,Y,N,N,Y, ,H,H,L, ,2,M,Y, ,Y,N,Y,Y,Y,Y,Y,N,Y,Y, ,Y, ,Y,Y,Y,Y, ,Y, , , , ,Y, , ,N, ,Y, , ,Y,Y,Y,Y,Y, , , ,Y,Y,Y,Y, , ,C, , 
14534614.8479084,3708740.06741678,302,62220,61100,KAGOSHIMA,JP,31.583333,130.566667,31,35,N,130,34,E,158,97343,M,CB,G,Y,Y,N,Y, ,J,A,J, ,2,L,Y,Y,Y,N,Y,N,Y,Y,Y,N,Y,Y, ,Y, , ,Y,Y,Y,Y,Y, , , , ,Y, , ,Y,Y,Y, , , ,Y,Y,Y, , , ,Y,Y,Y,Y, ,Y,Y,C,S,S
14593985.2429982,3693504.15293944,303,62224,61100,SHIBUSHI WAN,JP,31.466667,131.1,31,28,N,131,6,E,158,97341,S,CB,F, ,Y, , ,Y,K,B,J, ,2,L,N, , ,N,Y,N,Y, ,Y, ,Y,Y, ,Y, , , ,Y, ,Y, , , , , ,Y, , , , ,Y, , ,Y, , , , , , , , ,Y,N, , , ,C, ,S
-1897997.31802531,2381944.74764902,304,45812,45810,NOUADHIBOU,MR,20.916667,-17.05,20,55,N,17,3,W,143,51461,M,CN,G,N,Y,N,Y,Y,L,K,E,J,2,M,Y,Y,Y,N,Y,Y,Y, ,Y,N,Y,Y, , ,Y, ,Y, ,Y,Y,Y,Y,Y, , ,Y,Y, , ,Y,Y, , ,Y,Y,Y,Y,Y, , ,Y,N,Y,Y,Y,N,N,C, ,L
14532759.5230619,3682632.98047531,305,62225,61100,KIIRE,JP,31.383333,130.55,31,23,N,130,33,E,158,97342,V,OR,F,N,N,N,Y,Y,A,A,A,A,3,L,Y,Y,Y,N,Y,Y,Y, ,Y, ,Y,Y, ,Y,Y, , ,Y, ,Y,Y,Y,Y, , ,Y, , ,Y, , , , , , , ,Y,Y,Y,Y,Y,Y,Y,Y, , , ,C, ,S
-1838626.92293557,1806652.94017557,306,45818,45817,ST LOUIS,SN,16.016667,-16.516667,16,1,N,16,31,W,143,51481,S,RN,G,Y,Y, ,Y,Y,P,J,L, ,1,M,Y, , , ,Y,Y,Y, ,Y, , , , , , , ,Y, , ,Y, ,Y, , , ,Y, , , , , , , , , ,Y,Y,Y, , , ,Y,Y, , , , ,C, ,S
-1940669.78949607,1652732.25161317,307,45820,45817,DAKAR,SN,14.683333,-17.433333,14,41,N,17,26,W,143,51559,M,CB,G,N,Y,N,Y, ,J,G,N,N,2,M,Y, ,Y,Y,Y,Y,Y, ,Y,Y,Y,Y,Y,Y,Y, ,Y,Y,Y,Y,Y,Y,Y, , ,Y,Y, ,Y,Y,Y,Y,Y,Y,Y,Y,Y,Y,Y,Y,Y,Y,Y,Y,Y,Y,Y,B,M,L
14514206.2745963,3789592.46190277,308,62250,61100,MINAMATA KO,JP,32.2,130.383333,32,12,N,130,23,E,158,97383,V,CB,F, , , , , ,F,H,L, ,2,L, , , , , ,N,Y, , , ,Y,Y, ,Y,Y,Y,Y,Y, ,Y,Y, , , , ,Y, , ,Y, , ,Y, , ,Y, ,Y, , , , , ,Y,Y, , , ,C, ,S
14530904.1982153,3829123.83702844,309,62255,61100,YATSUSHIRO,JP,32.5,130.533333,32,30,N,130,32,E,158,97383/5,S,RN,G, , , ,Y,Y,J,J,H, ,4,L, , , ,N,Y,N,Y, , , ,Y,Y, ,Y, , ,Y,Y,Y,Y, , , , , ,Y, , , ,Y,Y, , , ,Y,Y,Y, , , , ,Y,Y,Y, , , ,C, ,S
1198539.85087425,4127701.00074095,310,45390,45360,MERSA SFAX,TN,34.733333,10.766667,34,44,N,10,46,E,131,52161,S,CB,G,N,N,N,Y, ,J,M,K,K,2,M,Y,Y,N,N,Y,Y,Y, , ,N,Y,Y,Y, ,Y, ,Y,Y,Y, , , , , , ,Y,Y, ,N,Y,Y,Y, ,Y,Y,Y,Y, , , , ,Y,Y,Y,Y, , ,B,S, 
14523482.8988291,3842330.21726612,311,62280,61100,MISUMI KO,JP,32.6,130.466667,32,36,N,130,28,E,158,97389,S,CN,F,Y,N,N,Y, ,J,G,L, ,3,L,Y,Y,Y,N,Y,N,Y, , , ,Y,Y, , ,Y,Y,Y,Y,Y,Y,Y,Y, , , ,Y, , ,N,Y, , , ,Y,Y,Y,Y, , , , ,Y,Y,Y, ,N,N,C, ,M
14517916.9242894,3895303.96339389,312,62290,61100,MIIKE,JP,33,130.416667,33,0,N,130,25,E,158,97386,S,CB,G, , , ,Y,Y,M,H,K,M,4,M,Y, ,Y,Y,Y,Y,Y, ,Y,N,Y,Y, ,Y, , ,Y,Y,Y,Y,Y, , , , , ,N, ,N,Y,Y,Y, ,Y,Y,Y,Y, , , , ,Y,Y,Y, , , ,C, ,S
14458546.5291997,3862167.46491244,313,62360,61100,NAGASAKI,JP,32.75,129.883333,32,45,N,129,53,E,159,97391,L,CN,F,N,N,N,Y,Y,D,J,J,C,3,L,Y, ,Y,N,Y,N,Y, ,Y, ,Y,Y, ,Y, , ,Y,Y, , ,Y,Y, , , ,Y,Y, , , ,Y,Y,Y, ,Y, ,Y,Y, ,Y,Y,Y,Y,Y, ,Y,Y,A,L, 
14439993.2807341,3917447.12843492,314,62380,61100,SASEBO,JP,33.166667,129.716667,33,10,N,129,43,E,159,97400,M,CB,G,N,N,N,Y,N,J,A,J,H,2,L,Y,Y,Y,Y,Y,Y,Y, ,Y, ,Y,Y, ,Y, , ,Y,Y,Y,Y,Y,Y, , , ,Y,Y, , , , ,Y,Y, , ,Y,Y,Y, ,Y,Y, ,Y,Y,Y,Y,Y,A,L, 
14458546.5291997,3932972.39452425,315,62400,61100,IMARI,JP,33.283333,129.883333,33,17,N,129,53,E,159,97410/20,V,RN,F, , , , , ,G,E,K,G,2,L,Y, , , ,Y,Y,Y, ,Y, ,Y,Y,Y, ,Y, ,Y,Y, ,Y, ,Y,Y, , ,Y, , , , , , , , , , ,Y,Y,Y,Y,Y,Y,Y,Y,Y,Y,Y,A,L,S
14467823.1534325,3955187.39935462,316,62420,61100,KARATSU,JP,33.45,129.966667,33,27,N,129,58,E,159,97412,S,CN,G, , , ,Y, ,N,K,O,J,2,L,Y, , , ,Y,N,Y, ,Y, ,N,Y, ,Y, , ,Y,Y,Y,Y,Y, , , , ,Y, , ,N, , , , , , , , , , , , , ,Y,Y, , , ,C, ,S
14516061.5994429,3975217.42926081,317,62430,61100,HAKATA,JP,33.6,130.4,33,36,N,130,24,E,159,97421,M,CB,G,Y,N,N,N, ,G,H,G,N,1,L,Y, ,Y,N,Y,N,Y, ,Y, ,Y,Y, ,Y,Y, ,Y,Y,Y,Y,Y, , , , ,Y,Y, ,Y,Y,Y,Y, , ,Y, ,Y, , , , , ,Y,Y,Y, , ,C, ,M
14393610.1595703,4055688.85900624,318,62440,61100,IZUHARA,JP,34.2,129.3,34,12,N,129,18,E,159,97420,V,CN,F,Y,Y, , ,N,G,E,N, ,4,L,Y, ,Y,N, , ,N, , , ,N,Y,Y, , ,Y,N, , , ,Y, , , , ,Y, , , , , , , , , , ,N, , , , ,Y,Y,Y, , , ,D, , 
14245184.1718459,3044565.51238665,319,62495,62470,KIN WAN,JP,26.366667,127.966667,26,22,N,127,58,E,158,97472,V,OR,P,N,Y,N,Y,Y,A,A,F,A,2,L,Y,Y,Y,Y,Y,Y,Y, , ,Y,Y,Y, ,Y, , ,Y,Y,N,Y,Y,Y, , , ,Y, , ,Y, , , , , , , ,Y, , ,Y,Y,Y,Y,Y, , , ,C, , 
14213643.6494545,3025940.87946879,320,62500,62470,NAHA KO,JP,26.216667,127.683333,26,13,N,127,41,E,158,97465,S,CB,G,N,N,N,Y, ,J,H,G,M,2,L, , ,Y,Y,Y,Y,Y, ,Y,N,Y,Y, ,Y, , ,Y,Y,Y, ,Y,Y, , , ,Y, , , ,Y,Y,Y, ,Y,Y,Y,Y, , , , , ,Y,Y, , , ,C, , 
13946476.8715506,2851199.05216154,321,62510,62470,HIRARA KO,JP,24.8,125.283333,24,48,N,125,17,E,158,97481,V,CN,F,Y,Y, , , ,L,A,L, ,1, , , , , , , , , , , , ,Y, , , ,Y, , , , , , , , , ,Y, , , , , , , , , , , , , , , , , , , , , ,D, , 
13822170.1068315,2794079.1532113,322,62520,62470,ISHIGAKI,JP,24.333333,124.166667,24,20,N,124,10,E,158,97483,V,OR,F, , , ,Y, ,L,B,K, ,1,M, , , , , , ,N,Y, , , ,Y, , , ,Y, , ,Y, ,Y, , , , ,Y, , , , , , , , , , , , , , , , , , , , , ,D, , 
15940951.0815968,8260063.22606911,323,62540,62530,OKHOTSK IY REYD,RU,59.366667,143.2,59,22,N,143,12,E,155,96441,V,RN,F,Y,Y,Y,Y, ,O,M,O, ,2, ,N, , , , ,Y,Y, , , ,Y, , , , , ,Y, ,Y, , ,Y, , , ,Y, , , , ,Y, , , , ,Y, , , , , , , , , , , ,D, , 
14562444.7206067,4015382.36007316,324,62120,61100,WAKAMATSU,JP,33.9,130.816667,33,54,N,130,49,E,159,95342,L,CN,F, ,Y, , ,Y,F,D,G, ,1,M, ,Y,Y, ,Y,Y,Y, ,Y, ,Y,Y, ,Y, , ,Y,Y, ,Y,Y, , , , ,Y,Y, ,N, , ,Y,Y,Y, ,Y,Y,Y, , , ,Y,Y,Y,Y, , ,C,S,M
13306389.7994893,2702717.03521251,325,57950,57940,PENG-HU KANG,TW,23.583333,119.533333,23,35,N,119,32,E,157,94067,S,CN,F,N,N,N,Y, ,L,L,N,N,8,M,Y,Y,N,N,Y,Y, , ,Y, , ,Y,Y, ,Y,Y,Y, ,Y, ,Y, , , , ,Y, , ,N,Y,Y,Y, , ,Y,Y, , , , , ,N,Y,Y,Y, , ,C,M, 
13413998.6405895,2790007.25941448,326,57955,57940,TAI-CHUNG KANG,TW,24.3,120.5,24,18,N,120,30,E,157,94063,S,LC,G,Y,Y,N,Y,N,J,G,L,H,5,M,Y,Y,Y,N,Y,Y,Y,Y,Y, ,Y,Y, ,Y,Y,Y,Y, , ,Y,Y,N,N,N,N,Y,Y, ,N, ,Y, ,Y, ,Y,Y,Y, , , , ,Y, , , , , ,C, ,M
14629236.4150827,4084888.34338976,327,61720,61100,HAGI KO,JP,34.416667,131.416667,34,25,N,131,25,E,159,95320,V,CN,F, , , , , ,M,E,M, ,0, , ,N,Y, ,Y,N,Y, , , ,Y,Y,Y, , , ,Y, , , ,Y, , , , ,Y, , , , , , , , , , , , , , , ,Y,Y,Y,Y, , ,C, , 
13577267.2270863,2326416.49453025,328,57970,57960,BASCO,PH,20.45,121.966667,20,27,N,121,58,E,162,91160,V,CN,F,Y,Y,N,N, ,J,A,O, ,2,M,Y, ,N,Y,N,N, ,Y,Y, , , , , , , ,Y, ,Y, ,Y, , , , ,Y, , ,N, , , , , , , , , , , , ,N,Y, , , , ,D, , 
14221064.9488407,4127701.00074095,329,60370,60315,YOSU,KR,34.733333,127.75,34,44,N,127,45,E,157,95138,S,CB,F, , , ,Y, ,A,A,A,A,2,L,Y,Y,Y,N,Y,Y,Y, ,Y, ,Y,Y, ,Y, , ,Y, ,Y,Y,Y,Y, , , ,Y, , ,Y, ,Y,Y,Y,Y, , ,Y,Y, , , ,Y,Y,Y,Y,Y,Y,C,L,S
13478935.0102189,2109856.19577162,330,57990,57960,CLAVERIA,PH,18.616667,121.083333,18,37,N,121,5,E,162,91140,V,CN,F,Y,Y, ,Y, ,A,A,N, ,2, , , ,Y, ,Y,Y, , , , ,Y, , , , , ,Y, , , , ,Y, , , ,Y, , , , , , , , , , , , , , , , , ,Y, , , ,C, , 
13970596.0945558,1094406.77727121,331,59340,57960,SURIGAO CITY,PH,9.783333,125.5,9,47,N,125,30,E,162,92115,V,OR,G,Y,Y, ,Y,Y,A,A,L, ,3, , , , , ,Y,Y,Y, ,Y, ,Y, , , , , ,Y, ,Y, , ,Y, , , ,Y, , , ,Y, , , , , ,Y,Y, , , , , ,Y,Y, , , , , , 
13595820.4755518,2098113.05948907,332,57995,57960,PORT SAN VICENTE,PH,18.516667,122.133333,18,31,N,122,8,E,162,91120,V,CN,F, , , , , ,E,H,O, ,3,M,N, , , ,Y,Y,Y, , , ,Y, , , , , , , ,Y, , , , , , ,Y, , , , ,Y, ,Y,Y,Y,Y, , , , , ,Y,Y,Y,Y, , ,D, , 
13952042.8460903,1004142.65429534,333,59345,57960,NASIPIT PORT,PH,8.983333,125.333333,8,59,N,125,20,E,162,92310,V,RN,F,N,N,N,Y,Y,M,A,H, ,2,M,Y,Y,Y, ,Y,Y,Y, ,Y,N,Y,N, ,Y,N, ,Y,N,Y, ,Y,Y, , , ,Y,N, ,N,Y,Y,N,N,N,Y,Y,Y, , , , , ,Y, ,Y,N,N,C, , 
19610783.6280817,-4527756.81980847,334,55080,54990,TAURANGA,NZ,-37.633333,176.166667,37,38,S,176,10,E,127,76171,S,CN,E,Y,N,N,Y,N,G,C,K,J,2,M,Y, ,Y,N,Y,Y,Y, , , ,Y,Y,Y,Y,Y, ,Y, ,Y,Y,Y, , , , ,Y,Y, ,Y,Y,Y, ,Y,Y, , ,Y,Y,Y, ,Y,Y,Y,Y,Y,Y,Y,B, ,M
14063362.3368836,934700.85968351,335,59380,57960,HINATUAN,PH,8.366667,126.333333,8,22,N,126,20,E,162,92130,V,CN,F, , , ,Y, ,P,M,P, ,4, , , , , , , , , , , , , , , , , ,Y, , , , ,Y, , , ,Y, , , , , , , , , , , , , , , ,Y, , , , , , , , 
13540160.7301552,2080511.20834967,336,58000,57960,APARRI,PH,18.366667,121.633333,18,22,N,121,38,E,162,91151,V,OR,P,N,Y,N,Y,N,O,C, , ,1,M, ,Y,Y,N,Y,Y,Y,Y,Y, ,Y,Y,Y, , ,Y,Y,Y, ,Y, ,Y, , , ,Y, , ,N,Y,Y,N,N,N,N,N,Y, , , , ,Y,N, ,Y, , ,C, ,S
14061507.012037,919701.14726765,337,59385,57960,MANGAGOY,PH,8.233333,126.316667,8,14,N,126,19,E,162,92131,S,CN,G,Y,Y,N,Y, ,L,H,L, ,3,M,Y, ,Y,N,Y,Y, , , , ,Y,Y,Y, , ,Y,Y,N,Y, ,Y, , , , ,Y, , ,N, , ,Y, , ,Y,Y,Y, , , , , ,Y,Y,Y, ,Y,C, , 
13606952.4246311,1568480.80218071,338,58070,57960,HONDAGUA,PH,13.95,122.233333,13,57,N,122,14,E,162,91081,V,OR,F, , , ,Y,Y,E,E,J, ,5,L,Y, , , ,Y,Y,Y, , ,N,N,Y, , , ,Y, , , ,Y,Y, , , , ,Y, , , , ,Y, , , , ,Y, , , , , , ,Y, ,Y, , ,D, ,S
19818580.0108958,-4674036.28447814,339,55110,54990,GISBORNE,NZ,-38.666667,178.033333,38,40,S,178,2,E,127,76162,S,RB,G,N,Y,N,Y,N,K,C,K,K,1,M, ,Y,Y,N,Y,Y,Y, , ,Y,Y,Y, , , , ,Y, ,Y,Y,Y, , , , ,Y,Y, ,Y, ,Y,Y, , , ,Y,Y,Y,Y,Y,Y, ,Y, ,Y, , ,C, ,M
13657046.1954881,1606742.82881343,340,58100,57960,JOSE PANGANIBAN,PH,14.283333,122.683333,14,17,N,122,41,E,162,91080,V,OR,P,Y,Y,N,Y, ,H,L,N,N,2,M,Y, ,Y,N,Y,Y,Y, , ,N,Y,Y, , , ,Y,Y, ,Y, , ,Y, , , ,Y, , ,N,N,N,N,N,N,N,N,Y, , , , , ,Y,Y,Y, , ,D, , 
14050375.0629577,775574.739853933,341,59400,57960,MATI,PH,6.95,126.216667,6,57,N,126,13,E,162,92160,V,OR,E, , , , , ,A,A,M,G,4,L, , , ,N,Y,Y, , , ,N,N, , , , , ,Y, ,Y, ,Y, , , , ,Y, , , , , , , , , , ,Y, , , , ,Y,Y,Y, , , ,C, , 
13831446.7310642,1526456.33602617,342,58130,57960,VIRAC,PH,13.583333,124.25,13,35,N,124,15,E,162,91040,V,CN,G,Y,Y, ,Y, ,L,F,N, ,4,M, , , , , , , , , , , ,Y, , , , ,Y, ,Y, , , , , , ,Y, , , , , , , , , , , , , , , ,Y,N, , , , ,N, , 
13983583.3684817,788659.782083892,343,59430,57960,DAVAO,PH,7.066667,125.616667,7,4,N,125,37,E,162,92153,S,CN,G,Y,Y,N, , ,N,B,K,K,2,L,Y,Y,Y,N,Y,Y, , ,Y, ,Y,Y,Y, , , ,Y, ,Y, ,Y, , , , ,Y,Y, ,Y,Y,Y, , , ,Y, ,Y, , , , ,Y,Y,Y,Y, , ,C,S, 
19694273.2461766,-4791143.3075209,344,55130,54990,NAPIER,NZ,-39.483333,176.916667,39,29,S,176,55,E,127,76161,S,CB,F,N,Y,N,Y,Y,J,C,K,K,1,L,Y, ,Y,N,Y,Y,Y, ,Y, ,Y,Y, , , ,Y,Y,Y,Y,Y,Y, , , , ,Y,Y, ,N,Y,Y, , ,Y,Y, ,Y,Y, , , ,Y,Y,Y, , , ,B, ,M
19456791.6658177,-5054223.52031365,345,55150,54990,WELLINGTON,NZ,-41.283333,174.783333,41,17,S,174,47,E,127,76071/0,L,CN,E,N,N,N, , ,K,H,K,J,3,L,Y,Y,Y,Y,Y,Y,Y, ,Y, ,Y,Y,Y, ,Y,Y,Y, ,Y,Y,Y, , , , ,Y,Y, ,N,Y, , , , , ,Y,Y, , , , ,Y,Y,Y,Y, , ,C, ,S
19484621.538516,-4858679.07377125,346,55180,54990,WANGANUI,NZ,-39.95,175.033333,39,57,S,175,2,E,127,76070,V,RN,G,Y,Y,N,Y,Y,O,G,N,N,2,M, ,Y,Y,N,Y,N,Y, ,Y,N,Y,Y, ,Y, , ,Y,Y,Y,Y,Y, , , , ,Y,Y, ,Y, ,Y, , , ,Y,Y,Y, , , , ,Y,Y,Y,Y,Y,Y,C, , 
19373302.0477227,-4731225.50440403,347,55210,54990,NEW PLYMOUTH,NZ,-39.066667,174.033333,39,4,S,174,2,E,127,76060,S,CB,F,N,Y,N, ,Y,K,A,K,A,10,L,Y,Y,N,N,Y,Y,Y, , ,Y,Y,Y, , ,Y,Y,Y,Y,Y,Y, , , , , ,Y,Y, ,Y, ,Y, , ,Y,Y,Y,Y,Y,N,Y,Y,Y,Y,Y,Y,Y,Y,A,S,S
13773931.6608211,1501654.33990175,348,58150,57960,TABACO,PH,13.366667,123.733333,13,22,N,123,44,E,162,91407,V,OR,P,Y,Y,N,Y, ,M,A,L, ,2,L,N, ,Y,N,Y,Y,Y, ,Y, , ,Y,Y, , ,Y, , ,Y,Y,Y, , , , ,Y, , ,N,Y,Y, , , ,Y,Y,Y, , , , , ,Y,Y,Y, , ,C, ,S
13935344.9224713,682201.275122828,349,59485,57960,GENERAL SANTOS,PH,6.116667,125.183333,6,7,N,125,11,E,162,92170,V,CN,G,N,N,N, , ,N,A,L, ,2,M,Y, ,Y,N,Y,Y,Y, , ,N,Y,Y, , , , ,Y, ,Y, ,Y,Y, , , ,Y,Y, ,N, ,Y, , , , ,Y,Y,Y,N,N,N, ,Y,Y, ,N,N, , , 
19456791.6658177,-4429818.38300524,350,55230,54990,MANUKAU HARBOR,NZ,-36.933333,174.783333,36,56,S,174,47,E,127,76050,M,CN,G, ,Y, , , ,O,N,N,K,3,L, ,Y,Y,Y,Y,N,Y,Y,Y, ,Y,Y, , , , ,Y,Y,Y, ,Y, , , , ,Y,Y, ,Y,Y,Y, , , , ,Y,Y,Y, , , ,Y,Y,Y,Y, , ,B, , 
13775786.9856676,1476874.62010554,351,58170,57960,LEGAZPI PORT,PH,13.15,123.75,13,9,N,123,45,E,162,91407,V,OR,F,N,Y,N,Y, ,H,A,O,K,1,M,N, ,Y,N,Y,Y,Y, , ,N,N, , ,Y, , ,Y, ,Y, ,Y, , , , ,Y,Y, ,N,N,Y,N,N,N,Y,Y,Y, , , , , ,Y,Y, , , ,C, ,S
13827736.0813711,820451.605530464,352,59500,57960,POLLOC (COTABATO),PH,7.35,124.216667,7,21,N,124,13,E,162,92190,V,OR,F, , , , , ,A,A,K, ,5, , , , , ,Y,Y,Y, , ,N,N, , , ,N, ,N,N,Y, , ,Y, , , ,Y,Y, ,N,Y,Y, , ,Y,Y,Y,Y, , , , ,Y,N,N,N, , , , , 
19221165.4103052,-4965745.01185379,353,55270,55260,COLLINGWOOD,NZ,-40.683333,172.666667,40,41,S,172,40,E,127,76080,V,CN,G, , , , , ,P,K,P, ,7, ,Y, , , ,Y,Y,Y, , , ,Y, , , , ,Y, , ,Y, ,Y, , , , ,Y, , , , ,Y, , , , ,Y, , , , , , , ,Y,Y, , ,C, ,S
11952002.6615045,2395853.67589137,354,57710,57510,CAM PHA,VN,21.033333,107.366667,21,2,N,107,22,E,161,93647,V,OR,F,Y,N,N,Y,Y,M,K,K, ,4,M,Y,Y,Y,N,Y,Y,Y, ,Y, ,Y,Y,Y,Y, , ,Y,Y,N, ,Y,Y, , , ,Y, , ,Y,Y,Y, ,Y, , ,Y,Y,Y, , , , ,Y,Y,Y, , ,C,S, 
13740535.8135831,874731.97140972,355,59530,57960,PAGADIAN,PH,7.833333,123.433333,7,50,N,123,26,E,162,92190,V,CN,G, , , ,Y, ,A,A,N, ,5,L,Y, , , , , , , , , , , , , , ,Y, , , , , ,Y, , , ,Y, , , , , , , , , , , , , , , ,Y, , , , , , , , 
19287957.1047812,-5051754.86244379,356,55290,55260,NELSON,NZ,-41.266667,173.266667,41,16,S,173,16,E,127,76083,S,CB,G,Y, , ,Y,Y,M,J,L,L,2,L, ,Y,Y,N,Y,Y,Y, , , ,Y,Y,Y, ,Y,Y,Y,Y,Y,N,Y, , , , ,Y,Y, ,Y,Y,Y, , , , ,Y,Y, , , , ,Y,Y,Y,Y, , ,C,S,M
19371446.7228762,-5054223.52031365,357,55300,55260,PICTON,NZ,-41.283333,174.016667,41,17,S,174,1,E,127,76070,S,RB,G,Y,N,N,Y, ,H,A,N, ,1,L,Y, ,Y,N,Y,Y,Y, ,N,N,Y,Y,Y,Y, , ,Y, ,Y,Y,Y, , , , ,Y,Y, ,N,Y,Y, , , , ,Y,Y, , , , , ,Y,Y, , , ,C, ,S
17827816.4505428,-1017293.33678932,358,57100,56940,TULAGHI,SB,-9.1,160.15,9,6,S,160,9,E,126,82377,V,CN,G,N,N,N,Y, ,A,A,P, ,1,M,Y,Y,N, ,Y, ,Y, , , , , , , , , ,Y,Y, , , ,Y, , , ,Y,N, ,N, , , , , , , ,N,Y,N,Y,Y,N,N,N,N,Y,Y,C, ,S
13710850.6160382,846648.303425378,359,59550,57960,MARGOSATUBIG,PH,7.583333,123.166667,7,35,N,123,10,E,162,92190,V,CN,E, , , ,Y, ,E,A,O, ,5, , , , , , , , , , , , , , , , , ,Y, , , , ,Y, , , ,Y, , , , , , , , , , , , , , , ,Y,Y, , , , , , , 
19226731.3848449,-5403748.49152924,360,55320,55260,PORT LYTTELTON,NZ,-43.6,172.716667,43,36,S,172,43,E,127,76151,V,CB,E,N,N,N,N,Y,J,G,K,H,2,M,Y,Y,Y,Y,Y,Y,Y, ,Y,Y,Y,Y, ,Y, , ,Y,Y,Y,Y,Y, , , , ,Y,Y, , ,Y,Y, , ,Y,Y,Y,Y,Y,Y,Y,Y, ,Y,Y, ,Y,Y,A,M,L
13657046.1954881,869113.906499992,361,59575,57960,SANTA CLARA,PH,7.783333,122.683333,7,47,N,122,41,E,162,92200,V,CN,F, , , , , ,K,H,M,M,0, , , , , , , ,Y, , , , , , , , , , , ,Y, ,Y, , , , ,Y, , , , , , , , , ,Y, , , , , ,Y, , , , , , , , 
17805552.5523841,-1053009.83577636,362,57120,56940,HONIARA,SB,-9.416667,159.95,9,25,S,159,57,E,126,82377,V,OR,G,Y,Y,N,Y, ,L,E,L,J,1,L,Y,Y,Y,N,Y,Y,Y, , , ,Y,Y, , , , ,Y,Y,Y, ,Y,Y, , , ,Y,Y, ,Y, ,Y, , , , ,Y,Y,Y,N,Y,Y, ,Y,Y, ,Y,Y,C, , 
19254561.2575432,-5434543.70848006,363,55330,55260,AKAROA,NZ,-43.8,172.966667,43,48,S,172,58,E,127,76140,V,CN,G,Y,Y, , , ,H,N,P, ,2,M,Y, , ,N,Y, ,Y, , , ,N,Y, , , , ,Y,Y,Y,Y,Y, , , , ,Y,Y, ,N, , , , , , , ,Y, , , , , ,Y, ,Y, , ,C, , 
13588399.1761656,769967.861993187,364,59580,57960,ZAMBOANGA,PH,6.9,122.066667,6,54,N,122,4,E,162,92214,S,OR,G,Y,Y,N,Y, ,A,A,L,N,1,M,N,Y,Y,N,Y,Y,Y, ,Y,N,N,Y,Y, ,Y,Y,Y, ,Y, ,Y, , , , ,Y,Y, ,N,N,N,N, , , , ,Y, , , , , ,Y,Y, ,Y,Y,C,M, 
18608908.2109422,-1748816.98368003,365,57200,57160,LUGANVILLE,VU,-15.516667,167.166667,15,31,S,167,10,E,126,BA1736,S,CN,G,N,N,N,Y, ,H,A,K,L,1,L,Y,Y,Y, ,Y,Y, , , , ,Y, , , ,Y, , , ,Y, , , , , , ,Y, , ,N, ,Y, , , , ,Y, , , , , ,Y,Y,Y,Y, , ,C, , 
19063462.7983481,-5527553.21543586,366,55350,55260,TIMARU,NZ,-44.4,171.25,44,24,S,171,15,E,127,76140/7,S,CB,E,Y,Y,N,Y,N,K,H,L,K,1,M,Y,Y,Y,N,Y,Y,Y, ,Y, ,Y,Y,Y, ,Y,Y,Y, ,Y,Y,Y, , , , ,Y,Y, ,Y, ,Y, , , ,Y,Y,Y,Y, ,Y,Y, ,Y,Y,Y,Y,Y,B, ,S
18736925.6253545,-2006359.14541913,367,57230,57160,PORT VILA,VU,-17.733333,168.316667,17,44,S,168,19,E,126,82571,V,CB,E,N,N,N,Y,Y,J,A,K,P,1,M,Y,Y,Y, ,Y,Y,Y, , , ,Y,Y,Y,Y,Y, ,Y, ,Y, , ,Y, , , ,Y, , ,N, ,Y, , , , ,Y,Y, , , , ,Y,Y,Y, , , ,C, ,S
13788774.2595935,930950.453521843,368,59670,57960,JIMENEZ,PH,8.333333,123.866667,8,20,N,123,52,E,162,92293,V,CN,G, ,Y, ,Y, ,A,B,J, ,3,L, , , , , ,Y,Y, , , ,Y, , , , ,Y, , , , , ,Y, , , ,Y,N, ,N, , , , , , , , , , , , , , ,Y, , , , , , 
18994815.7790256,-5751018.44144875,369,55370,55260,OTAGO HARBOR,NZ,-45.816667,170.633333,45,49,S,170,38,E,127,76140/2,S,RB,G,Y,N,N,Y,Y,G,A,H,N,2,M,Y,Y,Y,N,Y,Y,Y,Y,Y, ,Y, , ,Y, , ,Y, ,Y,Y,Y, , , , ,Y,Y, ,Y,Y, , , , ,Y, ,Y,Y,Y,Y,Y, ,Y,Y,Y,Y,Y,B,S,S
18762900.1732063,-2000516.32161519,370,57245,57160,FORARI BAY,VU,-17.683333,168.55,17,41,S,168,33,E,126,82571,V,OR,F, ,Y, , , , ,C,L, ,0,M, , , , ,Y, ,Y, , , ,Y, , , , , ,Y,Y, , ,Y, , , , ,N, , ,N, , , , , , , , , , , , ,N,N,N,N,N,N, , , 
13786918.9347469,908454.681583213,371,59680,57960,PORT OZAMIS,PH,8.133333,123.85,8,8,N,123,51,E,162,92296,V,OR,E, , , ,Y, ,K,E,N, ,1,M,Y, ,Y, ,Y, ,Y,Y, , ,Y,Y, ,Y,Y,Y,Y,Y,Y, ,Y, , , , ,Y,Y, ,N, , , , , , , ,Y,Y,N,N,N,Y,Y,Y,Y, , ,C, , 
18738780.950201,-5877026.55203769,372,55400,55260,BLUFF HARBOR,NZ,-46.6,168.333333,46,36,S,168,20,E,127,76121,S,CB,E, , , ,Y,Y,H,G, ,J,2,M,Y,Y, , ,Y,Y,Y,Y,Y,Y,Y,Y,Y,Y, , ,Y,Y,Y,Y,Y, ,Y, , ,Y,Y, ,Y,Y,Y, , ,Y,Y, ,Y,Y,Y,Y,Y, ,Y,Y, ,Y,Y,A,S,L
18458626.8983713,-2437646.1294186,373,57275,57260,BAIE DE KOUAOUA,NC,-21.383333,165.816667,21,23,S,165,49,E,126,82684,V,OR,F, , , , ,Y,N,C,L, ,0,M,Y, , , ,Y,Y,Y, , , , ,Y, ,Y,Y, ,Y,Y,Y, ,Y,Y, , , , , , ,Y, , , , , , , , , , , , , , , , , , , , , 
13829591.4062177,919701.14726765,374,59700,57960,ILIGAN,PH,8.233333,124.233333,8,14,N,124,14,E,162,92293,V,OR,F,N,N,N,Y,N,A,A,K, ,2,M,N, ,N,N,Y,Y,Y, ,Y,Y,Y,Y, , ,Y,Y,Y, ,Y, ,Y, , , , ,Y,N, ,N,Y,Y, , ,Y,Y, ,Y, , , , ,N,Y,Y,Y, , ,N, , 
19059752.148655,-5226113.32606555,375,55440,55260,GREYMOUTH,NZ,-42.433333,171.216667,42,26,S,171,13,E,127,76090,V,RN,G,Y, , ,Y, ,P,E,N, ,3,M,Y,Y,Y, ,Y,N,Y,Y,Y,N,N,Y, ,Y, , ,Y,Y,Y,Y,Y, ,Y, , ,Y,Y, ,N, ,Y, , , , ,Y,Y,Y, ,Y, , ,Y, ,Y,Y,Y,C, ,S
19102424.6201257,-5123603.90966161,376,55450,55260,WESTPORT,NZ,-41.75,171.6,41,45,S,171,36,E,127,76090,V,RN,E,Y, , ,Y,Y,O,E,O, ,2,M, , , , ,Y,Y,Y,Y,Y, ,Y,Y, , ,Y,Y,Y, ,Y,Y,Y, , , , ,Y,Y, ,N, ,Y, , , , ,Y,N,Y, ,Y,Y, ,Y,Y,Y, , ,B, , 
11514145.9977176,441920.474384888,377,57410,57400,KUANTAN NEW PORT,MY,3.966667,103.433333,3,58,N,103,26,E,161,93117,S,CB,G,N,N,N,Y, ,H,H,L, ,3,M,Y,Y,N,N,Y,Y,Y, , , ,Y,Y,Y,Y, , ,Y, ,Y, ,Y, , , , ,Y,Y, ,N,Y,Y, , , ,Y,Y, , , , , , ,Y,Y, , , ,N, , 
13877829.8522281,949705.706693813,378,59710,57960,CAGAYAN DE ORO,PH,8.5,124.666667,8,30,N,124,40,E,162,92293,M,CN,G,Y,Y, ,Y, ,A,A,J,N,2,M,Y, ,Y,N,Y,Y,Y, ,Y, ,Y,Y, , ,Y,Y,Y, ,Y, ,Y, ,Y, , ,Y,Y, ,Y,Y,Y, , ,Y,Y,Y,Y, , , , ,Y,Y,Y,N, , ,C,S, 
11517856.6474107,508898.100204234,379,57415,57400,KIRTEH OIL TERMINAL,MY,4.566667,103.466667,4,34,N,103,28,E,161,93117,S,OR,F,Y,Y, ,Y, ,J,B, ,J,0,L,N, , , ,Y,Y,Y, , , ,Y,Y, ,Y, , ,Y, ,Y, ,Y, ,Y, , ,N,N, ,N, ,Y, , , , ,Y, , , , , ,N,N,N,N, , ,N, , 
18696108.4787303,-3384133.94718666,380,55500,55490,KINGSTON,NF,-29.066667,167.95,29,4,S,167,57,E,127,AUS609,V,OR,P,Y,Y, ,Y, ,P,E,P,J,4,M,N, , , ,Y,N,N,N,N,N,N, , ,Y, ,Y,Y,Y,Y, , ,Y, , , ,Y, , , , ,Y, , , , ,Y, , , , , ,Y,N,N,N, , , , , 
13887106.4764609,951581.677819641,381,59720,57960,BUGO,PH,8.516667,124.75,8,31,N,124,45,E,162,92290,V,CN,G, , , , , ,A,A,K,L,3,M,Y, ,Y, , ,Y, , , , , ,Y, , , ,Y,Y, , , ,Y, , , , ,Y, , ,N, , , , , , , ,Y, , , , ,Y,Y, , , , ,C, , 
19753643.6412664,-1990781.89126188,382,55530,55510,LAUTOKA HARBOR,FJ,-17.6,177.45,17,36,S,177,27,E,126,83574/0,V,CB,G,N,N,N,Y,N,K,H,M,J,2,M,Y, ,Y, ,Y,Y,Y, , ,N,Y,Y, ,Y, ,Y,Y, ,Y,Y,Y, , , , ,Y,Y,Y,N, ,Y, , , , ,Y,Y,Y,Y,Y,Y, ,Y,Y,Y, , ,C,S,S
11480750.1504796,596426.605116996,383,57420,57400,KUALA TRENGGANU,MY,5.35,103.133333,5,21,N,103,8,E,161,UK771,V,RB,G,N,N,N,Y, ,N,L, , ,4, , , , ,N, , ,Y, , , , , , , ,Y,Y, , ,Y, , ,Y, , , , , , ,N, ,Y, , , , ,Y, , , , , ,Y,Y, , , , ,D,S, 
13888961.8013074,959086.381173572,384,59725,57960,VILLANUEVA,PH,8.583333,124.766667,8,35,N,124,46,E,162,92290,V,OR,G, , , ,Y, , ,A,A, ,0,M, , , ,N, ,Y,Y, , , ,Y,Y, , ,N, ,Y, , , ,Y,Y, , , ,Y, , , ,Y,Y, , , ,Y, ,Y, , , , , ,Y,Y,Y, , ,N, , 
19861252.4823666,-2053160.89393135,385,55540,55510,SUVA HARBOR,FJ,-18.133333,178.416667,18,8,S,178,25,E,126,83572/0,S,CN,G,N,N,N,N,N,A,E,L,L,2,L,Y,Y,Y, ,Y,Y,Y, , , ,Y,Y,Y,Y, , ,Y, ,Y, ,Y,Y, , , ,Y,Y, ,N, ,Y,Y, , , ,Y,Y, , , , ,Y,Y,Y,Y, , ,C,S, 
11690401.8581403,615063.595379718,386,57425,57400,TAPIS MARINE TERMINAL A,MY,5.516667,105.016667,5,31,N,105,1,E,161,93110,L,OR,N, , , ,Y, ,A, , ,A,0,L, , , , ,Y,Y,Y, , , ,Y, , , , , ,Y,Y, , ,Y, , , , ,N, , ,N, , , , , , , , , , , , ,N,N,N,N,N,N, , , 
13974306.7442489,1000386.09634121,387,59760,57960,BUTUAN CITY,PH,8.95,125.533333,8,57,N,125,32,E,162,BA957,V,RN,E, , , , ,Y,O,P,N, ,3, , , , , , , ,Y, , , , , , , , ,Y, ,Y,Y, , ,Y, , , ,Y, , , , , , , , , , , , , , , ,Y, , ,Y, , ,D, , 
19907635.6035304,-2000516.32161519,388,55550,55510,LEVUKA,FJ,-17.683333,178.833333,17,41,S,178,50,E,126,83570,S,CN,G,N,N,N,Y,N,D,A,L,L,1,M,Y, ,Y,Y,Y,Y,Y, , ,N,Y,Y,Y,Y, ,Y,Y, ,Y, ,Y, , , , ,Y,Y, ,N,N,N,N,N,N,N,N,Y,N,N,N,N, ,Y, ,Y, , ,C, , 
19967005.9986202,-1845290.52007205,389,55556,55510,MALAI,FJ,-16.35,179.366667,16,21,S,179,22,E,126,83590,V,CB,G, , , ,Y, ,K,F,J,J,2, ,Y, , ,Y,Y,Y,Y, ,Y,N,Y,Y, ,Y, , ,Y, ,Y, ,Y,Y, , , ,Y,Y, ,N, , , , , ,Y,Y, , , , , ,Y,N,N, , , ,C, , 
19963295.3489271,-1893680.48970819,390,55560,55510,SAVUSAVU BAY,FJ,-16.766667,179.333333,16,46,S,179,20,E,126,83590,V,OR,F,N,N,N,Y,N,P,A,N, ,1,M,Y, ,Y, ,Y,Y,Y, , , , ,Y, ,Y, ,Y,Y, ,Y, ,Y,Y, , , ,Y,N, ,N, , , , , , , ,Y, , , , ,Y, ,N,N,N,N,D, , 
-19503174.7869815,-2407784.28294578,391,55590,55575,NUKU ALOFA,TO,-21.133333,-175.2,21,8,S,175,12,W,126,83567,V,CN,G,Y,Y,N,N,N,J,A,G, ,1,M,Y, ,Y,N,Y,Y,Y, ,Y,N,N, , ,Y, , ,Y,Y,Y, ,Y, , , , ,Y,Y, ,N, , , , , , , , , , , , , ,Y, ,Y, , ,C, , 
-19408553.2198072,-2249353.17143088,392,55600,55575,PANGAI,TO,-19.8,-174.35,19,48,S,174,21,W,126,83560,V,CN,F,N,N,N,Y,N,N,A,P, ,2,M, , , , ,Y, ,N, , , ,Y, , ,Y, , ,Y, , , , ,Y, , , ,Y,Y, ,N, , , , , , , , , , , , ,Y,Y,Y, , , ,C, , 
13577267.2270863,749414.341985288,393,59770,57960,BASILIAN CITY (ISABELA),PH,6.716667,121.966667,6,43,N,121,58,E,162,92216,V,OR,E, ,Y, ,Y, ,K,G,L,N,1,M,Y, , , , ,N,Y, ,Y, ,Y, , , , , ,Y, ,Y, ,Y, , , , ,Y, , , , ,Y, , , , ,Y,Y, , , , ,Y,Y, , , , ,C, , 
11187608.824724,1545550.2013331,394,57450,57431,BANGKOK,TH,13.75,100.5,13,45,N,100,30,E,161,93240/2,L,RN,G, ,Y,N,Y,Y,L,H,L,L,3,M, ,Y,Y,Y,Y,Y,Y, ,Y,Y,Y,Y,Y,Y, , ,Y,Y,Y,Y,Y, , , , ,Y,Y, ,N,Y,Y, , ,Y,Y,Y,Y,Y,N,Y,Y,Y,Y,Y,Y,N,Y,C,M, 
13566135.2780069,730736.049262639,395,59780,57960,PORT HOLLAND,PH,6.55,121.866667,6,33,N,121,52,E,162,92210,V,CN,G, , , ,Y, ,L,J,L, ,3, , , , , ,Y, ,Y, ,Y, , , , , , ,Y,Y, , , ,Y, , , , ,Y, , ,N, , , , , , , ,Y, , , , ,Y,Y, , , , ,C, , 
11230281.2961948,1473064.30759979,396,57460,57431,SI RACHA TERMINAL,TH,13.116667,100.883333,13,7,N,100,53,E,161,93244,V,OR,P,N,N,N,Y, ,G,B,G,G,2,M,Y,Y,Y,N,Y,Y,Y, , , ,Y,Y,Y,Y, , ,Y,Y,N, , , ,Y, , ,Y,N, ,N,Y,Y, , , ,Y,Y, , , , , ,Y,Y,Y,Y, , ,C, , 
13469658.3859861,674737.947917547,397,59800,57960,JOLO,PH,6.05,121,6,3,N,121,0,E,162,92242,V,OR,G,Y,Y,N,Y, ,A,B,L,N,1,M,N, ,Y,N,Y,Y,Y, ,N,N,N,Y,Y,Y, , ,Y, ,Y, ,Y, , , , ,Y,Y, ,N, , , , , , , ,Y, , , ,Y, ,Y,Y, , , ,N, ,S
11222859.9968085,1478779.97049229,398,57470,57431,KO SI CHANG TERMINAL,TH,13.166667,100.816667,13,10,N,100,49,E,161,93244,V,OR,F,N,N,N,Y,Y,A,F,J,F,1,M,Y,N,N,N,Y,Y,Y, ,Y, ,Y, ,Y,Y,Y,Y,Y, ,Y, ,Y,Y,Y, , ,Y, , ,N, , , , , , , , ,Y, , ,Y, ,Y,Y, ,Y,Y,C, , 
13449249.812674,618791.61670222,399,59820,57960,SIASI,PH,5.55,120.816667,5,33,N,120,49,E,162,92240,V,CN,P, , , ,Y, ,K,G,O, ,4, , , , , , , , , , , , , , , , ,Y, , , , , , , , , ,Y, , , , , , , , , , , , , , , ,Y,Y, , , , ,D, , 
13280415.2516375,3009405.79978153,400,59860,59850,FUZHOU,CN,26.083333,119.3,26,5,N,119,18,E,157,94004,V,RN,G, , , ,Y,N,J,J,J,J,3,M, ,Y, , ,Y,Y,Y, ,Y, ,Y,Y, ,Y, , ,Y, ,Y,Y,Y,Y, , , ,Y, , , ,Y, ,Y, ,Y,Y,Y,Y, , , , ,Y,Y,Y, ,Y, ,C, , 
15757273.9217879,4943750.21599007,401,61280,61100,HACHINOHE KO,JP,40.533333,141.55,40,32,N,141,33,E,158,97041,V,CB,G,Y,Y,N,N,Y,G,M,H, ,1,M,Y,Y,Y,N,Y,N,Y, , , ,Y,Y, ,Y,Y,Y,Y,Y,Y,Y,Y, , , , ,Y, , ,Y,Y,Y, , , ,Y,Y,Y, , , , ,Y,Y,Y, ,Y,Y,C,S,M
1231935.69811223,4232038.46239887,402,45400,45360,MAHDIA,TN,35.5,11.066667,35,30,N,11,4,E,131,52170,V,CN,P, , , ,Y, ,N,N,O, ,0, ,N, , , ,Y, , , , , , , , , , , ,Y, , , , ,Y, , , , , , , , , , , , , , ,Y, , , , ,N,N,N,N,N,N,D, , 
1185552.57694836,4277712.46307691,403,45410,45360,SOUSSE,TN,35.833333,10.65,35,50,N,10,39,E,131,52172,S,CB,E,N,N,N,Y, ,J,M,L,L,1,M,N,Y,Y,N,Y,Y,Y, ,N,N,Y,Y, ,Y,Y, ,Y,Y,Y,Y,Y, , , , ,Y,Y, ,N,Y,Y, , , ,Y,Y,Y,Y, , ,Y, ,Y,Y,Y, , ,B, ,M
3855365.03114037,4411265.91026269,404,44860,44360,MERSIN,TR,36.8,34.633333,36,48,N,34,38,E,132,54441,M,CB,F,N,Y,N,Y,Y,J,O,O,L,1,M,Y,Y,Y,N,Y,Y,Y, ,Y, ,Y,Y,Y,Y, , ,Y, ,Y,Y,Y,Y, , , ,Y,Y, ,N,Y,Y, , , ,Y,Y,Y, , , , ,Y,Y,Y,Y, , ,C, ,L
4000080.36917163,4422857.41057666,405,44870,44360,BOTAS,TR,36.883333,35.933333,36,53,N,35,56,E,132,54481,V,OR,P,N,N,N,Y, , , ,A,A,0,L,Y, ,Y,N,Y,Y,Y, , ,Y,Y,Y,Y,Y, , ,Y, , , , , ,Y, , , ,Y, , , , , , , , , , , , , , ,Y,Y,N,N,N,N,N, , 
15805512.3677983,4812801.46832787,406,61290,61100,MIYAKO,JP,39.633333,141.983333,39,38,N,141,59,E,158,97060,S,CB,F,Y,Y,N, , ,F,G,J, ,1,M,Y,Y,Y,N,Y,N,Y, , , ,Y,Y, ,Y, , , ,Y,N,Y,Y, , , , ,Y,N, ,Y,Y, , , , , ,Y,Y,Y,N,Y,Y, ,Y,Y, ,Y,N,C, ,S
4026054.91702339,4383497.64094478,407,44880,44360,ISKENDERUN,TR,36.6,36.166667,36,36,N,36,10,E,132,54481,V,CB,F,N,N,N,Y, ,J,N,H,J,1,M,Y,Y,Y,N,Y,Y,Y, ,Y, ,Y,Y,Y,Y, , ,Y, ,N,Y,Y,Y, , , ,Y,Y, ,Y,Y,Y,Y, ,Y,Y,Y,Y, , , , ,Y,Y,Y,Y, , ,C, ,M
15796235.7435655,4759941.58621193,408,61310,61100,KAMAISHI KO,JP,39.266667,141.9,39,16,N,141,54,E,158,97043,S,CN,F, , , , , ,A,A,J,L,1,M,Y,Y,Y,N,Y,N,Y, ,Y,N,Y,Y, ,Y, , ,Y,Y, ,Y,Y, , , , ,Y, , ,Y,Y,Y,Y, , , ,Y,Y,Y, , , ,N,Y, ,Y, , ,C, ,M
15777682.4951,4728836.17627514,409,61320,61100,OFUNATO,JP,39.05,141.733333,39,3,N,141,44,E,158,97063,V,CN,G,N,N,N,Y,Y,G,E,H,L,1,M,Y,Y,Y,N,Y,N,Y,Y,Y, ,Y,Y,Y, , , ,Y,Y, ,Y,Y, , , , ,Y, , , ,N,Y,N,N,Y,N,N,Y,Y, , , ,Y,Y, ,Y,Y,Y,C,S,S
4426805.08387918,-585246.857806469,410,47020,46965,CHAKE CHAKE,TZ,-5.25,39.766667,5,15,S,39,46,E,171,61200,S,CN,F, , , , , ,G,H, , ,0,M, , , , , ,N,Y, , , ,N, , ,Y, , , , ,Y, , ,Y, , , ,Y, , , , , , , , , , , , , , , ,N,N,N,N,N,N, , , 
4436081.70811195,-453079.835443047,411,47100,47090,MOMBASA,KE,-4.066667,39.85,4,4,S,39,51,E,171,61211,M,CT,G,N,Y,N,Y, ,G,M,K,N,3,M,Y,Y,Y,N,Y,Y,Y, ,Y,Y,Y, ,Y,Y,Y, ,Y,Y,Y,Y,Y,Y, , , ,Y,Y,N,N,Y,Y, , , ,Y,Y,Y,N,N,Y,Y,Y,Y,Y,Y,Y,Y,B,L,L
15762839.8963275,4702590.67230193,412,61325,61100,KESENNUMA KO,JP,38.866667,141.6,38,52,N,141,36,E,158,97063,V,CN,G, , ,N, ,Y,N,L,M,N,3,M,Y, ,Y, ,Y,N,Y, ,Y, ,Y,Y, ,Y, , ,Y,Y, ,Y, , , , , , , , ,Y, , , , , , , ,Y, , , , , ,Y,Y, , , ,C, ,S
3710649.69310912,4211547.05690441,413,44900,44890,KYRENIA,CY,35.35,33.333333,35,21,N,33,20,E,132,54464,V,CB,F,N,N,N,Y, ,L,A,L, ,0,M,Y, ,Y,N,Y,Y,Y, , , ,Y,Y,Y,Y,Y, ,Y, ,Y, ,Y,Y, , , ,Y,Y, ,Y,N,N,N,N,N,N,Y,Y, , , , ,Y,Y,Y,Y, , ,C,S, 
3654989.94771248,4182015.40636637,414,44910,44890,XEROS,CY,35.133333,32.833333,35,8,N,32,50,E,132,54464,V,OR,F,N,N,N,Y, ,A,B,P,K,0,L,Y,Y,Y,N,Y, ,Y,Y,Y, ,Y,Y, ,Y, , ,Y, , , , , ,Y, , ,Y,Y, ,N,Y, , , , , ,Y,Y, , , , ,Y,N,N,N, , ,C, , 
4437937.03295851,-404732.164984557,415,47105,47090,KILIFI,KE,-3.633333,39.866667,3,38,S,39,52,E,171,61210,V,OR,P, , , ,Y,Y,O,G,K, ,1,M, , , , ,Y,Y, , , , , , , , , , , , , , , , , , , ,Y, , ,N, , , , , , , , , , , , ,N,N,N,N,N,N, , , 
15746141.9727085,4643192.21964251,416,61330,61100,ONAGAWA,JP,38.45,141.45,38,27,N,141,27,E,158,97062/5,V,CB,G, , , , ,N,G,D,L, ,4, ,Y, , , , , , , , , , , , , ,Y,Y, , , ,Y,Y, , , , ,Y, , , , , , , , , , , , , , , , , , , , , , , ,S
4467622.23050338,-358265.945503927,417,47107,47090,MALINDI,KE,-3.216667,40.133333,3,13,S,40,8,E,171,61210,S,CN,F, ,Y, , , , ,J, , ,1,M,Y, , , ,Y, , , , , , , , , , , ,Y, ,Y, , ,Y, , , ,Y, , , , , , , , , , , , , , , , , ,Y,Y, , , , , 
3679109.17071769,4118674.23677268,418,44950,44890,LIMASSOL,CY,34.666667,33.05,34,40,N,33,3,E,132,54463,S,CB,F,Y,N,N,Y, ,G,A,G,E,1,M,Y,Y,Y,N,Y,N,Y, , ,Y,Y,Y,Y, ,Y, ,Y, ,Y, , ,Y,Y, , ,Y,Y, ,Y,Y,Y,Y, , ,Y, ,Y, , , , ,Y,Y,Y,Y, , ,C, , 
4985257.8626921,191127.056828803,419,47150,47120,MARKA,SO,1.716667,44.783333,1,43,N,44,47,E,171,61240,V,OR,F,Y, , ,Y, ,A,B,P, ,3, ,N, , , ,Y, ,N, , , ,N, , , ,Y,Y, , , , , ,Y, , , ,Y, , , , ,Y, , , , ,Y, , , , , ,Y,Y,N,N,N,N, , , 
15731299.3739361,4636087.52713946,420,61340,61100,ISHINOMAKI KO,JP,38.4,141.316667,38,24,N,141,19,E,158,97064/2,V,CN,F, , , ,Y,Y,H,G,J, ,2, ,Y,Y,Y, ,Y,N,Y, ,Y, ,Y,Y, ,Y, , ,Y,Y,Y,Y,Y,Y, , , ,Y, , ,Y,Y,Y, , , ,Y, ,Y, , , , ,Y,Y,Y, , , ,C, ,S
3745900.86519366,4152562.23561206,421,44960,44890,LARNACA,CY,34.916667,33.65,34,55,N,33,39,E,132,54462,S,CB,F,Y,Y,N,Y,N,H,D,J,H,1,M,N,Y,Y,N,Y,N,Y, ,Y,Y,Y,Y,Y, ,Y, ,Y, ,Y, , ,Y, , , ,Y,Y, ,N,Y,Y, , , ,Y, ,Y, , ,Y,Y,Y,Y,Y,Y,Y,Y,C, , 
3753322.16457987,4159352.19935812,422,44965,44890,DHEKELIA,CY,34.966667,33.716667,34,58,N,33,43,E,132,54462,V,OR,P,N,N,N,Y, ,K,A,M,H,0,M,Y, ,Y,N,Y,Y,Y,Y, ,N,Y,Y,Y, ,Y,Y,Y, ,Y, , , , , , ,Y,N, ,N, , , , , , , , , , ,Y,Y,Y,Y,Y,Y, , ,N, , 
5048338.90747496,226397.157929887,423,47160,47120,MUQDISHO,SO,2.033333,45.35,2,2,N,45,21,E,171,61240,L,CB,F, ,Y, ,Y, ,J,H,K,J,3,L,Y, ,Y,Y,Y,Y,Y, , ,Y,Y,Y, ,Y,N, ,Y, ,Y, , ,Y, , , ,Y, , ,N, ,Y, , , ,Y,Y,Y,Y, , , ,Y,Y,Y,N,N,N,N, , 
15699758.8515447,4624257.2833319,424,61350,61100,SENDAI-SHIOGAMA,JP,38.316667,141.033333,38,19,N,141,2,E,158,97082,S,CN,F,N,Y,N,Y, ,F,C,G,E,1,L,N,Y,Y,N,Y,N,Y, ,Y, ,Y,Y, ,Y, , ,Y,Y,Y,Y,Y,Y, , , ,Y, , ,Y, , , , , , , ,Y,Y,Y,Y,Y,Y,Y, ,Y,Y,Y,A,S, 
4870227.72220572,-1376071.92210791,425,47310,47295,FOMBONI,KM,-12.266667,43.75,12,16,S,43,45,E,171,61311,V,OR,F, ,Y, ,Y, ,A,E,F, ,2,M,Y, ,Y,N,Y, ,N, , , ,N, , , , , ,Y, ,Y, , ,Y, , , ,Y, , , ,N,N,N, , , , , , , , , , , , , , , ,N, , 
3777441.38758508,4179747.00227817,426,44970,44890,FAMAGUSTA,CY,35.116667,33.933333,35,7,N,33,56,E,132,54464,S,CB,F,Y,Y,N,Y, ,K,E,K, ,0,M,Y, ,Y,N,Y,Y,Y,Y,Y, ,Y,Y,Y, ,Y,Y,Y, ,Y, ,Y,Y, , , ,Y,Y, ,Y,Y,Y,Y, ,Y,Y,Y,Y, , , , ,Y,Y,N,N,Y,Y,C,M,S
15684916.2527722,4429818.38300524,427,61355,61100,ONAHAMA KO,JP,36.933333,140.9,36,56,N,140,54,E,158,97104,S,CB,G,Y,Y,N,Y, ,D,A,J,H,1,L,Y,Y,Y,N,Y,N,Y, ,Y, ,Y,Y, ,Y, , ,Y, , , ,Y, , , , ,Y, , ,Y,Y,Y, , , ,Y,Y,Y,Y, , , , ,Y,N,Y, , ,C, ,M
4942585.39122135,-1362784.14460676,428,47320,47295,MOUTSAMOUDU,KM,-12.15,44.4,12,9,S,44,24,E,171,61311,V,OR,F, , , ,Y, ,K,A,L,J,2,M, , ,Y,N,Y,Y, , , , ,Y, , ,Y,Y, , , ,Y, , ,Y, , , ,Y,Y, ,Y,N,N,N, , , , ,Y, , , , ,Y,Y,N,N, , ,N, , 
3992659.06978541,4150299.8337326,429,45003,45000,TARTUS,SY,34.9,35.866667,34,54,N,35,52,E,132,56048,S,CB,F,N,N,N,Y, ,G,G,H,B,0,M,Y,Y,Y,N,Y,Y, , , , ,Y, , ,Y, , ,Y, , , ,Y,N,N,N,N,Y, , ,N,Y,Y,Y, ,Y,Y,Y,Y, , , , ,N,Y,Y, , , ,C,M,M
5154092.42372857,-1771934.28630655,430,47400,47350,MAHAJANGA,MG,-15.716667,46.3,15,43,S,46,18,E,171,61434,V,CN,F,N,N,N,Y, ,K,M,L,K,4,L,Y,Y,Y,N,Y, ,Y, ,Y, ,Y,Y,Y, , ,Y,Y, ,Y, , ,Y, , , ,Y, , ,N,Y,Y, , , ,Y,Y,Y,Y, , , ,N,Y,N,Y, , ,C, , 
15655231.0552274,4369640.51064983,431,61356,61100,HITACHI,JP,36.5,140.633333,36,30,N,140,38,E,158,97100,V,RB,F, , , ,Y, ,L, ,M,M,1,L,Y, , , ,Y,N,Y, , , ,Y,Y, ,Y, , , ,Y, , , , , , , , , , ,Y,Y,Y, ,Y, ,Y,Y,Y, , , , , ,Y,Y,Y,Y,Y,C, , 
4001935.69401819,4188823.40639841,432,45005,45000,BANIYAS,SY,35.183333,35.95,35,11,N,35,57,E,132,56041,L,CB,F,N,N,N,Y, , ,G, ,F,0,M,Y, ,Y,N,Y,Y,Y,Y,Y, ,Y,Y, , , , ,Y, ,Y, , ,Y,Y, , ,Y, , ,N,Y, , , , , ,Y, ,N,N,N,N,Y,Y,Y,Y, , ,C, , 
2000040.18458581,-3899729.24214017,433,46750,46725,SALDANHA BAY,ZA,-33.033333,17.966667,33,2,S,17,58,E,123,57471/2,M,CB,F,N,Y,N,Y,Y,A,F,B,A,2,L,Y,Y,Y,Y,Y,Y,Y, , ,Y,Y,Y, , ,Y, ,Y,Y, ,Y,Y,Y, , , ,Y,Y, ,N,Y,Y, , , , ,Y,Y,Y,N,N,N,Y,Y,Y,Y,N,N,C, ,M
2050133.95544279,-4017617.8766537,434,46770,46725,CAPE TOWN,ZA,-33.916667,18.416667,33,55,S,18,25,E,123,57484,L,CB,G,Y,N,N,Y,Y,F,A,H,H,1,L,Y,Y,Y,Y,Y,Y,Y, ,Y,Y,Y,Y,Y,Y,Y,Y,Y,Y,Y,Y,Y,Y, , , ,Y,Y, ,N,Y,Y,Y,Y,Y, ,Y,Y,Y,Y,Y,Y,Y,Y,Y,Y,Y,Y,A,L,L
15662652.3546136,4291452.01465978,435,61357,61100,KASHIMA KO,JP,35.933333,140.7,35,56,N,140,42,E,158,97108,S,RB,E, , , ,Y,Y,D,B,E,D,0,M,Y, ,Y,N,Y,N,Y,Y, , ,Y,Y, ,Y,N,N,Y,Y,Y,Y,Y,Y, , , ,Y, , ,Y,Y, , , , , , ,Y, , , , , ,Y,Y, , , ,C,S, 
3981527.12070608,4236597.29950394,436,45010,45000,AL LADHIQIYAH,SY,35.533333,35.766667,35,32,N,35,46,E,132,56048,M,CB,F,N,N,N,Y,Y,G,G,H,J,0,M,Y, ,Y,N,Y,Y,Y, , ,N,Y,Y,Y,Y, , ,Y, ,Y,Y,Y,Y, , , ,Y,Y, ,N,Y,Y,Y, ,Y,Y,Y,Y, , , , ,Y,Y,Y,Y,Y,Y,C,L,M
3988948.4200923,4089387.27494218,437,45025,45020,TARABULUS,LB,34.45,35.833333,34,27,N,35,50,E,132,56042,M,CB,G,N,Y,N,Y, ,J,H,E,C,1,M,Y,Y,Y,N,Y,Y,Y,Y,Y,N,Y,Y,Y, ,Y,Y,Y,Y, ,Y,Y, ,Y, , ,Y, , ,N, , ,Y, , ,Y,Y,Y, , , , ,Y,Y,Y,Y,Y,Y,B, ,S
3935143.99954222,3961860.21744575,438,45040,45020,SAYDA,LB,33.5,35.35,33,30,N,35,21,E,132,56044,V,OR,F,N,Y,N,Y, ,M,J,K, ,0,L,Y, ,Y,N,Y,Y,Y, , , , ,Y,N, ,Y, ,Y, ,Y,Y,Y,Y, , , ,Y,Y, ,Y,N,N,N,N,N,N, , , , , , , ,Y,Y,Y, , ,C, ,S
15679350.2782326,4263990.2167747,439,61360,61100,CHOSHI,JP,35.733333,140.85,35,44,N,140,51,E,158,97101/0,V,RN,F, , , ,Y, ,N,O,O, ,2,L,Y, , , , , , , , , ,Y, , , , , ,Y, , ,Y, ,Y, , , ,Y, , , ,Y, , , , , ,Y,Y,Y, , , ,Y,Y, , , , , , , 
15562464.8128996,4163881.14406429,440,61370,61100,TATEYAMA KO,JP,35,139.8,35,0,N,139,48,E,158,97120,V,CN,F, , , , , ,E,E,O, ,1, ,Y, , , , , , , , , , , , , , ,Y, , ,Y,Y, ,Y, , , ,Y, , , , , , , , , , , , , , , ,Y,Y,Y, , , , , ,S
788513.059785688,525650.973176382,441,46207,46120,OKRIKA,NG,4.716667,7.083333,4,43,N,7,5,E,123,57142,V,RN,F,Y,Y, ,Y, ,L,H, ,L,5,L, , , , ,Y,Y, , ,Y, ,Y,Y, ,Y, , ,Y,Y, , ,Y, , , , ,N, , ,Y, , , , , , , , , , , , ,Y,Y,Y, , , ,D, , 
3857220.35598693,3739269.26385839,442,45100,45060,ASHDOD,IL,31.816667,34.65,31,49,N,34,39,E,132,56067,S,CB,F,N,N,N,Y, , ,A,F,F,0,M,N,N,Y,N,Y,Y,Y, ,Y, ,Y,Y,Y, , , ,Y, ,Y,Y,Y,Y,Y, , ,Y,Y, ,Y,Y,Y, , ,Y,Y,Y,Y, , ,Y,Y,Y,Y,Y, , , ,B, ,M
779236.435552915,531236.062663228,443,46210,46120,PORT HARCOURT,NG,4.766667,7,4,46,N,7,0,E,123,57142,V,RN,F,Y,N,N,Y, ,L,F,L,L,2,L, , , , ,Y,Y,Y, ,Y,N,Y,Y, ,Y,Y, ,Y,Y,Y,Y,Y,Y, , , ,Y, , ,Y,Y,Y,Y, , , ,Y,Y,Y, , , ,Y,Y,Y,Y,N,N,B, ,M
2669812.45419201,3774254.3997542,444,45220,45200,MERSA TOBRUQ,LY,32.083333,23.983333,32,5,N,23,59,E,132,56161,S,CB,G,N,Y,N,Y, ,E,A,L, ,1,M,N, ,Y,N,Y,Y,Y, ,Y, ,Y, , , ,Y,N, , ,Y, ,Y,Y, , , ,Y,Y, ,Y, ,Y, , , , ,Y,Y,Y, , , ,Y,Y,Y,Y, , , , ,S
927662.42327728,469821.484281728,445,46225,46120,ANTAN OIL TERMINAL,NG,4.216667,8.333333,4,13,N,8,20,E,123,57160,S,OR,P, ,Y, ,Y, ,A,A, ,A,2,L,Y,Y, , ,Y,Y,Y, , ,N,N,Y, ,Y,Y, ,Y,Y, , , ,Y, , , ,Y,N, ,Y, , , , , , , ,Y, , , , ,N,N,N, , , ,N, , 
15571741.4371324,4213821.99711229,446,61372,61100,KISARAZU KO,JP,35.366667,139.883333,35,22,N,139,53,E,158,97141,V,CB,F,N,N,N,Y,Y,E,G,K, ,2,M, , ,Y,N,Y,Y,Y, , ,Y,Y,Y,Y,Y,Y,N,Y,Y, , ,Y,Y, , , ,Y,N, ,N, ,Y,Y, , ,Y,Y,Y, , , , ,Y,Y,Y, ,N,N,C,M,S
925807.098430725,553580.528083744,447,46230,46120,CALABAR,NG,4.966667,8.316667,4,58,N,8,19,E,123,57164,V,RN,E,Y,N,N,Y, ,L,B,L,L,2,L,Y, , , ,Y,Y,Y, , , ,Y, , , ,Y,Y,Y,Y,Y, ,Y,Y, , , ,Y,Y, ,N,Y,Y, , , ,Y,Y,Y,Y, , , ,N,Y,Y,N,Y,Y,C,S, 
2521386.46646765,3864373.66276605,448,45240,45200,DARNAH,LY,32.766667,22.65,32,46,N,22,39,E,132,56160,V,CB,F,N,N,N,Y, ,K,F,K, ,1,M,Y, ,Y,N,Y,Y, , ,N, ,Y, , ,Y,Y, ,Y, , , , ,Y, , , ,Y, , ,N, ,Y, , , , ,Y,Y,Y, , , ,Y,Y,Y, , , ,N, ,S
15592150.0104445,4243439.10839097,449,61375,61100,CHIBA KO,JP,35.583333,140.066667,35,35,N,140,4,E,158,97151,S,CB,G,N,N,N,Y, ,E,A,F,C,2,M,Y, ,Y,N,Y,Y,Y, ,Y,N,Y,Y,Y,Y,Y, ,Y,Y,Y,Y,Y, , , , ,Y, , ,Y,Y,Y,Y,Y,Y, , ,Y,Y, , , ,Y,Y,Y,Y, , ,A,L,S
2231955.79040514,3778634.70168355,450,45280,45200,BANGHAZI,LY,32.116667,20.05,32,7,N,20,3,E,132,56182,M,CB,G,N,N,N,Y, ,H,A,M,M,1,L,Y,Y,N,Y,Y,Y, , ,Y, ,Y,Y, ,Y,Y,N,Y,N,Y,Y,Y,Y, , , ,Y, , ,N, ,Y,Y,Y,Y,Y,Y,Y,Y, , , , ,Y,Y,Y,Y,Y,B,S,S
1077943.7358482,451219.846693367,451,46280,46250,DOUALA,CM,4.05,9.683333,4,3,N,9,41,E,123,57161,M,RN,G,N,N,N,Y, ,L,J,H,H,3,L,Y, ,Y,Y,Y,Y,Y, ,Y, ,Y,Y,Y, ,Y, ,Y,Y,Y,Y,Y,Y, , , ,Y,Y, ,Y, , ,Y,Y, , ,Y,Y,Y,Y,Y,Y,Y,Y,Y,Y,Y,Y,A,L,L
15582873.3862117,4254851.62450995,452,61378,61100,KATSUNAN KO,JP,35.666667,139.983333,35,40,N,139,59,E,158,97157,S,CB,G, , , ,Y, ,J,H,J,K,9,L, , ,Y,N,Y,Y,Y, , , ,Y, , , , , ,Y,Y, ,Y,Y,Y, , , ,Y, , , , , , , , , , , , , , , ,Y,Y, , , , , , ,S
951781.646282489,473542.285488954,453,46285,46250,KOLE OIL TERMINAL,CM,4.25,8.55,4,15,N,8,33,E,123,57160,V,OR,P,N,Y,N,Y,N, ,A, ,A,2,M,Y,Y, ,Y,Y,Y,N, , ,N,Y,Y,Y,Y, , ,Y,Y,Y, ,Y, ,Y, , ,Y,N, ,N, , , , , , , ,Y, , , , ,N,N,N, , , ,B, , 
2231955.79040514,3613284.07154915,454,45290,45200,EZ ZUEITINA,LY,30.85,20.05,30,51,N,20,3,E,132,56191,V,OR,N,N,Y,N,Y,N,D,A, ,L,0,L,Y,Y,Y,N,Y,Y, , ,Y, ,Y,Y, , ,Y,N,Y,N,Y, , ,Y, , , ,Y,N, ,N, , , , , , , , , , , , ,Y,N,N,N,N,N,D, , 
2181862.01954816,3557221.68462297,455,45295,45200,AL BURAYQAH,LY,30.416667,19.6,30,25,N,19,36,E,132,56192,S,CB,F,N,N,N,Y, , ,A,J,A,1,M,Y,Y,Y,N,Y,Y,Y, ,Y,N,Y,Y, , ,Y,N,Y,N,Y, ,Y,Y,Y, , ,Y, , ,N, ,Y,Y, ,Y,Y, ,Y,Y, ,N,N,N,N,N,N,N,N,N, , 
2066831.87906178,3570136.91583197,456,45296,45200,RAS   LANUF,LY,30.516667,18.566667,30,31,N,18,34,E,132,56195,V,OR,N,N,N,N,Y, ,F,A, ,A,0,M,Y, ,Y,N,Y,Y, , ,Y, ,Y,Y, ,Y, , ,Y,Y,Y, , ,Y, , , ,Y, , ,N, , , , , , , , , , , , ,N,N,N,N,N,N,N, , 
4181902.20413398,5955686.81689844,457,44010,43620,MARIUPOL,UA,47.083333,37.566667,47,5,N,37,34,E,BA24,55127,S,CB,G,Y,N,Y,Y,N,M,N,M, ,0,L,Y, ,Y,Y,Y,Y,Y,Y,Y,Y,Y,Y,Y,Y, , ,Y,Y,Y,Y,Y,Y, , , ,Y,Y, ,Y,Y,Y,Y,Y, ,Y,Y,Y, , ,Y,Y,Y,Y,Y, ,Y,Y,B,S,L
6514045.53625306,2708791.40768979,458,48255,48225,MINA AL FAHL,OM,23.633333,58.516667,23,38,N,58,31,E,172,62343,S,OR,P,N,N,N,Y,N, ,B, ,A,2,M,Y,Y, ,Y,Y,Y,Y,Y, , ,Y,Y, , ,Y, ,Y,Y, , , ,Y,Y, , ,Y,Y, ,Y, , , , , , , , , , , , ,Y,Y,Y,Y,Y,N,N, , 
2044567.98090312,3585221.49182691,459,45297,45200,AS SIDR,LY,30.633333,18.366667,30,38,N,18,22,E,132,56195,V,OR,P,N,N,N,Y,Y,A,A, ,A,1,L,Y, ,Y, ,Y,Y,Y, ,Y,N,N, , , , , ,Y,N,Y, , ,Y, , , ,Y,N, ,N,N,N,N, , , , , , , , , ,N,N,N,N,N,N,D, , 
6270997.98135441,2896229.79446711,460,48262,48260,FUJAYRAH HARBOR,AE,25.166667,56.333333,25,10,N,56,20,E,172,62366,S,CB,F,Y, ,N,Y,Y,G,A,G,E,3,L,Y,Y, , ,Y,Y,Y, , , ,Y,Y,Y, ,Y, ,Y,Y,Y, ,Y,Y,Y, , ,Y,Y, ,Y, ,Y,Y, , ,Y,Y, , , , ,Y,Y,Y,Y,Y, , ,C, , 
1087220.36008097,207833.152530107,461,46305,46300,BATA,GQ,1.866667,9.766667,1,52,N,9,46,E,123,57170,V,OR,P, ,Y, ,Y, ,J,J,G,J,2,L,Y, , , ,Y, ,Y, , , ,Y, , , , ,Y, , ,Y, ,Y,Y, , , ,Y, , ,N,Y,Y, , , , ,Y,Y,Y,Y, , ,N,Y,N,N,N,N,D, , 
15558754.1632065,4232038.46239887,462,61385,61100,KAWASAKI KO,JP,35.5,139.766667,35,30,N,139,46,E,158,97150/1,L,CB,G,N,N,N,Y,Y,J,E,G,A,4,M,Y, ,Y,N,Y,Y,Y,Y, ,N,Y,Y, ,Y,Y, ,Y,Y, ,Y,Y, ,Y, , ,Y, , ,Y,Y, , , , , ,Y,Y,Y,Y,Y,Y,Y,Y,Y,Y,Y, ,A,M,M
4335894.16639801,5974780.48214599,463,44060,44030,TAGANROG,RU,47.2,38.95,47,12,N,38,57,E,BA24,BA2234,V,CB,F,N,N,Y,Y,N,O,O,O, ,0,M, , ,Y,N,Y,Y,Y, ,Y, ,Y,Y,Y, , , ,Y, , ,Y,Y,Y, , , ,Y, , ,N,Y, ,Y, , ,Y, ,Y, , , , ,Y,Y, , ,Y,Y,C, , 
1693911.58490431,3811538.14679853,464,45320,45200,MISRATAH,LY,32.366667,15.216667,32,22,N,15,13,E,132,56220,V,OR,F,N,N,N, , ,H,H,J,J,1,L,N,Y,Y,N,Y,Y, , , , ,Y, , , , , ,Y,N,N, , ,Y, , , ,Y, , ,N,Y,Y,Y,Y,Y,Y, ,Y, , , , , ,Y,Y,N,N,N,C,M, 
15549477.5389738,4227481.5167145,465,61390,61100,YOKOHAMA KO,JP,35.466667,139.683333,35,28,N,139,41,E,158,97149,L,CB,G,Y,N,N,Y,Y,A,E,F,C,2,M,Y,Y,Y,Y,Y,Y,Y, , , ,Y,Y, ,Y,Y,Y,Y,Y,Y,Y,Y,Y, , , ,Y,Y, ,Y, , ,Y,Y,Y,Y,Y,Y,Y,Y,Y,Y,Y,Y,Y,Y,Y,Y,A,L,S
4421239.10933952,5969320.87181904,466,44070,44030,ROSTOV-NA-DONU,RU,47.166667,39.716667,47,10,N,39,43,E,BA24,BA2234,S,RB,G,N,N,Y,Y,Y,P,O,O, ,4,M, ,Y,Y,N,Y, ,Y, ,Y,N,Y, , , , , ,Y, , ,Y,Y,Y, , , ,Y, , ,N,Y,Y, , , ,Y,Y, , , , , ,Y,Y,Y,Y,Y,Y,C,S, 
1051969.18799644,42672.7898240238,467,46430,46410,LIBREVILLE,GA,0.383333,9.45,0,23,N,9,27,E,123,57182,M,OR,G,Y,Y,N,Y, ,P,L,P, ,2, ,Y, , ,Y,Y,Y,N, ,Y, ,Y, , ,Y, , ,Y, ,Y,Y, ,Y, , , ,Y, , ,N,Y,Y, , , ,Y,Y,Y,Y, , , ,Y,Y,Y,N,N,N,C, , 
6276563.95589408,2918795.85122995,468,48263,48260,KHAWR FAKKAN,AE,25.35,56.383333,25,21,N,56,23,E,172,62366,M,CN,F,N,N,N,N,N,H,A,F, ,3,L,Y, ,N,N,Y,Y,Y, ,Y,Y,Y,Y, , ,Y,Y,Y,Y,Y, ,Y,Y, , , ,Y,Y, ,Y, ,Y, , ,Y,Y,Y,Y,Y, , ,Y,Y,Y,Y,Y, , ,B, , 
15818499.6417242,6574258.34550982,469,61020,60840,MYS ROGATYY OKTYABRSKIY,RU,50.733333,142.1,50,44,N,142,6,E,155,96400,V,OR,P, , ,Y, , ,H,J,N, ,0, ,N, , , , , , , ,Y, , , , , , , , , , , , ,Y, , , ,Y, , , , , , , , , , , , , , , ,Y, , , , , ,D, , 
6239457.45896298,2997016.85183576,470,48264,48260,MINA SAQR,AE,25.983333,56.05,25,59,N,56,3,E,172,62392,V,CB,F,N,N,N,N, ,J,C,J, ,2,M,Y, ,Y,N,Y,Y,Y, , , ,Y,Y, , ,Y, ,Y, ,Y, , , , , , ,Y,Y, ,N,Y,Y, , , ,Y,Y,Y, , , ,Y, ,Y,Y,Y, , ,B, , 
1057535.1625361,31540.6509409183,471,46435,46410,PORT OWENDO,GA,0.283333,9.5,0,17,N,9,30,E,123,57182,S,OR,G, , , ,Y, ,J,K,J, ,2,L,Y, , , ,Y,Y,Y, , , ,Y, , , ,Y, ,Y, ,Y,Y,Y,Y, , , ,Y, , , ,Y,Y, , , ,Y, ,Y, , , , ,N,Y,Y,N, , ,C, ,S
4389698.58694809,5958411.9199898,472,44080,44030,AZOV,RU,47.1,39.433333,47,6,N,39,26,E,BA24,BA2234,V,RN,G,N,N,Y,Y,Y,P,O,O, ,0,M, , ,N,N,Y,Y,Y, , ,N,Y, , ,Y,Y,Y, , , ,Y,Y, , , , ,Y, , ,N, ,Y, , ,Y,Y,Y, , , , , ,Y,Y,Y,Y,Y,Y,C, ,M
6057635.62400064,2947565.84451667,473,48265,48260,FATEH OIL TERMINAL,AE,25.583333,54.416667,25,35,N,54,25,E,172,62498,V,OR,P,N,N,N,Y, ,A,A, ,A,2,L,Y,Y, , ,Y,Y,Y, , ,N, , ,Y, , ,Y,Y,Y,N, , ,Y,Y, , ,N,N, ,N, , , , , , ,Y, , , , , ,N,N,N,N,N,N,N, , 
979611.518980808,-77925.5821410694,474,46440,46410,PORT GENTIL,GA,-0.7,8.8,0,42,S,8,48,E,123,57201,M,CN,E,N,N,N,Y, ,G,H,K,H,2,L,Y, , ,N,Y,Y,Y,Y, ,N,Y, , , ,Y, ,Y, ,Y,Y,Y,Y,Y, , ,Y, , ,N,Y,Y,Y, , , ,Y,Y, , , , ,Y,Y,Y,Y,Y,N,N, , 
14402886.783803,4307503.47776433,475,60410,60315,POHANG,KR,36.05,129.383333,36,3,N,129,23,E,157,95167,S,OR,G,N,Y,N,Y, ,E,A,D,M,1,L,Y, ,Y, ,Y,Y,Y, , , ,Y,Y, ,Y,Y, ,Y, ,Y,Y,Y,Y, , , ,Y,Y, ,Y, ,Y, , , ,Y,Y,Y, , , , ,Y,Y,Y, , , ,C, , 
4259825.84768927,5898655.39066796,476,44090,44030,YEYSK,RU,46.733333,38.266667,46,44,N,38,16,E,BA24,BA2234,V,CB,G,N,N,Y,Y, ,O,O,O,O,0,M, , ,N,N,Y,Y,Y, ,Y,Y,Y, , , ,Y,Y,Y, , ,Y,Y, , , , ,Y, , ,N,Y,Y,Y, ,Y, ,Y,Y, , , , ,Y, ,N,N,N,N,C, , 
970334.894748035,-70503.7799394918,477,46445,46410,CAP LOPEZ,GA,-0.633333,8.716667,0,38,S,8,43,E,123,57201,V,OR,F,Y,Y,N,Y, ,A,A, ,A,2,L,Y, ,Y,N,Y,Y,Y, , ,Y,Y, , , ,Y, ,Y, , , ,Y, , , , , ,N,Y,N, , , , , , , , , , , , , ,Y,Y,Y,Y,Y,C, , 
5957448.08228669,2806301.27086315,478,48268,48260,MUBARRAZ OIL TERMINAL,AE,24.433333,53.516667,24,26,N,53,31,E,172,62407,S,OR,F, , , ,Y,Y,G,F, ,F,2,L,N,Y, , ,Y,Y,Y,Y,Y, ,N,Y,Y,Y, , ,Y, ,N, ,Y,Y, , , ,N,N, ,N, , , , , , , , , , , ,Y,N,N,N,Y,Y, ,B,M, 
14373201.5862582,4518389.91672743,479,60430,60315,MUKHO,KR,37.566667,129.116667,37,34,N,129,7,E,157,95162,V,CB,F,Y,N,N,Y, ,L,A,L, ,1,M, , ,Y,N,Y,Y,Y, , , ,Y,Y, ,Y, , ,Y, , , ,Y, , , , ,Y, , ,Y, ,Y, , , ,Y,Y,Y,N,N,N,N,Y,Y,Y, , , ,D, ,M
4157782.98112877,5676791.15121187,480,44140,44030,TEMRYUK,RU,45.35,37.35,45,21,N,37,21,E,BA24,55200,V,RN,F,N,Y,Y,Y,Y,O,P,O, ,0,M, , ,N,N,Y,Y,Y, , , ,Y, , , , , ,Y, , ,Y, , , , , ,Y,Y, ,N,Y,Y, , ,Y,Y,Y, , , , , ,Y,Y,Y,Y, , ,C, , 
6176376.41418013,2933173.87278022,481,48274,48260,AL HAMRIYAH LPG TERMINAL,AE,25.466667,55.483333,25,28,N,55,29,E,172,62512,S,CB,G, , , ,Y, ,G,F,G,G,1,L, ,Y, ,N,Y,Y,Y,Y,Y,Y,Y,Y,Y,Y, , ,Y,Y, , ,Y, , , , ,Y,N, ,N, , , , , , , , , , , , ,N,N,N,N, , ,N, , 
992598.792906689,-163286.420141648,482,46446,46410,OGUENDJO TERMINAL,GA,-1.466667,8.916667,1,28,S,8,55,E,123,57200,S,OR,P, , , ,Y, ,B,A, ,A,0,L, ,Y, , ,Y,Y, , , ,Y,Y, ,Y,Y,Y,Y,Y,Y, , ,Y, , , , ,N,N, ,N, , , , , , , ,Y, , , , ,N,N,N,N, , ,N, , 
14315686.516015,4607717.759142,483,60435,60315,SOKCH'O HANG,KR,38.2,128.6,38,12,N,128,36,E,157,95169,V,CB,E, , , ,Y, ,L,L,L, ,0, , ,Y, , , , ,N, , , ,N, , ,Y, , , , ,Y, , ,Y, , , , , , , , , , , , , , , , , , , , ,Y, , , , ,A, , 
6155967.84086803,2908534.32882817,484,48275,48260,DUBAYY,AE,25.266667,55.3,25,16,N,55,18,E,172,62446,S,CB,G,N,N,N,Y, ,H,E,H,J,2,L,N,Y,Y,Y,Y,Y,Y,Y,Y,Y,Y,Y,Y,Y,Y,Y,Y,Y,Y,Y,Y,Y, , , ,Y,Y, ,N,Y,Y, ,Y, ,Y,Y,Y, , , , ,Y,Y,Y,Y,Y,Y,A,L, 
1113194.90793274,-315533.851264297,485,46453,46410,GAMBA OIL TERMINAL,GA,-2.833333,10,2,50,S,10,0,E,123,57220,V,OR,P,Y,Y,N,Y, ,A,A, ,B,2,L,Y,Y,Y,N,Y,Y,Y, ,Y,Y,Y, , ,Y,Y,Y,Y, ,Y, , ,Y,Y, , ,N,N, ,N, , , , , , , , , , , , ,N,N,N,N,N,N,N, , 
4154072.33143566,5603173.36864072,486,44180,44030,ANAPA,RU,44.883333,37.316667,44,53,N,37,19,E,BA24,55200,V,OR,F,N,N,Y,Y, ,P,J,O, ,0,M, , ,N,N,Y,Y,Y, , , ,Y, ,Y,Y, , ,Y, ,Y,Y, , ,Y, , ,Y,Y, ,N,Y,Y, , , ,Y,Y, , , , , ,Y,Y, , , , ,N, ,S
14187669.1016027,4745573.33841097,487,60440,60438,WONSAN,KP,39.166667,127.45,39,10,N,127,27,E,157,95202,S,CN,G, , ,Y,Y, ,J,M,N, ,0,L,Y, ,Y, ,Y, ,Y, , , , , , , ,Y,Y, , , , ,Y, , , , ,Y, , , , ,Y,Y, , ,Y,Y, , , , , , ,Y, , , , ,C, ,M
6128137.96816971,2877791.88770133,488,48276,48260,MINA JABAL ALI,AE,25.016667,55.05,25,1,N,55,3,E,172,62464,L,CB,F, , , ,Y, ,F,B,J,G,1,L,N,Y,Y,Y,Y,Y,Y, , ,Y,Y,Y,Y,Y,Y, ,Y,Y,Y, ,Y,Y, , , ,Y,Y, ,N, , , , , , , ,Y, , ,Y,Y,Y,Y,Y,Y,N,N,A, , 
5885090.41327106,2894180.0208017,489,48277,48260,JAZIRAT DAS,AE,25.15,52.866667,25,9,N,52,52,E,172,62449,V,OR,F, , , ,Y, ,B,A, ,A,2,M,N,N,Y,N,Y,Y,Y, , ,Y,Y,Y,Y,Y,N, ,Y,Y, , ,Y,Y,Y, , ,Y,N, ,N, , , , ,Y,Y,Y,Y, , , , ,N,N,N,N, , ,N, , 
1317280.64105374,-533097.849264346,490,46470,46455,POINTE NOIRE,CG,-4.783333,11.833333,4,47,S,11,50,E,123,57241,S,CB,G,N,N,N,Y, ,J,G,H,K,1,L,Y, ,Y,N,Y,Y,Y, ,Y,N,Y,Y, ,Y,Y, ,Y, ,Y,Y,Y,Y, , , ,Y,Y, ,N,Y, ,N, ,N,Y,Y,Y,Y, , ,Y,Y,Y,Y,Y,Y,Y,B,S,L
4206021.42713919,5577026.19690347,491,44200,44030,NOVOROSSIYSK,RU,44.716667,37.783333,44,43,N,37,47,E,BA24,55128,L,CB,G,N,N,N,Y, ,H,J,K,A,1,M,Y, ,Y,N,Y,Y,Y, ,Y,Y,Y, ,Y,Y,Y,Y,Y, , ,Y,Y,Y,Y, , ,Y,Y, ,Y,Y,Y,Y,Y,Y,Y,Y,Y,Y, , ,Y,Y,Y,Y,Y,Y,Y,A,M,L
14206222.3500683,4841752.20969444,492,60450,60438,HUNGNAM,KP,39.833333,127.616667,39,50,N,127,37,E,157,95203,S,CB,F, , , , , ,G,O,M, ,1,M,Y, , , , ,Y,Y, , , ,Y, , , ,Y,Y, , ,Y,Y,Y,Y, , , ,Y,Y, , , ,Y, , , , ,Y,Y,Y, , , ,Y,Y, , , , ,C, ,M
6048358.99976786,2814454.73230977,493,48278,48260,ABU ZABY,AE,24.5,54.333333,24,30,N,54,20,E,172,62463,M,CB,G,Y,N,N,Y, ,G,C,H,H,2,L, ,Y,Y,N,Y,Y,Y, ,Y, ,Y,Y, ,Y, ,N,Y,Y,Y,Y,Y,Y, , , ,Y,Y, ,Y, ,Y, ,Y,Y,Y,Y,Y, , , , ,Y,Y,Y,Y,N,Y,B,M, 
14321252.4905546,4895048.44056167,494,60470,60438,CH'AHO,KP,40.2,128.65,40,12,N,128,39,E,157,95200,V,CB,F, , ,Y, , ,L,L,K, ,1, ,Y, , , , , , , , , , , , , , , , , , ,Y, ,Y, , , ,Y, , , , , , , , , , , , , , , ,Y,Y,N, , , , , ,S
4348881.44032389,5480930.4774991,495,44230,44030,TUAPSE,RU,44.1,39.066667,44,6,N,39,4,E,BA24,55133,S,CB,G,N,N,N,Y, ,H,H,M,K,1,M,Y, ,N,N,Y,Y,Y, ,Y,N,Y,Y, ,Y,Y, ,Y,Y, ,Y,Y, ,Y, , ,Y,Y, ,N, , , , , , , , ,Y,Y,Y,Y,Y,Y,Y,Y,Y,Y,A, ,S
6065056.92338686,2808339.23164637,496,48279,48260,UMM AN NAR,AE,24.45,54.483333,24,27,N,54,29,E,172,62444,V,RN,G,Y, , ,Y,Y,J, ,L, ,1,M,N,N,Y, ,Y,Y,Y, , , ,Y,Y,Y, , , ,Y,Y, , ,Y,Y, , , , , , ,N,Y, , , ,Y, , , , , , , ,N,N,N,N,N,N,N, , 
5866537.16480552,2777797.98711139,497,48282,48260,JABAL AZ ZANNAH/RUWAYS,AE,24.2,52.7,24,12,N,52,42,E,172,62404,M,CB,F,N,N,N,Y, ,G,F,J,D,5,L,Y,Y,Y,N,Y,Y,Y, , ,N,Y,Y,Y,Y,Y, ,Y,Y,Y, ,Y,Y, , , ,N,N, ,N, , , , , , , ,N,N,N,N,N,Y,Y,Y,Y,N,N,N, , 
4423094.43418607,5401186.85105685,498,44240,44030,SOCHI,RU,43.583333,39.733333,43,35,N,39,44,E,BA24,55170,V,CB,F,N,Y,N,Y, ,K,J,M,N,2,M,Y,Y,N, ,Y,Y,Y, , ,Y,Y,Y,Y,Y,Y,Y,Y, ,Y, ,Y, , , , ,Y,Y, ,N, ,Y, , , , ,Y, , , , , ,Y,Y, ,Y, , ,N, , 
5740375.07523981,2865512.46782354,499,48287,48285,UMM SAID,QA,24.916667,51.566667,24,55,N,51,34,E,172,62402,S,OR,F,Y,N,N,Y, ,H,J,G,H,2,M,Y,Y,Y,Y,Y,Y,Y,Y,Y,Y,Y,Y,Y, , , ,Y,Y,Y,Y,Y,Y,Y, , ,Y,N, ,N, ,Y, , ,Y,Y,Y,N,N,N,N,N,Y,Y,Y,Y,N,N,C, ,S
5736664.4255467,2910586.06895436,500,48290,48285,DOHA,QA,25.283333,51.533333,25,17,N,51,32,E,172,62409,S,CN,F, , , ,Y,Y,J,J,M, ,2,M,Y, ,Y,Y,Y,Y,Y, ,Y, ,Y,Y,Y, ,Y,Y,Y,Y,Y,Y,Y,Y, , , ,Y,Y, ,N, ,Y, ,Y,Y,Y,Y,Y,N,N,Y,Y,Y,Y,Y,Y,N,N,B, , 
5834996.64241409,2959912.98935009,501,48295,48285,JAZIRAT HALUL,QA,25.683333,52.416667,25,41,N,52,25,E,172,62409,V,OR,F,N,N,N,Y, ,A,B,O,A,1,L,Y,Y,Y,Y,Y,Y,Y, ,Y,N,Y,Y,Y, ,Y, ,Y,Y, , , ,Y, , , ,Y,N, ,N, , , , , , , ,Y, , ,N,N,N,N,N,Y,N,N,N, , 
4445358.33234472,5378163.92273972,502,44270,44030,ADLER,RU,43.433333,39.933333,43,26,N,39,56,E,BA24,55170,V,OR,P,N,N,N,Y, ,A,K,O, ,0,M, , ,N,N,Y,Y,Y,Y, ,N,N, , , , , ,Y, , ,Y, , , , , ,Y, , ,N, , , , , , , , , , , , ,Y,Y,Y, , , , , , 
5640187.53352586,3019738.0099999,503,48320,48305,SITRAH,BH,26.166667,50.666667,26,10,N,50,40,E,172,62413,M,OR,F,Y,N,N,Y,Y,G,G,G,G,2,M,Y,Y,Y, ,Y,Y,Y, ,Y,Y,Y,Y,Y, , ,Y,Y,Y,Y,Y,Y,Y, , , ,Y,Y, ,N,Y,Y,Y, , , ,Y, , , , ,Y,Y,Y,Y,Y,Y,Y,C,L, 
-19367736.073183,-2113772.10707912,504,55610,55575,NEIAFU,TO,-18.65,-173.983333,18,39,S,173,59,W,126,83555,V,CN,G,N,N,N,Y,N,N,A,L, ,1,M,Y,Y, , ,Y,Y,Y, , ,N,Y, , ,Y, , ,Y, ,Y, ,Y,Y,Y, , ,Y,Y, ,Y,N,N,N, , , , , , , , , ,Y,Y,Y, , , , , , 
5636476.88383275,3023872.96042916,505,48325,48305,MINA SALMAN,BH,26.2,50.633333,26,12,N,50,38,E,172,62453,M,CN,F,Y,N,N,Y,N,G,G,G, ,2,M, ,Y,Y,Y,Y,Y,Y, ,Y, ,Y,Y,Y, ,Y, ,Y,Y,Y,Y,Y, , , , ,Y, , ,Y,Y,Y,Y,Y,Y,Y,Y,Y, , ,Y,Y,Y,Y,Y,Y,Y,Y,B,L,M
19941031.4507684,-951581.677819642,506,55617,55615,FUNAFUTI ATOLL,TV,-8.516667,179.133333,8,31,S,179,8,E,126,83094,V,CN,G,Y,Y,N,Y,N,N,H,N,L,4,M,Y, ,Y,N,Y,Y,Y,Y,Y,N,N,Y, , , , ,Y, ,Y, ,Y, ,Y, , ,Y,Y, ,N, ,Y, , , , ,Y,Y, , , , , ,Y, ,Y, , ,C, , 
5588238.43782233,3061141.03888603,507,48335,48330,DAMMAM,SA,26.5,50.2,26,30,N,50,12,E,172,62416,S,CB,F,N,N,N,N, ,G,G,H, ,2,L,Y,Y,N,Y,Y,Y,Y, ,Y,Y,Y,Y,Y, , , ,Y,Y,Y,Y, , ,Y, , ,Y,Y, ,Y,Y,Y,Y,Y, , ,Y,Y,Y,Y,Y,Y,Y,Y,Y,Y,Y,Y,B,L,M
15336115.18162,-3897516.39364458,508,54325,53290,PORT BONYTHON,AU,-33.016667,137.766667,33,1,S,137,46,E,175,75142,S,OR,P, , , ,Y, ,J,F, ,E,2,M,Y, ,Y, ,Y,Y,Y, ,Y,Y,Y,Y,Y, , , ,Y,Y,Y,Y,Y, , , , ,Y,N, ,N, , , , , , , , , , , , , ,N,N,N, , ,C, , 
11627320.8133574,102047.220043022,509,50040,50020,TANJUNGPINANG,ID,0.916667,104.45,0,55,N,104,27,E,174,71243,V,OR,F,Y,N,N,Y,N,P,O,B, ,1,M,Y, , , ,Y,Y,Y, , , , ,Y,Y,Y, , ,Y,Y, , , , , , , ,Y, , ,N, ,Y, , , , ,Y,Y, , , , ,N,Y,N,N, , ,C,S, 
5528868.04273259,3133887.01127107,510,48338,48330,AL JUBAYL,SA,27.083333,49.666667,27,5,N,49,40,E,172,62429,V,CB,F,N,N,N,Y,N,G,K,F,A,1,M,Y,Y,N, ,Y,Y,Y,Y,Y,Y,Y,Y,Y,Y,Y, ,Y,Y,Y,Y,Y,Y,Y, , ,Y,Y, ,Y,Y,Y,Y,Y,Y,Y,Y,Y, , , , ,Y,Y,Y,Y, , ,C,M,M
15122752.8242662,-4125443.62774585,511,54350,53290,PORT LINCOLN,AU,-34.716667,135.85,34,43,S,135,51,E,175,75119,M,CB,E,N,N,N,Y, ,G,B,G,L,1,M,N, ,Y,N,Y,Y,Y, ,Y, ,Y,Y, ,Y,Y,Y,Y, ,Y,Y,Y, , , , ,Y,Y, ,Y, ,Y, , , ,Y,Y,Y, , , , , ,Y,Y, , , , , ,S
3664266.57194525,5796388.79736468,512,43710,43620,SKADOVS'K,UA,46.1,32.916667,46,6,N,32,55,E,BA24,BA2232,V,CB,F,N,N,Y,Y, ,O,O,N, ,0,M,Y,N, , ,Y,Y, , , , , , , , , , , , , , ,Y, , , , ,Y, , ,N, , , , , , , , , , , , , ,Y, , , , , , , 
14877849.944521,-3785208.15523111,513,54410,53290,THEVENARD,AU,-32.166667,133.65,32,10,S,133,39,E,175,75111,S,CN,F,N,N,N,Y,Y,L,M,K, ,1,M,Y, ,N,N,Y,Y,Y, ,N, ,Y,Y,Y, ,N, ,Y,Y,Y, ,Y, , , , ,Y,Y, ,N, , , , , , , ,Y,Y,N,N,N,Y,Y,Y,Y,N,N,C, , 
5584527.78812922,3077735.80836835,514,48340,48330,RAS  TANNURAH,SA,26.633333,50.166667,26,38,N,50,10,E,172,62416,M,OR,F,N,N,N,Y, ,F,A,G,A,2,L,N,Y,Y,Y,Y,Y,Y,Y,Y,N,Y,Y, , , ,Y,Y,Y,Y, ,Y,Y, , , ,Y,N, ,N, ,Y,Y,Y,Y, ,Y, , , , , ,Y,N,Y,N, , ,C, , 
3705083.71856946,5793713.51668036,515,43720,43620,KHORLY,UA,46.083333,33.283333,46,5,N,33,17,E,BA24,BA2232,V,CN,F,N,N,Y,Y, ,M,L,N, ,0,M, , ,Y,N,Y,Y,Y, , , , , , , , , ,Y, , , ,Y, , , , ,Y, , ,N, , , , , , , , , , , , ,Y,Y,Y, , , , , , 
11644018.7369764,94625.0381803228,516,50045,50020,KIJANG,ID,0.85,104.6,0,51,N,104,36,E,174,71243,V,RN,G,N,N,N,Y,N,K,A,K, ,0,L,N, ,Y,N,Y,Y,Y, , , ,Y,Y,Y, , , ,Y,Y,Y, ,Y, ,Y, , ,Y, , , , , , , , , , ,Y, , , , ,N,N,N,N,N,N,C, , 
13569845.9277,-4010912.63734518,517,54450,53290,ESPERANCE,AU,-33.866667,121.9,33,52,S,121,54,E,175,74346,V,CB,G,N,Y,N,Y, ,D,A,D,G,1,M,Y, ,Y,N,Y,Y,Y, , ,N,Y,Y,Y,Y, , ,Y,Y,Y,Y,Y, , , , ,Y,Y, ,N, ,Y, , , , ,Y,Y,Y, , , ,N,Y, ,Y,N,N,C, ,S
5569685.18935679,3115145.0962325,518,48343,48330,JU AYMAH OIL TERMINAL,SA,26.933333,50.033333,26,56,N,50,2,E,172,62415,S,OR,F,N,N,N,Y, ,C,A, ,A,2,L, , ,Y,Y,Y,Y,Y,Y,Y,Y,Y,Y, , , , ,Y,Y,Y, , ,Y,Y, , ,Y, , ,N, ,Y, , , , , , , , , , ,Y,N,Y,Y, , ,C, , 
2721761.54989554,4399687.01535857,519,43030,42870,MILOS,GR,36.716667,24.45,36,43,N,24,27,E,132,54327,V,CN,G,N,N,N, , ,B,E,O, ,0,M,Y,N,N,N,Y, ,N, , ,N,Y,Y, ,Y, , ,Y,Y, , ,Y,Y, , , ,Y,N, ,N, , , , , , , ,Y, , , , ,Y,Y, , , , ,N, , 
11566095.0934211,129881.714788438,520,50060,50020,PULAU SAMBU,ID,1.166667,103.9,1,10,N,103,54,E,174,71239,S,CN,F,Y,Y,N,Y,N,F,F, ,J,2,L, , ,Y,N,Y,Y,N, , , ,Y, ,Y,Y, ,Y,Y,Y,Y, ,Y,Y, , , , , , , , , , , , , , , , , , , , , , , , , ,N, , 
5387863.35439444,3341748.9275647,521,48356,48350,MINA AZ ZAWR,KW,28.733333,48.4,28,44,N,48,24,E,172,62515,V,OR,F,Y,N,N,Y, , ,C, ,D,3,M,Y, ,Y,N,Y,Y,Y, ,Y,Y,Y,Y,Y, , , ,Y,Y,Y, , ,Y, , , ,Y,N, ,N, , , , , , , , , , , , ,Y,Y,Y,N,N, ,D, , 
13122712.6396804,-4168411.93407661,522,54470,53290,ALBANY,AU,-35.033333,117.883333,35,2,S,117,53,E,175,75051,S,CN,E,Y,N,N,Y, ,J,K,J,K,1,M, ,Y,Y,N,Y,Y,Y, ,Y,N,Y,Y,Y,Y,Y,Y,Y, ,Y,Y,Y,Y, , , ,Y,Y, ,N, , , , , , , ,Y,Y, , , , ,Y, ,Y,Y,Y,C, ,M
2692076.35235067,4229759.75332358,523,43100,43080,SOUDHA,GR,35.483333,24.183333,35,29,N,24,11,E,132,54324,M,CN,G,N,N,N,Y,N,G,A,M, ,0,L,Y,Y,Y,Y,Y,N,Y,Y,Y, , ,Y, , , , ,Y,Y,Y, ,Y,Y, , , ,Y,Y, ,Y, ,Y, , ,Y,Y,Y,Y, , , , ,Y,Y, ,Y, , ,C, , 
11640308.0872833,-55660.4518654215,524,50100,50020,DABO,ID,-0.5,104.566667,0,30,S,104,34,E,174,71230,V,OR,P,Y,Y,N,Y,N,P,O,P, ,0,M,Y, , , , ,N,N,N,N, ,Y, , , , , ,Y, ,Y,Y, ,Y, , , ,Y, , ,N, ,Y, , , , ,Y,Y, , , , ,Y,Y, ,Y, , ,C, ,S
5361888.80654268,3379889.30580989,525,48357,48350,MINA ASH SHUAYBAH,KW,29.033333,48.166667,29,2,N,48,10,E,172,62572,M,OR,F,Y,Y,N,Y, ,G,D,G,F,3,M,Y,Y,Y,N,Y,Y,Y, , ,Y,Y,Y, , ,N,Y,Y,Y,Y, , ,Y,Y, , ,Y,Y, ,Y,Y,Y, , , ,Y,Y,Y, , , , , ,Y,Y,Y, , ,B, , 
5361888.80654268,3377767.4991989,526,48360,48350,MINA ABD ALLAH,KW,29.016667,48.166667,29,1,N,48,10,E,172,62432,S,OR,F,Y,Y,N,Y, ,G,E, ,E,3,M,Y, ,Y,Y,Y,Y,Y,Y,Y,N,Y,Y, , ,Y, ,Y,Y,Y, , ,Y,Y, , ,N,N, ,N, , , , , , , ,N,N,N,N,N,Y,N,Y,Y,N,N,N, , 
11849959.794944,-335969.056583928,527,50120,50020,TOBOALI,ID,-3.016667,106.45,3,1,S,106,27,E,163,71220,V,OR,P,Y,Y,N,Y,N,M,M,P, ,10,M, , , , , , , , , , ,Y, , , , , , , , , , ,Y, , , ,Y, , ,N, , , , , , , , , , , , , , , , , , , , , 
2799685.19345083,4211547.05690441,528,43130,43080,IRAKLION,GR,35.35,25.15,35,21,N,25,9,E,132,54314,M,CB,G,N,N,N,Y, ,L,A,L,K,1,M, , ,Y,N,Y,Y, , ,Y,Y,Y,Y, , , , ,Y,Y,Y, ,Y,Y,Y, , ,Y,Y, ,N,Y,Y, ,Y,Y,Y,Y,Y,Y, , ,Y,Y,Y,N,Y, , ,C, ,S
11707099.7817593,-230110.184045862,529,50140,50020,MUNTOK,ID,-2.066667,105.166667,2,4,S,105,10,E,163,71220,V,CN,F,N,N,N,N, ,Q,B,Q, ,9,M,Y, , ,N,Y,N,N,N, , ,Y, ,Y,Y, ,Y,Y,N,Y,N,Y,Y, , , ,Y, , ,N, , , , , , , ,Y, , , , ,N,N,N,N,N,N,N, , 
2909149.35939755,4193364.40005214,530,43150,43080,SITIA,GR,35.216667,26.133333,35,13,N,26,8,E,132,54400,V,CN,F,N,N,N,Y, ,L,J,O, ,0,M, , , , , , , , , , , , , , ,Y,Y, , , , ,Y,Y, , , , , , ,N, , , , , , , , , , , , , , , , , , , , , 
2764434.02136629,4154825.09692396,531,43165,43080,KALI LIMENES,GR,34.933333,24.833333,34,56,N,24,50,E,132,54322,V,CN,F,Y,N,N,Y, ,H, , ,G,1,L,Y, ,Y,N,Y,Y,Y, , ,N,Y,Y, ,Y, , ,Y,Y,Y, , , , , , , ,N, ,Y, , , , , , , , , , , , , ,Y,Y,Y,N,N,N, , 
12872243.7853955,-3937411.99384116,532,54500,53290,BUNBURY,AU,-33.316667,115.633333,33,19,S,115,38,E,175,74589,S,CB,E,N,N,N,Y,Y,H,G,J, ,1,M, , ,Y,N,Y,Y,Y, , , ,Y,Y,Y, ,Y, ,Y, ,Y,Y,Y, , , , ,Y,Y, ,Y, ,Y, , ,Y, , ,Y,Y, , , ,Y,Y,Y, ,Y,Y,C, ,S
12885231.0593214,-3769875.69508189,533,54520,53290,FREMANTLE,AU,-32.05,115.75,32,3,S,115,45,E,175,74582,L,CB,G,N,N,N,Y,Y,H,G,H,K,1,M,Y,Y,Y,Y,Y,Y,Y, ,Y, ,Y,Y, ,Y, , ,Y, ,Y,Y,Y, , , , ,Y,Y, ,Y,Y,Y,Y,Y,Y,Y,Y,Y,Y,Y,Y,Y,Y,Y,Y,Y,Y,Y,A,M,M
14703449.4089449,4150299.8337326,534,61730,61100,HAMADA,JP,34.9,132.083333,34,54,N,132,5,E,159,95320,V,CB,F, , , , , ,L,H,H, ,2,M, , ,Y, ,Y,N,Y, , ,N,Y,Y, ,Y, , ,N,Y,Y, , ,Y, , , ,Y, , , ,N,N,N, , , ,Y,Y, , , , , ,Y,Y,Y, , ,C,S, 
3142920.29006342,4362718.6577539,535,43210,43180,RODHOS,GR,36.45,28.233333,36,27,N,28,14,E,132,54416/7,S,CB,F,N,Y,N,Y, ,K,F,J,N,0,M,Y, ,Y,N,Y,Y,Y, ,Y, ,Y,Y,Y, , , ,Y,Y,Y, ,Y,Y, , , ,Y,Y, ,N, ,Y, , , , ,Y,Y, , , , ,Y,Y,Y,Y, , ,C, ,S
11814708.6228594,-235679.869772808,536,50210,50020,PANGKALPINANG,ID,-2.116667,106.133333,2,7,S,106,8,E,163,71420,V,OR,G,Y,N,N,Y,Y,P, , , ,3,M,Y, ,Y,N,Y,N,Y, , , ,Y,Y,Y, , ,Y, ,Y,Y, ,Y,Y, , , ,Y,Y, ,N, ,Y, , , , ,Y,Y, , , , , , ,Y, , , ,C, , 
12757213.6449092,-3348098.01980881,537,54540,53290,GERALDTON,AU,-28.783333,114.6,28,47,S,114,36,E,175,74560,V,CB,G,Y,Y,N,Y,Y,G,J,H,K,1,M,Y,Y,Y,N,Y,Y,Y, ,Y,Y,Y,Y,Y, , , ,Y, ,Y,Y,Y, , , , ,Y,Y, , ,Y, , , , , ,Y,Y,Y,N,N,Y, ,Y, ,Y,N,N,C, ,S
14833322.1482037,4238877.4283125,538,61750,61100,SAKAI KO,JP,35.55,133.25,35,33,N,133,15,E,159,95300,S,CB,F,N,N,N,Y,Y,G,G,H,L,2,L,Y, ,Y,N,Y,Y,Y, ,N, ,Y,Y, ,Y,Y,Y,Y, ,Y,Y,Y, , , , ,Y, , ,Y,Y, , , , , ,Y,Y, , ,Y,Y,Y,Y,Y,Y,Y,Y,B,M, 
3037166.77380981,4425177.22786509,539,43250,43180,LIMIN KOS,GR,36.9,27.283333,36,54,N,27,17,E,132,54419/8,V,OR,P,N,N,N,Y, ,N,J,O, ,0,M,Y, ,Y,N,Y, ,N, ,Y, ,N,Y, , , , ,Y,Y,Y, ,Y,Y, , , ,Y, , ,N,N,N,N,N,N,N,N, , , , , ,Y,Y, , , , ,C, ,L
12710830.5237453,-2489528.05777161,540,54575,53290,POINT MURAT,AU,-21.816667,114.183333,21,49,S,114,11,E,175,74521,V,OR,P, , , ,Y,Y,J,L,J,K,2,L,Y, ,Y,N,Y,N,Y, ,Y,N,N, ,Y, ,N, ,Y, ,Y, ,Y, , , , ,Y,Y, ,N, ,Y, , ,Y, ,Y,Y, , , , , ,Y,N,Y,Y, ,C, , 
11825840.5719388,-613199.663349971,541,50350,50020,CINTA OIL TERMINAL,ID,-5.5,106.233333,5,30,S,106,14,E,163,71180,V,OR,P,N,N,N,Y, ,A,A, ,A,0,M,Y,Y,Y,N,Y,Y,Y, ,Y,N,Y,Y,Y, , , ,Y,Y,Y,Y,Y,Y, , , ,Y,N, ,N, , , , , , , , , , , , ,N,N,N,N,N,N,D, , 
15050395.1552506,4236597.29950394,542,61790,61100,MIYAZU,JP,35.533333,135.2,35,32,N,135,12,E,159,95280/5,M,CN,F, , , ,Y, ,K,G,N, ,1,L,Y, ,Y, ,Y,N,Y, ,Y, ,Y,Y, ,Y, , , ,Y, ,Y,Y, , , , ,Y, , , ,N,N,N, , , , ,Y, , , , , ,Y,Y, , , ,C, ,S
3003770.92657183,4432139.72169298,543,43260,43180,KALIMNOS,GR,36.95,26.983333,36,57,N,26,59,E,132,54407,V,CN,P,N,Y,N,Y, ,J,B,N, ,0,M, , , , ,Y, ,N, , , , ,Y, , , , ,Y,Y, , ,Y,Y,Y, , ,Y, , ,N, , , , , , , , , , , , ,Y,Y, , , , ,C, , 
12812873.3903058,-2469555.06663617,544,54580,53290,ONSLOW,AU,-21.65,115.1,21,39,S,115,6,E,175,74517,V,OR,P, , , ,Y, ,P,M,M, ,4, , , ,Y, ,Y, ,Y,Y, , , ,Y, , ,Y,Y, , ,Y, , ,Y, , , ,Y, , , , , , , , , , , , , , , ,Y,Y,Y,Y, , , , , 
2988928.3277994,4457708.06560048,545,43280,43180,LAKKI,GR,37.133333,26.85,37,8,N,26,51,E,132,54403,V,CN,G,N,N,N,Y, ,A,H,M,L,0,M,Y, , , , , ,N,Y, , ,N, , , , , ,Y, ,Y, ,Y,Y, , , ,Y, , ,N, , , , , , , , , , , , ,Y,Y,Y, , , ,C, , 
11723797.7053783,-609471.955750222,546,50380,50020,PANJANG,ID,-5.466667,105.316667,5,28,S,105,19,E,163,71180,V,CN,G,Y,N,N,Y, ,H,H,H,J,3,M, , ,Y,N,Y,Y,Y,Y,Y,N,Y,Y,Y, , , ,Y,Y,Y,Y,Y,Y, , , ,Y,N, ,N, ,Y, , , ,Y,Y,Y,N,N,Y,Y,Y,Y,N, , , ,C,S,S
15065237.754023,4234317.64432925,547,61800,61100,MAIZURU KO,JP,35.516667,135.333333,35,31,N,135,20,E,159,95282,M,CN,F,N,N,N,N,Y,J,D,J, ,0,L, , ,Y,N,Y,N,Y, ,Y, ,Y,Y, ,Y, , ,Y,Y,Y,Y,Y, , , , ,Y,Y, ,N,Y,Y, , , ,Y, ,Y,Y,Y,Y,Y,Y,Y,Y,Y,Y,Y,B,L, 
2935123.90724931,4892619.65486114,548,43370,43325,ECEABAT,TR,40.183333,26.366667,40,11,N,26,22,E,BA24,55041/0,V,LC,F,N,Y,N,Y, , ,A, , ,0,M,Y,Y, ,Y,N, ,Y, , , ,Y,Y,Y, ,Y, ,Y,Y, , , , , , , ,Y, , ,N, , , , , , , , , , , , , , , , , , ,C, , 
15206242.4423612,4385808.9076577,549,61822,61100,KANAZAWA,JP,36.616667,136.6,36,37,N,136,36,E,159,95276,S,RB,F, , , , ,N,K,J,N,M,4,L, , , , ,Y,N,Y, , , ,Y,Y, ,Y, , ,Y,Y,Y, ,Y, , , , ,Y, , , ,Y,Y, ,Y,Y,Y,Y,Y, , , , , ,Y,Y, , , ,C, , 
13044788.9961251,-2350193.42302933,550,54600,53290,PORT WALCOTT,AU,-20.65,117.183333,20,39,S,117,11,E,175,73345,V,OR,F, , , ,Y, ,H,J,D,K,6,M,Y,Y,Y,N,Y,Y,Y, , ,Y,Y,Y,Y, , , ,Y, ,Y, , ,Y, , , , ,N, ,N, ,Y, , , , ,Y,Y, , , , ,Y,Y,N,N,N,N,N, , 
11172766.2259516,-111325.142866386,551,50450,50020,TELUK BAYUR,ID,-1,100.366667,1,0,S,100,22,E,174,71140,V,OR,F,N,N,N,Y,Y,L,L,H,M,1,L, , ,Y,N,Y,Y,Y,Y,Y, ,Y,Y,Y,Y, , ,Y,Y,Y,Y,Y,Y, , , ,Y,Y, ,N, ,Y, , , ,Y,Y,Y,Y, ,Y,Y, ,Y,Y,Y,Y,Y,A,S,M
2968519.7544873,4924240.5872052,552,43380,43325,GELIBOLU,TR,40.4,26.666667,40,24,N,26,40,E,BA24,55044/0,V,LC,F,N,Y,N,Y,N, ,B,C,K,0,M,Y, , ,Y,N, ,Y, ,Y, , ,Y, , , ,Y, , , , ,Y,Y, , , , , , ,N, , , , , , , , , , , , ,Y,Y, , , , ,C, , 
15247059.5889854,4446078.43585835,553,61840,61100,NANAO,JP,37.05,136.966667,37,3,N,136,58,E,159,95270,S,CN,G, , , , , ,H,F,G,N,1,M,Y, ,Y, ,Y,Y,Y, , , ,Y,Y, ,Y, , ,Y,Y,Y,Y,Y, ,Y, , ,Y, , , ,Y,Y, , ,Y,Y, ,Y, , , , ,Y,Y,Y, , , ,C, ,S
12992839.9004216,-2348210.82197042,554,54605,53290,DAMPIER,AU,-20.633333,116.716667,20,38,S,116,43,E,175,74001,M,CB,F, , , , , ,J,A,D,M,4,M, ,Y,Y,N,Y,Y,Y, ,Y,Y,Y,Y,Y,Y,Y,Y,Y,Y,Y, , ,Y, , , ,Y,Y, ,Y, ,Y, , , , ,Y,Y,Y,N,N,Y,Y,Y,Y,Y,Y,Y,A, , 
10994655.0406823,192983.222858066,555,50510,50020,SIBOLGA,ID,1.733333,98.766667,1,44,N,98,46,E,174,71009,V,CN,F,N,N,N,N,Y,M,J,N,L,0,M, , ,N,N,Y,N,N, , , ,N,Y,Y, , , ,Y,Y,Y, ,Y,Y, , , ,Y,Y, ,N, , , , , , ,Y,Y, , , , ,Y,N,N,N, , ,N, , 
3063141.32166158,5009883.64504498,556,43390,43325,TEKIRDAG,TR,40.983333,27.516667,40,59,N,27,31,E,BA24,55043/0,V,LC,F,N,Y,N,Y, , ,J,K,L,0,M,Y,Y,N,N,Y,Y,Y,N,N, ,Y, ,Y,Y, , ,Y, , , ,Y,Y, , , ,Y,N, ,N,Y,Y, , ,Y,Y,Y,Y, , , , ,Y,Y,Y,Y, , ,N, , 
13200636.2832357,-2310582.41435355,557,54620,53290,PORT HEDLAND,AU,-20.316667,118.583333,20,19,S,118,35,E,175,74496,S,RN,E,Y,N,N,Y, ,G,N,E,K,6,L,Y,Y,Y,N,Y,Y,Y, ,Y, ,Y,Y,Y, ,Y,Y,Y,Y,Y, ,Y, , , , ,Y,Y, ,Y, ,Y, , , , ,Y,Y,Y,N,Y,Y,Y,Y, ,Y,Y,Y,A, ,S
15478975.1948047,4567660.28711484,558,61870,61100,NIIGATA KO,JP,37.916667,139.05,37,55,N,139,3,E,159,95264,M,RB,F,N,N,N,Y, ,G,A,H,G,0,L,N,Y,Y,N,Y,N,Y, ,Y, ,Y,Y, , , , ,Y, ,Y,Y,Y, , , , ,Y,N, ,Y,Y,Y,Y,Y, ,Y,Y,Y,Y, ,Y,Y, ,Y,Y, ,Y,Y,C,M,S
10606892.1477524,620655.706316348,559,50600,50515,ULEELHEUE,ID,5.566667,95.283333,5,34,N,95,17,E,174,71091,V,OR,F,N,Y,N,Y, ,L,L,K,L,2,M,Y, , , ,Y,Y,Y, , , ,N,Y,Y,Y, , ,Y,Y,Y, ,Y,Y, , , ,Y, , ,Y, ,Y, , , , ,Y,Y, , , , ,Y,Y,Y, , , ,C, , 
15425170.7742546,4591204.71580132,560,61890,61100,RYOTU KO,JP,38.083333,138.566667,38,5,N,138,34,E,159,95261,V,CN,F, ,Y, , ,Y,D,A,M,K,1,L, , , , , , , , , , , , , , , ,Y, , , , , ,Y, , , ,Y, , , , , , , , , , , , , , , , ,Y,Y, , , , , , 
13606952.4246311,-2033647.30526609,561,54630,53290,BROOME,AU,-17.966667,122.233333,17,58,S,122,14,E,175,74016,S,CN,E,Y,N,N,Y, ,J,G,L,K,9,M,Y,Y,Y,N,Y,Y,Y, , ,N,Y,Y,Y,Y,Y, ,Y, ,Y, ,Y, , , , ,Y,Y, ,Y, ,Y, , ,Y,Y,Y,Y, ,N,N, , ,Y, ,Y,N,N,C, , 
10610602.7974455,656083.633753123,562,50610,50515,SABANG,ID,5.883333,95.316667,5,53,N,95,19,E,174,71091,V,CB,F,Y,Y,N,Y, ,B,B,L,J,1,L,Y, ,Y, ,Y,Y,Y,Y,Y, ,Y,Y,Y, , , ,Y,Y,Y, ,Y,Y, , , ,Y, , ,Y, , , , , , ,Y,Y,Y, , , ,Y,Y,Y, , , ,C,M, 
15564320.1377462,4712126.63848943,563,61900,61100,SAKATA KO,JP,38.933333,139.816667,38,56,N,139,49,E,159,95258,S,CT,F, ,Y, , , ,K,A,K,M,1,M, ,Y,Y, ,Y,N,Y,Y,Y, ,Y,Y,Y,Y,Y,Y,Y,Y,Y,Y,Y, , , , ,Y,Y, ,Y, ,Y, , , , ,Y,Y,Y, , , ,Y,Y,Y,Y,Y, ,B, ,S
14260026.7706183,-1743041.16963432,564,54660,53290,WYNDHAM,AU,-15.466667,128.1,15,28,S,128,6,E,175,74012,V,RN,G,Y,Y, ,Y, ,M,K,L,L,8,M,Y, ,Y, ,Y,Y,Y, , ,N,N,Y,Y, ,Y,Y,Y, , , ,Y, , , , ,Y,N, ,N, ,Y, , , ,Y,Y,Y,N,N,N,N,Y,Y,Y, ,N,N,N, , 
10810977.8808734,585246.857806469,565,50650,50515,BLANGLANCANG,ID,5.25,97.116667,5,15,N,97,7,E,174,71081,V,OR,F,N,N,N,Y, ,K,J,K,G,2,L,N, , , ,Y,Y,Y, , , ,Y,Y,Y,Y,Y, ,Y,Y,Y,Y,Y,Y, , , ,Y,N, ,N,Y,Y, , , ,Y,Y,Y, , , , ,Y,Y,N,N, , ,N, ,S
14566155.3702998,-1398864.6923707,566,54670,53290,DARWIN,AU,-12.466667,130.85,12,28,S,130,51,E,175,74394,M,CN,E,N,N,N,N,Y,D,E,L,J,3,M,Y,Y,Y,N,Y,Y,Y, , , ,Y,Y,Y,Y,Y,Y,Y, ,Y,Y,Y, , , , ,Y,Y, ,Y,Y,Y, ,Y,Y,Y,Y,Y,Y,Y,Y,Y,Y,Y,Y, , , ,C,S,S
15584728.7110583,4841752.20969444,567,61910,61100,AKITA-FUNAKAWA KO,JP,39.833333,140,39,50,N,140,0,E,159,95262,V,RN,P,Y,Y,N,Y, ,D,H,H,D,3,M,Y,Y,Y,N,Y,N,Y, ,Y,Y,Y,Y, ,Y, , ,Y,Y,Y,Y,Y, , , , ,Y,Y, ,N, ,Y, , , ,Y, ,Y,Y, , , ,Y,Y,Y, , , ,C, ,S
15185833.8690491,-1558923.98581086,568,54671,53290,MILNER BAY,AU,-13.866667,136.416667,13,52,S,136,25,E,175,74340,V,OR,P,N,N,N,Y,Y,A,E,H, ,2,M,Y,Y,Y,N,Y,Y,Y, , , ,Y,Y,Y, ,Y,Y,Y, ,Y, ,Y,Y, , , ,Y,N,N,N,Y, , , , , ,Y, , , , , ,Y,Y,N, , , ,N, , 
15067093.0788696,4091637.41398396,569,61935,61100,HANNAN KO,JP,34.466667,135.35,34,28,N,135,21,E,159,97225,S,CN,F, , , , , ,J,E,J,K,2,M, , , , ,Y,Y,Y, , , ,Y,Y, ,Y, , ,Y,Y,Y, ,Y, , , , ,Y, , , ,Y, , , , ,Y, , , , , , ,Y,Y,Y, , , ,C,S, 
15792525.0938724,-1421675.05934432,570,54672,53290,WEIPA,AU,-12.666667,141.866667,12,40,S,141,52,E,175,74289,V,CN,G,N,N,N,Y,Y,K,J,J,K,1,M,Y,Y,Y,N,Y,Y,Y, , ,N,Y,Y, , , , ,Y, ,Y,N,Y, , , , ,Y,N, ,N,Y,Y, ,Y,Y,Y,Y,Y,N,N,N,N, ,Y,N,Y,N,N,N, , 
10933429.320746,458660.033129353,571,50700,50515,PANGKALANSUSU,ID,4.116667,98.216667,4,7,N,98,13,E,174,71074,V,CN,F,Y,Y,N,Y,N, ,N,N,B,0,L, , , , ,Y,Y,Y, , ,N,Y,Y,Y, , , ,Y,Y,Y, ,Y,Y, , , ,Y, , ,N, ,Y,Y, , ,Y,Y, , , , , ,Y,N,N,N,N,N,C,S, 
15217374.3914405,-1368478.18975118,572,54675,53290,GOVE,AU,-12.2,136.7,12,12,S,136,42,E,175,74377,V,OR,P,Y,Y,N,Y,Y,H,G,H,H,2,L,Y, ,Y,N,Y,Y,Y, ,Y, ,Y,Y,Y,Y, , ,Y,Y,Y, ,Y,Y, , , ,Y,N, ,Y, ,Y, , , ,Y,Y,Y,Y,N,N,N,Y,Y,N,N,N,N,C, , 
11417669.1056968,228253.661322676,573,49980,49820,MUAR,MY,2.05,102.566667,2,3,N,102,34,E,174,71275,V,RN,F,Y,N,N,Y,N,P,O,O, ,0,M,Y, , , , , , , , , , , , , , , , , , ,Y, ,Y, , , , , , ,N,Y, , , , , ,Y, , , , , , ,Y,Y, , , , , , 
15677494.953386,-1977161.22676439,574,54690,53290,KARUMBA,AU,-17.483333,140.833333,17,29,S,140,50,E,175,74312,V,RN,G,Y,Y, , , ,O,L,P,M,4, , , , , ,Y,Y,Y, , ,N,N,Y, , , , ,Y,Y, , , ,Y, , , ,Y, , , , ,Y, , , ,Y,Y,N, , , , , ,Y,Y, , , ,D, , 
16401071.6435423,-5294230.81644811,575,54760,54700,HOBART,AU,-42.883333,147.333333,42,53,S,147,20,E,127,75193,M,RN,E,N,N,N,N,Y,H,D,J,G,1,L,Y,Y,Y, ,Y,Y,Y, ,Y,Y,Y,Y,Y, ,Y,Y,Y, ,Y, ,Y, , , , ,Y,Y, ,Y,Y,Y, , , ,Y,Y,Y,Y,N,Y,Y,Y,Y,Y,Y,Y, ,C, ,L
11293362.3409776,187414.77315918,576,50785,50515,DUMAI,ID,1.683333,101.45,1,41,N,101,27,E,174,71261,M,RN,F,N,N,N,Y, ,E,G,K,E,2,L,Y,Y,Y,N,Y,Y,Y, ,Y, ,Y,Y,Y, ,Y,Y,Y, ,Y, ,Y, , , , ,Y, , ,N,Y,Y, , , ,Y,Y,Y,Y, , , ,Y,Y, ,Y, , ,N, , 
16362109.8217647,-5337374.71812649,577,54810,54700,PORT HUON,AU,-43.166667,146.983333,43,10,S,146,59,E,127,75191,V,RN,G, , , ,Y,Y,L,L,K, ,1,L,Y, , , ,Y,Y,Y, , , ,Y,Y,Y, , ,Y,Y, , ,N,Y,Y, , , ,Y,Y, , , , , , , , , ,Y, , , , , ,Y,Y,Y, , ,N, , 
9040997.97726037,955333.865394675,578,49290,49210,TRINCOMALEE HARBOR,LK,8.55,81.216667,8,33,N,81,13,E,173,63242/1,M,CN,G,N,N,N,Y,N,B,A,H,H,1,L, ,Y,Y,N,Y,Y,Y, ,Y, ,Y,Y,Y, ,Y,Y,Y, , ,Y, ,Y, , , ,Y,Y, , , ,Y, , , , ,Y,Y,N,N,N,N, ,Y,Y, ,N,N, , ,S
16367675.7963043,-5360296.62658739,579,54830,54700,DOVER,AU,-43.316667,147.033333,43,19,S,147,2,E,127,75191,V,CN,E, , , ,Y, ,H,K,N, ,1, , , , , , , ,Y, , , , , , , , ,Y, , , , , , , , , , , , , , , , , , , , , , , , , , , , , , , ,D, , 
14922377.7408383,4073648.85205534,580,61940,61100,TAKAMATSU,JP,34.333333,134.05,34,20,N,134,3,E,159,97234,V,CB,F, , , , , ,L,K,K,N,1,M, ,Y, , ,Y,N,Y, , ,N,Y,N, , , , ,Y,Y, ,Y,Y, , , , ,Y,Y, ,N, ,Y, , , ,Y,Y,Y,Y, , , , ,Y,Y, , , ,C,S,S
8911125.23800155,1098172.37500416,581,49300,49210,KANKESANTURAI,LK,9.816667,80.05,9,49,N,80,3,E,173,63250,V,OR,F,N,N,N,Y, ,K,K,M, ,2,M, , ,Y, ,Y,Y, , , , , ,Y,Y,Y, , , , ,Y,Y,Y,Y, , , , , , ,Y,Y, , ,Y, , ,Y,Y, , , , ,Y,N, , , , , , ,S
8701473.53034088,983485.825456829,582,49320,49310,TUTICORIN,IN,8.8,78.166667,8,48,N,78,10,E,173,63250/2,S,CB,F,Y,N,N,Y, ,H,F,K,K,1,M,Y,Y,Y,N,Y,Y,Y,N,N, ,Y,Y, , , , ,Y, ,Y,Y,Y,Y, , , ,Y,Y, ,Y,Y,Y, , ,Y,Y,Y,Y, , , , ,Y,Y,Y,N,N,Y,C,S,S
14983603.4607746,4031040.17187283,583,61960,61100,KOMATSUSHIMA,JP,34.016667,134.6,34,1,N,134,36,E,159,97202,S,CB,F,N,N,N,Y, ,L,K,J, ,2, ,Y,Y,Y,N,Y,N,Y, , , ,Y,Y, ,Y, , ,Y,Y,Y,Y,Y, , , , ,Y, , , ,Y,Y, , , ,Y,Y,Y,Y, , , , ,Y,Y, , , ,C, ,S
8888861.33984289,1205656.49092649,584,49350,49310,NAGAPPATTINAM,IN,10.766667,79.85,10,46,N,79,51,E,173,63260,S,OR,P,Y,Y,N,N, ,G,G, , ,0,L,Y, ,Y,N,Y,N,N,Y,N, ,Y,Y, , , , ,Y, , ,Y,N,Y, , , ,Y,N, ,N, ,Y, , , , ,Y,Y, , , , , ,N,N, ,Y,Y,C, ,S
14991024.7601608,4010912.63734518,585,61965,61100,TACHIBANA,JP,33.866667,134.666667,33,52,N,134,40,E,159,97200,V,CB,P,N,N,N,Y, ,K,F,K, ,2,L,Y, ,N, ,Y,N,Y, ,Y, ,Y,Y, ,Y, , ,Y,Y, , ,Y, , , , , , , , , , , , , , , ,Y, , , , , ,Y,Y, , , ,C, , 
14868573.3202882,3961860.21744575,586,61970,61100,KOCHI KO,JP,33.5,133.566667,33,30,N,133,34,E,158,97303,M,CB,P, ,Y, ,Y,Y,M,L,L, ,3,M, ,Y, , ,Y,N,Y, , , ,Y,Y, ,Y,Y,Y,Y, ,Y, ,Y, , , , ,Y, , ,N, ,Y,Y, , ,Y,Y,Y, , ,Y,Y,Y,Y,Y, , , ,C, , 
14838888.1227434,3946296.28933465,587,61980,61100,SUSAKI KO,JP,33.383333,133.3,33,23,N,133,18,E,158,97300,V,CB,P, , , , ,Y,L,G,G,N,1,L,Y, ,Y, ,Y,Y,Y, ,Y, ,Y,Y, ,Y,Y,Y,Y,Y, ,Y,Y, , , , ,Y, , , , , , , , , , ,Y, , , , ,Y,Y,N, , , ,N, ,S
14757253.829495,3924098.27875315,588,62010,61100,UWAJIMA,JP,33.216667,132.566667,33,13,N,132,34,E,159,97278,V,CN,P,Y,Y, , , ,B,H,M, ,2, ,Y, ,Y, , , , , , , , , , , , , , , , , , ,Y, , , , , , , , , , , , , , , , , , , ,Y,Y,Y, , , ,C, , 
14740555.905876,3955187.39935462,589,62020,61100,YAWATAHAMA,JP,33.45,132.416667,33,27,N,132,25,E,159,97281,V,CN,G,N,N,N,Y, ,H,F,M, ,1,M, , ,Y,N,Y,Y,Y, ,Y, ,Y,Y, ,Y, , ,Y,Y, ,Y,Y, ,Y, , ,Y, , ,N, ,Y, , , , ,Y,Y, , , , , , ,N, , , ,B,S,S
8879584.71561012,1313480.05552763,590,49410,49310,CUDDALORE,IN,11.716667,79.766667,11,43,N,79,46,E,173,63260,V,OR,P,Y,Y,N,Y,N,P,J,P, ,0,L, , ,Y,N,Y,N,N,N,N,N,N,Y, , ,N, ,Y, , ,Y, ,Y, , , ,Y,N, ,N, ,Y, , , ,Y,Y,Y, , , , ,Y,Y,N,N, , ,N,S,S
14772096.4282674,4010912.63734518,591,62030,61100,MATSUYAMA,JP,33.866667,132.7,33,52,N,132,42,E,159,97241,S,CB,F,Y,Y,N,Y, ,K,G,K,J,3,M,Y,Y,Y,N,Y,N,Y,Y,Y, ,Y,Y,Y, ,Y,Y,Y,Y,Y,Y,Y, , , , ,Y, , ,Y,N,N,N,N,N,N,N,Y,N,N,N,N, ,Y,Y, , , ,C, ,S
8887006.01499634,1338122.24913706,592,49430,49310,PONDICHERRY,IN,11.933333,79.833333,11,56,N,79,50,E,173,63260,V,OR,P,N,N,N,Y, ,J,J,N, ,1,L,N, ,Y,N,Y,N,N,N,N,N,Y,Y,N, ,N,N,Y,Y,Y,Y, ,Y, , , ,Y, , ,N, ,Y, , , , ,Y, , , , , ,N,Y,N,N,N,N,C,S,S
14786939.0270398,4033278.7570689,593,62060,61100,KIKUMA,JP,34.033333,132.833333,34,2,N,132,50,E,159,97261/6,V,CB,F, ,Y,N,Y, ,A,G,N,F,0,M,Y, ,Y,N,Y,Y,Y,Y,Y,N,Y,Y, ,Y, , ,Y,Y,Y,Y, ,Y, , , ,Y, , ,N, , , , , , , ,Y,N,N, , , ,Y,Y, , , ,N, ,S
8938955.11069987,1471159.34512326,594,49450,49310,CHENNAI (MADRAS),IN,13.1,80.3,13,6,N,80,18,E,173,63271/0,L,CB,G,Y,Y,N,Y,Y,D,F,H,F,1,M,Y,Y,Y,Y,Y,Y,Y, ,Y, ,Y,Y, , , , ,Y, ,Y,Y,Y,Y,Y, , ,Y,Y, ,Y,Y,Y,Y,Y, ,Y,Y,Y,Y, , ,Y,Y,Y,Y,Y,Y,Y,A,M,M
14568010.6951464,4024327.05158357,595,62065,61100,MUTUREZIMA KO,JP,33.966667,130.866667,33,58,N,130,52,E,159,97287,S,OR,P, , , ,Y, ,F,A, ,E,7,L, , , , ,Y,N,Y, ,Y, ,Y, , , , , , ,Y, , ,Y, , , , , , , ,N, , , , , , , , , , , , ,N,Y,Y, ,Y,Y, , , 
14805492.2755054,4037757.24728273,596,62070,61100,IMABARI,JP,34.066667,133,34,4,N,133,0,E,159,97262,S,CB,F,N,N,N,Y, ,L,E,L, ,2,M,Y, ,Y,N,Y,N,Y, ,Y, ,Y,Y, ,Y,Y,Y,Y,Y,Y,Y,Y,Y, , , ,Y, , ,N, ,Y,Y, , , ,Y,Y, , , , ,Y,Y,Y, , , ,C,M,S
14835177.4730503,4024327.05158357,597,62080,61100,NIIHAMA,JP,33.966667,133.266667,33,58,N,133,16,E,159,97244,S,CB,F, , , , ,Y,L,G,G, ,3,L,Y, ,Y, ,Y,Y,Y, , , ,Y,Y,Y,Y, , ,Y,Y,Y, ,Y,Y, , , ,Y, , ,N,Y,Y, ,Y, , ,Y,Y,Y, , , , ,Y,Y, , ,N,C, ,S
14866717.9954417,4028802.02613441,598,62085,61100,MISHIMA-KAWANOE KO,JP,34,133.55,34,0,N,133,33,E,159,97235,S,CN,F, , , ,Y,Y,K,F,G,L,4,M, , ,Y,N,Y,N,Y, , , ,Y,Y, ,Y, , , ,Y, ,Y, , , , , ,Y, , , , , ,N, , , , , , , , , ,Y,Y,Y, , , ,C, ,S
9035432.00272071,1822100.15002947,599,49460,49310,MACHILIPATNAM,IN,16.15,81.166667,16,9,N,81,10,E,173,63281/0,V,OR,P,N,Y,N,Y,N,G,G,H,G,1,M,Y, ,Y, ,Y,N,N,N,N, ,Y,Y, , , ,Y,Y, , ,Y, ,Y, , , ,Y, , ,N, , , , , , , ,Y, , , ,Y,Y,Y, , , , ,C, ,S
14894547.86814,4066910.51684625,600,62100,61100,MARUGAME,JP,34.283333,133.8,34,17,N,133,48,E,159,97236,V,CB,F, , , , , ,J, ,K, ,6, ,Y, , , ,Y,N,Y, , , ,Y,Y, , , , , ,Y, ,Y,Y, , , , ,Y, , , ,Y, , , , , ,Y,Y, , , , , ,Y,Y, , , ,C,M, 
1467561.95362466,3882038.14571984,601,45330,45200,MINA TARABULUS (TRIPOLI),LY,32.9,13.183333,32,54,N,13,11,E,132,56222/1,M,CB,G,N,Y,N,Y, ,J,K,K,K,1,M,Y, ,Y,N,Y,Y, , , , ,Y,Y, , ,Y, ,Y,N,Y,Y,Y,Y, , , ,Y,Y, ,N,Y,Y,Y,Y, ,Y,Y,Y,Y, , , , ,Y,Y, , , ,C,M,S
1415612.85792113,3868787.29809851,602,45335,45200,AZ ZAWIYA,LY,32.8,12.716667,32,48,N,12,43,E,132,52160,S,OR,P, , , ,Y, , ,A, ,D,0,L,Y, , , ,Y,Y,Y, , , ,Y,Y, , ,Y,N,Y,N,Y, , ,Y, , , ,Y,N, , ,N,N,N, , , , , , , , , ,N,N,N,N, , ,N, , 
1391493.63491592,3870994.73626066,603,45340,45200,MARSA SABRATAH,LY,32.816667,12.5,32,49,N,12,30,E,132,56220,V,OR,N,N,N,N,Y, ,O,N,P, ,0,M, , ,N,N,N, , , , , , , , , ,Y,N, ,N, ,Y, , , , , , , , ,N, , , , , , , , , , , , , , , , , , , , , 
1207816.47510702,4013147.28042359,604,45370,45360,HOUMT SOUK,TN,33.883333,10.85,33,53,N,10,51,E,131,52160,V,OR,N, , , ,Y, ,P,N, , ,0, ,Y, , , , , , , , , , , , , , , , , , , , , , , , , , , , , , , , , , , , , , , , , , , , , , , , , 
1126182.18185862,4015382.36007316,605,45375,45360,GABES,TN,33.9,10.116667,33,54,N,10,7,E,131,52165/4,S,CB,G, , , ,Y, ,H,M,K,K,2,M,Y, , , ,Y,Y,Y, , ,N,Y, , , , , ,Y, ,Y,Y, , , , , ,Y, , ,N,Y,Y, ,Y,Y,Y,Y, , , , , , ,Y,Y,Y, , ,B, ,M
1124326.85701206,4066910.51684625,606,45380,45360,SKHIRA,TN,34.283333,10.1,34,17,N,10,6,E,131,52165,V,OR,F,Y,N,N,Y, ,J,J,M,G,1,L,Y,Y,Y,N,Y,Y,Y, ,Y,N,Y,Y,Y, , , ,Y,Y,Y, ,Y, ,Y, , ,Y,Y, ,Y, , , , , , , ,Y, , , , , ,Y,Y,N,N,N,N, , 
3408231.74312073,4415900.99482931,607,44820,44360,ANTALYA,TR,36.833333,30.616667,36,50,N,30,37,E,132,54423,S,CB,P,N,N,N,Y, ,M,C,N,E,1,L,Y,Y,Y,N,Y,Y,Y, , , ,Y,Y,Y,Y, , ,Y, ,Y, ,Y,Y,Y, , ,Y,Y, ,Y,Y,Y, , , ,Y,Y,Y, , , , ,Y,Y,Y,Y, , ,C, , 
3562223.70538475,4374257.56253555,608,44825,44360,ALANYA,TR,36.533333,32,36,32,N,32,0,E,132,54409,V,OR,P,N,N,N,Y, , ,G,N, ,0,M,N, ,N,N,Y,Y,Y, , , ,N,Y, , ,Y,Y, , , , , ,Y,Y, , ,Y,Y, ,N, , , , , , , ,Y, , , , ,Y,Y,Y, , , ,C, , 
3771875.41304542,4344282.15848812,609,44850,44360,TASUCU,TR,36.316667,33.883333,36,19,N,33,53,E,132,54409,V,CB,G,N,N,N,Y, ,A,L,N, ,0,M, , ,N,N,Y, ,Y, , , ,N,Y, , ,Y,Y,Y,Y, , ,Y,Y, , , ,Y,N, ,N, , , , , , , , , , , , ,Y,Y,Y,Y, , , , , 
4629035.49215363,5183475.26689433,610,44340,44275,POTI,GE,42.15,41.583333,42,9,N,41,35,E,BA24,55138,S,CB,F,N,N,N,Y,Y,J,A,L,K,1,M,Y, ,Y,N,Y,Y,Y, ,Y, ,Y,Y,Y,Y,Y, ,Y, ,Y,Y,Y, , , , ,Y,Y, ,Y,Y,Y,Y,Y,Y,Y,Y,Y, , , , ,Y,Y,Y, , , ,C,S,M
4636456.79153984,5108694.47561503,611,44350,44275,BATUMI,GE,41.65,41.65,41,39,N,41,39,E,BA24,55139,S,CB,G,N,Y,N,Y, ,K,L,L,L,1,M,Y, ,Y,N,Y,Y,Y, ,Y, ,Y, ,Y,Y, , ,Y, ,Y,Y,Y, ,Y, , ,Y,Y, ,Y,Y,Y,Y, , , ,Y, , , , , ,Y,Y, , , , ,C, ,S
4608626.91884153,5073995.52883872,612,44370,44360,HOPA,TR,41.416667,41.4,41,25,N,41,24,E,BA24,BA1279,V,CB,F,N,N,N,Y, ,A,A,L, ,1,M, , ,N,Y,Y,Y,Y, , , ,Y,Y,Y, , , ,Y, , ,Y,Y, , , , ,Y,Y, ,Y,Y,Y,Y, , ,Y,Y,Y, , , , ,Y,Y,Y,Y, , ,C, , 
4510294.70197413,5022179.96054842,613,44380,44360,RIZE,TR,41.066667,40.516667,41,4,N,40,31,E,BA24,BA1279,V,CB,P,N,N,N,Y, ,A,J,L, ,0,M, , ,N,Y,Y, , , , , ,Y, , , , , ,Y, , , , , ,Y, , ,Y,Y, ,Y,N,Y,N, , ,Y,Y,Y, , , , ,Y,Y,Y, , , , , , 
4426805.08387918,5014800.30427624,614,44390,44360,TRABZON,TR,41.016667,39.766667,41,1,N,39,46,E,BA24,BA1279,V,CB,F,N,N,N,Y, ,K,A,K,A,0,L,Y,Y,N,Y,Y,Y,Y, ,Y,N,Y, ,Y, , , ,Y, ,Y, , ,Y,Y, , ,Y,Y, ,Y,Y,Y, ,N,Y,Y,Y,Y, , , , ,Y,Y,Y,Y, , ,N, , 
4274668.4464617,5002513.31317556,615,44410,44360,GIRESUN,TR,40.933333,38.4,40,56,N,38,24,E,BA24,BA1272,V,CB,F,N,N,N,Y, ,A,A,M,M,0,M,Y, ,N,N,Y,Y,Y, , ,Y,Y,Y,Y, ,Y,Y,Y, , , , , , , , ,Y,Y, ,N,Y,Y, , , , ,Y,Y, , , , ,Y,Y,Y,Y,N,N,C, , 
4217153.37621851,5012341.66384751,616,44420,44360,ORDU,TR,41,37.883333,41,0,N,37,53,E,BA24,BA1279,V,OR,P,N,N,N,Y, ,A,L,N, ,0,M, , ,N,Y,Y,Y,Y, , ,N,Y, , , , , ,Y, , , , ,Y, , , ,Y,N, ,N, , , , , ,Y,Y, , , , , ,Y,Y,Y,Y, , , , , 
4046463.49033549,5056692.80876335,617,44450,44360,SAMSUN,TR,41.3,36.35,41,18,N,36,21,E,BA24,BA1274,L,CB,F,N,Y,N,Y, ,J,A,N, ,1,L,Y, ,N,Y,Y,Y,Y, , , ,Y, ,Y,Y, ,Y,Y, ,Y,Y,Y, , , , ,Y,Y, ,Y,Y,Y, , , ,Y,Y,Y, , , , ,Y,Y,Y,Y, , ,C, ,S
3914735.42623012,5168472.14659771,618,44460,44360,SINOP,TR,42.05,35.166667,42,3,N,35,10,E,BA24,BA1272,V,OR,G,N,N,N,Y, ,O,L,P,L,0,M, , ,N,Y,Y, ,N, , , ,N, , , , , ,Y, , , ,Y, , , , ,Y,Y, ,N,Y,Y, , , ,Y,Y,Y, , , , ,Y,Y,N,N, , ,N, , 
3758888.13911954,5158483.18506897,619,44480,44360,INEBOLU,TR,41.983333,33.766667,41,59,N,33,46,E,BA24,BA1272,V,CB,P,N,N,N,Y, ,N,N,N, ,0,M, , ,N,N,Y, ,N, , , ,N, , , , , ,Y, ,Y, , , , , , ,Y, , ,N, , , , , , , , , , , , ,Y,Y,Y,Y, , ,N, , 
11521567.2971038,1190551.25068037,620,57485,57478,KAMPONG SAOM,KH,10.633333,103.5,10,38,N,103,30,E,161,93283,M,CB,G,N,Y,N,Y, ,L,H,H,K,1,M,Y,Y,Y,N,Y,Y,Y, ,Y, ,Y, , ,Y,Y, ,Y, ,Y,Y,Y, , , , ,Y,Y, ,N,Y, , , ,Y, , ,Y, , , , , ,Y,Y, , , ,C, ,S
11532699.2461831,1175452.60859343,621,57490,57478,PHSAR REAM,KH,10.5,103.6,10,30,N,103,36,E,161,93284,V,CN,F,N,Y,N,Y, ,N,J,O, ,0,M, , ,Y,N,Y, , , , , , , , , , , , , , ,Y, ,Y, , , , , , ,N, , , , , , , , , , , , , ,Y, , , , ,D, , 
3541815.13207265,5081420.49228705,622,44490,44360,ZONGULDAK,TR,41.466667,31.816667,41,28,N,31,49,E,BA24,BA1275,V,CB,G,N,N,N,Y, ,N,A,N,K,0,M, , ,N,N,Y,Y,Y, ,Y,Y,Y, ,Y, , , ,Y, , ,Y, , , , , ,Y,Y, ,Y,Y,Y,Y, ,Y, ,Y, , , , , ,Y,Y,Y,N, , ,C, ,L
11573516.3928073,1143389.50306868,623,57520,57510,DUONG DONG,VN,10.216667,103.966667,10,13,N,103,58,E,161,93301,V,RN,F,Y,Y,N,Y, ,H,J, ,K,0,L, , ,Y,N,N, , , , , , , , , , , ,Y, ,Y, , ,Y, , , , , , ,N, , , , , , , , , , , , ,Y, , , , , ,D, , 
3500997.98544845,5056692.80876335,624,44500,44360,EREGLI,TR,41.3,31.45,41,18,N,31,27,E,BA24,BA1275,V,CB,F,N,Y,N,Y,Y,C,H,K, ,0,M,Y, ,Y,N,Y,Y,Y, , , ,Y,Y,Y, ,Y, ,Y, , ,Y,Y, ,Y, , ,Y,Y, ,Y,Y,Y, , , ,Y,Y,Y, , , , ,Y,Y,Y,Y, , ,C, ,M
3230120.55785149,5012341.66384751,625,44540,44360,HAYDARPASA,TR,41,29.016667,41,0,N,29,1,E,BA24,BA1198,M,CB,G,N,N,N,Y,Y,A,J,N, ,0,M, , ,N,Y,N,Y, , , , ,Y,Y,Y, , , ,Y, ,Y,Y,Y,Y, , , ,Y,Y, ,Y,Y,Y,Y,Y,Y,Y,Y,Y, , , ,Y,Y,Y,Y,Y,Y,Y,C, ,M
3287635.62809468,4977985.73170289,626,44605,44360,KABA BURNU,TR,40.766667,29.533333,40,46,N,29,32,E,BA24,55049/0,V,CN,F,N,N,N,N,N,J,C,K,N,0,L, , , ,N,Y,Y,Y, , , ,Y, , , , , ,Y, , ,Y,Y,Y, , , ,Y,Y, ,Y,Y,Y, , ,Y,Y,Y,N,N,N,N,N,Y,Y,Y,Y, , , , , 
3319176.15048611,4975536.36106925,627,44610,44360,DERINCE BURNU,TR,40.75,29.816667,40,45,N,29,49,E,BA24,55049/0,S,CB,F,N,N,N,Y, ,N,A,P,L,0,L,Y, ,Y,N,Y,Y,Y, , ,N,Y,Y,Y,Y, , ,Y,Y, ,Y,Y,Y,Y, , ,Y,Y, ,Y,Y,Y, , , ,Y,Y,Y,Y,N,N,N,Y,Y,Y,Y,Y,Y,C, ,L
3330308.09956543,4977985.73170289,628,44620,44360,IZMIT,TR,40.766667,29.916667,40,46,N,29,55,E,BA24,55049/0,S,CN,F,N,N,N,Y,Y,N,F,N,N,1,M, , , ,N,Y,Y,Y, , , ,Y,Y,Y, , , ,Y,Y, ,Y, ,Y, , , ,Y,N, ,Y, , , , , , , , , , , , ,Y,Y,Y,Y, , ,N, ,M
13870408.5528419,1232106.80189676,629,58770,57960,ORMOC,PH,11,124.6,11,0,N,124,36,E,162,92090,V,OR,P, , , ,Y, ,A,A,O, ,4, , , , , ,Y,Y,Y, , , , , , , ,Y,Y,Y, , , , ,Y, , , ,Y, , , , , , , , , , ,Y, , , , ,Y,Y,Y, , , , , , 
11879644.9924888,1205656.49092649,630,57580,57510,THANH HO CHI MINH,VN,10.766667,106.716667,10,46,N,106,43,E,161,93385,M,RN,E,Y,N,N,Y,Y,K,D,G,G,4,L,Y,Y,Y,Y,Y,Y,Y, , , ,Y,Y,Y,Y,Y, ,Y,Y,Y,Y,Y,Y,Y, , ,Y,Y, ,Y,Y,Y,Y,Y,Y,Y,Y,Y,Y,Y,Y,Y,Y,Y,Y,Y,Y,Y,C,S,M
13846289.3298367,1237777.43476876,631,58800,57960,PALOMPON,PH,11.05,124.383333,11,3,N,124,23,E,162,92380,V,CN,G, , , ,Y, ,A,F,M, ,4, , , , , , ,Y, , , , , , , , , ,Y,Y, , , ,Y, , , , ,Y, , , , ,Y, , , , ,Y,Y, , , , ,Y,Y, , , , , , , 
12152377.7449324,1332433.85436778,632,57610,57510,VINH CAM RANH,VN,11.883333,109.166667,11,53,N,109,10,E,161,93446,S,CN,G,N,N,N,Y, ,L,E,N,H,2,L, , ,Y,N,Y,Y,Y, ,Y, ,Y, , , ,Y,Y, , ,Y, ,Y,Y, , , ,Y, , ,N, , ,Y, ,Y, , , , , , , , ,Y, , , , , , , 
13786918.9347469,1079348.15015014,633,58870,57960,TAGBILARAN,PH,9.65,123.85,9,39,N,123,51,E,162,92320,S,OR,G, , , ,Y, ,M,A,N, ,1, , ,Y,Y, ,Y, ,Y,Y, , ,Y, , ,Y, , ,Y, ,Y, ,Y, , , , ,Y, , , , ,Y, , , , ,Y, , , , , , , ,Y, , , ,N, , 
12159799.0443186,1374173.30933122,634,57620,57510,NHA TRANG,VN,12.25,109.233333,12,15,N,109,14,E,161,93442,S,OR,F,Y,Y,N,Y,N,J,G,J,K,2,M,Y,Y,Y,N,Y,Y,Y, ,Y, ,Y,Y,Y,Y,Y,Y,Y, ,Y, ,Y,Y, , , ,Y,Y, ,N,Y,Y,N,Y,Y,Y,Y,Y,N,N,N,Y,Y,Y,Y, ,N,N,C,L, 
13799906.2086728,1113238.5702639,635,58890,57960,TUBIGAN,PH,9.95,123.966667,9,57,N,123,58,E,162,92320,V,OR,F, , , ,Y, ,M,N,L, ,3, , , , , , , , ,Y, , , , , , ,Y, , , , , , ,Y, , , ,Y, , , , , , , , , , , , , , , , ,Y, , , , ,D, , 
13792484.9092866,1152816.82575089,636,58960,57960,CEBU,PH,10.3,123.9,10,18,N,123,54,E,162,92385/3,L,CB,E, , ,N,Y,Y,K,G,K,M,2,M,Y, ,Y,Y,Y,Y,Y, , , ,Y, , ,Y, , ,Y, ,Y, ,Y,Y, , , ,Y,Y, ,Y,Y,Y, , , ,Y, ,Y,Y,N,Y,Y, ,Y,Y, ,Y,Y,B,M, 
12159799.0443186,1547460.33264978,637,57640,57510,QUI NHON,VN,13.766667,109.233333,13,46,N,109,14,E,161,93491,V,CN,F,Y,Y,N,Y,N,J,J,M,L,2,M,Y,Y,Y,N,Y,Y,Y, ,Y, ,Y,Y,Y,Y, , ,Y,Y,Y,Y,Y, , , , ,Y, , ,N,Y,Y, , ,Y,Y,Y,Y,Y,N,N,N,Y,Y,Y,Y,N,N,C,M,S
12046624.2286788,1816306.23128805,638,57650,57510,DA NANG,VN,16.1,108.216667,16,6,N,108,13,E,161,93512,S,RN,F,Y,Y,N,N,Y,H,F,J,H,1,M,Y,Y,Y,N,Y,Y, , , ,N,Y,Y,Y,Y,Y,Y,Y,Y,Y,Y,Y, , , , ,Y,Y, ,Y, ,Y, , ,Y,Y,Y,Y,N,N,Y,Y, ,Y,Y,Y, , ,C, ,S
13762799.7117417,1160360.47720928,639,59015,57960,TOLEDO,PH,10.366667,123.633333,10,22,N,123,38,E,162,92370,S,OR,P,Y,Y, , , ,F,A,O,N,2,L, , , , ,Y,N,Y, ,Y, , , , , , , ,Y, ,Y, ,Y,Y, , , ,Y,N, ,N, ,Y, , , , ,Y,Y, , , , , ,Y,Y, ,Y,Y,C, , 
11875934.3427957,2381944.74764902,640,57680,57510,HAI PHONG,VN,20.916667,106.683333,20,55,N,106,41,E,161,93032,S,RN,G,Y,Y,N,Y,Y,M,J,K,O,4,M,Y,Y,Y,N,Y,Y,Y, ,Y, ,Y,Y,Y,Y,Y,Y,Y,Y,Y,Y,Y,Y,Y, , ,Y,Y, ,Y,Y,Y,Y, ,Y,Y,Y,Y, , , , , ,Y,Y,Y,Y,Y,B,M,S
13738680.4887365,1173565.73790788,641,59070,57960,SAN CARLOS,PH,10.483333,123.416667,10,29,N,123,25,E,162,92370,V,CB,G, , , ,N, ,H,E,L, ,2, , , ,Y,N,Y, ,Y, , , ,Y,Y, , , , , , ,Y,Y,Y, , , , ,Y,Y, , , ,Y, , , , ,Y,Y, , , , ,Y,Y,Y, , , ,C, , 
11918606.8142665,2385917.61978534,642,57700,57510,HON GAI,VN,20.95,107.066667,20,57,N,107,4,E,161,93626,V,OR,F,Y,N,N,Y, ,L,F,J,K,2,M, ,Y,Y,N,Y,Y,Y, ,Y, ,Y,Y,Y,Y,Y,Y,Y, , ,Y,Y, , , , ,Y,Y, ,N, ,Y,Y, ,Y,Y,Y,Y, , , , ,Y,Y,Y,Y, , ,C, ,S
13705284.6414985,1073702.70549641,643,59080,57960,BAIS,PH,9.6,123.116667,9,36,N,123,7,E,162,92302,V,OR,G,Y,Y, ,Y, ,H,A,K, ,2, , , , , , ,Y, , , , , , , , , ,Y, , , , , , , , , ,Y, , ,N, , , , , , , , , , , , , ,Y, , , , ,D, , 
17723918.2591357,-1015414.40655861,644,57070,56940,YANDINA,SB,-9.083333,159.216667,9,5,S,159,13,E,126,82384,V,CN,G,N,N,N,Y, ,A,A,M, ,1,M,Y, ,Y, ,Y,N,Y, ,Y,N,N, , ,Y, , ,Y,Y,Y, ,Y, , , , , ,N, ,N, , , , , , , ,Y,Y,N,N,Y,Y,Y,N,Y,N,N,C, , 
13725693.2148106,1041727.45741261,645,59090,57960,DUMAGUETE,PH,9.316667,123.3,9,19,N,123,18,E,162,92302,V,OR,G, , , ,Y, ,A,A,O, ,1,M,N,Y, , ,Y,Y,Y, , , , ,Y, , , , ,Y, ,Y, ,Y, , , , ,Y, , ,N, ,Y, , , , ,Y,Y, , , , , ,Y,Y, , , ,C, , 
-18510575.9940748,2737169.258666,646,56323,56050,TERN ISLAND,US,23.866667,-166.283333,23,52,N,166,17,W,CP07,19402,V,CN,P,N,N,N,Y, ,N,A,N, ,1, ,Y, , , , , , , , , , , , , , ,Y, , , , , , , , , ,Y, , , , , , , , , , , , , , , , ,Y, , , , ,C, , 
13762799.7117417,1021051.46005757,647,59100,57960,LAZI,PH,9.133333,123.633333,9,8,N,123,38,E,162,92290,V,CN,F, , , , , ,A,A,O, ,3,M,Y, , , , ,Y, , , , ,Y, , ,Y,Y,Y, ,Y, , ,Y, , , , ,Y, , , , , , , , , , , , , , , , ,Y,Y, , , ,N, , 
13670033.469414,1177339.58100847,648,59120,57960,PULUPANDAN,PH,10.516667,122.8,10,31,N,122,48,E,162,92350,V,OR,P,Y,Y, ,Y, ,O,K,N,M,2,M,Y, , , ,Y,Y,Y, ,Y, ,Y,Y, , , ,Y,Y, ,Y, ,Y, ,Y, , ,Y, , , , , , , , , , ,Y, , , , ,Y,Y,Y, , , ,C, , 
-18870509.0143064,1891742.87318388,649,56325,56324,JOHNSTON ATOLL,XU,16.75,-169.516667,16,45,N,169,31,W,126,83637,V,CN,F,N,N,N,Y,N,L,K,O, ,2,L,N,Y,Y,Y,Y, ,Y, ,Y, , , , , ,Y,Y,Y,Y,Y, ,Y, , , , ,Y,Y, ,N, ,Y, , ,Y,Y,Y,Y,Y,N,Y,Y,Y,Y, ,Y,Y,Y,C, , 
13660756.8451812,1300219.20818828,650,59150,57960,PORT CAPIZ,PH,11.6,122.716667,11,36,N,122,43,E,162,92420,V,CB,E, , , ,Y, ,N,N,J, ,4,M, , , , , , , , , , , , , , ,Y, , , , , ,Y,Y, , , , , , , , , , , , , , , , , , , , , , , , , ,D, , 
-19744367.0170336,3272107.65301613,651,56328,56327,MIDWAY ISLAND,QM,28.183333,-177.366667,28,11,N,177,22,W,CP07,19480,V,CB,G,N,Y,N,Y, ,J,A,L, ,1, , , , ,Y,Y,Y, , ,Y, ,Y, , , ,Y,Y,Y,Y,Y,N,Y, , , , ,Y,Y, , , ,Y, , , ,Y,Y,Y,Y,Y,N,N, , , , ,N,N,D, , 
18547682.4910059,2188322.39221663,652,56330,56329,WAKE ISLAND,QW,19.283333,166.616667,19,17,N,166,37,E,126,81664,V,CN,F,Y,Y,N,Y,N,A, , ,H,1,L, , ,Y,N,Y, , , ,Y, , , , , , , , , ,Y, , ,Y, , , ,Y,N, ,N,Y, , , , , ,Y,N,N,N,N,Y,N,N,N,Y,N,N,C, ,S
13645914.2464088,1194326.93874414,653,59180,57960,JORDAN,PH,10.666667,122.583333,10,40,N,122,35,E,162,92356/0,V,OR,G, , , , , ,A,A,K,J,4,M, , , , ,Y,Y,Y, , , , , , , , , ,Y, ,Y, ,Y, , , , ,Y, , , , , , , , , , , , , , , , ,Y,Y, , , , , , 
19078305.3971205,790529.342188967,654,56400,56340,MAJURO ATOLL,MH,7.083333,171.383333,7,5,N,171,23,E,126,81782,V,OR,G,N,N,N,Y,N,G,A,F,J,2, , , ,Y, ,Y,Y,Y,Y, ,N,N, , , , ,Y,Y, ,Y, ,Y,Y, , , ,Y,Y, ,N, ,Y, , , , ,Y,Y,Y,N,N,Y,Y,Y,Y,Y, , ,C, ,S
13645914.2464088,1198103.04056026,655,59190,57960,ILOILO,PH,10.7,122.583333,10,42,N,122,35,E,162,92356/0,V,OR,G,Y,N,N, , ,L,A,K, ,3,L,Y,Y,Y,Y,Y,Y,Y, ,Y, ,Y,Y,Y, , , ,Y, ,Y,Y,Y,Y, , , ,Y,Y, ,N,Y,Y, , , ,Y,Y,Y,Y,Y,N,N, ,Y,Y, ,Y,Y,B,S,M
19250850.6078501,148439.386024683,656,56450,56430,TARAWA ATOLL,KI,1.333333,172.933333,1,20,N,172,56,E,126,83059,V,OR,F,N,N,N,Y, ,L,L,M, ,3,M, , ,Y,N,Y, ,Y, ,Y, ,Y,Y, , , , ,Y, ,Y, , ,Y, , , ,Y,Y, ,N,Y,Y, , , ,Y,Y,Y, , , , ,N,Y,Y,N,Y,Y,C, , 
13217334.2068547,1088759.08849488,657,59270,57960,PUERTO PRINCESA,PH,9.733333,118.733333,9,44,N,118,44,E,162,92529,S,CN,G,Y,Y,N,Y, ,A,E,L, ,1,M,Y,Y,Y,N,Y,Y,Y, , , ,Y, , ,Y, , , , ,Y,Y,Y, , , , ,Y,Y, ,N,N,Y,N,N,N,N,Y,Y, , , , , ,Y,Y, , , ,C, ,S
1345110.51375206,-605744.455692717,658,46487,46478,MALONGO OIL TERMINAL,AO,-5.433333,12.083333,5,26,S,12,5,E,123,57243,S,OR,P, ,Y, ,Y, , ,A, ,A,2,L,Y, , , ,Y,Y,Y,Y,Y, ,Y, , , ,Y, ,Y,Y,Y, ,Y,Y, , , , ,N, ,N, , , , , , , , , , , , ,N,N,N,N, , ,N, , 
18581078.3382439,-59371.2524834446,659,56500,56495,NAURU,NR,-0.533333,166.916667,0,32,S,166,55,E,126,81012,V,OR,F,N,Y,N,Y,Y,A, ,A,A,1,M, , ,Y,N,Y,Y,Y, ,Y,N,N,Y, ,Y,Y,Y,Y, ,Y, , ,Y,Y, , ,Y,N, ,N, , , , , , , ,Y, ,N,Y,Y, , ,Y, ,N,N,C, , 
1358097.78767794,-616927.579776911,660,46490,46478,CABINDA,AO,-5.533333,12.2,5,32,S,12,12,E,123,57243,S,OR,G, ,N,N,N,Y,O,K,O,K,1,L,Y,Y,Y,N,Y,Y,Y, ,Y,N,N, ,Y, , , ,Y, ,Y, , ,Y, , , ,Y,N, ,N,Y, , , , , ,Y,Y,N,N,N,N,N,Y,Y,N,N,N,B, , 
13896383.1006936,1133964.65126736,661,58740,57960,MAASIN,PH,10.133333,124.833333,10,8,N,124,50,E,162,92090,V,OR,F, , , ,Y, ,H,K,N, ,3, , , , , ,Y,Y, , , , , , , , , ,Y, , , , , ,Y, , , , , , , , , , , , , , ,Y, , , , ,Y,Y, ,Y, , , , , 
13892672.4510005,1196214.93784761,662,58750,57960,BAYBAY,PH,10.683333,124.8,10,41,N,124,48,E,162,92090,V,OR,P, , , , , ,A,A,O, ,4, , , , , , , , , , , , , , , , ,Y,Y, , , ,Y, , , , ,Y, , , , , , , , , , ,Y, , , , ,Y,Y, ,Y, , ,C, ,S
16217394.4837334,1712260.25586153,663,56520,56515,SAIPAN,MP,15.2,145.683333,15,12,N,145,41,E,CP07,81067,S,CN,P,N,N,N,Y,N,K,N,N,N,1,M,Y, ,Y,Y, ,Y,Y,Y,Y,N,Y, , ,Y,Y,Y,Y,Y,Y, , , , , , ,Y,Y, ,N,Y,Y, ,Y,Y, , ,Y,Y,N,N,Y,Y,Y,N,Y,Y,Y,N, , 
1378506.36099004,-667275.541041056,664,46510,46500,BANANA,CD,-5.983333,12.383333,5,59,S,12,23,E,123,57242,V,RN,G, ,Y,N,Y, ,N,H,N,J,1,M, , , , ,Y,Y,Y,Y,Y,N,Y,Y, ,Y, , ,Y, ,Y, ,Y,Y, , , ,Y,N, ,Y,Y, , , , , ,Y, , , , , ,N,N,Y,Y,N,N,N, , 
1452719.35485222,-652353.446970723,665,46520,46500,BOMA,CD,-5.85,13.05,5,51,S,13,3,E,123,57245,S,RN,F, , , ,Y,Y,L,L,K, ,2,M,Y, , , ,Y,Y, , ,Y,N,Y, ,Y, , , ,Y, ,Y,Y,Y,Y, , , ,Y, , ,N, ,Y, , , , ,Y,Y,Y, , , ,Y,Y,Y,Y,N,N,B,S,M
1380361.68583659,-775574.739853933,666,46547,46540,PALANCA TERMINAL,AO,-6.95,12.4,6,57,S,12,24,E,123,57260,S,OR,P, ,Y, ,Y,Y, ,A, ,A,2,L,Y, , , ,Y,Y,Y, , , ,Y, , , ,Y, ,Y,Y, , , , , , , ,Y,Y, ,N, , , , , , , , , , , , , , ,N,N, , ,N, , 
13803616.8583659,1455924.27237054,667,58205,57960,SORSOGON,PH,12.966667,124,12,58,N,124,0,E,162,91380,V,CN,E, , , ,Y, ,P,N,Q, ,3, , , , , , , , , , , , , , , , ,Y, , , , , ,Y, , , , , , , , , , , , , , , , , , , ,Y, , ,Y, , ,D, , 
16209973.1843472,1685358.89154171,668,56530,56515,TINIAN,MP,14.966667,145.616667,14,58,N,145,37,E,CP07,81071,V,CB,G,N,N,N,Y,N,L,E,L, ,1,M,Y,Y, ,Y, ,Y, , , ,N,N, , ,Y, , ,Y, ,Y, ,Y, , , , ,Y,Y, ,N, ,Y, , ,Y, ,Y,N,Y,N,N,N,Y,Y,N,Y,N,N,D, , 
1458285.32939188,-874731.971409722,669,46550,46540,PORTO DO AMBRIZ,AO,-7.833333,13.1,7,50,S,13,6,E,123,57260,V,CB,P, ,Y, ,Y, ,O,N,N, ,1,M, , , , , ,Y,Y, , , ,Y, , , ,Y,Y,Y, , , ,Y,Y, , , , , , , , , , , , , , , , , , , , , , ,Y, , , , , 
1474983.25301087,-983485.82545683,670,46560,46540,LUANDA,AO,-8.8,13.25,8,48,S,13,15,E,123,57262,S,CN,E, , , ,Y, ,H,A,K,H,1,L,Y,Y,Y,Y,Y,Y,Y, ,Y,N,Y,Y,Y, ,Y,Y,Y,Y,Y,Y,Y,Y, , , ,Y,Y, ,N,Y,Y,Y, ,Y, ,Y,Y,Y, , , ,Y,Y,Y,Y,N,N,C,S, 
1510234.42509541,-1383667.57582033,671,46590,46540,LOBITO,AO,-12.333333,13.566667,12,20,S,13,34,E,123,57282,S,CN,G,N,N,N,Y,Y,G,G,K,K,2,L,Y, ,Y,N,Y,Y,Y, ,Y,N,Y,Y,Y, ,Y,Y,Y,Y,Y,Y,Y,Y, , , ,Y,Y, ,N,Y,Y,Y,Y,Y, ,Y,Y,Y, ,Y,Y,Y,Y,Y,N, ,Y,C,S, 
13588399.1761656,1516914.44533724,672,58315,57960,SANTA CRUZ (MARINDUQUE ISL),PH,13.5,122.066667,13,30,N,122,4,E,162,91340,V,CB,E, , , ,Y, ,A,F,K, ,5, ,Y, , , , ,N,Y, , , ,Y, , , ,Y,Y, , ,Y, ,Y, , , , ,Y, , , , , , , , , , , , , , , ,Y,N,N,N,N,N, , , 
16158024.0886437,1589517.98603693,673,56540,56515,ROTA,MP,14.133333,145.15,14,8,N,145,9,E,CP07,81063,V,OR,P,N,N,N,Y,N,A,A,P, ,1, , , , , , ,Y, , , ,N,N, , , , , ,Y, ,Y, , ,Y, , , ,Y, , ,N, , , , ,Y, , ,Y, , , , ,Y,Y, , , , ,C, ,S
13475224.3605258,1545550.2013331,674,58320,57960,BATANGAS CITY,PH,13.75,121.05,13,45,N,121,3,E,162,91309,M,OR,G,N,N,N, , ,A,B,J,G,1,L,Y,Y,Y,N,Y,Y,Y, ,Y, ,Y,Y, ,Y, , ,Y, , ,Y,Y,Y, , , ,Y,Y, ,N, ,Y,Y, , ,Y,Y,Y, , ,Y,Y, ,Y,Y, , , ,B,M,S
1352531.81313827,-1712260.25586153,675,46610,46540,NAMIBE,AO,-15.2,12.15,15,12,S,12,9,E,123,57300,S,OR,F,N,Y,N, ,Y,E,L,E,J,2,L,Y, ,Y,N,Y,Y,Y, ,Y,Y,Y,Y,Y,Y,Y,Y,Y, ,Y,Y,Y,Y, , , ,Y,N, ,N,Y,Y,Y,Y,Y, ,Y,Y,Y, , , ,Y,Y,Y,Y,N,N,C, ,S
16098653.6935539,1511190.91136951,676,56550,56545,APRA HARBOR,GU,13.45,144.616667,13,27,N,144,37,E,126,81054,M,CB,G,Y,Y,N,Y,N,J,A,L,G,1,M,N,Y,Y,Y,Y,Y,Y, ,Y, ,Y,Y, , ,Y,Y,Y, ,Y, ,Y, , , , ,Y,Y, ,Y,Y,Y,Y,Y, ,Y, , ,Y,Y,N,N, ,Y,Y,Y,N,Y,C,M, 
13426985.9145153,1583778.90081834,677,58350,57960,NASUGBU,PH,14.083333,120.616667,14,5,N,120,37,E,162,91300,V,CN,P,Y,Y, ,Y, ,Q,L, , ,3,M,Y, , , , , , ,Y, , , , , , , , ,Y, , , , ,Y, , , ,N, , ,N, , , , , , , , , , , , ,Y,N, , , , ,N, , 
13465947.736293,1641227.10097908,678,58370,57960,MANILA,PH,14.583333,120.966667,14,35,N,120,58,E,162,91297,L,CB,E,Y,Y,N,Y,Y,K,J,G,L,1,M,Y,Y,Y,Y,Y,Y,Y,Y,Y, ,Y,Y, ,Y,Y,Y,Y,Y,Y,Y,Y, , , , ,Y,Y, , , ,Y,Y, ,Y,Y,Y,Y, , , , ,Y,Y,Y,Y, , ,B,M,M
18148787.6489967,594563.187929497,679,56570,56560,LELE HARBOR,FM,5.333333,163.033333,5,20,N,163,2,E,126,81488,V,CN,F,N,Y,N,Y,N,G,H,L,L,1, ,Y,N, , , , , , , ,N,N, , , , , ,Y, , , , ,Y, , , ,Y,N, ,N, , , , , , , ,N,Y,N,N,N,Y,Y,Y,Y,Y,Y,D, , 
-1604855.99226969,-885970.129264588,680,46670,46660,GEORGETOWN,SH,-7.933333,-14.416667,7,56,S,14,25,W,123,57487,M,OR,P, , , ,Y, ,A,C,P,J,1,L,N, , , ,Y,N,N, , ,N,N,Y,Y, ,Y,Y,Y,Y,Y, ,Y,Y, , , ,Y,Y, ,N,Y,Y, , , , ,Y,Y,Y,N,N,Y,N,N,N,N, , ,C, , 
13412143.3157429,1623979.15592127,681,58390,57960,MARIVELES,PH,14.433333,120.483333,14,26,N,120,29,E,162,91280,V,CN,F,Y,Y, , , ,O,A,G,G,1,M,Y, ,Y,N,Y,Y,Y, , , ,Y,Y, ,Y, , ,Y, , , ,Y, , , , ,Y,Y, ,N,Y, , , , ,Y,Y,Y, , , , , ,Y,Y, , , ,A,S, 
15376932.3282442,1064295.48040155,682,56630,56560,COLONIA,FM,9.516667,138.133333,9,31,N,138,8,E,126,81187,V,CN,G,N,N,N,Y,Y,A,A,L, ,1,M,Y,Y, ,N,Y, ,Y, , ,N,N, , , ,Y,Y,Y, ,Y, , ,Y, , , ,Y,Y, ,N,N,N,N,N,Y,N,N,Y,Y,N,N,N, ,Y,Y, ,N,N,C,M, 
797789.684018461,495870.515510414,683,46205,46120,BONNY,NG,4.45,7.166667,4,27,N,7,10,E,123,57141/0,M,RN,G,Y,Y,N,Y,N,G,D, ,H,3,L,Y, ,Y,N,Y,Y,Y, , ,N,N,Y, , ,Y, ,Y,Y,Y, ,Y,Y, , , ,Y, , ,N, , , , , , , , , , , , ,Y,Y,Y,Y,N,N,N, , 
13352772.9206532,1752668.30359774,684,58410,57960,MASINLOC,PH,15.55,119.95,15,33,N,119,57,E,162,91273,V,CN,G,Y,Y, ,Y, ,H,B,K,K,1, ,Y, ,Y, ,Y,Y,Y, , , ,Y, , ,Y, , ,Y,Y, , ,Y, , , , ,Y,Y, ,N, , , , , , , ,Y,Y,N,N,N, ,Y, ,N,N,N,N, , 
14966905.5371556,818580.944580262,685,56660,56650,MALAKAL HARBOR,PW,7.333333,134.45,7,20,N,134,27,E,126,81155,V,OR,G,N,Y,N,Y,N,H,E,M,M,4,M, , ,Y,N,N,N,Y,N,N,N,N, , , , , , ,Y,Y, ,Y,Y, , , ,Y,Y, ,N, ,Y,Y, ,Y, ,Y,Y,Y,N,N,Y,Y,Y,Y,Y,Y,N,C, , 
-1844192.89747523,1511190.91136951,686,45825,45824,BANJUL,GM,13.45,-16.566667,13,27,N,16,34,W,143,51032,V,RN,F,Y,N,N,Y,N,L,G,K,N,2,M,Y,Y,Y,Y,Y,Y, , , , ,Y,Y,Y,Y,Y, ,Y,Y,Y, ,Y,Y,Y, , ,Y,Y, ,Y, ,Y, , , , ,Y,Y,Y, , , ,Y,Y,Y,N,Y,Y,C, , 
16172866.6874161,-4977985.73170289,687,54870,54700,STANLEY,AU,-40.766667,145.283333,40,46,S,145,17,E,127,75025,V,CB,F,Y,Y, ,Y, ,L,N,L, ,1,L,Y, ,Y, ,Y,Y, , ,Y, ,Y, , , , , ,Y, ,Y, ,Y, , , , ,Y,N, ,Y, , , , , , , ,Y, , , , , ,Y,Y,Y, , ,C, , 
-1807086.40054414,1377970.65496927,688,45835,45833,RIO CACHEU,GW,12.283333,-16.233333,12,17,N,16,14,W,143,51560,V,RN,G, , , ,Y, ,O,J,P, ,2, ,Y, , , ,Y,Y, , , , , , , , , , , , , , , ,Y, , , , , , , , , , , , , , ,Y, , , , , , , , , , ,D, , 
13393590.0672774,1876248.03126854,689,58460,57960,SAN FERNANDO HARBOR,PH,16.616667,120.316667,16,37,N,120,19,E,162,91247,M,OR,F,Y,Y, , , ,F,B,F,G,1,M,Y,Y,Y, ,Y,Y,Y, ,Y,Y,Y,Y,Y,Y,Y, ,Y, ,Y,Y,Y, , , , ,Y,Y, ,Y,Y,Y,Y, ,Y,Y,Y,Y, , , , ,Y,Y,Y,Y,Y,Y,C,S,S
-1740294.70606818,1330537.95511929,690,45838,45833,BISSAU,GW,11.866667,-15.633333,11,52,N,15,38,W,143,51580,V,RN,G,Y, ,N,N, ,J,N,L,O,6,L,Y, ,Y,Y,Y,Y,Y, ,Y,N,N,Y,Y,Y,Y, ,Y,Y,Y, ,Y,Y, , , ,Y, , , , ,Y, , , ,Y,Y,Y,Y, ,Y,Y,Y,Y, ,Y,Y,Y,B, , 
-1621553.91588868,1211322.6749887,691,45845,45842,VICTORIA,GN,10.816667,-14.566667,10,49,N,14,34,W,143,51580,V,RN,G,Y, , ,Y, ,N,M, , ,14, , , , , ,Y,Y, , , , , , , , , ,Y, , , ,Y, ,Y, , , , , , , , , , , , , , , , , , , ,Y, , , , , , , , 
16183998.6364954,-4987789.36301235,692,54875,54700,PORT LATTA,AU,-40.833333,145.383333,40,50,S,145,23,E,127,75025,V,OR,P,N,N,N,Y,Y,G,A,F,F,2,M, ,Y,Y,N,Y,Y,Y, ,Y,Y,Y,Y,Y, , , ,Y, ,Y,Y,Y, ,Y, , ,Y,Y, ,N, , , , , , , ,Y,Y,N,Y,Y,Y,Y,N,N, , ,C, ,S
-1627119.89042835,1190551.25068037,693,45850,45842,KAMSAR,GN,10.633333,-14.616667,10,38,N,14,37,W,143,51580/03,V,RN,F,Y, , ,Y, ,M,K,N,H,3,M,Y,Y, ,Y,Y,Y, , , , ,Y, ,Y, ,Y, ,Y,Y,Y, ,Y, ,Y, , ,Y,N, ,N,Y, , ,Y,Y,Y, , , , , , ,N,Y,Y,Y, , ,N, , 
-1526932.3487144,1064295.48040155,694,45855,45842,CONAKRY,GN,9.516667,-13.716667,9,31,N,13,43,W,143,51601,M,CB,G,Y,N,N,Y, ,K,J,M,L,4,L,Y,Y,Y,Y,Y,Y,Y,Y,Y, ,Y,Y,Y,Y, , ,Y,Y,Y,Y,Y,Y, , , ,Y,Y, , , ,Y, , , ,Y,Y,Y,N,N, ,N,N,Y,Y,Y,N,N,C,S,M
-1469417.27847121,1024809.93484956,695,45857,45842,BENTI,GN,9.166667,-13.2,9,10,N,13,12,W,143,51600,V,RN,G,Y, , ,Y, ,O,G,J, ,3, ,Y,Y, , ,Y,Y,Y,Y,Y, , , , , ,Y,Y, , , ,N,Y,Y, , , , , , , , , , , , , , , , , , , , , , , , , , , , 
-1473127.92816432,949705.706693813,696,45862,45860,FREETOWN,SL,8.5,-13.233333,8,30,N,13,14,W,143,51621,S,CN,F,Y,Y,N,Y, ,L,G,K,J,3,M,Y, ,Y,Y,Y,Y, ,Y,Y,Y,Y,Y, ,Y,Y, ,Y,Y,Y,N,Y,Y, , , ,Y,Y, ,N,Y,Y, , , , ,Y,Y,Y, , , ,Y,Y,Y,Y,Y,Y,B, ,S
5361888.80654268,3384133.94718666,697,48361,48350,MINA AL AHMADI,KW,29.066667,48.166667,29,4,N,48,10,E,172,62572,M,OR,F,Y,Y,N,Y, ,F,A,H,A,2,M,Y, ,Y,Y,Y,Y,Y, ,Y, ,Y,Y,Y,Y, , ,Y,Y,Y, ,Y,Y,Y, , ,Y,Y, ,N,Y,Y,Y, ,Y,Y,Y, , , ,Y,Y,Y,Y,Y,Y,N, ,C, ,S
-1452719.35485222,959086.381173572,698,45865,45860,PEPEL,SL,8.583333,-13.05,8,35,N,13,3,W,143,51600,V,RN,G,Y,N,N,Y,Y,K,K,J,K,3,M,N, ,N,N,Y,Y,Y, , ,N,N,Y, ,Y,N, ,Y, ,Y, , ,Y, , , , , , , ,Y, , , ,Y, , ,Y,Y, , , ,Y,Y,N,N, , , , , 
16247079.6812783,-5019719.4521033,699,54880,54700,BURNIE,AU,-41.05,145.95,41,3,S,145,57,E,127,75169,S,CB,E,N,Y,N,N, ,K,A,J,J,2,M, ,Y,Y,N,Y,Y,Y, ,Y, ,Y,Y,Y, ,Y,N,Y,Y,Y,Y,Y, , , , ,Y,Y, ,Y,Y, , , ,Y, , ,Y,Y,N,Y,Y, ,Y,Y, ,Y,Y,C, ,M
5432391.15071175,3475729.6559949,700,48390,48375,KHAWR AL AMAYA,IQ,29.783333,48.8,29,47,N,48,48,E,172,62434,V,OR,P,N,N,N, , ,B,J,F,G,1,M,Y,Y,Y,N,Y,Y,Y, , ,Y,Y,Y,Y, , , ,Y,Y, , ,Y,Y,Y, , , ,Y, , , , , , , , , , , , , , , ,Y,N,N,N,N,N, , 
-1391493.63491592,841033.544633629,701,45867,45860,BONTHE,SL,7.533333,-12.5,7,32,N,12,30,W,143,51620,V,RN,G, , , ,Y, ,O,M,M, ,3,M, , , ,Y,Y,Y, , , , ,N, , ,Y, , ,Y, ,Y, , ,Y, , , , ,N, ,N, , , , , , , ,Y, , , , ,Y,Y,N,N,N,N,C, , 
5434246.47555831,3462909.89484148,702,48392,48375,AL-BASRA OIL TERMINAL,IQ,29.683333,48.816667,29,41,N,48,49,E,172,62434,V,OR,P,N,N,N,Y, ,C, ,A,A,4,L, , ,Y,N,Y,Y,Y, , ,Y,Y,Y, , , , ,Y,Y, , ,Y, ,Y, , ,N, , ,N, , , , , , , , , , , , , ,Y,Y,Y, , , , , 
-2782987.26983184,1907248.57118318,703,45880,45869,PORTO GRANDE,CV,16.883333,-25,16,53,N,25,0,W,143,51500,V,CN,F, ,Y, ,Y, , ,B,J,J,1,M,Y, ,Y,N,Y,Y, , ,Y, ,Y,Y,Y,Y,Y, ,Y,Y,Y, ,Y,Y,Y, , ,Y,Y, ,Y,Y,Y,Y, ,Y,Y,Y,Y,Y,N,Y,Y,Y,Y,Y,Y,Y,Y,A, , 
15315706.6083079,-3899729.24214017,704,54320,53290,WHYALLA,AU,-33.033333,137.583333,33,2,S,137,35,E,175,75142,S,CB,P,N,N,N,Y, ,K,L,K, ,2,M,Y,Y,Y,N,Y,Y,Y, ,Y,Y,Y,Y, , , , ,Y, ,Y,Y,Y, , , , ,Y,Y, ,N,Y,Y, ,Y, , , ,Y, , , , , ,Y,N,Y, , ,C, ,M
5337769.58353747,3505692.3680513,705,48399,48375,UMM QASR,IQ,30.016667,47.95,30,1,N,47,57,E,172,62437,S,RN,E,Y, , ,Y,N,J,K,K, ,1,M,Y, , ,N,Y,Y,Y, ,Y, ,Y,Y, , ,Y,N,N,N,Y, ,Y,Y, , , ,Y,Y, , ,Y,Y, , , ,Y,Y,Y, , , ,Y,Y,Y,Y, , ,Y,B,M,M
-2617863.35848848,1679598.13902665,706,45910,45869,PORTO DA PRAIA,CV,14.916667,-23.516667,14,55,N,23,31,W,143,51540,S,CB,F, ,Y, ,N,N,M,F,L, ,1, , , , , ,Y,Y, , ,Y, ,Y, , ,Y, , ,Y, ,Y, , ,Y, , , ,Y, , , ,Y,Y, , , ,Y,Y,Y, , , , ,Y,Y,Y,Y, , ,C, , 
5324782.30961159,3570136.91583197,707,48400,48375,AL BASRAH,IQ,30.516667,47.833333,30,31,N,47,50,E,172,62439,M,RN,G,N,N,N,Y,N, , , , ,1,M, , ,Y,Y,Y, , , , , , ,Y,Y,Y, , , , , , , , , , , , , , , , , , , , , , , , , , , , , , , , , , , , 
17094963.1361537,-3358686.60986701,708,53520,53290,BALLINA,AU,-28.866667,153.566667,28,52,S,153,34,E,127,74172,S,RN,G,Y,Y, ,Y, ,O,O,O, ,2,M, , ,Y, , ,Y,Y, ,Y, , ,Y, ,Y,Y,Y, ,Y, ,Y,Y, , , , ,Y,Y, , ,Y, , , , , ,Y, , , , , ,Y,Y, ,Y, , ,C,S, 
-1204105.82541391,704596.882081486,709,45940,45920,MONROVIA,LR,6.316667,-10.816667,6,19,N,10,49,W,143,51641,S,CB,F,Y,N,N,Y, ,L,H,L,L,1,L,Y,Y,Y,Y,Y,Y,Y, ,Y, ,Y,Y, ,Y,Y, ,Y,Y,Y,Y,Y,Y, , , ,Y,Y, ,Y,Y,Y, , , ,Y,Y,Y,Y,N, , ,Y,Y,Y,Y,Y,Y,C, ,L
16896443.3775724,-3884248.07374114,710,53610,53290,NEWCASTLE,AU,-32.916667,151.783333,32,55,S,151,47,E,127,74150,L,CB,E,N,Y,N,Y,Y,G,L,F,K,1,L,Y,Y,Y,Y,Y,Y,Y, ,Y,N,Y,Y,Y, ,Y,Y,Y,Y,Y,Y,Y, , , , ,Y,Y, , ,Y,Y,Y, ,Y, ,Y,Y,Y,Y,Y,Y,Y,Y,Y,Y,Y,Y,B,S, 
5363744.13138923,3559373.30282381,711,48420,48410,KHORRAMSHAHR,IR,30.433333,48.183333,30,26,N,48,11,E,172,62595,M,RN,G,N,N,N,Y, ,L,L,K, ,3,M, ,Y,Y,Y,Y,Y, , ,Y,Y,Y,Y, , ,Y,Y,Y, ,Y,Y,Y,Y, , , ,Y,Y, ,N,Y,Y,Y, ,Y,Y, , , , , , ,Y,Y,Y,Y, , ,C,S,S
-1120616.20731895,654218.512488713,712,45950,45920,BUCHANAN,LR,5.866667,-10.066667,5,52,N,10,4,W,143,51642,V,CB,F,N,N,N,Y, ,H,C,K,K,1,L,Y,Y,Y,N,Y,Y, , ,Y, ,Y,Y, , ,Y, ,Y,Y,Y,Y,Y, , , , ,Y, , ,N,Y,Y, ,Y, , ,Y,Y,Y, , , ,N,Y,N,N,N,N, , ,S
16831507.007943,-4010912.63734518,713,53650,53290,SYDNEY,AU,-33.866667,151.2,33,52,S,151,12,E,127,75267/9,L,CN,E,N,Y,N,Y,Y,H,K,K,H,1,L,Y,Y,Y,Y,Y,Y,Y,Y,Y,Y,Y,Y,Y, ,Y,Y,Y,Y,Y,Y,Y, , ,Y, ,Y,Y, , ,Y,Y,Y,Y,Y,Y,Y,Y,Y,Y,Y,Y,Y,Y,Y,Y,Y,Y,A,L,L
4783027.45441765,1669999.85802113,714,48165,48143,AL AHMADI,YE,14.833333,42.966667,14,50,N,42,58,E,172,62292,S,CB,P,N,N,N,Y,N,K,L,N,N,1,M,N,Y,Y,N,Y,Y,Y,Y,Y,N,N, , , ,Y,N,Y,Y,Y, ,Y,Y, , , ,N, , , ,Y,Y,Y, ,Y,Y,Y,N, , , , ,Y,Y,Y, ,N,N,B, , 
5003811.11115765,1434989.35446842,715,48190,48143,ADEN,YE,12.783333,44.95,12,47,N,44,57,E,172,62098,M,CN,G,Y,N,N,Y, ,G,D,F,F,1,M,Y,Y,Y,N,Y,Y,Y,Y,Y, ,Y, ,Y, ,Y,Y,Y,Y,Y, , ,Y,Y, , ,Y,Y, ,Y,Y,Y,Y, ,Y,Y, ,Y,Y, ,Y,Y,Y,Y,Y,Y, , ,A,L,S
16835217.6576361,-4028802.02613441,716,53655,53290,BOTANY BAY,AU,-34,151.233333,34,0,S,151,14,E,127,75263,S,CN,G,N,Y,N,Y, ,G, ,G,J,4,L, ,Y,Y,N,Y,Y,Y, , ,N,Y, , , ,Y,Y,Y,Y,Y,Y,Y, , , ,Y,Y, , ,Y, , , , , , , ,Y,N,N,Y,N,Y,Y,Y,Y,Y,Y,B, , 
5467642.32279629,1633559.90473419,717,48210,48195,AL MUKALLA,YE,14.516667,49.116667,14,31,N,49,7,E,172,62302,S,CB,F, , , , , ,J,A,L,A,1,L,N,Y,Y, ,Y,Y,Y,Y,Y,N,Y, ,Y, ,Y,Y,Y,Y,Y, , ,Y,Y, , ,Y,Y, ,Y,Y,Y,Y, ,Y,Y,Y, , , , , ,Y,Y,Y,Y, , ,C,L, 
4899912.91975059,-2045353.23789015,718,47420,47350,MAINTIRANO,MG,-18.066667,44.016667,18,4,S,44,1,E,171,61440,V,OR,P, ,Y, ,Y, ,O,L, , ,2, ,Y, , , ,Y,N, , , , , , , , , ,Y,Y, , , , ,Y, , , , , , , , , , , , , , , , , , , ,Y, , , , , , , , 
16799966.4855515,-4093888.00236231,719,53690,53290,PORT KEMBLA,AU,-34.483333,150.916667,34,29,S,150,55,E,127,75271/3,M,CB,F, ,N,N,Y, ,F,A,F,J,2,L, ,Y,Y,N,Y,Y,Y,Y,Y,N,Y,Y, ,Y,Y,Y,Y, , ,Y,Y, ,Y, , ,Y,Y, ,Y,Y,Y, , ,Y,Y,Y,Y,Y,N,Y,Y,Y,Y,Y, ,Y,Y,C, ,L
5232016.06728386,-2879839.42897797,720,47470,47350,FARADOFAY,MG,-25.033333,47,25,2,S,47,0,E,171,61522,V,OR,F,N,Y,N,Y, ,K,F,P, ,2,L, , ,Y, ,Y, ,N, , ,N,N,Y, , , , ,Y, ,Y, , ,Y, , , ,Y, , , ,Y,Y, , , ,Y,Y,Y,Y, , , ,Y,Y,N,N,N,N, , , 
16786979.2116257,-4179747.00227817,721,53710,53290,JERVIS BAY,AU,-35.116667,150.8,35,7,S,150,48,E,127,75251,V,CN,G, , , , , ,A,H,P, ,1, , , , , , , ,Y, , , , , , , ,Y,Y, , ,Y, , ,Y, , , , , , , , , , , , , , , , , , , ,Y,Y, , , , ,D, , 
5348901.5326168,-2525538.23560808,722,47500,47350,MANAKARA,MG,-22.116667,48.05,22,7,S,48,3,E,171,61520,V,OR,P,Y,Y, ,Y, ,L,G,P, ,0, ,Y, , , ,Y, ,N, , , , , , , , , ,Y, , , , ,Y, , , , , , , ,Y, , , , , ,Y,Y, , , , , , , , , , , , , 
16716476.8674566,-4259419.96554792,723,53750,53290,BATEMANS BAY,AU,-35.7,150.166667,35,42,S,150,10,E,127,75251,V,CN,G, ,Y, ,Y,Y,F,K,O, ,1, ,N, , , , , , , , , , , , , , ,Y, , , ,Y,Y, , , , ,Y, , , , , , , , , , , , , , , , ,Y, , , , ,D, , 
5545565.96635158,-1741116.20842215,724,47590,47350,MAROANTSETRA,MG,-15.45,49.816667,15,27,S,49,49,E,171,61540,V,OR,F, , , ,Y, ,A,J, , ,0, , , , , , , , , , , , , , , , , , , , , , ,Y, , , , , , , , , , , , , , , , , , , ,Y, , , , , , , , 
5565974.53966368,-1499747.42176211,725,47620,47350,IHARANA,MG,-13.35,50,13,21,S,50,0,E,171,61560,V,CN,G, , , , , ,G,G,N, ,8,M, , , , ,Y, ,Y,Y, , , , , , , , , , , , , ,Y,Y, , , , , , , , , , , , , ,Y, , , , ,Y,Y,N,N,N,N,D, , 
16688646.9947583,-4448403.33914405,726,53810,53290,EDEN,AU,-37.066667,149.916667,37,4,S,149,55,E,127,75255,V,CB,G, ,Y, ,Y, ,K,K,M, ,1,M, ,Y,Y,N,Y,Y, , ,Y, ,Y, , , , , ,Y,Y,Y, ,Y, ,Y, , ,Y,N, ,N, ,Y, , , , ,Y,Y, , , , , ,Y, ,Y, , ,D, , 
6157823.16571458,-2383931.07319847,727,47690,47670,PORT EST,RE,-20.933333,55.316667,20,56,S,55,19,E,171,61582,S,CB,F, ,Y, ,Y, ,H,A,J,H,1,L,Y,Y,Y,N,Y,Y,Y, ,Y,Y,Y,Y,Y, ,Y,Y,Y, ,Y, ,Y,Y, , , ,Y,Y, ,N,Y, , , ,Y,Y,Y,Y,Y, , , ,Y,Y,Y,Y,Y,Y,C, , 
6174521.08933357,-2433661.61580869,728,47700,47670,SAINT-PIERRE,RE,-21.35,55.466667,21,21,S,55,28,E,171,61582,V,OR,P, ,Y, ,Y, ,G,A,P, ,2, , , , , ,Y, , , , , , , , , , , , , , ,Y, ,Y, , , , , , , , , , , , , , , , , , , ,Y,Y, , , , ,C, ,S
16304594.7515215,-4678789.79662502,729,53840,53290,WELSHPOOL,AU,-38.7,146.466667,38,42,S,146,28,E,127,75220,V,CN,G, , , ,Y, ,P,A,N,N,5,M,Y, , , ,Y, ,N,Y,Y, , ,Y,Y,Y, , ,Y, , ,Y,Y, , , , , , , ,Y, , , , , , , ,Y, , , , ,Y, , , , , ,D, , 
16167300.7128764,-4628987.74700929,730,53930,53290,WESTERN PORT,AU,-38.35,145.233333,38,21,S,145,14,E,127,75162,V,CN,G,Y,N,N,Y,Y,G,G,J,G,3,L, ,Y,Y,Y,Y,Y,Y, , ,Y,Y,Y, ,Y,Y, ,Y, ,Y,Y,Y, , , , ,Y,Y, ,N,Y, , , , ,Y,Y,Y, , ,Y,Y, ,Y,Y, ,Y,Y,B, ,S
8066952.43281922,-820451.605530464,731,47800,47760,DIEGO GARCIA,IO,-7.35,72.466667,7,21,S,72,28,E,171,61610/1,V,CB,G, , , ,Y, ,H,F, ,H,2, ,Y,Y, , ,Y,Y, , , , ,Y, , , , , ,Y, , , , , , , , ,Y, , , , , , , , , , , , , , , ,Y,Y,N,N,N,N, ,L, 
16137615.5153316,-4555908.08335298,732,54030,53290,MELBOURNE,AU,-37.833333,144.966667,37,50,S,144,58,E,127,75178,L,CN,E,Y,N,N,Y,Y,H,K,K,J,2,M, ,Y,Y,Y,Y,Y,Y, ,Y,N,Y,Y, ,Y,Y, ,Y, ,Y,Y,Y, , , , ,Y,Y, ,Y,Y,Y, , , ,Y,Y,Y,Y,Y,Y,Y,Y,Y,Y,Y,Y,Y,A,S,L
5011232.41054387,1169792.30104287,733,47820,47810,BERBERA,SO,10.45,45.016667,10,27,N,45,1,E,172,62091,S,CB,F,N,N,N,Y, ,J,E,L,L,2,M, , ,Y,N,Y,Y,Y, , , , , , , , , ,Y, ,Y, ,Y,Y, , , ,Y, , ,N,Y,Y, , , ,Y, ,Y,Y, , , , ,Y,N,N,N,N,C, , 
16070823.8208556,-4600637.50695216,734,54050,53290,GEELONG,AU,-38.15,144.366667,38,9,S,144,22,E,127,75176,M,CN,E,Y,N,N,Y, ,J,H,J,J,1,L, ,Y,Y,N,Y,Y,Y, ,Y, ,Y,Y, , , , ,Y,Y,Y,Y,Y, , , , ,Y,Y, ,Y, ,Y,Y, , ,Y,Y,Y,Y,N,Y,Y, ,Y,Y,Y,Y,Y,A,S,M
4801580.7028832,1300219.20818828,735,47850,47840,DJIBOUTI,DJ,11.6,43.133333,11,36,N,43,8,E,172,62093/5,S,CN,G,Y,N,N,Y,N,E,C,J,J,2,M,Y,Y,Y,Y,Y,Y,Y, ,Y, ,Y,Y,Y,Y,Y,Y,Y, ,Y,Y,Y,Y,Y, , ,Y,Y, ,N, ,Y,Y, ,Y,Y,Y,Y, ,N,Y,Y,Y,Y,Y,Y,Y,Y,C,M,M
15861172.1131949,-4636087.52713946,736,54120,53290,WARRNAMBOOL,AU,-38.4,142.483333,38,24,S,142,29,E,127,75154,V,CB,P, ,Y, ,Y, ,L,N,N, ,2, , , , , , ,Y, , , , , , , , , ,Y, , ,Y,Y,Y, , , , ,Y, , , , ,Y, , , , ,Y, , , , , , ,Y,Y, , , ,D, , 
4758908.23141245,1459732.2718805,737,47880,47870,ASSAB,ER,13,42.75,13,0,N,42,45,E,172,62110,S,CN,F,N,N,N,Y,Y,J,E,K,J,0,M,Y, ,Y,N,Y,Y,Y, , , ,Y,Y,Y, , , ,Y, ,Y, ,Y,Y,Y, , ,Y, , ,N,Y,Y, , ,Y,Y,Y,Y,Y, , , ,Y,Y,Y,Y,N,N,C, , 
4393409.2366412,1760372.81553545,738,47900,47870,MITSIWA HARBOR,ER,15.616667,39.466667,15,37,N,39,28,E,172,62121,S,CB,G,Y,N,N,Y, ,K,F,J,L,1,L, , ,Y,Y,Y,Y,Y, ,Y,Y,Y,Y,Y, ,Y,Y,Y,Y,Y,Y,Y,Y,Y, , ,Y, , ,N,Y,Y, , , ,Y,Y,Y,Y, ,Y,Y,Y,Y, ,Y,Y,Y,C, ,M
15762839.8963275,-4626622.24316352,739,54140,53290,PORTLAND,AU,-38.333333,141.6,38,20,S,141,36,E,127,75159,S,CB,F,Y,Y,N,Y, ,H,F,J,K,1,M,Y,Y,Y,N,Y,Y,Y, , , ,Y,Y,Y,Y, , ,Y,Y,Y,Y,Y, , , , ,Y,Y, ,Y, ,Y, , , , ,Y,Y,Y,N,Y,Y, ,Y,Y, , , ,C,S, 
4144795.70720289,2225705.15346278,740,47940,47910,PORT SUDAN,SD,19.6,37.233333,19,36,N,37,14,E,172,62142,M,CB,E,N,N,N,Y,N,A,A,J, ,1,L, , ,Y,N,Y,Y,Y, ,Y,Y,Y,Y, , , , ,Y,Y,Y,Y,Y,Y,Y, , ,Y,N, , ,Y,Y, , ,Y,Y, ,Y,Y, , , ,Y,Y,Y,Y,Y,Y,C, ,L
3816403.20936273,3011471.65247819,741,47970,47950,AL QUSAYR,EG,26.1,34.283333,26,6,N,34,17,E,172,62230,V,OR,F, ,Y, ,Y, ,L,A,L, ,1, ,N, , , ,Y,Y,Y, ,Y, ,Y,Y,Y, , , ,Y, , ,Y, ,N,Y, , ,Y, , , ,Y,Y, , , , , ,Y,Y, , , ,Y,Y,N,N,N,N,C, , 
3779296.71243164,3090194.59475782,742,47980,47950,BUR SAFAGA,EG,26.733333,33.95,26,44,N,33,57,E,172,62177,S,CB,G, ,Y, ,Y, ,F,A,J, ,1,L,Y, , , ,Y,Y, , ,Y, ,Y,Y,Y, ,Y,Y,Y, , ,Y, ,Y,Y, , ,Y,Y, , ,Y, , , , , ,Y,Y,Y, , , ,N,Y,Y,N,N,N, ,S,M
15321272.5828476,-4250285.19051978,743,54200,53290,KINGSCOTE,AU,-35.633333,137.633333,35,38,S,137,38,E,175,75130,V,CB,F, , , , ,Y,O,N,O, ,1, ,N, , , , ,N,Y, , ,N,N, , , ,Y, ,Y, ,Y, ,Y, , , , ,Y,Y, ,N, , , , , , , , , , , , ,Y,Y, ,Y, , ,C, , 
3740334.89065399,3227977.13986355,744,47985,47950,ZEIT BAY TERMINAL,EG,27.833333,33.6,27,50,N,33,36,E,172,62191,S,OR,F, , , ,Y, ,O,C,N,C,1,M, ,Y, , ,Y,Y,Y, , , ,Y,Y,Y, ,Y, ,Y, ,Y, , ,Y,Y, , ,Y, , ,Y, ,Y, , , , ,Y, , , , , ,N,N,N,N, , ,N, , 
15417749.4748684,-4143515.38091163,745,54220,53290,PORT ADELAIDE,AU,-34.85,138.5,34,51,S,138,30,E,175,75132/0,M,RN,E,N,N,N,N, ,G,E,H,M,2,M,Y,Y,Y,Y,Y,Y,Y, ,Y,N,Y,Y, , ,Y,Y,Y, ,Y,Y,Y, , , , ,Y,Y, ,Y, ,Y, , ,Y,Y,Y,Y,Y,Y,Y,Y,Y,Y,Y,Y,Y,Y,B, ,L
15352813.105239,-4087137.58486725,746,54236,53290,ARDROSSAN,AU,-34.433333,137.916667,34,26,S,137,55,E,175,75136,V,OR,G,Y,N,N,Y,Y,L,H,L, ,3,M, ,N,Y,N,Y,Y,Y, , ,N,Y, ,Y, , , ,Y,Y,Y, , , , , , ,Y,N, ,N, , , , , , , ,Y, , , , , ,Y,N,N,N, ,N, , 
15336115.18162,-4168411.93407661,747,54255,53290,PORT GILES,AU,-35.033333,137.766667,35,2,S,137,46,E,175,75136,V,OR,F,N,N,N,Y,Y,H,F,J, ,1,M, , ,Y,N,Y,Y,Y, , ,N,Y,Y,Y, , , ,Y, ,Y, ,Y, , , , ,Y,N, ,N,N,N,N, , , , ,Y,N,N,N,N,Y,Y,Y,N,N, ,N, , 
15319417.258001,-4019853.83052532,748,54280,53290,WALLAROO,AU,-33.933333,137.616667,33,56,S,137,37,E,175,75146,V,OR,F,N,N,N,Y,Y,L,L,K, ,1,M,Y,Y,Y,N,Y,Y,Y, , ,N,Y,Y,Y, , , ,Y, , ,Y,Y, , , , ,Y,Y, , ,N,N,N, , , , ,Y,Y,N,Y,Y,Y,Y,Y, ,Y,Y,C, ,S
15363945.0543183,-3919663.75671322,749,54290,53290,PORT PIRIE,AU,-33.183333,138.016667,33,11,S,138,1,E,175,75142,S,RN,E,N,N,N,N,Y,K,L,J, ,2,M,Y,Y,Y,N,Y,Y,Y, , ,N,Y,Y, , ,Y,Y,Y, ,Y,Y,Y, , , , ,Y,Y, ,Y,Y,Y, , , , ,Y,Y,Y,N,N,N, ,Y, ,Y,N,N,C, ,S
14725713.3071035,-326679.912322336,750,53100,52900,FAKFAK,ID,-2.933333,132.283333,2,56,S,132,17,E,164,73471,V,CN,F, , , , , ,P,A,P, ,1,M, , , , , ,Y,Y, , ,N,N, , , , ,Y, ,Y,Y, , ,Y, , , ,Y, , , , , , , , , , ,Y, , , , ,Y,Y,N,N, , ,N, , 
3319176.15048611,4973087.60428197,751,44625,44360,GOLCUK BURNU,TR,40.733333,29.816667,40,44,N,29,49,E,BA24,55049/0,V,CB,F,N,N,N,Y, ,N,H, , ,0,M,Y,N,N,N,N, ,Y, , ,N,N,Y, , , , ,Y, , , , ,Y,Y, , ,Y,N, ,Y,Y, ,Y, ,N,Y,Y, , , , , , , ,Y,Y, , ,B,L, 
3215277.95907905,4921804.60304622,752,44640,44360,MUDANYA,TR,40.383333,28.883333,40,23,N,28,53,E,BA24,55043/0,V,OR,P,N,N,N,Y, ,A,A,N, ,0,M,N,N,N,N,N,Y,Y, , ,N,Y,N,N, , , , , ,Y, ,Y,Y,N,N,N, ,Y, ,N, , , , , , , ,Y, , , , ,Y,Y,Y,Y, , , , , 
3113235.09251855,4916934.44212985,753,44650,44360,BANDIRMA,TR,40.35,27.966667,40,21,N,27,58,E,BA24,55043/0,V,CB,F,N,N,N,Y, ,A,J,L, ,0,M,Y, ,Y,N,Y,Y,Y, , ,N,Y,Y,Y,Y,Y, ,Y, ,Y,Y,Y,Y,N,N,N,Y,Y, ,Y, ,Y, , , ,Y, ,Y, , , , ,Y,Y,Y,N, , ,C, ,M
3094681.84405301,4921804.60304622,754,44660,44360,ERDEK,TR,40.383333,27.8,40,23,N,27,48,E,BA24,55045,V,CN,F,N,N,N,Y, ,A,E,O, ,0,M,Y,Y,N,N,Y,N,N,N,N, , ,N,N, , , , , ,Y, ,Y,Y,N,N,N, , , ,N, , , , , , , , , , , ,Y,Y,Y,Y, , , ,C, , 
3040877.42350292,4924240.5872052,755,44670,44360,KARABIGA,TR,40.4,27.316667,40,24,N,27,19,E,BA24,55044,V,CN,F,N,N,N,Y, ,N,J,O, ,0,M,Y, ,N,N,Y,N, , , ,N,N, , , , , , , , , ,Y,Y,N,N,N, , , ,N, , , , , , , , , , , , ,Y,Y, , , , ,C, , 
2938834.55694242,4887763.87281464,756,44690,44360,CANAKKALE,TR,40.15,26.4,40,9,N,26,24,E,BA24,55041,S,LC,G,N,N,N,Y, ,A,C,N, ,0,L,Y,Y,Y,N,Y,Y,Y, , , ,Y, ,Y,Y, ,Y,Y, ,Y, , , , , , ,Y,N, ,N,N,N,N, , , , ,Y, , , , ,Y,Y,Y,Y, , ,C, , 
2972230.4041804,4767133.3971584,757,44730,44360,AYVALIK,TR,39.316667,26.7,39,19,N,26,42,E,132,54382,V,CN,G,N,N,N,Y, ,N,K,O, ,2,M,Y, ,N,N,N, , , , , , , , , , ,Y, , , , , , , , , , , , ,N, , , , , , , , , , , , ,Y,Y, , , , , , , 
3020468.85019082,4640823.44223527,758,44750,44360,IZMIR,TR,38.433333,27.133333,38,26,N,27,8,E,132,54387,L,CN,F,N,Y,N,Y, ,K,G,L,N,2,M,Y,Y,Y,Y,Y,Y,Y, ,Y, ,Y,Y,Y,Y,Y, ,Y,Y,Y,Y,Y,Y, , , ,Y,Y, ,Y,Y,Y,Y,Y,Y,Y,Y,Y,Y,N,N, ,Y,Y,Y,Y,Y,Y,B,M,S
2996349.62718561,4688303.47285213,759,44752,44360,NEMRUT LIMANI BAY,TR,38.766667,26.916667,38,46,N,26,55,E,132,54382,M,CB,P, , , ,Y, ,F,F,M,M,0,L, , , , ,Y,Y,Y, , , ,Y,Y,Y,Y,Y, ,Y, , , ,Y, , , , ,Y,Y, ,Y,Y,Y, ,Y, , ,Y, , , , , ,Y,Y,Y,Y, , , , , 
3033456.1241167,4560607.36974005,760,44770,44360,KUSADASI,TR,37.866667,27.25,37,52,N,27,15,E,132,54389,V,CN,P,N,N,N,Y, ,K,A, , ,0,M,Y, , , ,Y,Y, , , , ,Y, ,Y,Y,Y,Y,Y,Y,Y, , , , , , ,Y,Y, ,N, , , , , , , , , , , , ,Y,Y,Y,Y, , ,C, , 
14451125.2298135,5126091.07194063,761,60500,60438,CH'ONGJIN,KP,41.766667,129.816667,41,46,N,129,49,E,157,95246,S,CN,F, ,Y,Y,Y, ,E,A,L, ,1, ,Y,Y,Y, ,Y,Y,Y, , , ,Y,Y, , ,Y,Y,Y, ,Y,Y,Y,Y, , , ,Y, , , , ,Y, , , , ,Y,Y,Y, , , , ,Y,Y, ,Y,Y,B,S,M
3148486.26460309,4418219.2944757,762,44805,44360,MARMARIS,TR,36.85,28.283333,36,51,N,28,17,E,132,54421/4,V,CB,P,N,N,N,Y,N,A,H,M, ,0,M,Y, ,Y,N,Y,Y,Y, , , ,Y,Y, , ,Y, ,Y,Y,Y, ,Y, ,Y, , ,Y,Y, ,Y, , , , , , , ,Y, , , , , ,Y,Y,Y, , ,N, , 
14560589.3957602,5258849.10939568,763,60540,60530,POS'YET,RU,42.65,130.8,42,39,N,130,48,E,155,96039,V,CN,F, , ,Y,Y, ,A,G,L, ,1,M,Y, , ,N,Y,Y,Y, , , ,Y,Y, ,Y,Y,Y,Y,Y, ,Y,Y,N, , , ,Y,Y, ,N,Y,Y,Y, , ,Y,Y,Y, , , , ,Y,Y,Y, , , ,N, ,S
14683040.8356328,5329746.59624155,764,60610,60530,VLADIVOSTOK,RU,43.116667,131.9,43,7,N,131,54,E,155,96042,L,CN,G, , ,Y,Y, ,D,A,H,K,0,L,Y,Y,Y,Y,Y,Y,Y, ,Y, ,Y,Y,Y, ,Y,Y,Y,Y,Y,Y,Y, ,Y, , ,Y,Y, ,Y,Y,Y, , , , ,Y,Y,Y,Y,Y,Y,Y,Y,Y,Y,Y,Y,A,S, 
14770241.1034208,5291699.12433899,765,60720,60530,BUKHTA GAYDAMAK,RU,42.866667,132.683333,42,52,N,132,41,E,155,96043,V,CN,P, , ,Y, , ,H,H,O, ,0, , , , , , , , , , , , , , , ,Y, ,Y, , ,Y, ,Y, , , ,Y, , , , , , , , , , , , , , , ,Y, , , , , ,C, , 
3239397.18208426,4388120.67403722,766,44810,44360,FETHIYE,TR,36.633333,29.1,36,38,N,29,6,E,132,54421,V,CB,F,N,N,N,Y,Y,A,J,K, ,0,M, , ,Y,N,Y,Y, ,Y, , ,N,Y, ,Y,Y, , , , , , , , , , ,Y,Y, ,N,N,N,N, , , , ,Y, , , , ,Y,Y,N,N, , ,N, , 
14792505.0015795,5281579.1845907,767,60730,60530,NAKHODKA,RU,42.8,132.883333,42,48,N,132,53,E,155,96044,S,CN,F,N,N,N,Y, ,K,D,J,M,1,M,Y, ,Y,N,Y,Y,Y, ,Y, ,Y, , ,Y, , ,Y, ,Y,Y,Y,Y, , , ,Y,N, ,Y,Y,Y,Y,Y,Y,Y,Y,Y, , ,Y,Y,Y,Y,Y,Y,Y,Y,A, , 
4562243.79767766,5309435.35430371,768,44320,44275,SOKHUMI,GE,42.983333,40.983333,42,59,N,40,59,E,BA24,BA3313,V,OR,F,N,N,N,Y, ,K,J,P,N,0,M, , ,N,N,Y,Y,Y, , ,N,N, , , , , ,Y,Y, , ,Y,Y, , , ,Y,N, ,N, ,Y,Y, ,Y, ,Y, , , , , ,Y,Y,Y, , , ,N, , 
15616269.2334497,6269207.31624446,769,60795,60530,SOVETSKAYA GAVAN,RU,48.966667,140.283333,48,58,N,140,17,E,155,96140,S,CN,G, , ,Y, , ,C,A,K,K,1,M,Y, ,Y, ,Y,Y,Y, ,Y, , , , , , , ,Y, , ,Y,Y, , , , ,Y, , , , ,Y, ,Y,Y,Y,Y, , , , , , ,Y,Y, , , ,B,M,S
3640147.34894005,5703230.15000693,770,43745,43620,CHORNOMORS KE,UA,45.516667,32.7,45,31,N,32,42,E,BA24,BA2232,V,CN,P,N,N,Y,Y,Y,L,G,N, ,0,M,Y, ,Y,N,Y,Y,Y, , , ,Y, , ,Y,Y,Y,Y, , , ,Y,Y, , , ,Y, , ,N, , ,Y, ,Y, , , , , , , , ,Y, , , , ,C,S, 
3716215.66764878,5653062.5386325,771,43750,43620,YEVPATORIYA,UA,45.2,33.383333,45,12,N,33,23,E,BA24,BA2232,V,CN,F,N,N,Y,Y, ,O,J,N, ,0,M,N,N,Y,N,Y,Y,Y, , , ,Y, ,Y, ,Y,Y,Y, , , ,Y, , , , ,Y,Y, ,N,Y,Y, , , ,Y,Y, , , , , ,Y,Y, , , , ,N, , 
15616269.2334497,6289013.16439123,772,60800,60530,BUKHTA VANINO,RU,49.083333,140.283333,49,5,N,140,17,E,155,96140,V,CN,F, , , ,Y, ,D,F,J,K,2,M, , ,Y,N,Y,Y,Y, , , ,Y,Y,Y,Y, , ,Y, ,Y,Y,Y, , , , ,Y,Y, ,Y,Y,Y, , ,Y,Y,Y,Y, , , , , ,Y,Y, , , ,C, , 
3732913.59126777,5561374.03283915,773,43760,43620,SEVASTOPOL,UA,44.616667,33.533333,44,37,N,33,32,E,BA24,55103,L,CN,G,N,N,Y,Y, ,L,E,L, ,1,M,Y, ,Y,N,Y,Y,Y, , , ,Y,Y,Y, , , ,Y, , ,Y,Y, , , , ,Y,Y, ,Y,Y, , , , , ,Y,Y, , , , ,Y,Y,Y,Y, , ,A,L,S
15671928.9788464,6704260.51875775,774,60810,60530,DE KASTRI,RU,51.466667,140.783333,51,28,N,140,47,E,155,96400,M,CN,P, , ,Y,Y, ,M,K,K,K,2,M,Y, ,Y, ,Y,Y,Y, , , ,Y,Y, , ,Y,Y, , , , ,Y,Y, , , ,Y, , , , ,Y, , , , ,Y, , , , , ,Y,Y,Y, , , ,C, , 
3740334.89065399,5543147.2038618,775,43780,43620,BALAKLAVA,UA,44.5,33.6,44,30,N,33,36,E,BA24,55104,V,CN,G,N,N,Y,Y, ,H,A,P, ,0,M,N,Y,Y,N,Y,Y, , , , , , , , , , , , , ,Y, , , , , ,Y, , ,N, , , , , , , , , , , , ,Y,Y, , , , , , ,S
15666363.0043067,7007699.16114071,776,60820,60530,NIKOLAYEVSK NA AMUR,RU,53.133333,140.733333,53,8,N,140,44,E,155,96381,V,RN,G, ,Y,Y,Y, ,M,C,N, ,1,M,Y,Y,Y, ,Y,Y,Y, ,Y, , , , ,Y, , ,Y,Y, , ,Y, , , , ,Y,Y, , ,Y,Y,Y, , ,Y,Y,Y, , , , , ,Y,Y, , , ,C,S, 
3803415.93543685,5540546.3506153,777,43790,43620,YALTA,UA,44.483333,34.166667,44,29,N,34,10,E,BA24,BA2233,V,CB,F,N,Y, ,Y,N,L,A,M,M,0,M,Y,Y,Y,N,Y,Y,Y, ,Y, ,Y, ,Y, , , ,Y,Y, , ,Y, , , , ,Y,Y, ,Y, ,Y,Y, ,Y, ,Y, , , , , ,Y,Y,N,N,N,Y,B, , 
15918687.1834381,7085388.16549508,778,60860,60840,OKHA,RU,53.55,143,53,33,N,143,0,E,155,96340,V,CN,F, , ,Y, , ,M,B, , ,3,M, , , , , , , , , , , , , , ,Y,Y,Y, , ,Y, ,Y, , , ,Y, , , , , , , , , , , , , , , , , , , , , ,C, , 
15933529.7822106,6311705.47931107,779,60880,60840,PORONAYSK,RU,49.216667,143.133333,49,13,N,143,8,E,155,96240,V,OR,F, , ,Y,Y, ,H,K,P, ,3,M,Y, , , , ,N,N, , , , , , , , , ,Y, , ,Y, ,Y, , , ,Y, , , , ,Y, , , , ,Y, , , , , ,Y,N,N,N, , ,N, , 
3831245.80813517,5571805.80777219,780,43810,43620,ALUSHTA,UA,44.683333,34.416667,44,41,N,34,25,E,BA24,55140,V,OR,P,N,Y,N,Y, ,H,A,O, ,0,M, , ,Y,N,Y,Y, , , ,N,N, , , , , , , , , , , , , , ,Y,Y, ,N, , , , , , , , , , , , ,Y,Y, , , , , , , 
15892712.6355864,5879727.24191531,781,60920,60840,KORSAKOV,RU,46.616667,142.766667,46,37,N,142,46,E,155,96200,S,CB,P,N,Y,Y, ,N,G,K,L,M,1,M,Y, ,Y,Y,Y,Y,Y, ,Y, ,Y, ,Y, ,Y,Y,Y,Y,Y,Y,Y, ,Y, , ,Y, , ,Y,Y,Y,Y, ,Y,Y,Y,Y, , , , ,Y,Y,Y, , , ,C, ,S
3894326.85291802,5597937.88663157,782,43835,43620,SUDAK,UA,44.85,34.983333,44,51,N,34,59,E,BA24,55140,V,CN,F,N,N,N,Y, ,J,A,A,G,0,M, , ,Y,N,Y,Y, , , ,N,Y, , , , , , , , , ,Y,Y,Y, , ,Y,Y, ,Y, , , , , , , , , , , , ,Y,Y,Y, , , , , , 
15792525.0938724,5887834.3026699,783,60930,60840,NEVELSK,RU,46.666667,141.866667,46,40,N,141,52,E,155,96181/3,V,CB,P,Y,Y, ,Y, ,N,D,M, ,1,M, , ,Y,N,Y,Y,Y,Y,Y, ,Y, , , ,Y, ,Y, , ,Y,Y,Y, , , ,Y, , , , ,Y, , , , ,Y, ,Y,Y,Y,Y, ,Y, ,Y,Y,Y,B,S,S
3944420.62377499,5624145.69348367,784,43850,43620,FEODOSIYA,UA,45.016667,35.433333,45,1,N,35,26,E,BA24,55140,S,CB,G,N,N,N,Y, ,E,K,M,J,1,M,Y,Y,Y,N,Y,Y,Y, , ,N,Y, ,Y,Y, , ,Y, ,N, , , ,Y, , ,Y,Y, ,Y, ,Y, , , ,Y,Y,Y, , , , ,Y,Y,Y,Y,N,N,C, , 
15812933.6671845,5950239.16720148,785,60940,60840,KHOLMSK,RU,47.05,142.05,47,3,N,142,3,E,155,96181,S,CB,F,N,Y,Y,Y,Y,M,J,M, ,0,M,Y, , , ,Y,Y,Y, ,Y, ,Y, ,Y, , , ,Y, , ,Y,Y, , , , ,Y,Y, ,N,Y,Y, , , ,Y,Y, , , , , ,Y,Y,Y,N, , ,C, ,M
4061306.08910793,5676791.15121187,786,43900,43620,KERCH,UA,45.35,36.483333,45,21,N,36,29,E,BA24,BA2242,S,OR,G,N,Y,Y,Y, ,L,L,N, ,0,M,N,N,Y,N,Y,Y,Y, ,Y, ,Y, ,Y, , , ,Y,Y,Y, ,Y,Y, , , ,Y,Y, ,Y, ,Y,Y,Y,Y,Y,Y,Y, , , , ,Y,Y,Y,Y,Y,Y,C,S,S
15811078.342338,6289013.16439123,787,60980,60840,UGLEGORSK,RU,49.083333,142.033333,49,5,N,142,2,E,155,96181C,V,OR,P,Y, ,Y,Y,Y,D,D,O, ,1,M,Y, , , ,Y, ,N, , , ,Y, , , ,Y,Y,Y, , ,Y, ,Y, , , ,Y, , , , ,Y,Y, , ,Y,Y, , , , , ,Y,Y, , , , ,C, ,S
3875773.60445248,5807098.01525977,788,43940,43620,HENICHESK,UA,46.166667,34.816667,46,10,N,34,49,E,BA24,55190,V,CN,F,N,N,Y,Y, ,N,N,P, ,1,M,N,N,Y,N,Y,Y,Y, , ,N,Y, , , , , ,Y, , ,Y,Y,Y, , , ,Y, , ,N, , , , , , , , , , , , , ,Y,Y, , , ,C, , 
15822210.2914173,6351564.79996172,789,60990,60840,LESOGORSK,RU,49.45,142.133333,49,27,N,142,8,E,155,96141,V,OR,P, , ,Y,Y, ,H,H, , ,2, ,Y, , , , , , , , , , , , , , ,Y, , , ,Y, ,Y, , , ,Y, , , , , , , , , , , , , , , ,Y, , , , , ,D, , 
14311975.8663219,4188823.40639841,790,60380,60315,MASAN,KR,35.183333,128.566667,35,11,N,128,34,E,157,95147,M,CN,G,Y,Y,N,Y,Y,K,H,J,N,2,L,Y,Y,Y,N,Y,Y,Y, , , ,Y, , ,Y,Y, ,Y, , ,Y,Y,Y, , , ,Y, , ,Y, ,Y, , ,Y,Y,Y,Y,Y, , , ,Y,Y,Y, , , ,C,S,S
3936999.32438878,5836615.46584879,791,43950,43620,KYRYLIVKA,UA,46.35,35.366667,46,21,N,35,22,E,BA24,55190,V,OR,F,N,N,Y,Y, ,N,N,P, ,0,M, , ,Y,N,Y,Y,Y, , ,N,N, , , , , , , , , ,Y,Y, , , , , , ,N, , , , , , , , , , , , , , , , , , , , , 
14363924.9620254,4177479.06218109,792,60390,60315,PUSAN,KR,35.1,129.033333,35,6,N,129,2,E,157,95151/2,L,CB,E,N,N,N,Y,Y,H,H,F,M,1,L,Y,Y,Y,Y,Y,Y,Y, ,Y, ,Y, , ,Y,Y,Y,Y, ,Y,Y,Y, , , , ,Y,Y, ,Y,Y,Y,Y,Y,Y,Y,Y,Y,Y, , , ,Y,Y,Y,Y,Y,Y,B,L,M
4094701.93634591,5901362.75220964,793,44000,43620,BERDYANSK,UA,46.75,36.783333,46,45,N,36,47,E,BA24,55190,S,CB,F,N,Y,Y,Y, ,N,L,L,L,0,M,Y,N,Y,N,Y,Y,Y, ,Y,N,Y,Y,N,Y, , ,Y, ,Y,Y,Y, , , , ,Y,Y, ,N,Y,Y, , , ,Y,Y,Y, , , , ,Y,Y,Y,Y, ,Y,C, ,S
14404742.1086496,4225203.75218303,794,60400,60315,ULSAN,KR,35.45,129.4,35,27,N,129,24,E,157,95160/1,M,RN,E,N,Y,N,Y,Y,D,A,E,A,1,L,Y,Y,Y, ,Y,Y,Y, ,Y, ,Y,Y, ,Y,Y,Y,Y, ,Y,Y,Y, , , , ,Y,Y, , , ,Y,Y, ,Y,Y,Y,Y, , , , ,Y,Y,Y,Y, , ,C,M,M
13430696.5642085,3251075.23755368,795,59910,59850,WENZHOU,CN,28.016667,120.65,28,1,N,120,39,E,157,94187,M,RN,G,Y,Y, ,Y, ,O,B,H,J,4,M,Y, , , ,Y,Y,Y,Y,Y, ,Y,Y, ,Y, , ,Y, ,Y, ,Y,Y, , , ,Y, , ,Y,Y, , , , ,Y,Y,Y, , , , ,Y,Y, ,Y, ,Y,C,S, 
13547582.0295414,3497124.42742433,796,59950,59850,ZHEN HAI,CN,29.95,121.7,29,57,N,121,42,E,157,94208,V,RN,G,Y,N,N,Y, ,N,O,M,G,2,M,Y, , , ,Y,Y,Y, , , ,Y,Y, ,Y, , ,Y, ,Y,Y,Y, , , , ,Y, , ,Y, ,Y, , , , ,Y,Y, , , , ,Y,Y,Y, , , ,B, ,M
13592109.8258587,3503549.84350437,797,59960,59850,ZHOUSHAN,CN,30,122.1,30,0,N,122,6,E,157,94188,S,CN,G,Y, , ,Y,Y,B,B,A,O,1,L,Y, ,Y, ,Y,Y,Y, , , ,Y,Y, ,Y, , ,Y, , , , ,Y, , , ,Y,Y, ,Y,Y,Y, , , , ,Y,Y, , , , ,Y,Y, ,Y, , ,C,M, 
13384313.4430446,3752376.7961146,798,59985,59850,JIANGYIN,CN,31.916667,120.233333,31,55,N,120,14,E,157,UK1642,S,RN,F,Y, , , , ,M,N,L,N,2,M,Y,Y, , ,Y,Y,Y, , , ,Y,Y, ,Y, , ,Y, ,Y, ,Y, , , , , , , , ,Y,Y,Y,Y,Y, ,Y,Y, , , , ,Y,Y,Y, , , ,C, , 
13341640.9715738,3800560.26305362,799,59987,59850,GAOGANG,CN,32.283333,119.85,32,17,N,119,51,E,157,UK1642,S,RN,F, , ,N,Y,N,K,K,L,M,2,L,Y,Y, , ,Y,Y,Y, , , ,Y,Y, ,Y, , ,Y, , , ,Y,Y, , , , , , , , ,Y,Y, ,Y,Y,Y, , , , , ,Y,Y,Y, , , ,C, , 
3224554.58331182,5014800.30427624,800,43420,43325,ISTANBUL,TR,41.016667,28.966667,41,1,N,28,58,E,BA24,55046/7,L,LC,F,N,N,N,Y,Y,H,A,M,P,0,L,Y, ,Y,Y,Y,Y,Y, , , ,Y,Y,Y,Y,Y,Y,Y, ,Y,Y,Y,Y, , , ,Y,Y,Y,Y, ,Y,Y, ,Y,Y,Y,Y,Y,Y,Y,Y,Y,Y,Y,Y,Y,Y,B,S,M
13295257.85041,3798365.8975514,801,59988,59850,YANGZHOU,CN,32.266667,119.433333,32,16,N,119,26,E,157,UK1641,S,RN,F, , , ,Y,Y,N,K,K,M,2,M,Y,Y, , , ,Y,Y, , , ,Y,Y, ,Y, ,Y, ,Y, , , , , , , , , , ,N, ,Y,Y, , ,Y,Y,Y, , , , ,Y,Y,Y, , , ,C, , 
3231975.88269804,5019719.45210329,802,43430,43325,DEFTERDAR BURNU,TR,41.05,29.033333,41,3,N,29,2,E,BA24,55048,V,CN,F,N,N,N,Y,Y,H,A,L,L,0,M,Y, ,N,N,Y, ,Y, , , , , , , , , , , ,Y,Y, ,Y, , , , , , ,N, , , , , , , , , , , , , ,Y,Y, , , , , ,S
3233831.2075446,5029565.23030144,803,43435,43325,ISTINYE,TR,41.116667,29.05,41,7,N,29,3,E,BA24,55048,V,CN,F,N,N,N,Y,Y,A,A,P, ,0,M, , ,N,N,Y, ,Y, , , , , , , , , , , , , , ,Y, , , , , , ,N, , , , , , , , , , , , ,Y,Y, , , , ,B,M, 
3059430.67196847,5233657.66474073,804,43500,43460,BURGAS,BG,42.483333,27.483333,42,29,N,27,29,E,BA24,55110/63,S,CB,F,N,N,N,Y,N,E,J,M,M,0,M,Y,Y,Y,N,Y,Y,Y, ,Y, ,Y, ,Y,Y, , ,Y, ,Y,Y,Y,Y, , , ,Y,Y, ,Y,Y,Y,Y,Y,Y,Y,Y, , , , , ,Y,Y,Y,Y, , ,C,M,L
3113235.09251855,5339918.81272226,805,43510,43460,VARNA,BG,43.183333,27.966667,43,11,N,27,58,E,BA24,55062,L,CB,G,N,N,N,Y,Y,K,F,N,M,0,M,Y,Y,Y,N,Y,Y,Y, ,Y,Y,Y,Y,Y,Y,Y,Y,Y,Y,Y,Y,Y, , , , ,Y,Y, ,N,Y,Y,Y,Y, ,Y,Y,Y, , , ,Y,Y,Y,Y,Y,Y,Y,B,L,L
-1007441.39167913,555442.869060503,806,45952,45920,GREENVILLE,LR,4.983333,-9.05,4,59,N,9,3,W,143,51644,V,CN,F, ,Y, ,Y,N,K,H,N,N,1,M,Y, , , ,Y,Y,Y, , , ,Y,Y, , ,N, ,Y, ,Y, , , , , , ,Y, , , , , , , , ,Y, ,Y,N,N,N,N,Y,Y, ,Y, , ,N, , 
3181882.11184107,5437114.6227833,807,43550,43540,MANGALIA,RO,43.816667,28.583333,43,49,N,28,35,E,BA24,55120,V,CB,F,N,N,N,Y, ,M,A,M, ,0,M,Y,Y,Y,N,Y,Y,Y, , ,Y,Y,Y, , , , , ,Y, ,Y,Y,Y, , , ,Y, , ,N,Y,Y, ,Y,Y, ,Y,Y,Y,Y,Y,Y, ,Y,Y,Y,Y,Y,A,M,M
-859015.403954761,486566.364896182,808,45955,45920,CAPE PALMAS,LR,4.366667,-7.716667,4,22,N,7,43,W,143,51663,V,OR,P,Y,Y, ,Y, ,A,K,J, ,2,M,Y, , , , , ,N, , , ,Y, , , , , , , ,Y, , ,Y, , , ,Y, , , , ,Y,Y, , , ,Y,Y, , , , ,Y,Y,Y,Y, , , , , 
3189303.41122729,5491270.56421986,809,43560,43540,CONSTANTA,RO,44.166667,28.65,44,10,N,28,39,E,BA24,55060,M,CB,G,N,Y,N,Y,Y,C,A,M,H,0,M,Y,Y,Y,N,Y,Y,Y, ,Y,N,Y,Y,Y,Y,Y,Y,Y, ,Y,Y,Y,Y, , , ,Y,Y, , ,Y,Y,Y, ,Y,Y,Y,Y,Y,Y,Y,Y,Y,Y,Y,Y,Y,Y,B,M,L
-736563.96408216,527512.624778952,810,45963,45960,SAN PEDRO,CI,4.733333,-6.616667,4,44,N,6,37,W,123,57040,V,OR,G, , , ,Y, ,K,E,J,N,2,L,Y,Y,Y,N,Y,Y,Y, , , ,Y, , ,Y,Y, ,Y, ,Y, ,Y,Y, , , ,Y,Y, ,N, ,Y,Y, ,Y, ,Y,Y, , , , , ,Y,Y,Y, , , , , 
3302478.22686712,5647798.01509962,811,43570,43540,SULINA,RO,45.166667,29.666667,45,10,N,29,40,E,BA24,55131,V,RN,G,N,N,Y,Y, ,K,J,N, ,0,L,N,Y,Y,N,Y,Y, , ,Y,N,Y,N,Y,Y,Y,Y,Y, ,N,N,Y,Y, , , ,Y,Y, ,N,Y, ,Y, , ,Y,Y,Y,Y,Y,Y,Y,Y,Y,Y,Y, ,Y,B, , 
3115090.41736511,5660965.11025166,812,43590,43540,BRAILA,RO,45.25,27.983333,45,15,N,27,59,E,BA24,BA2214,V,RN,G,N,N,Y,Y, ,J,M,M, ,0,M, , , ,N,Y,Y, , , , ,Y,Y,Y, ,N, ,Y, , ,Y,Y, , , , ,Y,Y, ,N,Y,Y,Y, , ,Y,Y,Y, , , , ,Y,Y,Y,Y,Y,Y,C,S, 
-441567.313479985,583383.741822186,813,45990,45960,PORT BOUET,CI,5.233333,-3.966667,5,14,N,3,58,W,123,57063,V,OR,P,Y,Y, ,Y, ,A,A, ,A,0,L, , , , ,Y,Y,Y, ,Y, ,Y,Y,Y,Y, , ,Y, , , , , , , , ,Y, , ,N, , , , , , , ,Y,Y, ,Y,Y, ,Y,Y,Y,Y,Y,B, , 
3126222.36644443,5687357.38384337,814,43600,43540,GALATI,RO,45.416667,28.083333,45,25,N,28,5,E,BA24,BA2214,S,RN,G,Y,N,Y,Y, ,L,M,N, ,0,M, , ,N, ,Y,Y,Y, ,Y,N,Y,Y,Y, , , ,Y, , ,Y,Y, , , , ,Y, , ,N,Y,Y,Y, ,Y,Y,Y, , , , , , ,Y,Y,Y,Y,Y,B,S, 
-447133.288019649,585246.857806469,815,46000,45960,ABIDJAN,CI,5.25,-4.016667,5,15,N,4,1,W,123,57064,L,LC,E,Y,Y,N,Y,Y,H,A,H,K,1,L,Y,Y,Y,Y,Y,Y,Y, ,Y,N,Y,Y,Y,Y,Y, ,Y,Y,Y,Y,Y,Y, , , ,Y,Y, ,N,Y, ,Y,Y, ,Y, ,Y,Y,N,Y,Y,Y,Y,Y,Y,Y,Y,B,S, 
3211567.30938594,5674151.53822234,816,43625,43620,IZMAYIL,UA,45.333333,28.85,45,20,N,28,51,E,BA24,BA2232,V,RN,G,Y,Y,Y,Y,Y,L,K,N, ,5,M,Y,Y,Y,N,Y,Y,Y, , ,N,Y,Y, , ,Y, ,Y, ,Y, ,Y,Y, , , ,Y, , ,Y,Y,Y,Y, ,Y,Y,Y,Y, , , , ,Y,Y,Y,Y,Y, ,C, , 
3411942.39281384,5828555.45721946,817,43645,43620,ILLICHIVSK,UA,46.3,30.65,46,18,N,30,39,E,BA24,55084,L,CB,G,N,Y,Y,Y,Y,H,D,K, ,1,M,Y, ,N,N,Y,Y,Y, ,Y, ,Y,Y,Y, ,Y, ,Y, ,Y,Y,Y, , , , ,Y, , ,Y,Y,Y,Y,Y,Y,Y,Y,Y, , , , ,Y,Y,Y,Y,Y,Y,B,M,M
-192953.784041674,544269.526161322,818,46040,46010,TAKORADI,GH,4.883333,-1.733333,4,53,N,1,44,W,123,57062,M,CB,G,N,Y,N,Y, ,K,K,K,L,1,L,Y, ,Y,N,Y,Y,Y, , , ,Y,Y,Y,Y,Y, ,Y,Y,Y,Y,Y,Y, , , ,Y,Y, ,N,Y,Y, ,Y,Y,Y, ,Y,Y, , , ,Y,Y,Y,Y, , ,C,S,L
3421219.01704661,5858144.9389165,819,43650,43620,ODESA,UA,46.483333,30.733333,46,29,N,30,44,E,BA24,55082,L,CB,G,N,N,Y,Y,Y,L,K,L,N,1,M,Y, ,Y,N,Y,Y,Y, ,Y,N,Y, ,Y, ,Y, ,Y,Y,Y,Y,Y,Y, , , ,Y,Y, ,Y, ,Y,Y,Y,Y,Y,Y,Y, , , , ,Y,Y,Y,Y,Y,Y,A,M,M
-189243.134348565,551718.234184324,820,46045,46010,SEKONDI,GH,4.95,-1.7,4,57,N,1,42,W,123,57062/1,V,CB,F, ,Y, ,Y, ,K,N,J, ,1, , , ,Y, ,Y, , , , , , , , , , , ,Y, ,Y,Y,Y,Y, , , ,Y, , , , , , , , , , , , , , , ,Y,Y, , , , ,C, , 
-116885.465332937,579657.658611394,821,46063,46010,SALTPOND,GH,5.2,-1.05,5,12,N,1,3,W,123,57080,V,OR,P, , , ,Y, ,A,H, ,A,0, ,Y, , , , , , , , , ,Y, , , ,Y, ,Y, , , , , ,Y, , , , , , , , , , , , , , , , , , , , , , , , , , , 
1855.32484655456,626248.292898922,822,46070,46010,TEMA,GH,5.616667,0.016667,5,37,N,0,1,E,123,57081/2,S,CB,G,Y,Y,N,Y, ,H,A,J,A,2,M,Y, ,Y,Y,Y,Y,Y, ,Y, ,Y, ,Y, ,Y, ,Y,Y,Y,Y,Y,Y, , , ,Y,Y, ,Y,Y,Y, , ,Y,Y,Y,Y,Y, ,Y,Y,Y,Y,Y,Y,Y,Y,B,M,M
142860.013184701,684067.251936376,823,46090,46080,LOME,TG,6.133333,1.283333,6,8,N,1,17,E,123,57102,M,CB,G,N,N,N,Y, ,G,G,J,G,2,L,Y, ,Y,Y,Y,Y,Y, , , ,Y,Y, ,Y,Y, ,Y,Y,Y,Y,Y, , , , ,Y,Y, ,Y,Y,Y, , ,Y,Y, ,Y,N,N,N,N, ,Y,Y,Y, , ,C,S,L
3452759.53943804,5877026.55203768,824,43655,43620,YUZHNYY,UA,46.6,31.016667,46,36,N,31,1,E,BA24,BA2202,S,RB,F,Y,N,Y,Y,Y,H,G,G,J,0,M,N, ,N,N,Y,Y,Y,Y,Y,Y,Y,Y,Y, ,Y, ,Y,Y,Y,Y,Y, , , , ,Y,Y, ,Y,Y,Y,Y, ,Y,Y,Y, , , , , , ,Y,Y,Y, , ,C, , 
168834.561036465,691531.744085307,825,46095,46080,KPEME,TG,6.2,1.516667,6,12,N,1,31,E,123,57102,V,OR,P,N,Y,N,Y,Y,J,G,H,K,2,M,Y,Y,Y,Y,Y,Y,Y, ,Y,N,N,Y, , ,Y, ,Y,Y, ,Y,Y, , , , , ,Y, ,N, , , , , , , , , , , , , , , , ,N,N,N, ,S
3560368.3805382,5933916.61513428,826,43670,43620,MYKOLAYIV,UA,46.95,31.983333,46,57,N,31,59,E,BA24,55101,S,RB,F,N,N,Y,Y,Y,K,M,M, ,0,L, , ,N,N,Y,Y,Y, ,Y, ,Y,Y, , , , ,Y,Y,Y,Y,Y,Y, , , ,Y,Y, ,Y,Y,Y,Y, ,Y,Y,Y,Y, , , , , ,Y,Y,Y, , ,B,M,M
270877.427596966,708330.317182695,827,46110,46100,COTONOU,BJ,6.35,2.433333,6,21,N,2,26,E,123,57103,M,CB,G,N,Y,N,N, ,K,H,K,L,2,L,Y, ,Y,Y,Y,Y,Y, , , ,Y,Y, , ,Y, ,Y,Y,Y,Y,Y, , , , ,Y,Y, ,N,Y,Y, , ,Y,Y,Y,Y,Y, , , ,Y,Y,Y,Y, , ,C,S,L
3629015.39986072,5879727.24191531,828,43680,43620,KHERSON,UA,46.616667,32.6,46,37,N,32,36,E,BA24,BA2201,S,OR,G,N,N,Y,Y, ,N,L,L,M,2,M,Y,Y,N,N,Y,Y,Y, ,Y, ,Y,Y,Y, , , ,Y, , ,Y,Y,Y, , , ,Y,Y, ,N, ,Y,Y, ,Y,Y,Y,Y, , , , , ,Y,Y, ,N,N,C, ,L
378486.26869713,713930.923464834,829,46130,46120,LAGOS,NG,6.4,3.4,6,24,N,3,24,E,123,57101,L,RN,G,Y,Y,N,Y, ,L,G,H,G,1,L,Y,Y,Y,Y,Y,Y,Y, ,Y, ,Y,Y,Y, ,Y, ,Y,Y,Y,Y,Y,Y, , , ,Y,Y, ,Y, ,Y,Y,Y,Y, , ,Y,Y, , , ,Y,Y,Y,Y,Y,Y,C,M,M
556597.453966368,613199.663349971,830,46135,46120,ESCRAVOS OIL TERMINAL,NG,5.5,5,5,30,N,5,0,E,123,57120,V,OR,P,N,Y,N,Y, ,A,A, ,A,1,L, , , , ,Y,Y,Y, ,Y, ,Y,Y, , ,Y, ,Y,Y, , , ,Y,Y, , ,Y, , ,N,N, , , , , , ,Y, , , , ,N,N,N,N,N,N,N, , 
608546.549669896,669141.057044245,831,46140,46120,KOKO,NG,6,5.466667,6,0,N,5,28,E,123,57121,V,RN,F, , , ,Y, ,N,M,M,M,1,M,Y, , , ,Y,Y,Y, ,N,N,N, , , ,N, ,Y,Y, , ,Y, , , , ,Y, , ,N,Y, , , , , ,Y,Y, , , , ,N,Y,Y,Y,N,N,N, , 
604835.899976786,598290.073066419,832,46160,46120,FORCADOS,NG,5.366667,5.433333,5,22,N,5,26,E,123,57120/1,V,RN,F,N,Y,N,Y, ,O,L,N, ,3,L,Y, ,Y, ,Y,Y,Y, ,Y,N,N,Y,Y, ,N, ,Y,Y,Y, ,Y,Y, , , ,Y,N, ,N, , , , , , , ,N,N,N,N,N,N,N,Y,N,N,N,N, , 
2677233.75357823,4633720.38854606,833,42340,42010,ORMOS ALIVERIOU,GR,38.383333,24.05,38,23,N,24,3,E,132,54284,M,CB,P,N,Y,N,Y,Y,J,A,N, ,1,M,Y, ,Y,N,Y,Y, , , ,N,Y, , , , ,Y, , ,Y, ,Y,Y, , , , ,Y, ,N,Y,Y, , , , , , , , , , , ,Y,Y, , , , , , 
612257.199363005,596426.605116996,834,46165,46120,BURUTU,NG,5.35,5.5,5,21,N,5,30,E,123,57120/1,V,RN,G,N,N,N,Y, ,O,M,M, ,4,M,Y, ,Y,N,Y,Y,Y, , ,N,Y, , , ,Y, ,Y,Y, ,Y,Y,Y, , , ,Y, , ,N,Y,Y, , , ,Y,Y,Y,Y, , , , ,Y,N,N,Y,Y,B,S, 
2625284.6578747,4645561.54422652,835,42400,42010,PORTHMOS EVRIPOU,GR,38.466667,23.583333,38,28,N,23,35,E,132,54347,V,CN,G,Y,N,N,Y,Y,N,M,M, ,1,M, , , , , ,Y,Y, , , , ,Y, , ,Y,Y, , , , ,Y,Y, , , ,Y, , ,N, , , , , , ,Y, , , , , ,Y,Y,Y, , , ,C, , 
699457.467151069,453079.835443046,836,46190,46120,BRASS OIL TERMINAL,NG,4.066667,6.283333,4,4,N,6,17,E,123,57140,V,OR,P, ,Y,N,Y, ,A,A, ,A,1,L,Y,Y, ,N,Y,Y,Y,Y, ,N,N,Y, ,Y,Y, ,Y,Y, , , ,Y, , , ,Y,N, ,N,Y, , , , , ,Y, , , , , , ,Y,N, , , ,N, , 
-1923971.86587708,1654650.28731549,837,45821,45817,RUFISQUE,SN,14.7,-17.283333,14,42,N,17,17,W,143,51561,V,OR,F, , , ,Y, ,N,N,P, ,0, , , , , ,Y, , , , , , , , , , ,Y, , , ,Y, ,Y, , , ,Y, , , , , , , , , , ,Y, , , , ,Y,N,N,N,N,N, ,L, 
2591888.81063672,4659789.00786311,838,42415,42010,LARIMNA,GR,38.566667,23.283333,38,34,N,23,17,E,132,54282,V,CN,G,N,N,N,Y,N,J,K,J, ,2,M, , , , , , , , , , , , , , , , , , , , , , , , , , , , ,N, , , , , , , , , , , , , , , , , , , , , 
-1855324.84655456,1410267.65719787,839,45822,45817,KARABANE,SN,12.566667,-16.666667,12,34,N,16,40,W,143,51560,V,RN,G, ,Y, ,Y, ,O,K,O,L,1,M,Y, , , ,Y,Y,Y,Y,Y, , , , , ,Y, , , , , ,Y, , , , , , , , , , , , , , , , , , , , , , , , , , , , , 
1146590.75517072,4411265.91026269,840,45420,45360,LA GOULETTE,TN,36.8,10.3,36,48,N,10,18,E,131,52186,M,CB,F,N,N,N,Y,Y,J,J,M,K,0,M,Y,Y,Y,Y,Y,Y,Y, ,Y,Y,Y,Y,Y, ,Y, ,Y, ,Y,Y,Y, , , , ,Y, , ,Y,Y,Y,Y, , ,Y,Y,Y,Y,Y,Y,Y, ,Y,Y,Y,Y, ,A, ,M
2517675.81677454,4709741.80736448,841,42440,42010,STILIS,GR,38.916667,22.616667,38,55,N,22,37,E,132,54349,V,CN,F,N,N,N,Y,N,O,G,N, ,0,M,Y,Y,Y,N,Y,Y,Y, , ,N,N,Y, , , ,Y,Y,Y, ,Y, , ,Y, , ,Y,Y, ,N, ,Y, , , , , ,Y, , , , , ,Y,N,N, , ,C, ,S
1141024.78063105,4411265.91026269,842,45430,45360,TUNIS,TN,36.8,10.25,36,48,N,10,15,E,131,52186,M,LC,G,N,N,N,Y,Y,M,J,N, ,0,M,Y,Y, , ,Y,Y, , ,Y,Y,Y,Y, , ,Y, ,Y, ,Y, ,Y, ,Y, , ,Y,Y, , ,Y,Y,Y, ,Y, ,Y,Y,Y, , , ,Y,Y,Y,Y, , ,B, ,L
1300582.71743475,4383497.64094478,843,45435,45360,TAZERKA OIL TERMINAL,TN,36.6,11.683333,36,36,N,11,41,E,131,52170,M,OR,P, , , ,Y, ,A, , ,A,0,M, , , , ,Y,Y, , , , ,N, , , , , , , , , , ,Y, , , ,N, , ,N, , , , , , , , , , , , , ,N, , , , ,N, , 
2543650.3646263,4745573.33841097,844,42460,42010,TSINGELI,GR,39.166667,22.85,39,10,N,22,51,E,132,54350/1,V,CN,F,N,N,N,Y,N,J,J,P, ,0,M, , ,Y,N,Y, , , , , , , , , , , , , , , , , , , , , , , ,N, , , , , , , , , , , , , , , , , , , , , 
2554782.31370563,4774330.34987147,845,42470,42010,VOLOS,GR,39.366667,22.95,39,22,N,22,57,E,132,54351,M,CB,G,N,N,N,Y, ,K,B,J, ,1,M, , ,Y,N,Y,Y,Y, ,Y, ,Y,Y, , , , ,Y,Y,Y,Y,Y, ,Y, , ,Y,Y, ,Y,Y,Y,Y,Y, ,Y,Y,Y, , , , ,Y,Y,Y,Y,Y,Y,C, ,S
2584467.5112505,4745573.33841097,846,42490,42010,MILIANA,GR,39.166667,23.216667,39,10,N,23,13,E,132,54350,V,CN,G,N,N,N,Y,N,A,A, , ,0,M, , ,Y,N,Y, , , , , , , , , , , , , , , , ,Y, , , , , , ,N, , , , , , , , , , , , ,Y,Y, , , , , , , 
15247059.5889854,-536821.558583219,847,53115,52900,AMAMAPARE,ID,-4.816667,136.966667,4,49,S,136,58,E,164,BA3527,S,CN,F, ,Y, ,Y, ,M,A,M, ,7,L,Y, , , ,Y,N,N, , , ,Y,Y,Y,Y, , ,Y,N,Y, ,Y,Y, , , ,Y, , , , , ,Y,Y,Y, , , , , , , ,Y, , , , , , , , 
15627401.1825291,-947829.817121307,848,53130,52900,MERAUKE,ID,-8.483333,140.383333,8,29,S,140,23,E,164,BA3528,V,RN,F,N,N,N,Y, ,N,M,O,N,3,M, , , , ,Y,Y,Y, , ,N,Y, , , ,Y, ,Y,Y,Y, ,Y, , , , ,Y, , , , ,Y, , , , ,Y,Y, , , , ,N,Y,N,N, , ,C, , 
2552926.98885907,4958407.92554311,849,42530,42010,THESSALONIKI,GR,40.633333,22.933333,40,38,N,22,56,E,132,54361/0,M,CN,G,N,N,N,Y, , ,C,J,E,1,L,Y, ,Y,Y,Y,Y,Y, ,Y,N,Y,Y, , ,Y,Y,Y,Y,Y,Y,Y,Y,Y, , ,Y,Y, ,Y,Y,Y,Y,Y,Y,Y,Y,Y,Y,Y,Y,Y, , ,N,N,Y,Y,C,M,M
15940951.0815968,-1013535.56370732,850,53150,53140,DARU,PG,-9.066667,143.2,9,4,S,143,12,E,164,73552,V,OR,F,N,N,N,Y,Y,L, ,P, ,4, , , ,Y, ,Y,N,Y,Y,Y,N,Y,Y, ,Y,Y, ,Y,Y,Y, ,Y, ,Y, , ,Y, , ,N, ,Y, , , , ,Y, , , , , , ,Y,Y,Y, , ,D, , 
2612297.38394882,4904769.55952484,851,42550,42010,YERAKINI,GR,40.266667,23.466667,40,16,N,23,28,E,132,54360,V,CN,F,N,N,N,Y, ,N,K,K, ,0,M,N, , ,N,Y,Y, , , ,N,N,Y, , , , ,Y,Y, ,Y, ,Y,Y, , ,Y, , ,N, , , , , , , ,Y, , , , ,Y,Y,N,Y, , , , , 
16378807.7453837,-1058652.24753938,852,53160,53140,PORT MORESBY,PG,-9.466667,147.133333,9,28,S,147,8,E,164,73581,S,OR,F,Y,Y,N,Y, ,K,G,K,G,2,M,Y,Y,Y,Y,Y,Y,Y, , ,N,Y,Y, ,Y,Y,Y,Y,Y,Y, ,Y, , , , ,Y,Y, ,Y,Y,Y, , , , ,Y,Y, , , , , ,Y,Y,Y, , ,C,M, 
16748017.389848,-1154702.58866247,853,53165,53140,ALOTOA,PG,-10.316667,150.45,10,19,S,150,27,E,164,73601,V,CN,F,N,N,N,Y,N,M,A,K,N,1,M,N,N,Y,N,Y,N,Y,Y,Y,N,N, , ,Y,Y, ,Y,Y,Y, ,Y,N, , , ,Y, , ,N,N,N,N,N,N,N,N,Y, , , , , ,Y,Y,N, , ,N, , 
1100207.63400685,4478673.72841848,854,45440,45360,BANZART,TN,37.283333,9.883333,37,17,N,9,53,E,131,52184/3,S,CB,G,N,N,N,Y,Y,J,A,L, ,0,L,Y, ,Y,N,Y,Y,Y, ,N, ,Y,Y,Y, ,N, ,Y,Y,Y,N,Y, ,Y, , ,Y,Y, ,Y, ,Y,Y, ,Y, ,Y,Y,Y, , , ,Y,Y,Y, ,Y,Y,B,L, 
864581.378494425,4427497.55186868,855,45490,45470,ANNABA,DZ,36.916667,7.766667,36,55,N,7,46,E,131,52202,M,CB,F, ,Y,N,N,N,H,C,H, ,0,L,Y, ,Y,N,Y,Y,Y, ,Y,Y,Y,Y,Y, , , ,Y,Y,Y,Y,Y,Y,Y, , ,Y,Y, ,N,Y,Y,Y,Y,Y,Y,Y,Y,Y, , , , ,Y,Y,Y,Y,Y,C, ,M
16772136.6128532,-1188663.56137799,856,53170,53140,SAMARAI,PG,-10.616667,150.666667,10,37,S,150,40,E,164,73601,V,CN,F,N,N,N, , ,L,A,L, ,1, ,Y, ,Y, ,Y,N,N,N,N,N,N,Y, ,Y,Y, ,N,Y,N, ,Y, , , , ,Y,Y, ,N, ,Y, , , , ,Y,Y, , , , , ,Y,Y, , , ,C, , 
17005907.5435191,-1030448.30907188,857,53190,53140,SULOGA HARBOR,PG,-9.216667,152.766667,9,13,S,152,46,E,164,73620,V,CN,F, , , , , ,A,A, , ,4, , , , , , , , , , , , ,Y, ,Y, , , , , , , ,Y, , , , , , , , ,Y, , , , ,Y, , , , , ,Y,Y, , , , ,D, , 
16744306.7401549,-1166019.26904911,858,53195,53140,DISCOVERY BAY,PG,-10.416667,150.416667,10,25,S,150,25,E,164,73601,V,CN,G, , , ,Y, ,J,A,J, ,4, , , , , , , , , , , , ,Y, ,Y, , , , , , ,Y, , , , , , , , , ,Y, , , , ,Y, , , , , , , , , , , ,D, , 
16529089.0579546,-992874.011623841,859,53206,53140,ORO BAY,PG,-8.883333,148.483333,8,53,S,148,29,E,164,73640,V,CN,G,Y,N,N,Y, ,J,F,J, ,4,M,Y,Y,N, ,Y,N,Y, , ,N,Y,Y, ,Y, , ,Y,Y,Y, ,Y, , , , , , , , , ,Y, , , , ,Y,Y, , , , ,Y,N,Y,Y, , , , , 
16363965.1466112,-751282.520565199,860,53230,53210,LAE,PG,-6.733333,147,6,44,S,147,0,E,164,73640,V,OR,G,N,Y,N,Y,Y,J,A,G,G,1,M, , ,Y,N,Y,Y,Y,Y,Y,N,Y,Y, ,Y,Y, ,Y, ,Y, ,Y, , , , ,Y,Y, ,N,N,N,N,N,N,N,N,Y, , , , , ,Y,Y,Y, , ,N, , 
16232237.0825058,-581520.675477257,861,53250,53210,MADANG,PG,-5.216667,145.816667,5,13,S,145,49,E,164,73653,V,CN,G,N,N,N, , ,K,A,K, ,1,M,Y, ,Y,N,Y,Y,Y, ,Y,N,N,Y, ,Y, , ,Y,Y,Y, ,Y,Y, , , ,Y, , ,Y, ,Y, , , , ,Y,Y, , , , , ,Y,Y, , , ,C, ,M
15710890.800624,-298816.554157122,862,53282,53210,VANIMO,PG,-2.683333,141.133333,2,41,S,141,8,E,164,AUS389,S,CN,E, , , ,Y, ,K,G,N, ,2,M,Y, , , , ,N,Y,Y, , ,Y, , , , , ,Y,Y,Y,Y, , , , , ,Y, , , , ,Y, , , , ,Y,Y, , , , , ,Y,Y, , , , , , 
15831486.9156501,-1184888.49137739,863,53300,53290,THURSDAY ISLAND,AU,-10.583333,142.216667,10,35,S,142,13,E,127,74286,S,CN,G,N,N,N,Y, ,N,L,O,O,1,M, , ,Y,N,Y,Y,Y, , ,N,Y,Y,Y, ,Y,Y,Y,Y,Y, ,Y, , , , ,Y,N, ,N, ,Y, , , , ,Y,Y, , , , , ,Y,Y, ,Y,Y,C, , 
16228526.4328127,-1911126.70357691,864,53340,53290,CAIRNS,AU,-16.916667,145.783333,16,55,S,145,47,E,127,74252/6,S,RN,G,N,N,N,Y,Y,L,J,K,K,2,M, ,Y, ,N,Y,Y,Y, ,Y,N,Y,Y, , ,Y, ,Y, ,Y,Y,Y, , , , ,Y,Y, ,Y,Y,Y, , , ,Y,Y,Y,Y,N,Y,Y, ,Y,Y, ,Y,Y,B,S,S
16267488.2545904,-1990781.89126188,865,53360,53290,MOURILYAN HARBOUR,AU,-17.6,146.133333,17,36,S,146,8,E,127,74255,S,CN,G, , , ,Y,Y,M,M,K, ,1,M,Y,Y,Y,N,Y,Y,Y, ,Y, ,Y,Y, , ,Y, ,Y, ,Y,Y,Y, , , , ,Y,N, ,N,Y, , , , , ,Y, ,Y, ,Y,Y, ,Y,N,N,Y,Y,B, ,S
16289752.152749,-2098113.05948907,866,53370,53290,LUCINDA,AU,-18.516667,146.333333,18,31,S,146,20,E,127,74240,V,OR,F, , , ,Y,Y,H,G,L, ,2,M,Y,Y,Y,N,Y,Y,Y, , ,N,Y,Y, , ,Y,Y,Y,Y,Y,Y,Y, ,Y, , ,Y,Y, ,N, ,Y, , , , ,Y,Y, , , , ,Y,N,N,N, , ,C, ,S
16343556.5732991,-2186356.89136052,867,53380,53290,TOWNSVILLE,AU,-19.266667,146.816667,19,16,S,146,49,E,127,74216/37,S,CB,F,N,N,N,Y,N,J,L,J,J,2,L,Y,Y,Y,N,Y,Y,Y, ,Y,N,Y,Y,Y, ,Y,Y,Y, ,Y,Y,Y, , , , ,Y,Y, ,Y,Y,Y, , ,Y, , ,Y, , ,Y,Y, ,Y,Y, ,Y,Y,B, ,M
16610723.351203,-2405795.29057924,868,53400,53290,MACKAY,AU,-21.116667,149.216667,21,7,S,149,13,E,127,74226,S,CB,G,Y,N,N,Y,Y,L,G,H,J,1,M,Y, ,Y,N,Y,Y,Y,Y,Y,N,Y,Y,Y, , , ,Y, ,Y,Y,Y, , , , ,Y,Y, ,N,Y,Y, , , ,Y,Y,Y,Y,N, ,Y, ,Y,Y, , , ,C, ,S
13490066.9592982,1507375.88590975,869,58540,57960,CALAPAN,PH,13.416667,121.183333,13,25,N,121,11,E,162,91300,V,OR,P,Y,Y, ,Y, ,H,E,N, ,5, ,N, , , , , , ,Y, , , , , , , ,Y,Y, , , ,Y, , , , ,Y, , , , , , , , , , , , , , , ,Y, , ,Y, , , , , 
16063402.5214694,-135448.893580692,870,56710,56700,LONGAN ISLAND,PG,-1.216667,144.3,1,13,S,144,18,E,126,82050,V,CN,P,N,N,N,Y,N,J,L,P, ,2, , , , , , , , ,Y, , , , , , , , , ,Y, , , ,Y, , , ,Y,Y, ,N, , , , , , , ,Y,N,N,N,N,N,Y,N,N,N,N, , , 
16619999.9754357,-2425695.30487774,871,53405,53290,HAY POINT,AU,-21.283333,149.3,21,17,S,149,18,E,127,74247,S,OR,P,Y,N,N,Y,Y,H,H,E, ,3,M, , ,Y,N,Y,Y,Y, , , ,Y,Y, ,Y,Y,Y,Y, ,Y,Y,Y,Y, , , , ,Y, ,N, , , ,Y,Y, , ,Y, , , , ,Y,N,N, , , , , ,S
13610663.0743243,1412168.5817102,872,58590,57960,PORT ROMBLON,PH,12.583333,122.266667,12,35,N,122,16,E,162,92450,V,CN,F, , , , , ,A,A,L, ,4, , , , , , , ,Y, , , , , , , , ,Y, , , , , ,Y, , , ,Y, , , , , , , , , , , , , , , ,Y,Y,Y,Y, , , , , 
16393650.3441561,-224540.673710002,873,56730,56700,LORENGAU,PG,-2.016667,147.266667,2,1,S,147,16,E,126,82071,V,OR,G,N,N,N,Y, , ,F, ,N,1,M,Y, ,Y,N,Y,N,Y, , ,N,N,Y, ,Y, , , ,N,Y, , , , , , , , , , , ,Y, , , , ,Y,Y,Y, , , ,Y,Y,Y,Y, , , , , 
16792545.1861653,-2702717.03521251,874,53440,53290,PORT ALMA,AU,-23.583333,150.85,23,35,S,150,51,E,127,74208,V,RN,G, , , ,Y, ,M,J,K,K,2,L, ,Y,Y,N,Y,Y,Y, , ,N,N,Y,Y,Y,Y,Y,Y,Y,Y, ,Y, ,Y, , ,Y,N, ,N,Y, , , , ,Y, ,Y, ,N, , ,Y,Y,Y, , , ,C, , 
16837072.9824826,-2735140.57983841,875,53450,53290,GLADSTONE,AU,-23.85,151.25,23,51,S,151,15,E,127,74205,S,RN,E,N,N,N,Y,Y,L,G,K,J,3,M,Y,Y,Y,N,Y,Y,Y, ,Y,Y,Y,Y, , , , ,Y, ,Y,Y,Y,N, , , ,Y,Y, ,Y,Y,Y,Y,Y,Y, ,Y,Y,Y,N,Y,Y,Y,Y,Y,Y,Y,Y,B, ,L
16959524.4223552,-2859376.49314785,876,53460,53290,BUNDABERG,AU,-24.866667,152.35,24,52,S,152,21,E,127,74217/23,V,RN,G,Y,N,N,Y,Y,L,L,K,L,2,M, ,Y, ,N,Y,Y,Y, ,Y, ,Y,Y, ,Y,Y,Y,Y, ,Y,Y,Y, , , , ,Y,Y, ,Y, ,Y, , , , ,Y,Y,Y, , , , ,Y,Y, ,Y,Y,C, ,S
17035592.741064,-3181897.54699284,877,53490,53290,BRISBANE,AU,-27.466667,153.033333,27,28,S,153,2,E,127,74189,L,RN,E,Y,N,N,Y,Y,L,J,H,G,2,L, ,Y,Y,Y,Y,Y,Y, ,Y, ,Y,Y,Y,Y,Y,Y,Y,Y,Y,Y,Y,Y, , , ,Y,Y, ,Y,Y,Y,Y, ,Y,Y,Y,Y,Y,Y,Y,Y,Y,Y,Y,Y,Y,Y,A,M, 
14555023.4212205,-139160.403169844,878,53050,52900,SAILOLOF,ID,-1.25,130.75,1,15,S,130,45,E,164,73760,V,CN,F, , , , , , ,A, , ,2, , , , , , , , , , , , , , , , , , , , , , ,Y, , , , , , , , , , , , , , , , , , , , ,Y, , , , ,D, , 
13649624.8961019,-609471.955750222,879,52260,51970,BAUBAU,ID,-5.466667,122.616667,5,28,S,122,37,E,163,73261,V,CN,G,Y, , , , ,N,A,O,M,4,M,Y, , , , , , , , , , ,Y, ,Y,Y, ,Y,Y, , , ,Y, , , ,Y,Y, , , , , , , , , , , , , , ,Y, , , , , ,D, , 
13760944.3868952,1387466.1267035,880,58620,57960,MASBATE,PH,12.366667,123.616667,12,22,N,123,37,E,162,92302,S,CN,E, , ,N,Y, ,A,A,L, ,0,M, ,Y,Y, ,Y,Y,Y, ,N, ,Y,Y, ,Y,Y,Y,Y,Y,Y, ,Y, , , , ,Y, , ,N,Y,Y,N,N,N,Y,N,Y,Y, , , ,Y,Y,Y,Y, , ,C, , 
15989189.5276072,-397296.191982252,881,56738,56700,WEWAK HARBOR,PG,-3.566667,143.633333,3,34,S,143,38,E,164,AUS651,S,OR,F,Y,Y,N, ,Y,F,F,M, ,1,M, , ,N,N,Y,N,Y, , ,N,N, , ,Y,Y, ,Y, ,Y, ,Y, , , , ,Y, , ,N,N,Y,N,N,N,N,Y,Y, , , , , ,Y,Y,Y, , ,N, , 
13916791.6740058,1410267.65719787,882,58630,57960,LAOANG,PH,12.566667,125.016667,12,34,N,125,1,E,162,92040,V,RN,F, , , ,Y, ,O,H,P, ,4, , , , , , , , , , , , , , , , , , , , , , ,Y, , , , , , , , , , , , , , , , , , , ,Y,Y, ,Y, , , , , 
16694212.9692979,-181846.466267021,883,56740,56700,HAMBURG HARBOR,PG,-1.633333,149.966667,1,38,S,149,58,E,126,82005,V,CN,F,N,N,N,Y, ,H,F,L, ,2,M, , , , , , , ,Y, , , , , , , , , ,Y,Y, ,Y, , , , , , , ,N, , , , , , , , , , , , , , , , , , , , , 
13963174.7951696,1300219.20818828,884,58640,57960,PORT BORONGAN,PH,11.6,125.433333,11,36,N,125,26,E,162,92050,V,OR,F, ,Y, ,Y, ,A,F,J, ,4, , , , , ,Y, ,Y, , , , , , , ,Y,Y, , ,Y, , ,Y, , , ,Y, , , , , , , , , , , , , , , ,Y,Y,Y, , , , , , 
16950247.7981225,-482844.995084041,885,56820,56700,KOKOPO,PG,-4.333333,152.266667,4,20,S,152,16,E,126,82192,V,OR,F,N,N,N,Y,N,A,E,P, ,2, ,Y, , , , , , , , , , , , , ,Y, , , , , , ,Y, , , ,Y,N, ,N, , , , , , , ,N,Y,N,N,N,Y,Y,N,N,N,N,C, , 
16757294.0140808,-572206.082733751,886,56835,56700,KIMBE,PG,-5.133333,150.533333,5,8,S,150,32,E,126,82215,V,CN,F,N,N,N,Y, , , ,J,J,1,M,N,N,Y,N,Y,Y,Y,Y,N,N,N, , , ,Y, ,Y, ,Y, ,Y,N, , , ,Y,Y, ,N,N,N,N,N,N,N,N,Y, , , , , ,Y,Y,Y, , ,N, , 
13994715.317561,1235887.11665566,887,58655,57960,GUIUAN,PH,11.033333,125.716667,11,2,N,125,43,E,162,92060,V,CN,F, , , ,Y, ,A,D,P, ,2, , , , , , , ,Y,Y,Y, , , , , , , ,Y, ,Y, , ,Y, , , ,Y, , , , , , , , , , , , , , , ,Y,N,Y,Y, , , , , 
17325023.4171265,-693398.01415418,888,56855,56700,KIETA,PG,-6.216667,155.633333,6,13,S,155,38,E,126,82242/4,S,CN,F,N,N,N,Y, ,A,A,L, ,2,L,N,N,Y,N,Y,Y,Y,N,Y,Y,Y, , ,Y,N, ,Y, ,Y, ,Y,Y, , , ,Y, , ,N, ,Y, , , , ,Y,Y, , , , ,Y,N, ,Y, , ,C, , 
13901949.0752333,1319164.98699173,889,58670,57960,CATBALOGAN,PH,11.766667,124.883333,11,46,N,124,53,E,162,92070,V,OR,F, , , ,Y, ,H,L,O, ,4, , , , , ,Y, ,Y, , , , , , , , ,Y,Y, , , ,Y, , , , ,Y, , , , , , , , , , ,Y, , , , ,Y,Y,Y,Y, , , , , 
17460462.130925,-904706.48475869,890,56970,56940,GIZO HARBOR,SB,-8.1,156.85,8,6,S,156,51,E,126,82304,V,CN,E,N,Y,N,Y, ,H,A,N, ,1,M,Y,Y,Y,N,Y,N,Y,Y, , , ,Y, , ,Y, ,Y,Y,Y, ,Y,Y, , , ,Y,N, ,Y, , , , , , , ,Y,Y,N,N,N, ,Y,Y,N,Y,Y,C, , 
13914936.3491592,1260469.67745416,891,58690,57960,TACLOBAN,PH,11.25,125,11,15,N,125,0,E,162,92061,S,CN,G,N,N,N,Y,Y,N,L,N,M,1,M,Y,Y,Y, ,Y,Y,Y, ,Y, ,Y,Y, ,Y, , ,Y, ,Y, ,Y, , , , ,Y,N, , ,N,N,N,N,N,N,N,Y, , , , , ,N,N,Y, , ,C, , 
-17837093.0747755,2495524.48282873,892,56320,56050,NONOPAPA,US,21.866667,-160.233333,21,52,N,160,14,W,CP07,19380,V,OR,P,N,Y,N, , ,H,G,P, ,1, , , , , , , , , , , , , , , , , , , , , , ,Y, , , ,Y, , , , ,Y, , , , ,Y, , , , , , , , , , , ,D, , 
12061466.8274512,2481536.08127368,893,57745,57740,FANG-CHENG,CN,21.75,108.35,21,45,N,108,21,E,161,93650,M,RN,G,Y, , ,Y,Y,F,J,H,K,4,M, ,Y, , ,Y,Y,Y, , , ,Y,Y, ,Y, , ,Y,Y, ,Y,Y,Y, , , ,Y,Y, ,Y, ,Y,Y, , ,Y,Y, , , , , ,Y,Y,Y,Y, , ,C,S, 
-19120977.8685913,-1553191.54415886,894,55670,55665,APIA,WS,-13.816667,-171.766667,13,49,S,171,46,W,126,83476/3,V,CN,G,Y,Y,N,N, ,J,A,L,J,1,L, ,Y, , ,Y,Y,Y, ,Y, ,Y,Y, ,Y,Y,Y,Y,Y,Y,N,Y, , , , ,Y,Y, ,N, ,Y, , , , ,Y,Y, , , , , ,Y,Y, ,Y,Y,C, ,S
12141245.795853,2449605.12396886,895,57750,57740,BEIHAI,CN,21.483333,109.066667,21,29,N,109,4,E,161,93652,V,OR,G,Y, , ,Y,Y,J,K,J,J,3,M, ,Y,Y,Y,Y, ,Y, , , , ,Y, ,Y, , ,Y, ,Y, ,Y,Y, , , ,Y, , ,N, ,Y, , ,Y,Y,Y,Y,Y, ,Y,Y, ,Y, , , , ,C, , 
-18998526.4287187,-1606742.82881343,896,55680,55675,PAGO PAGO HARBOR,AS,-14.283333,-170.666667,14,17,S,170,40,W,126,83484,S,CN,G,N,Y,N,N,N,A,J,F,J,3,M,Y,Y,Y,Y,Y,N,Y, ,Y, ,Y,Y, , ,Y, ,Y, ,Y, ,Y, , , , , ,Y, ,Y, , ,Y, , , ,Y,Y, , , , , ,Y,Y,Y, , ,C, ,S
12276684.5096515,2278955.05499922,897,57760,57740,HAIKOU,CN,20.05,110.283333,20,3,N,110,17,E,161,93710,V,CN,F,Y,Y,N,Y,Y,K,F,K, ,1,M,Y,Y,Y,N,Y,Y,Y, , , ,Y, , ,Y, , ,Y, ,Y, ,Y,Y, , , ,Y, , ,N, ,Y,Y, , , ,Y,Y, , , , ,Y,Y,Y, , , ,C, , 
12091152.0249961,2166712.83974875,898,57768,57740,BASUO,CN,19.1,108.616667,19,6,N,108,37,E,161,93688,S,CB,G,Y,Y, ,Y, ,L,J,L,L,2,M,Y,Y, , ,Y,Y,Y, , , ,Y,Y, ,Y, , ,Y, , ,Y,Y, , , , ,Y, , , ,Y,Y,N, , , ,Y,Y, , , , ,Y,Y,Y, , , ,C, ,M
-18916892.1354703,-2158860.76829311,899,55695,55685,ALOFI,NU,-19.033333,-169.933333,19,2,S,169,56,W,126,BA4630,V,CN,G,N,N,N,N,N,A,A,P, ,2, ,Y, , , , , , , , , , ,Y, , , ,Y,Y, , , , ,Y, , , ,Y, , , ,N, , , , , , , , , , , ,Y,Y, , ,Y,Y,D, , 
12289671.7835774,2415742.49112584,900,57770,57740,ZHANJIANG,CN,21.2,110.4,21,12,N,110,24,E,161,93778,S,RN,G,N,N,N,Y,Y,J,G,H,N,2,M,Y, ,Y, ,Y,Y,Y, ,Y,Y,Y,Y, ,Y, , ,Y, ,Y,Y,Y, , , , ,Y, , , , ,Y,Y, ,Y, ,Y,Y,Y,Y, ,Y,Y,Y,Y,Y, , ,C, ,S
-17786999.3039186,-2415742.49112584,901,55740,55700,AVATIU,CK,-21.2,-159.783333,21,12,S,159,47,W,126,83425,V,CN,G,N,Y,N,Y,N,N,A,N,N,1,M,Y,Y,Y,N,Y,N,Y,N,Y,N,Y,Y, ,Y,Y,Y,Y,Y,Y, ,Y,Y, , , ,Y,Y, ,N, ,Y, , , , ,Y,Y,Y,N,N,N, ,Y,Y, ,N,N,C, , 
-16892732.7278793,-1862698.87215069,902,55770,55765,VAITAPE,PF,-16.5,-151.75,16,30,S,151,45,W,126,83397,V,CB,G,N,N,N,Y, ,K,A,O, ,0,M,Y,Y,Y,N,Y,N,Y, , ,N,N,Y, , ,Y, ,Y, ,Y, ,Y, ,Y, , ,Y,N, ,N,N, , , , , , ,Y, , , , ,N,N,N,N, , ,C, , 
12877809.7599352,2372016.42786411,903,57775,57740,LON SHUI TERMINAL,CN,20.833333,115.683333,20,50,N,115,41,E,161,93730,L,OR,P,Y,Y, ,Y, ,A, , ,A,0,M, , , , ,Y,Y,Y,Y,Y,Y,Y,Y, , , , ,Y,Y, , ,Y,N,Y, , ,Y,N, ,N, , , , , , , , , , , , , ,Y,N, , , ,N, , 
-16859336.8806413,-1889805.42628545,904,55800,55765,UTUROA,PF,-16.733333,-151.45,16,44,S,151,27,W,126,83392,V,CN,F,N,Y,N,Y,N,J,A,M, ,0, ,Y,Y,Y, , , ,Y, , , , ,Y, , , , ,Y, ,Y, ,Y,Y, , , ,Y, , , ,N, , , , , , , , , , , ,Y,Y, , , , ,D, , 
12642183.5044228,2533550.86814966,905,57810,57805,MACAU,MO,22.183333,113.566667,22,11,N,113,34,E,161,93725,M,CB,G,N,N,N,Y,Y,O,O,O,O,2,M, ,Y,Y,N,Y,Y,Y, ,Y, ,Y, , , , , ,Y,Y,Y, , ,Y, , , ,Y, , ,N, , ,Y, , ,Y, ,Y, , , , , ,Y,Y, , , ,C,S,S
-16651540.4978272,-1982997.58110837,906,55840,55765,PAPEETE,PF,-17.533333,-149.583333,17,32,S,149,35,W,126,83385,S,CN,E,Y,Y,N,Y,Y,K,E,K,N,0,M,Y,Y,Y,N,Y,Y,Y, ,Y, ,Y,Y, ,Y, , ,Y,Y, , ,Y, , , , ,Y,Y, ,N, ,Y, ,Y,Y,Y,Y,Y,Y,Y,Y,Y,Y,Y,Y,Y,Y,Y,A, ,M
12634762.2050366,2638066.41274581,907,57825,57815,HUANGPUXINGANG,CN,23.05,113.5,23,3,N,113,30,E,161,93726,S,RN,G,Y,Y, ,Y,Y,P,M,G, ,2,L, ,Y, , ,Y,Y,Y, , , ,Y,Y, ,Y, , ,Y, , , ,Y, , , , ,Y, , , , ,Y,Y, , ,Y, ,Y, , , , ,Y,Y,Y,Y, , ,C,M,S
-15024420.6073988,-2646133.6079721,908,55960,55860,PORT RIKITEA,PF,-23.116667,-134.966667,23,7,S,134,58,W,126,83254,V,CN,F,N,N,N,Y,N,L,A,P, ,2,M,Y, ,N,N,N, ,Y,Y, , , , , , , , ,Y, ,Y, ,Y, , , , ,Y, , ,N, , , , , , , , , , , , ,N,Y,N,N,N,N, , , 
12605077.0074917,2646133.6079721,909,57830,57815,GUANGZHOU,CN,23.116667,113.233333,23,7,N,113,14,E,161,93728,M,RN,G,Y,Y,N,Y,Y,H,J,H,K,2,M,Y,Y,Y,N,Y,Y,Y, , , ,Y,Y, ,Y,Y,Y,Y, ,Y,Y,Y,Y, , , ,Y,Y, ,Y,Y,Y,Y,Y,Y,Y, ,Y, , , , ,Y,Y,Y,Y,Y,Y,A,M,S
-15477119.8699581,-1098172.37500416,910,56010,56000,ATUONA,PF,-9.816667,-139.033333,9,49,S,139,2,W,126,83218,V,CN,G,N,N,N,Y,N,H,K, , ,3, ,Y, ,Y,N,N, , , , ,N,N, , , , , ,Y, , , , ,Y, , , ,Y, , ,N, , , , , , , , , , , , ,Y,Y,N,N, , , , , 
12712685.8485918,2543572.00769707,911,57840,57835,HONG KONG,HK,22.266667,114.2,22,16,N,114,12,E,161,93734/6,L,CN,E,Y,N,N,Y,Y,G,D,G,E,1,M,Y,Y,Y,Y,Y,Y,Y, ,Y,Y,Y,Y,Y,Y,Y,Y,Y,Y,Y,Y,Y,Y, , , ,Y,Y, ,Y,Y,Y,Y,Y,Y,Y,Y,Y,Y,N,Y,Y,Y,Y,Y,Y,Y,Y,A,M,S
-15594005.3352911,-998507.946513173,912,56015,56000,BAIE TAIOHAE,PF,-8.933333,-140.083333,8,56,S,140,5,W,126,83207,V,CN,G,Y,Y,N,Y,N,K,H, , ,3, , , ,Y,N,N, , , , ,N,N, , , , , ,Y, , , , ,Y, , , ,Y, , ,N, , , , , , , , , , , , ,Y,Y,N,Y, , , , , 
12989129.2507285,2676421.40784122,913,57860,57855,SHAN T OU,CN,23.366667,116.683333,23,22,N,116,41,E,157,94042,S,RN,E,Y,Y,N,Y,Y,L,N,N,O,2,M,Y, ,Y,N,Y,Y,Y, , , ,Y,Y, ,Y, , ,Y, ,Y,Y, ,Y, , , ,Y, , ,N,Y,Y,Y, , ,Y,Y,Y, , , , ,Y,Y, ,Y, , ,C, , 
-19115411.8940516,-315533.851264297,914,56025,56019,CANTON ISLAND,KI,-2.833333,-171.716667,2,50,S,171,43,W,126,83105,V,OR,F,N,Y,N,Y,N,L,M,L, ,3, ,Y,Y,Y,N,N, , , ,Y,N,N, , , , , ,Y,Y,Y, , ,Y, , , ,Y, , ,N,Y, , , , , ,Y, , , , , ,Y,Y, ,Y, , ,C, , 
13143121.2129925,2808339.23164637,915,57870,57855,XIAMEN,CN,24.45,118.066667,24,27,N,118,4,E,157,94061,M,RN,G,Y,Y,N,Y,Y,L,K,M,A,5,M,Y,Y,Y, ,Y,Y, , ,Y, ,Y,Y, ,Y, , ,Y, ,Y,Y, ,Y, , , ,Y, , , , ,Y,Y, ,Y,Y,Y,Y,Y, , , ,Y,Y,Y, ,Y,Y,C,M,M
-17740616.1827547,428902.92426561,916,56039,56037,ENGLISH HARBOR,KI,3.85,-159.366667,3,51,N,159,22,W,126,83158,V,CN,F,Y,Y,N,Y,N,A,E, , ,1,M, , ,Y,N,N,Y,Y, , ,N,Y, , , , ,Y,Y, , , , ,Y, , , ,Y, , ,N,Y, , , , , ,Y,Y, , , , , ,Y, , , , , , , 
13555003.3289276,2892130.5270582,917,57890,57880,CHI-LUNG,TW,25.133333,121.766667,25,8,N,121,46,E,157,94124,L,CB,G,N,Y,N, , ,F,H,J,L,1,M,Y,Y,Y,N,Y,Y,Y, ,Y, ,Y,Y,Y,Y,Y,Y,Y, ,Y,Y,Y, , , , ,Y, , ,Y,Y,Y,Y, ,Y,Y, ,Y, , , , ,Y,Y,Y,Y, , ,A,L,M
-17306470.1686609,2284881.07006733,918,56070,56050,HONOKAA,US,20.1,-155.466667,20,6,N,155,28,W,CP07,19322,V,OR,P,N,N,N, , ,H,H,P, ,2, , , , , , , , , , , , , , , ,Y,Y,Y,Y,Y,Y, ,Y, , , ,Y,Y, , , , , , , , , ,N,N,N,Y,Y,Y,N,N,N,Y,Y, , ,S
13566135.2780069,2826693.0380219,919,57900,57880,SU-AO,TW,24.6,121.866667,24,36,N,121,52,E,157,94122,M,CB,G,N,N,N,Y, ,G,C,H,J,2,M, , ,N,N,Y,Y,Y, , , ,Y,Y,Y,Y,Y, ,Y, ,Y,Y,Y, , , , ,Y,Y, ,N, ,Y, , , , , ,Y, , , , , ,Y,Y,Y, , ,C,S,M
-17261942.3723436,2241467.21251904,920,56090,56050,HILO,US,19.733333,-155.066667,19,44,N,155,4,W,CP07,19324,M,CB,G,Y,Y,N,Y, ,K,L,K,K,1,L,Y,Y,Y,N,Y,Y,Y,Y,Y, ,Y, , ,Y,Y,Y,Y, ,Y, ,Y, , , , ,Y,N, ,N, ,Y, , ,Y, ,Y,Y,Y,N,N,Y, ,Y,Y,Y,Y,Y,B, ,S
13536450.0804621,2751377.33495265,921,57910,57880,HUA-LIEN KANG,TW,23.983333,121.6,23,59,N,121,36,E,157,94122,M,CB,E,Y,Y,N,Y, ,K,J,L,L,1,M,Y,Y,Y,N,Y,Y,Y, ,Y, ,Y,Y,Y,Y,Y,Y,Y, , ,Y,Y, ,Y, , ,Y,Y, ,N,Y,Y,Y,Y,Y,Y,Y,Y,Y, , , ,Y,Y,Y,Y, , ,B,S,S
-17315746.7928937,2164749.5257404,922,56100,56050,HONUAPO,US,19.083333,-155.55,19,5,N,155,33,W,CP07,19322,V,OR,P,N,N,N,Y, ,H,A,M, ,2, , , , , , , , , , , , , , , ,Y,Y,Y,Y,Y, , ,Y, , , ,Y,Y, , , , , , , , , ,N,N,N,Y,Y,Y,N,N,N,Y,Y, , , 
13386168.7678911,2585726.31241039,923,57920,57880,KAO-HSIUNG,TW,22.616667,120.25,22,37,N,120,15,E,157,94083/4,M,CB,F,Y,N,N,Y, ,J,C,L,K,1,L,Y,Y,Y,N,Y,Y,Y, ,Y, ,Y,Y,Y, ,Y, ,Y, ,Y,Y,Y, , , , ,Y,Y, ,Y,Y,Y, , , ,Y, ,Y, , , , , ,Y,Y,Y, , ,B,L,S
-17354708.6146714,2176532.38050397,924,56110,56050,MILOLII,US,19.183333,-155.9,19,11,N,155,54,W,CP07,19320/10,V,OR,P,N,N,N,Y, ,A,A,P, ,2, , , , , , , , , , , , , , , ,Y,Y,Y,Y,Y, , ,Y, , , ,Y,Y, , , , , , , , , ,N,N,N,Y,Y,Y,N,N,N,Y,Y, , , 
13514186.1823034,2898279.8483044,925,57935,57880,TAN-SHUI,TW,25.183333,121.4,25,11,N,121,24,E,157,94127,V,RN,P,N,N,N,Y,Y,P,H,N,L,4,M, , ,N,N,Y,Y,Y, ,Y, ,Y,Y, ,Y, , ,Y, ,Y,Y, ,Y, , , ,Y,Y, ,N,Y, , , , , ,Y,Y,Y, , , ,Y, , , , , ,C, ,S
2653114.53057302,4941309.39254571,926,42570,42010,STRATONI,GR,40.516667,23.833333,40,31,N,23,50,E,132,54362/0,V,CN,F,N,Y,N,Y,Y,A,A,O, ,0,M,Y, , , ,Y,Y,Y, , ,N,N,Y, , , , ,Y,Y, , , ,Y,Y, , , , , ,N, , , , , , , ,Y, , , , ,Y,N,N, , , ,C, , 
2797829.86860428,5012341.66384751,927,42620,42010,LAGOS,GR,41,25.133333,41,0,N,25,8,E,132,54366,V,CN,F,N,N,N,Y, ,O,N,N, ,0,M, , , , ,Y,N,N, , , , , , , ,Y,Y, ,Y, , , , , , , , , , ,N, , , , , , , , , , , , , ,Y, , , , , , , 
2881319.48669923,4987789.36301235,928,42630,42010,ALEXANDROUPOLI,GR,40.833333,25.883333,40,50,N,25,53,E,132,54372,M,CB,F,Y,Y,N,Y, ,K,K,K, ,1,M,Y, ,Y,N,Y,N,Y,Y, ,N,Y,Y, , , , ,Y,Y,Y,Y,Y,Y,Y, , ,Y, , ,N,Y,Y,Y, , ,Y,Y,Y, , , , ,Y,Y, ,Y, , ,C, ,L
2957387.80540797,4736005.85381759,929,42760,42640,MITILINI,GR,39.1,26.566667,39,6,N,26,34,E,132,54386/2,S,CB,F,N,N,N,Y, , ,E,L, ,0,M,Y,N,Y,N,Y,N,Y, , ,N,N,Y, ,Y,Y,Y,Y,Y,Y, ,Y,Y,Y, , ,Y, , ,N, ,Y,Y, , , ,Y, , , , , ,Y,Y,Y,Y, , ,C, , 
2935123.90724931,4719284.49668704,930,42780,42640,PLOMARION,GR,38.983333,26.366667,38,59,N,26,22,E,132,54382,V,CB,P,N,N,N,Y, ,A,A, , ,0,M,N, , , , , , , , ,N,N, , , , ,Y, , , , , ,Y, , , , , , ,N, , , , , , , , , , , , ,Y,Y,Y, , , , , , 
2903583.38485789,4733615.39676189,931,42790,42640,VRAKHONISIS KALLONIS,GR,39.083333,26.083333,39,5,N,26,5,E,132,54380,V,CN,G,N,N,N,Y, ,E,M,P, ,2,M,Y,Y, , ,Y, ,Y,Y, ,N,N, , , ,Y, , , , , , ,Y, , , , , , ,N, , , , , , , , , , , , ,Y, , , , , , , , 
2909149.35939755,4631353.79531981,932,42820,42640,KHIOS,GR,38.366667,26.133333,38,22,N,26,8,E,132,54386,V,CB,G,N,N,N,Y, , ,A,M, ,0,M,N, ,Y,N,Y,Y,Y, , ,N,N, , , , ,Y,Y,Y, , ,Y, , , , , , , ,N, , , , , , , , , , , , ,Y,Y, ,Y, , ,C, ,S
2970375.07933385,4551210.91969189,933,42840,42640,NEON KARLOVAS,GR,37.8,26.683333,37,48,N,26,41,E,132,54389,S,CB,F,N,Y,N,N, , ,A,O, ,0,M, , ,Y,N,Y,N,Y,Y, ,N,N, , , ,Y,Y, , , , ,Y,Y,Y, , ,Y, , ,N, , ,Y, , ,Y,Y, , , , , , ,Y, , , , ,C, , 
3001915.60172528,4544169.14664544,934,42850,42640,SAMOS,GR,37.75,26.966667,37,45,N,26,58,E,132,54403,V,CN,F,N,N,N,N,N,O,A,P, ,0,M,Y,Y,N,N,Y,N,Y, ,N, ,N,Y, ,Y,Y,Y,Y,Y, , ,Y,Y, , , ,Y,Y, ,N, , , , , , , , , , , , ,Y,Y,N, , , ,C, , 
3000060.27687872,4534787.51279391,935,42860,42640,PITHAGORION,GR,37.683333,26.95,37,41,N,26,57,E,132,54389,V,CB,F,N,Y,N,Y, ,N,K,N, ,0,M,Y, ,N,N,Y, ,Y, , ,N,N,Y, , , , ,Y,Y,Y, , ,Y,Y, , ,Y,N, ,N, , , , , , , ,N, , , , ,Y,Y,N,N, , ,N, , 
2753302.07228697,4562957.81005292,936,42880,42870,GAVRIO,GR,37.883333,24.733333,37,53,N,24,44,E,132,54335,V,CN,F,N,N,N,Y, ,J,N,P, ,0,M,Y, ,Y,N,Y,Y,Y, , , , , , , , ,Y, , , , ,Y,Y, , , , , , ,N, , , , , , , , , , , , ,Y,Y, , , , , , , 
2777421.29529218,4555908.08335298,937,42890,42870,ANDROS,GR,37.833333,24.95,37,50,N,24,57,E,132,54330,V,CN,F,N,N,N,Y, ,J,J,P, ,0,M, , ,Y,N,Y, , , , , , , , , ,Y,Y, , , , , , , , , ,Y, , ,N, , , , , , , , , , , , ,Y,Y, , , , , , , 
2820093.76676293,4502017.98271716,938,42905,42870,MIKONOS,GR,37.45,25.333333,37,27,N,25,20,E,132,54330,V,CN,P,N,N,N,Y, ,N,C,M, ,0,L,N, ,Y, ,Y, ,Y, , ,N,N, , ,Y, , ,Y,Y,Y, , , , , , , , , ,N, , , , , , , , , , , , ,Y,Y,N,Y, , , ,S, 
2777421.29529218,4499681.22122994,939,42920,42870,LIMIN SIROU,GR,37.433333,24.95,37,26,N,24,57,E,132,54329,V,CB,F,N,N,N,Y,Y,C,C,N,L,1,M,N, ,Y,N,Y,Y,Y, , , ,Y,Y,Y, , , ,Y, , , ,Y,Y,Y, , ,Y,Y, ,Y, , ,Y, , ,Y, ,Y, , ,Y,Y,Y,Y,Y,Y,Y,Y,A,M,S
2823804.41645604,4453054.67886608,940,42980,42870,NISOS NAXOS,GR,37.1,25.366667,37,6,N,25,22,E,132,54334,V,OR,F,N,N,N,Y, ,J,J,P, ,0,M, , ,N,N,N, , , , , , , , , , , , , , , , ,Y, , , , , , ,N, , , , , , , , , , , , ,Y, ,Y, , , , , , 
2627139.98272126,4643192.21964251,941,42310,42010,DHIAVLOS STENO,GR,38.45,23.6,38,27,N,23,36,E,132,54347,V,CN,G,N,N,N,Y,Y,N,M,M, ,1,L,Y,Y,Y,N,Y,Y,Y, ,Y,N,N,Y,Y, ,Y,Y,N,Y,Y,Y,Y, , , , ,Y, , ,N, ,Y, , , , ,Y,Y, , , , ,Y,Y, , , , , , , 
2181862.01954816,5133556.43815376,942,41660,41650,SHENGJIN,AL,41.816667,19.6,41,49,N,19,36,E,132,54131,V,CN,F,N,Y,N,Y,N,O,C,N, ,0, ,Y, ,Y,N,Y,Y,Y, , , ,Y,Y, , , , ,Y,Y, , , ,Y,Y, , , , , ,N, , ,Y, , , ,Y, , , , , , ,Y,N,N, , , , , 
2165164.09592917,5059162.72832416,943,41670,41650,DURRES,AL,41.316667,19.45,41,19,N,19,27,E,132,54266,S,CB,F,N,N,N,Y,N,L,L,L,M,1,M, , ,Y,N,Y,Y,Y, , ,Y,Y,Y,Y, , , ,Y, ,Y,Y,Y,N, , , ,Y,Y, ,Y,Y,Y,Y,Y, ,Y,Y,Y, , , , ,Y,Y,Y,Y,Y,Y,B,M,L
2170730.07046883,4933990.56029121,944,41690,41650,VLORES,AL,40.466667,19.5,40,28,N,19,30,E,132,54266,V,CN,F, ,Y, ,Y, ,L,A,L,J,1,M,Y,N,Y, ,Y,Y, , ,Y, ,Y,Y, , , , ,Y, , ,Y,Y, , , , ,Y,Y, ,N, ,Y, , , , ,Y, , , , , , ,Y,Y,Y, , ,N, , 
2218968.51647925,4810392.69079388,945,41720,41710,KERKIRA,GR,39.616667,19.933333,39,37,N,19,56,E,132,54281,M,OR,G,N,N,N,Y,N,L,A,O,M,1,M,N,Y,Y,N,Y,Y,Y, ,Y,N,Y,Y,Y, , , ,Y,Y,Y, ,Y,Y,Y, , ,Y, , ,N,Y,Y, , , , ,Y,Y, , , , ,Y,Y, ,Y,Y,Y,C,L,S
2309879.43396043,4714512.03010779,946,41730,41710,PREVEZA,GR,38.95,20.75,38,57,N,20,45,E,132,54283,V,CN,F,N,N,N,Y,N,L,J,N,N,0,M,N,Y,Y,N,Y,N,Y, , ,N,Y,Y,Y, , , ,Y,Y,Y, , ,Y,Y, , ,Y, , ,N, , , , , ,Y, ,Y, , , , ,Y,Y,Y,Y,Y, ,C,M, 
2283904.88610866,4605357.13525066,947,41790,41710,ARGOSTOLION,GR,38.183333,20.516667,38,11,N,20,31,E,132,54280,V,CN,F,N,N,N,Y,Y, ,G,N, ,0,L,Y,Y,Y,N,Y, ,N, , ,N,Y,Y, ,N,Y, ,Y,Y,Y,Y,Y,Y, , , ,Y, , ,Y, , , , , , , , , , , , , ,Y,N,N, , ,C, , 
2384092.42782261,4631353.79531981,948,41800,41710,MESOLONGION,GR,38.366667,21.416667,38,22,N,21,25,E,132,54287,V,CB,P,N,N,N,Y,N,N,A,N, ,0,M, , ,Y,N,Y, ,Y,Y,Y,N,Y,Y, ,Y, , ,Y,Y, ,Y,Y,Y, , , ,Y, , ,N, , , , , , , ,Y, , , , , ,Y,Y,Y, , ,C, , 
2495411.91861588,4640823.44223527,949,41820,41710,ITEA,GR,38.433333,22.416667,38,26,N,22,25,E,132,54288,V,OR,P,N,N,N,N,Y,K,E,M, ,0,M,Y,Y,Y,N,Y,Y, , , ,N,N,Y, ,Y,N, ,Y,Y, , ,Y,Y, , , ,Y,Y, ,N, , , , , , , , , , , , ,N,Y,N,N,N,N,N, , 
2458305.42168479,4614802.87514934,950,41840,41710,AIYION,GR,38.25,22.083333,38,15,N,22,5,E,132,54289,V,OR,F,N,N,N,Y,N,J,A,N, ,0,M,Y, ,Y,N,Y,Y, , , , , , , , , , ,Y, , ,Y, ,Y, , , ,Y, , ,N, , , , , , , , , , , , , , , , , , , , ,S
-17354708.6146714,2200119.6055362,951,56120,56050,KAUHAKO BAY,US,19.383333,-155.9,19,23,N,155,54,W,CP07,19320,V,CN,F,N,N,N, , ,A,A,P, ,2, , , , , , , , , , , , , , , ,Y,Y,Y,Y,Y, , ,Y, , , ,Y,Y, , , , , , , , , ,N,N,N,Y,Y,Y,N,N,N,Y,Y, , , 
-17358419.2643645,2211924.06524628,952,56130,56050,NAPOOPOO,US,19.483333,-155.933333,19,29,N,155,56,W,CP07,19332,V,CN,F,N,Y,N, , ,H,K,Q, ,2, , , , , , , , , , , , , , , , , , , , , , ,Y, , , , , , , , , , , , , , , , , , , ,Y, , , , , , , , 
-17365840.5637507,2229644.44007002,953,56140,56050,KAILUA,US,19.633333,-156,19,38,N,156,0,W,CP07,19331,V,CN,F,N,N,N, , ,L,H,N, ,1, , ,Y, , , , ,Y, , , , , ,Y, ,Y, , , ,Y, ,Y, , , , ,Y,N, , , , , , , , , ,N,N,N,N,N,Y,Y,N,N, , ,C, , 
-17360274.589211,2257242.434502,954,56150,56050,KIHOLO,US,19.866667,-155.95,19,52,N,155,57,W,CP07,19327,V,CN,F,N,N,N,Y, ,J,K,P, ,1, , , , , , , , , , , , , , , ,Y,Y,Y,Y,Y, , ,Y, , , ,Y,Y, , , , , , , , , ,N,N,N,Y,Y,Y,N,N,N,Y,Y, , , 
-17347287.3152851,2276980.13627124,955,56160,56050,KAWAIHAE,US,20.033333,-155.833333,20,2,N,155,50,W,CP07,19330,S,CB,F,Y,Y,N,Y, ,J,G,N, ,1,M,Y,Y,Y, ,Y,Y,Y, , , ,Y, , ,Y,Y,Y,Y, ,Y, ,Y, , , , ,Y, , , , , , , , , , ,Y,Y,N,N,N, ,Y,Y, , , ,C,M,S
-17354708.6146714,2294761.97084177,956,56170,56050,MAHUKONA,US,20.183333,-155.9,20,11,N,155,54,W,CP07,19329,V,CN,F,N,N,N,Y, ,J,E,P, ,1, , , , , , ,Y, , , , , , , , , , , , , , , ,Y, , , , , , , , , , , , , , , , , , , ,Y,Y, , , , , , , 
-17417789.6594542,2379958.64291976,957,56180,56050,KAHULUI,US,20.9,-156.466667,20,54,N,156,28,W,CP07,19342,V,CB,G,N,N,N, , ,J,F,K,N,1,M,N,Y,Y,N,Y,Y,Y, ,Y, ,Y, ,Y,Y,Y,Y,Y, ,Y, ,Y, , , , ,Y, , ,N, , , , , , , ,Y,Y,N,N,N, ,Y,Y,Y,Y,Y,C, ,S
-17363985.2389041,2362093.60147811,958,56190,56050,HANA,US,20.75,-155.983333,20,45,N,155,59,W,CP07,19341,V,CN,P,N,N,N,Y, ,K,L,L, ,2, ,N,Y, , , ,Y, , , , , , , , , , , , ,Y, ,Y, , , , ,Y,N, , , , , , , , , , , , , , ,Y, , , , , , , , 
-17440053.5576129,2375987.09505349,959,56200,56050,LAHAINA,US,20.866667,-156.666667,20,52,N,156,40,W,CP07,19348,V,CB,G,N,Y,N, , ,P,E,P, ,1,M,Y, , , , , , , , , , , , , ,Y, , , ,Y, , ,Y, , , ,Y,N, , ,Y, , , , , ,Y, , , , , ,N,Y,N,N,N,N, , , 
-17477160.054544,2366062.07455693,960,56230,56050,KAUMALAPAU HARBOR,US,20.783333,-157,20,47,N,157,0,W,CP07,19351,V,CB,G,N,Y,N, , ,J,H,L, ,2,M, ,Y, , , , , ,Y,Y, , , , , , , , , , , ,Y, , , , , , , , ,Y, , , ,Y, , , , , , , , ,Y,Y,Y, , ,C, , 
-17454896.1563853,2399829.65321074,961,56240,56050,PUKOO,US,21.066667,-156.8,21,4,N,156,48,W,CP07,19353,V,TH,F,N,N,N,Y, ,O,O,N, ,1, ,Y, , , , , , , , , , , , , , , , , , , , ,Y, , , , , , , , , , , , , , , , , , , , , , , , , , , , 
-17464172.7806181,2397841.55327054,962,56250,56050,KAMALO,US,21.05,-156.883333,21,3,N,156,53,W,CP07,19353,V,CN,P,N,Y,N, , ,O,H,N, ,1, ,Y, , , , , , , , , , , , , , , , , , , , ,Y, , , , , , , , , , , , , , , , , , , ,Y,Y,Y, , , , , , 
-17480870.7042371,2401817.9759301,963,56260,56050,KAUNAKAKAI,US,21.083333,-157.033333,21,5,N,157,2,W,CP07,19353,V,OR,G,N,N,N,N,N,M,A,M,P,1, , ,Y, , ,Y,Y,Y, , ,N,N, , ,Y,Y,Y,Y, ,Y, ,Y, , , , ,Y,N, , ,Y, , , , , ,Y,N,Y,N,N,N, ,Y,Y,Y,N,N,D, , 
-17573636.9465648,2427686.54362418,964,56280,56050,HONOLULU,US,21.3,-157.866667,21,18,N,157,52,W,CP07,19367,M,CB,E,N,N,N,Y,Y,J,A,M,M,2,M, ,Y,Y,Y,Y,Y,Y, ,Y,Y,Y, ,Y,Y, , ,Y, ,Y, ,Y, , , , ,Y,Y, ,Y,Y,Y, , ,Y,Y,Y,Y,Y,Y,Y,Y,Y,Y,N,Y,Y,Y,A, ,L
-17764735.4057599,2499523.2660674,965,56290,56050,PORT ALLEN,US,21.9,-159.583333,21,54,N,159,35,W,CP07,19382,S,CB,G,N,N,N,Y, ,K,F,J,K,0,M,N, ,Y,Y,Y,Y,Y, ,Y, ,Y, ,Y,Y,Y,Y,Y, ,Y, ,Y, , , , ,Y, , ,N, , , , , , , ,Y, , , , , ,Y,Y,Y, , ,C, , 
-17738760.8579081,2505523.19520168,966,56300,56050,NAWILIWILI BAY,US,21.95,-159.35,21,57,N,159,21,W,CP07,19383,S,CB,F,N,N,N,Y, ,J,J,K, ,2,M,N,Y,Y,N,Y,Y,Y, ,Y, ,Y, ,Y,Y,Y,Y,Y, ,Y, ,Y, , , , ,Y, , ,N,N,N,N, , , , ,Y, , , , , ,Y,Y,Y, , ,C, ,S
-17736905.5330616,2511525.23484571,967,56310,56050,AHUKINI LANDING,US,22,-159.333333,22,0,N,159,20,W,CP07,19384,V,CB,F,N,Y,N, , ,K,K,L, ,1, , , , , , , , , , , , , , , ,Y, , , , , ,Y, , , , , , , , , , , , , , , , , , , , , , , , , , ,D, , 
-19607072.9783886,-1492121.06373096,968,55650,55640,MATA-UTU,WF,-13.283333,-176.133333,13,17,S,176,8,W,126,83495,V,OR,F,N,N,N,Y,N,M,J,O, ,4,M,Y,Y, , , , , , , , , , , , , , ,Y, , , , ,Y, , , ,Y, , , ,N, , , , , , , , , , , ,Y,Y, , , , ,D, , 
16293462.8024421,-5039421.01323345,969,54920,54700,DEVONPORT,AU,-41.183333,146.366667,41,11,S,146,22,E,127,75222,S,RB,E,Y,N,N,Y,Y,L,B,M,N,8,L,Y,Y,Y,N,Y,Y,Y, ,Y, ,Y, ,Y, ,Y,Y,Y,Y,Y,Y,Y, , , , ,Y,Y, ,Y,Y,Y,Y, , ,Y,Y,Y, ,Y, , ,Y,Y,Y, , , ,C, ,M
16343556.5732991,-5034491.86907103,970,54943,54700,BEAUTY POINT,AU,-41.15,146.816667,41,9,S,146,49,E,127,75207,S,CN,E, , , ,Y,N,B,L,K, ,2,M,Y,Y,Y,N,Y,Y,Y, ,Y, ,Y, ,Y, , , ,Y, ,Y, ,Y, , , , ,Y,Y, , , ,Y, , , ,Y, ,Y,Y,N,Y,Y,Y,Y,Y,Y, , ,C, , 
16376952.4205371,-5078944.86873378,971,54970,54700,LAUNCESTON,AU,-41.45,147.116667,41,27,S,147,7,E,127,75208/7,S,RN,E,Y,N,N,Y,Y,P,L,L,J,2,L, ,Y,Y,N,Y,Y,Y, ,Y, ,Y,Y,Y, , , ,Y, ,Y,Y,Y, , , , ,Y,Y, ,N,Y,Y, , ,Y,Y,Y,Y,Y,N,Y,Y,Y,Y,Y,Y, , ,C,S, 
19343616.8501778,-4170678.02202211,972,55000,54990,WHANGAROA,NZ,-35.05,173.766667,35,3,S,173,46,E,127,76040,V,CN,E, , , , , ,F,L,N, ,6,M,Y, , , , , , ,Y, , , , , , ,Y,Y, ,Y, , ,Y, , , , ,Y,N, , , , , , , , , ,N,Y,N,N,Y,Y,Y,Y,Y,N,Y,D, , 
19382578.6719555,-4206998.58420231,973,55030,54990,OPUA,NZ,-35.316667,174.116667,35,19,S,174,7,E,127,76041,V,RN,G,N,N,N, ,Y,N,J,M, ,2,M, , ,N,N,Y,Y,Y, , , ,Y,Y, ,Y,Y,Y,Y, ,Y,Y,Y, , , , ,Y,Y, ,N,Y, , , , , ,Y,Y, , , , , ,Y,Y, , , ,C, ,S
19417829.84404,-4273136.46238506,974,55050,54990,WHANGAREI,NZ,-35.8,174.433333,35,48,S,174,26,E,127,76056,S,RN,G,N,N,N, ,Y,L,H,N,H,2,M, ,Y, ,N,Y,Y,Y, , , ,Y,Y,Y, ,Y,Y,Y,Y,Y,Y,Y, , , , ,Y,Y, ,Y, ,Y, , , ,Y,Y,Y, , , , , ,Y,Y, , , ,C, ,L
19454936.3409711,-4418219.2944757,975,55060,54990,AUCKLAND,NZ,-36.85,174.766667,36,51,S,174,46,E,127,76052,L,RN,E,N,N,N,N,N,K,J,K,K,2,L,Y,Y,Y,Y,Y,Y,Y, ,Y, ,Y,Y,Y,Y,Y, ,Y,Y,Y,Y,Y, , , , ,Y,Y, ,N,Y,Y,Y, ,Y,Y,Y,Y,Y,Y,Y,Y,Y,Y,Y,Y,Y,Y,A,L,M
2419343.59990715,4614802.87514934,976,41850,41710,PATRAI,GR,38.25,21.733333,38,15,N,21,44,E,132,54288,S,CB,G,N,N,N,Y, ,M,A,J, ,2,L,N, ,Y,N,Y,Y,Y, ,Y,Y,Y,Y,Y, , , ,Y,Y, ,Y,Y, , , , ,Y,Y, ,Y,Y,Y, ,Y,Y,Y,Y,Y, , , , ,Y,Y,Y,Y, , ,C, ,S
2372960.47874328,4530099.85811138,977,41880,41710,KATAKOLON,GR,37.65,21.316667,37,39,N,21,19,E,132,54280,V,CB,F,N,N,N,Y, ,K,K,K, ,0,M,Y, , ,N,Y,N,Y, , ,N,N,Y, ,Y,N,N,Y,Y, ,Y,Y,Y, , , ,Y,Y, ,N, , , , , ,Y, ,Y, , , , ,Y,Y,Y,Y, , ,C, ,S
2411922.30052093,4425177.22786509,978,41910,41710,PILOS,GR,36.9,21.666667,36,54,N,21,40,E,132,54286,V,CN,F,N,N,N,Y,N,N,E,K, ,1,M,Y, ,Y,N,Y,Y,Y, , ,N,N,Y, ,Y, , ,Y,Y,Y, , ,Y, , , ,Y,N, ,N, , , , , , , ,Y, , , , ,N,Y,N,N,N,N, , , 
2462016.0713779,4441430.16033216,979,41940,41710,KALAMATA,GR,37.016667,22.116667,37,1,N,22,7,E,132,54301,S,CB,F,N,N,N,Y, ,K,A,K,O,0,M,Y, ,Y,N,Y,Y,Y, , ,N,N, ,Y,Y,Y,Y,Y,Y,Y,Y,Y,Y, , , ,Y,Y, ,N, ,Y, ,Y, ,Y, ,Y, , , , ,Y,Y,Y,Y,N,N,C, ,S
2512109.84223487,4404317.06399294,980,41950,41710,YITHION,GR,36.75,22.566667,36,45,N,22,34,E,132,54303,V,OR,F,N,Y,N,Y,Y,O,A,L, ,0,M, , ,Y,N,Y, ,N, , ,N,N,Y, ,Y, , ,Y,Y, , , , , , , ,Y, , ,N, , , , , , , , , , , , , ,Y,N,N, , , , , 
2538084.39008664,4518389.91672743,981,42050,42010,NAVPLIO,GR,37.566667,22.8,37,34,N,22,48,E,132,54341,V,CB,E,N,N,N,Y,Y,N,K,N, ,0,M,Y,Y,Y,N,Y,N,Y,Y,Y, , ,Y, , , , ,Y,Y, ,Y,Y,Y, , , ,Y,Y, ,N, ,Y, , , , ,Y,Y, , , , , ,Y, , , , ,C, ,S
2604876.0845626,4574718.00040258,982,42160,42010,MEGARA OIL TERMINAL,GR,37.966667,23.4,37,58,N,23,24,E,132,54337,V,OR,F, , , ,Y, , ,A, ,H,0,L, , ,N,N,Y,Y,Y, , , ,Y,Y, , , , ,Y,Y,Y,Y,Y, , , , ,Y, , ,N, , , , , , , ,Y, , , , , , , , , , , , , 
2619718.68333504,4577071.63931433,983,42180,42010,AYIOS NIKOLAOS,GR,37.983333,23.533333,37,59,N,23,32,E,132,54339,V,CB,F,N,N,N,Y, ,K,H,L, ,0, , , , , , ,Y,Y, , , , , , , , , , , , , , , , , , , , , ,N, , , , , , , , , , , , , , , , , , ,A,S, 
2621574.00818159,4584135.76568303,984,42200,42010,ELEVSIS,GR,38.033333,23.55,38,2,N,23,33,E,132,54339,S,OR,P,N,N,N,Y, , ,J,J,G,0,L,Y, ,Y,N,Y,Y,Y, , ,N,Y,Y, , , , ,Y,Y,Y,Y,Y, , , , ,Y,Y, ,Y, , , , , ,Y,Y, ,Y,Y,Y,Y,Y,Y,Y,Y,Y,Y,A,M,S
2603020.75971605,4574718.00040258,985,42205,42010,PAKHI OIL TERMINAL,GR,37.966667,23.383333,37,58,N,23,23,E,132,54337,V,OR,P, , , ,Y, ,A,A,A,A,0,M, , , ,N,Y,Y,Y, ,Y, ,Y,Y,Y,Y, , ,Y,Y,Y,Y,Y, , , , ,Y,N, ,Y, , , , , , , , , , , , , ,N,Y,Y, , ,N, , 
2623429.33302815,4574718.00040258,986,42210,42010,PERAMA,GR,37.966667,23.566667,37,58,N,23,34,E,132,54343,S,OR,F,N,N,N,Y,N,J,L,J,L,0,L,Y,Y,Y,N,Y,Y,Y, , , , ,Y, , , , ,Y,Y,Y,Y,Y, , , , ,Y,Y, ,Y, ,Y, , ,Y,Y,Y, ,Y, , , ,Y,Y,Y,Y, , ,B,M, 
2632705.95726092,4570012.3247441,987,42230,42010,PIRAIEVS,GR,37.933333,23.65,37,56,N,23,39,E,132,54346,L,CB,E,N,N,N,Y, ,A,A,F,J,0,L,Y, ,Y,N,Y,Y,Y, ,Y,Y,Y,Y,Y, ,Y,Y,Y,Y,Y,Y,Y, ,Y, , ,Y,N, ,Y,Y,Y,Y, ,Y,Y,Y,Y,Y,Y,Y,Y,Y,Y,Y,Y,Y,Y,A,L,M
2627139.98272126,4640823.44223527,988,42300,42010,ORMOS MIKRO VATHI,GR,38.433333,23.6,38,26,N,23,36,E,132,54347,V,CN,F,N,Y,N,Y,Y,N,J,P, ,0,M,Y,Y, , ,Y,Y,Y, , ,N,N,Y, ,Y, ,Y,Y, , ,Y,Y, , , , , , , , , , , , , , , ,Y, , , , , ,Y, , , , , , ,S
2013027.4585117,5261371.9619387,989,41550,40877,DUBROVNIK,HR,42.666667,18.083333,42,40,N,18,5,E,132,54222,S,CN,F,N,Y,N,Y, ,A,A,O,O,1,M,N,N,Y,N,Y,Y,Y, ,Y,N,N,Y,Y, , , ,Y,Y,Y, ,Y, , , , ,Y,Y, ,Y,Y,Y, , , ,Y,Y,Y, , , , ,Y,Y,Y,Y,N,N,C, ,S
1812652.3750838,5059162.72832416,990,40580,40390,PORTO DI BARLETTA,IT,41.316667,16.283333,41,19,N,16,17,E,131,54063,V,CB,G, , , , , ,L,M,M,M,0,M, , , , ,Y,Y,Y,Y,Y, ,Y,Y,Y, ,N,N,Y,Y,Y,Y,Y, , , , ,Y, , ,Y, ,Y, , , , , , , , , , , ,Y,Y,Y, , ,C,S, 
1771835.2284596,5103729.80916465,991,40590,40390,MANFREDONIA,IT,41.616667,15.916667,41,37,N,15,55,E,131,54041,S,CB,F, ,Y, ,Y,N,M,M,K, ,0,M,Y, , , ,Y,Y,Y, , , ,Y,Y, ,Y,Y,Y, ,Y, ,Y,Y, , , , , , , ,N,Y,Y, , , , ,Y,Y, , , , , ,Y,Y, , ,Y,C, ,S
1638251.83950768,5178471.59712832,992,40615,40390,VASTO,IT,42.116667,14.716667,42,7,N,14,43,E,131,54131,V,CB,F,N,N,N,Y,N,N,A,N,M,1,M,Y, , , ,Y,Y,Y, , , ,Y,Y, , ,Y, ,Y,Y,Y,Y,Y, , , , ,Y,N, , , ,Y, , , ,Y,Y,Y, , , , ,Y,Y,Y,Y, , , , , 
1604855.99226969,5213552.79038016,993,40620,40390,ORTONA,IT,42.35,14.416667,42,21,N,14,25,E,131,54041,S,CB,G,N,N,N,Y, ,M, ,N,N,0,M,N, , , ,Y,Y,Y, , , ,Y, ,Y, ,Y,Y,Y, ,Y,Y,Y, , , , ,Y, , ,N,Y,Y, ,Y,Y,Y,Y,Y, , , , , ,Y,Y,Y, , ,C, ,S
1582592.09411104,5231142.2157511,994,40630,40390,PESCARA,IT,42.466667,14.216667,42,28,N,14,13,E,131,UK1443,S,CB,G,N,N,N,Y,Y,O,H,N, ,1,M,Y, , , ,Y,Y,Y, ,Y,N,N, , , , , ,Y, ,Y,Y,Y,Y, , , ,Y,Y, ,Y, , , , , ,Y, ,Y, , , , ,Y,Y,Y,Y, , ,C, , 
1502813.12570919,5406310.84169767,995,40660,40390,ANCONA,IT,43.616667,13.5,43,37,N,13,30,E,131,54041,S,CB,G,Y,Y,N,Y, ,J,J,L,J,1,L,Y,N,Y, ,Y,Y,Y,Y,Y, ,Y,Y, , ,Y, ,Y,Y,Y,Y,Y, ,Y, , ,Y,Y, ,Y,Y,Y,Y, ,Y,Y,Y,Y, , , , , ,Y,Y,Y, , ,B,S,M
1367374.41191071,5543147.2038618,996,40720,40390,PORTO DI CORSINI,IT,44.5,12.283333,44,30,N,12,17,E,131,54141/40,M,LC,G,Y,Y, ,Y,Y,N,N,K,C,2,M,Y, , ,N,Y,Y,Y,Y,Y,N,Y,Y,Y, , ,Y,Y, ,Y,Y,Y, , , , ,Y, , ,Y, ,Y,Y,Y, ,Y,Y,Y, , , , ,Y,Y,Y,Y, , ,C,M,M
1371085.06160382,5674151.53822234,997,40750,40390,PORTO DI MALAMOCCO,IT,45.333333,12.316667,45,20,N,12,19,E,131,54167/61,V,LC,G, , , , , ,J,J,L,H,1,M, , , , ,Y,Y,Y, ,Y,Y,Y, , , , , ,Y, , , ,Y, , , , , , , , ,Y,Y, ,Y,Y,Y,Y,Y, , , , , , , , , , , , , 
1384072.3355297,5687357.38384337,998,40760,40390,PORTO DI LIDO-VENEZIA,IT,45.416667,12.433333,45,25,N,12,26,E,131,54166,L,CB,G,Y,N,N,Y, ,J,H,L,H,1,L,Y,N,Y,Y,Y,Y,Y, ,Y,Y,Y, ,Y, ,Y,Y,Y,Y,Y,Y,Y,Y,Y, , ,Y,Y, ,Y,Y,Y,Y,Y,Y,Y,Y,Y,Y, , , ,Y,Y,Y,Y,Y,Y,A,L, 
1508379.10024886,5745695.95780618,999,40790,40390,MONFALCONE,IT,45.783333,13.55,45,47,N,13,33,E,131,54169,M,RB,G,N,N,N,Y,N,K,J,K, ,1,L,Y,Y, ,N,Y,Y,Y, ,Y, ,Y,Y, , , , ,Y, ,Y,Y,Y, , , , ,Y,Y, ,Y, ,Y, , , ,Y,Y, , , , , ,Y,Y,Y,Y, , ,C,S,S
1532498.32325407,5724437.7812337,1000,40820,40390,TRIESTE,IT,45.65,13.766667,45,39,N,13,46,E,131,54169/8,L,CB,G,N,Y,N,Y,N,E,D,E,F,1,L,N, ,Y,Y,Y,Y,Y, ,Y,Y,Y,Y, , , , ,Y,Y,Y,Y,Y, ,Y, , ,Y,Y, ,Y, ,Y, , , ,Y,Y,Y,Y, ,Y,Y,Y,Y,Y,Y,Y,Y,A,M,M
-474963.160717967,7010792.20171082,1001,34780,34710,CAERNARVON,GB,53.15,-4.266667,53,9,N,4,16,W,142,36025,S,RB,G,Y,N,N,Y,Y,Q,N,O,O,5, , , ,N,Y,Y,Y,Y,N,N,N, , , , , , ,Y, ,Y,Y, , , , , ,Y, , ,N,Y, , , , , ,Y, , , , , ,Y,Y, ,Y, , ,C, ,S
-942505.022049716,7220822.40847358,1002,33950,33840,SLIGO,IE,54.266667,-8.466667,54,16,N,8,28,W,142,UK2852,V,RB,E,Y,N,N,Y,N,P,J,O, ,2,M, , ,Y,N,Y,Y,Y, , ,N,Y, , ,Y,Y, ,Y,Y,Y,Y,Y, , , , ,Y,Y, ,N,Y,Y, , , , ,Y,Y, , , , ,Y,Y,Y,Y, , ,C, , 
-1061245.81222921,7132369.31229549,1003,34020,33840,WESTPORT,IE,53.8,-9.533333,53,48,N,9,32,W,142,35129,V,CN,F,Y,N,N,Y, ,P,L,O, ,4, , , , , , ,Y,Y,Y, , , , , , , , ,Y, , ,Y,Y, , , , ,Y, , ,N,Y,N,N,N,N,N,Y, , , , , , ,Y,Y,Y, , ,N, , 
-1007441.39167913,7032477.17343783,1004,34060,33840,GALWAY,IE,53.266667,-9.05,53,16,N,9,3,W,142,35131,V,RT,F,Y,N,N,Y,N,O,K,M, ,4,M, ,Y,Y,N,Y,Y,Y, ,Y,N,Y,Y,Y,Y,Y, ,Y, ,Y,Y,Y, , , , ,Y,Y, ,Y,Y,Y, , , ,Y, ,Y,Y, ,Y,Y,Y,Y,Y,Y, ,Y,B, , 
-959202.945668707,6915460.42720505,1005,34110,33840,LIMERICK,IE,52.633333,-8.616667,52,38,N,8,37,W,142,UK1540,S,RT,G,Y,N,N,Y,Y,P,J,N,N,5,M, , ,Y,N,Y,Y,Y,Y,Y, ,Y,Y,Y,Y, , ,Y, ,Y,Y,Y, , , , ,Y,Y, ,Y,Y,Y, , , , ,Y,Y, , , , ,Y,Y,Y,Y, , ,C,L, 
-1014862.69106534,6912404.02560408,1006,34130,33840,FOYNES,IE,52.616667,-9.116667,52,37,N,9,7,W,142,35137,L,RN,G,Y,N,N,Y, ,M,A,A,G,5,L, , ,Y,N,Y,Y,Y, , ,N,Y,Y,Y,Y,Y, ,Y,Y,Y,Y,Y, , , , ,Y,Y, ,Y,Y,Y, , , ,Y,Y,Y, , , , ,Y,Y,Y,Y, , ,C,S, 
-1042692.56376366,6906294.71126887,1007,34150,33840,TARBERT,IE,52.583333,-9.366667,52,35,N,9,22,W,142,35133,V,RN,G,Y,Y,N,Y,Y,D,J,P,G,5,L,Y, ,Y,N,Y,Y,Y, , ,N,Y,Y,Y,Y,Y, ,Y,Y, , , , ,Y, , ,Y,Y, ,N, , , , , , , , , , , , ,Y, ,N, , , ,N, , 
-1098352.3091603,6848486.57258366,1008,34160,33840,FENIT,IE,52.266667,-9.866667,52,16,N,9,52,W,142,35138,V,CN,G,Y,N,N,Y, ,N,N,M, ,4,M,Y,Y,Y,N,Y,N,Y, ,Y,N,N, , , ,Y, ,Y, ,Y,Y,Y, , , , ,Y, , ,N,Y,Y, , ,Y, ,Y,Y, , , , , ,Y,Y,Y,Y,Y,C, , 
-1051969.18799644,6743069.34236007,1009,34260,33840,BANTRY,IE,51.683333,-9.45,51,41,N,9,27,W,142,35140,V,CN,E,N,N,N,N, ,K,B,K,B,4,L,Y, ,Y,N,Y,Y,Y, ,Y,Y,Y,Y, ,Y,Y, ,Y, ,Y,Y,Y,Y, , , ,Y,Y, ,N,N,N,N, , , , ,Y, , , , ,Y,Y,Y,Y, , ,N, , 
-923951.773584171,6773048.83963686,1010,34350,33840,COBH,IE,51.85,-8.3,51,51,N,8,18,W,142,35148,M,RN,E,Y,N,N,Y, ,J,E,L, ,3,M, ,Y,Y, ,Y,Y, , ,Y,Y,Y,Y, ,Y,Y, ,Y,Y, ,Y,Y, , , , ,Y,Y, ,N,Y,Y, , , ,Y, ,Y, , ,Y,Y,Y,Y,Y,Y,Y,Y,A,S,S
-920241.123891062,6773048.83963686,1011,34360,33840,CORK,IE,51.85,-8.266667,51,51,N,8,16,W,142,35149,M,RN,E,N,N,N,Y,Y,N,E,J,J,4,M,Y, ,Y,N,Y,Y,Y, , , ,Y,Y,Y,Y,Y, ,Y,Y,Y,Y,Y, , , , ,Y,Y, ,Y,Y,Y, , , ,Y, ,Y, , ,Y,Y,Y,Y,Y,Y,Y,Y,A,S,M
-792223.709478797,6848486.57258366,1012,34400,33840,WATERFORD,IE,52.266667,-7.116667,52,16,N,7,7,W,142,36002,V,RN,G,N,N,N,Y,Y,N,L,L, ,4,L, , ,Y, ,Y,Y,Y, ,Y,N,N,Y,Y, ,Y,Y, ,Y,Y,Y,Y, , , , ,Y,Y, ,Y,Y,Y,Y, , ,Y,Y,Y, , , , ,Y,Y,Y,Y,N,N,C, , 
-705023.441690733,6845455.50251822,1013,34420,33840,ROSSLARE,IE,52.25,-6.333333,52,15,N,6,20,W,142,36002,S,CB,F,N,N,N,Y,Y,M,M,M, ,2,M,Y, ,Y,N,Y,N,Y,Y, ,N,N,Y,Y, ,N,Y,Y,Y,Y, ,Y, , , , ,Y, , ,Y,N,Y,N, , , ,Y,Y, , , , ,Y,Y,Y,Y,N,N,C, , 
-695746.81745796,7048002.68909937,1014,34480,33840,DUBLIN,IE,53.35,-6.25,53,21,N,6,15,W,142,36007,M,CB,E,N,N,N,Y,Y,K,C,K,K,4,L, ,Y,Y,Y,Y,Y,Y, ,Y, ,Y,Y,Y,Y,Y, ,Y, ,Y,Y,Y, , , , ,Y,Y, ,N,Y,Y,Y,Y,Y,Y, ,Y, , ,Y,Y,Y,Y,Y,Y,Y,Y,A,L,M
-682759.543532078,7176471.75755858,1015,34560,33840,GREENORE,IE,54.033333,-6.133333,54,2,N,6,8,W,142,36006,V,CN,G, ,N,N,Y,Y,N,F,O, ,4,L, , ,Y,N,Y,Y,Y, , , ,Y, , ,Y,Y, ,Y, , ,Y,Y, , , , ,Y,Y, ,Y,Y,Y, , ,Y,Y,Y, , , , , , ,Y,Y,Y, , ,C, ,S
-378486.26869713,7336031.7144281,1016,34590,34580,SILLOTH,GB,54.866667,-3.4,54,52,N,3,24,W,142,36025,S,CT,G,Y,Y,N,Y,Y,N,M,N, ,4,M, , ,Y,N,Y,Y,Y,Y,Y,N,N, , , , , ,Y, ,Y,Y,Y,Y,Y, , ,Y,Y, ,Y, ,Y, , , ,Y, , , , , , , ,Y,Y,Y, , ,C, ,S
-404460.816548894,7278215.1109744,1017,34610,34580,WORKINGTON,GB,54.566667,-3.633333,54,34,N,3,38,W,142,36025,V,RT,E,Y,N,N,Y,Y,P,F,N,L,7,M,Y, ,Y,N,Y,Y,Y, , ,N,Y, ,Y, , , ,Y, , ,Y,Y, , , , ,Y,Y, ,Y,Y,Y, , , ,Y,Y,Y, , , , ,Y,Y,Y,Y,Y,Y,B, ,S
-359933.020231585,7192282.59966533,1018,34630,34580,BARROW IN FURNESS,GB,54.116667,-3.233333,54,7,N,3,14,W,142,36025,M,CT,G,Y,N,N,Y,Y,K,K,M,M,6,M, , ,Y,N,Y,Y,Y,Y,Y, ,Y, ,Y, ,Y, ,Y, ,Y,Y,Y,Y, , , ,Y,Y, ,N,Y,Y,Y,Y,Y,Y,Y,Y,Y, ,Y,Y,Y,Y,Y,Y,Y,Y,A,M,S
-324681.848147048,7176471.75755858,1019,34640,34580,HEYSHAM,GB,54.033333,-2.916667,54,2,N,2,55,W,142,36025,V,CB,E,Y,N,N,Y, ,J,J,N,O,9,M, , ,Y,N,Y,Y,Y, ,Y,N,N, ,Y,Y, , ,Y, ,Y,Y,Y,Y, , , ,Y,Y, ,N,Y,Y, , , ,Y,Y,Y, , , , ,Y,Y,Y,Y, , ,C, , 
-335813.797226375,7154389.72865747,1020,34660,34580,FLEETWOOD,GB,53.916667,-3.016667,53,55,N,3,1,W,142,36025,S,RT,E,Y,N,N,Y,N,P,A,N, ,8,M,Y, ,Y,Y,Y,Y,Y,Y,Y, ,Y, ,Y, ,Y,Y,Y, , ,Y,Y,Y, , , ,Y,Y, ,N,Y,Y, , , ,Y,Y,Y,Y, ,Y,Y, ,Y,Y,Y,Y,Y,B, ,S
-333958.472379821,7060444.96767482,1021,34690,34580,LIVERPOOL,GB,53.416667,-3,53,25,N,3,0,W,142,36025,L,RT,E,Y,N,N,Y,Y,M,M,H,H,6,L, ,Y,Y,Y,Y,Y,Y, ,Y,Y,Y, ,Y,Y,Y,Y,Y,Y,Y,Y,Y,Y,N,N,N,Y,Y, ,Y,Y,Y,Y, ,Y,Y,Y,Y,Y, ,Y,Y,Y,Y,Y,Y,Y,Y,A,M,L
-252324.17913142,7072906.76704887,1022,34700,34580,MANCHESTER,GB,53.483333,-2.266667,53,29,N,2,16,W,142,36031,L,RT,E,Y,N,N,Y,Y,N,M,N,L,3,M, ,Y,Y,Y,Y,Y,Y, ,Y, ,Y,Y,Y, ,Y, ,Y,Y,Y,Y,Y, ,Y, , ,Y,Y, ,Y,Y,Y,Y,Y,Y,Y,Y,Y,Y, ,Y,Y,Y,Y,Y,Y,Y,Y,A,M, 
-838606.830642661,7381298.31218592,1023,33880,33840,RATHMULLAN,IE,55.1,-7.533333,55,6,N,7,32,W,142,35121,V,CN,E,Y,N,N,Y, ,K,E,M, ,4, , , ,Y,N,Y,N,Y,Y,Y,N,N,Y,Y, ,Y,Y, , , ,Y, , , , , ,Y,N, , , ,Y, , , , , ,Y,N,N,N,N, ,Y,Y,Y, , ,C, , 
-940649.697203162,7291026.33601852,1024,33930,33840,KILLYBEGS,IE,54.633333,-8.45,54,38,N,8,27,W,142,35128,V,CN,E,Y,N,N,Y, ,A,A,J, ,3,L,Y, ,Y,N,Y,Y,Y, , ,N,Y,Y,Y, ,Y, ,Y, ,Y, ,Y, , , , ,N,Y, ,N, ,Y, ,Y,Y,Y,Y,Y,Y, , ,Y,Y,Y,Y,Y,Y,Y,C, ,S
-647508.371447541,7760118.67290246,1025,33090,32790,MALLAIG,GB,57,-5.816667,57,0,N,5,49,W,141,35089,V,CN,F,Y,N,N,Y, ,N,N,N, ,4,M,Y, , , ,Y,N,Y, ,Y,N,N, , , ,Y,Y,Y,Y, ,Y,Y, , , , ,Y,Y, , , ,Y, , , , ,Y, , , , , ,Y,Y,Y,Y,Y,Y,C, ,S
2632705.95726092,9349764.17414691,1026,27540,27380,HIMANKA,FI,64,23.65,64,0,N,23,39,E,195,44260,S,CN,F,N,N,Y,Y, ,M,O,P, ,0,M,Y, ,N,N,Y,Y, ,Y, , ,Y,Y,Y, , , , ,Y, , , ,Y, , , ,Y, , ,N, , , , , , , , , , , , ,Y,Y, , , , , , , 
1532498.32325407,5716479.01532683,1027,40830,40390,MUGGIA,IT,45.6,13.766667,45,36,N,13,46,E,131,54169/8,V,CB,G, , , , , ,F,H,H,J,0, , , , , ,Y,Y, , , , , , , , , , , ,Y, ,Y, , , , , , , , , , , , , , , , , , , , , , , , , , , , , , 
2562203.61309185,9311775.1599688,1028,27560,27380,KOKKOLA,FI,63.85,23.016667,63,51,N,23,1,E,195,44243,L,CN,F, , ,Y,Y,Y,N,O,L,K,1,L,Y, ,Y, ,Y,Y,Y,Y,Y, ,Y, ,Y,Y, , ,Y, ,Y,Y,Y, , , , ,Y,Y, ,Y,Y,Y, , ,Y,Y,Y,Y, , , , ,Y,Y,Y,Y, , ,C, ,S
1528787.67356096,5708527.33860456,1029,40860,40850,KOPER,SI,45.55,13.733333,45,33,N,13,44,E,131,54165,S,CN,F,N,N,N,Y,N,H,E,H, ,1,M,N, ,Y,N,Y,Y,Y, , ,Y,Y,Y,Y, , , ,Y,Y, ,Y,Y,Y, , , ,Y,Y, ,Y,Y,Y, , ,Y,Y,Y,Y,Y, , ,Y,Y,Y,Y,Y,N,N,A,M,M
2523241.7913142,9269801.98623468,1030,27570,27380,JAKOBSTAD,FI,63.683333,22.666667,63,41,N,22,40,E,195,44243,M,CN,P,N,N,Y,Y, ,L,F,N,N,0,M,Y, ,Y,N,Y,Y,Y,Y,Y, ,Y,Y,Y, , , ,Y, ,Y,Y,Y, , , , ,Y, , ,N,Y,Y, , , , ,Y,Y, , , , , ,Y,Y, , , ,C, ,S
1510234.42509541,5705878.35184408,1031,40870,40850,PIRAN,SI,45.533333,13.566667,45,32,N,13,34,E,131,54169,V,CB,G, , , ,Y, ,P,G, , ,0, ,N, , ,N,Y, , , , , , ,Y,Y, , , ,Y,Y,Y, , ,Y, , , , , , , , , , , , , , , , , , , ,Y,Y,Y, , , , , , 
2508399.19254176,9228074.9503037,1032,27580,27380,NYKARLEBY,FI,63.516667,22.533333,63,31,N,22,32,E,195,44240,V,RB,G,N,N, ,N, ,L, ,N,L,0,M,Y, ,N,N,Y,Y, , , , ,Y,Y,Y, ,Y,Y,Y, , ,Y, ,Y, , , ,Y, , ,Y, , , , , , , ,Y,Y, ,Y,Y,Y,Y,Y, ,Y,Y,B, ,S
1504668.45055575,5690000.89058299,1033,40880,40877,UMAG,HR,45.433333,13.516667,45,26,N,13,31,E,131,54169,V,CB,F, , , ,Y, ,M,J,N, ,1,M, , , ,N, ,Y,Y, , , , , , , ,Y,Y,Y, , ,Y,Y,Y,Y, , , ,Y, , , , , , , , , , , , , , , , ,Y,Y, , ,C, , 
2480569.31984345,9203155.53329709,1034,27590,27380,KANTLAX,FI,63.416667,22.283333,63,25,N,22,17,E,195,44240,V,OR,F,N,N,Y,Y, ,P,J, , ,0,M,Y, ,N,N,Y,Y,Y,Y, , , , , , , , , , , , , ,Y, , , , , , ,N, , , , , , , , , , , , , , , , , , ,D, , 
1517655.72448163,5634650.16838868,1035,40940,40877,ROVINJ,HR,45.083333,13.633333,45,5,N,13,38,E,131,54160,S,CB,F, , , ,Y, ,N,G,N, ,1, , , , ,N,Y,Y,Y, , , , ,Y,Y,Y, , ,Y,Y,Y,Y,Y, ,Y, , ,Y,Y, , , ,Y, , , , ,Y, , , , , ,Y,Y,Y, , , ,N, ,S
2475003.34530378,9170064.49409006,1036,27610,27380,HELLNAS,FI,63.283333,22.233333,63,17,N,22,14,E,195,44240,V,OR,G,N,N,Y,Y, ,N,N, , ,0,M,Y, ,N,N, ,Y,Y, , , , , , , , , , , , , , ,Y, , , , , , ,N, , , , , , , , , , , , , , , , , , ,D, , 
1536208.97294718,5603173.36864072,1037,40960,40877,PULA,HR,44.883333,13.8,44,53,N,13,48,E,131,54160,V,CB,G, , , ,Y, ,L,J,O,L,2,L, , , ,N,Y,Y,Y, ,Y, ,Y,Y,Y,Y, , ,Y,Y,Y,Y,Y,Y, , , ,Y,Y, ,Y, ,Y,Y,Y, , ,Y, , , , , ,Y,Y,Y, , , ,B,M,S
2402645.67628815,9124813.23624914,1038,27650,27380,VAASA,FI,63.1,21.583333,63,6,N,21,35,E,195,44240,M,CN,G,N,N,Y,Y,Y,L,M,M,L,0,L,Y, ,Y,N,Y,Y,Y, ,Y, ,Y,Y,Y, ,Y,Y,Y,Y,Y,Y,Y,Y, , , ,Y,Y, ,Y, ,Y, , , , ,Y,Y, , , , , ,Y,Y,Y, , ,C, ,S
1564038.84564549,5626770.66468166,1039,40985,40877,BRSICA,HR,45.033333,14.05,45,2,N,14,3,E,132,54160,V,CN,G,N,N,N,Y, , ,J,J, ,0, ,Y, ,Y,N,Y,Y, , , , ,N, , , , , , , ,Y, ,Y,Y, , , , , , ,N, , , , , , , , , , , , ,Y,Y,Y,Y, , , , , 
2363683.85451051,8950614.87868996,1040,27670,27380,KASKINEN,FI,62.383333,21.233333,62,23,N,21,14,E,195,44310,M,CN,G,N,N,Y,Y,Y,L,G,M, ,0,M,Y, ,Y,N,Y,Y,Y, ,Y,N,Y,Y,Y, , , ,Y, ,N,Y,Y, , , , ,Y,Y, ,Y,Y,Y, , , , ,Y,Y, , , , ,Y,Y,Y, , , ,C, ,S
1606711.31711625,5674151.53822234,1041,41010,40877,RIJEKA LUKA,HR,45.333333,14.433333,45,20,N,14,26,E,132,54181,L,RB,G,Y,Y,N,Y, ,E,A,M,K,1,M,Y,Y, ,N,Y,Y,Y, , , ,Y,Y,Y, , , ,Y, ,Y,Y,Y, , , , ,Y,Y, ,Y,Y,Y,Y, ,Y,Y,Y,Y,Y, ,Y,Y,Y,Y,Y,Y,Y,Y,A,M,L
2382237.10297605,8926640.47275002,1042,27680,27380,KRISTINESTAD,FI,62.283333,21.4,62,17,N,21,24,E,195,44310,M,CN,G,N,N,Y,Y, ,N,L,O,J,0,M,Y, ,N,N,Y,Y,Y, , , ,Y,Y,Y, , , ,Y, , ,Y,Y, , , , ,Y, , ,Y, ,Y, , , ,Y,Y,Y, , , ,Y,Y,Y,Y,Y, , ,C, ,S
1617843.26619558,5668874.64167682,1043,41030,40877,BAKAR,HR,45.3,14.533333,45,18,N,14,32,E,132,2719UK,S,CN,F,Y,N,N,Y, ,A,A,E,K,0,L, , , ,N,Y,Y,Y, , , , , , , , , ,Y, ,Y,Y,Y, , , , ,Y,Y, ,N, , , , ,Y,Y,Y, , , , , ,Y,Y,Y,Y,Y,Y, , ,S
2391513.72720883,8764912.67945232,1044,27750,27380,MANTYLUOTO,FI,61.6,21.483333,61,36,N,21,29,E,195,44310,M,CB,G,N,N,Y,Y,Y,M,C,L, ,0,M,Y, ,N,N,Y,Y, , ,Y, ,Y,Y,Y, , , ,Y, ,Y,Y,Y,Y, , , , ,Y, ,Y,Y,Y, , , ,Y, ,Y,Y, ,Y,Y,Y,Y,Y,Y,Y,Y,B, ,M
2382237.10297605,8772718.52184727,1045,27755,27380,TAHKOLUOTO,FI,61.633333,21.4,61,38,N,21,24,E,195,44310,V,OR,P,N,N,N,Y,N,K,M,K,K,0,L, ,Y,N,N,Y,Y,Y, ,Y, ,Y,Y,Y, , , ,Y, , ,Y,Y,Y, , , , , , ,N,Y,Y, , , ,Y, ,Y,Y, ,Y,Y,Y,Y,Y,Y,Y,Y,B, ,M
1619698.59104213,5655695.95698789,1046,41045,40877,OMISALJ,HR,45.216667,14.55,45,13,N,14,33,E,132,1996UK,S,CN,F,N,N,N,Y,N,A,A, ,A,0,L,Y,Y,Y,N,Y,Y,Y, , ,Y,Y, , , , , ,Y, ,Y, ,Y,Y,Y, , ,Y, , ,Y,Y,Y, , , ,Y,Y,Y,Y, , , ,Y,Y,Y,Y,Y,Y, , , 
2393369.05205538,8656502.98720763,1047,27780,27380,RAUMA,FI,61.133333,21.5,61,8,N,21,30,E,195,44310,M,CB,G,N,N,Y,Y,Y,K,L,N,L,0,M,Y, ,Y,N,Y,Y,Y, ,Y, ,Y,Y,Y, , , ,Y, ,Y,Y,Y, , , , ,Y,Y, ,Y, ,Y, , , , ,Y,Y, , , , , ,Y,Y, , , ,C,M,M
1658660.41281978,5618898.04214044,1048,41090,40877,SENJ,HR,44.983333,14.9,44,59,N,14,54,E,132,2719UK,V,CN,F,Y,Y, ,Y, ,G,H,P, ,1,M,N, ,Y,N,Y,Y,Y, , , ,Y,Y,Y, , , ,Y, , , ,Y, , , , ,Y, , ,N, , , , , , , , , , , , , ,Y, , , , , , , 
2382237.10297605,8580044.1281244,1049,27790,27380,UUSIKAUPUNKI,FI,60.8,21.4,60,48,N,21,24,E,195,44310,S,CB,G,N,N, , ,N,L,M,N,K,0,M,Y, ,Y,N,Y,Y,Y, ,Y, ,Y,Y,Y, ,Y,Y,Y, , , ,Y, , , , ,Y, , ,Y,Y,Y, , , ,Y,Y,Y,Y, ,Y,Y,Y,Y,Y, ,Y,Y,B,S,S
1693911.58490431,5483514.40518241,1050,41220,40877,ZADAR,HR,44.116667,15.216667,44,7,N,15,13,E,132,54200,S,CN,G,N,N,N,Y,N,L,F,M,L,1,M, ,Y,Y,N,Y,Y,Y, , ,Y,Y,Y,Y, , , ,Y,Y,Y,Y,Y, , , , ,Y,Y, ,Y, ,Y, , ,Y,Y,Y,Y, , , , ,Y,Y,N, ,Y,Y,C,S,S
1768124.5787665,5424267.21570873,1051,41290,40877,SIBENIK,HR,43.733333,15.883333,43,44,N,15,53,E,132,54195,S,CN,F,N,N,N,Y,Y,B,G,N, ,1,M,Y, ,Y,N,Y,Y,Y, , , ,Y,Y,Y, ,N,Y,Y,Y,Y, , ,Y, , , ,Y,Y, ,N,Y,Y, , , , ,Y,Y, , , , , ,Y,Y,Y,N,N,C,S,S
2450884.12229857,8504377.07977954,1052,27805,27380,NAANTALI,FI,60.466667,22.016667,60,28,N,22,1,E,195,44320,V,CN,F,Y,Y,N,Y,Y,H,K,M,M,0,M,Y, ,Y,N,Y,Y,Y, ,Y,Y,Y,Y,Y, ,Y,Y,Y,Y,Y, ,Y,Y,Y, , ,Y,Y, ,Y, ,Y, , , , ,Y,Y, , ,Y,Y,Y,Y,Y,Y, , ,C, ,S
1847903.54716834,5044352.66700823,1053,40550,40390,MOLFETTA,IT,41.216667,16.6,41,13,N,16,36,E,131,54041,S,CB,F,Y,Y, ,Y,Y,L, ,M, ,0,M, , , , ,Y,Y,Y, , ,N,N,Y, , , , ,Y, ,Y,Y,Y, , , , ,Y,Y, ,Y, , , , ,Y,Y, ,Y, , , , , ,Y,Y,Y, , ,N, ,S
2475003.34530378,8500614.17353727,1054,27820,27380,TURKU,FI,60.45,22.233333,60,27,N,22,14,E,195,44320,M,RB,G,N,N, ,Y,Y,K,E,M,K,0,M,Y, ,Y,N,Y,N,Y, ,Y,N,Y,Y,Y,Y,Y,Y,Y, ,Y,Y,Y, , , , ,Y,Y, ,Y,Y,Y, , ,Y,Y,Y,Y,Y, ,Y,Y, ,Y,Y,Y, , ,C,M,S
-675338.24414586,7682168.93429087,1055,33140,32790,TOBERMORY,GB,56.616667,-6.066667,56,37,N,6,4,W,141,35097,V,CN,G,N,Y,N,Y, ,C,A,P, ,4,M, , ,N,N,N,N,Y, , , , , , , , , , , ,Y, , , , , , , , , , , , , , , , , , , , , , ,Y,Y, , , , ,D, , 
1829350.2987028,5388389.27281933,1056,41320,40877,SPLIT,HR,43.5,16.433333,43,30,N,16,26,E,132,54201,L,CB,G,N,N,N,Y, ,H,J,M,M,1,L,Y, ,Y,N,Y,Y,Y, , ,Y,Y,Y,Y, , , ,Y,Y,Y,Y,Y, , , , ,Y,Y, ,Y,Y,Y,Y,Y,Y, ,Y, ,N, ,Y, ,Y,Y, ,Y,Y,Y,B,S,M
11853670.4446371,449359.896251602,1057,51502,51480,UDANG OILFIELD,ID,4.033333,106.483333,4,2,N,106,29,E,163,71450,V,OR,P, , , ,Y, , ,A, ,A,0,M, , , , ,Y,Y, , , , ,Y,Y, ,Y, , ,Y,Y, , , ,Y,Y, , , , , ,N, , , , , , , ,Y, , , , , , , , , , , , , 
1940669.78949607,5319585.45604269,1058,41410,40877,PLOCE,HR,43.05,17.433333,43,3,N,17,26,E,132,54227,V,CN,F,N,N,N,Y,Y,K,A,O,K,1,M,Y, ,Y,N,Y,Y,Y, ,Y,Y,Y,Y,Y, ,Y,Y,Y, ,Y,Y,Y, , , , ,Y,Y, ,N, ,Y,Y, ,Y,Y, , ,Y, , , ,Y,Y,Y, ,N,N,C, ,L
-634521.097521659,7651882.28656697,1059,33170,32790,CRAIGNURE,GB,56.466667,-5.7,56,28,N,5,42,W,141,35097,V,CN,F,N,N,N,Y, ,H,L,N, ,0, , , ,N,N,N, , , , , , , , , , , , , , , , , , , , , , , ,N, , , , , , , , , , , , ,Y, , , , , ,D, , 
2152176.82200329,8444400.92976126,1060,27870,27380,SIGNILSKAR,FI,60.2,19.333333,60,12,N,19,20,E,195,44200,V,CN,F,N,N,Y,Y, ,N,J, , ,0,M,Y, ,N,N,N,Y,Y,Y, , , , , , , , , , , , , ,Y, , , , , , ,N, , , , , , , , , , , , , , , , , , ,D, , 
-569584.72789225,7729521.57268572,1061,33190,32790,CORPACH,GB,56.85,-5.116667,56,51,N,5,7,W,141,UK 2372,S,CN,F,Y,N,N,Y,Y,N,E,J, ,4, , , , ,N,Y,N,Y, ,Y, , , ,Y,Y,Y,Y,Y, ,Y,Y,Y, ,Y, , ,Y, , ,N, , , , , , , ,Y, , , , , ,Y,Y,Y, , ,C, ,L
1608566.6419628,4975536.36106925,1062,39990,39730,TORRE ANNUNZIATA,IT,40.75,14.45,40,45,N,14,27,E,131,53166,S,CB,P, ,Y, ,Y, ,N,A,K, ,0,M,Y, , , ,Y,Y,Y, , , ,Y,Y,Y, ,Y,Y,Y, ,Y,Y,Y,Y,Y, , ,Y,Y, ,N,Y, , , , , ,Y,Y, , , , , ,Y,Y,Y, , ,C, ,S
-608546.549669896,7641813.32916714,1063,33250,32790,OBAN,GB,56.416667,-5.466667,56,25,N,5,28,W,141,UK 2387,S,CN,E,N,N,N,Y, ,H,J,O, ,3, ,N, ,N,N,Y, ,Y,Y, , , , , , ,Y,Y,Y, , ,Y,Y, , , , ,Y, , ,N, ,Y, , , , ,Y,Y, , , , ,Y,Y,Y,Y,Y, ,B, ,M
11872223.6931026,-520066.285810863,1064,51504,51480,WIDURI MARINE TERMINAL,ID,-4.666667,106.65,4,40,S,106,39,E,163,71210,V,CN,P,Y,Y, ,Y, ,C,D, , ,0, , ,Y, , ,Y,Y,Y, ,Y, ,Y, ,Y,Y, , ,Y,Y, , , , ,Y, , ,Y, , ,N, , , , , , , , , , , , ,N,N,N, , , ,N, , 
1612277.29165591,4968191.93018821,1065,40000,39730,CASTELLAMMARE DI STABIA,IT,40.7,14.483333,40,42,N,14,29,E,131,53166/1,V,CB,G, ,Y, ,Y, ,K,E,H, ,0,M,Y, , , ,Y,Y,Y, , , ,Y, , , , , ,Y, ,Y,Y,Y,Y, , , ,Y, , ,N,Y,Y, , , , , , , , , , ,Y,Y,Y,Y, , ,C, ,S
-690180.842918296,7485766.29448389,1066,33280,32790,PORT ELLEN,GB,55.633333,-6.2,55,38,N,6,12,W,141,35118,V,OR,P,N,N,N,Y, ,O,J,O, ,1,M,Y, ,N,N,Y,N,Y,Y,Y,N,N, ,Y,Y,Y,Y,Y, ,Y, ,Y, , , , ,Y,Y, ,N, , , , , , , ,Y, , , , ,Y,Y, , , , , , , 
2217113.1916327,8422035.51916729,1067,27920,27380,MARIEHAMN,FI,60.1,19.916667,60,6,N,19,55,E,195,44200,S,CN,G,N,N, ,Y,Y,M,K,N,N,0,M,Y, ,Y,N,Y,Y,Y, ,Y, ,Y,Y,Y, , , ,Y, ,Y, ,Y, , , , ,Y,Y, ,Y, ,Y, , , ,Y,Y, ,Y, ,Y,Y, ,Y,Y, ,Y,Y,B, ,S
1641962.48920079,4963298.70530988,1068,40040,39730,SALERNO,IT,40.666667,14.75,40,40,N,14,45,E,131,53165,S,CB,F,N,Y,N,Y, ,K,E,J, ,0,M, , ,Y,N,Y,Y,Y, ,Y,Y,Y,Y, , , , ,Y,Y,Y,Y,Y,Y,Y, , ,Y,Y, ,Y,Y,Y, ,Y,Y,Y,Y,Y, , , , ,Y,Y,Y,Y, , ,C, ,M
-619678.498749223,7575022.88309843,1069,33290,32790,CRINAN (CANAL),GB,56.083333,-5.566667,56,5,N,5,34,W,141,35109,V,LC,G,N,N,N,Y,Y,P,O,P, ,3,M, , ,Y,N,Y,N,Y,Y,Y,N,N, , , ,Y, ,Y, , , , , , , , ,Y,N, ,N, , , , , , , , , , , , ,Y, ,Y, , , ,C, , 
16093087.7190142,-904706.48475869,1070,53142,53140,KUMUL,PG,-8.1,144.566667,8,6,S,144,34,E,164,73570,V,OR,P, ,Y, ,Y, , ,A, ,E,0,L, , , , ,Y,Y,Y, , ,N,Y,Y, , , , ,Y,Y, , , , , , , ,Y, , ,N, ,Y, , , , ,Y,Y, , , , ,N,N,N,N, , ,N, , 
-623389.148442332,7446425.58468222,1071,33300,32790,CAMPBELTOWN,GB,55.433333,-5.6,55,26,N,5,36,W,141,36014,S,CN,G,N,N,N,Y,N,N,K,N, ,3,M,Y, ,N,N,Y,N,Y,Y,Y, ,Y, ,Y,Y,Y,Y,Y, ,Y, ,Y, , , , ,Y,Y, ,Y, , , , , , , ,Y,N,N,N,Y, ,Y,Y,Y,Y,Y,C, , 
1795954.45146481,4681167.38350058,1072,40060,39730,VIBO VALENTIA MARINA,IT,38.716667,16.133333,38,43,N,16,8,E,131,54131,V,CB,F,N,N,N,Y, ,K, ,M, ,0,M, , , , ,Y,Y, , , , ,Y, ,Y, , , ,Y, ,Y,Y,Y,Y, , , ,Y, , ,N, ,Y, , , ,Y, ,Y, , , , , ,Y,Y,Y, , ,C, ,S
2554782.31370563,8359033.36551918,1073,28140,27380,HANKO,FI,59.816667,22.95,59,49,N,22,57,E,195,44321,S,CB,P,N,N, ,Y, ,M,A,H, ,0,M,Y, ,Y,N,Y,Y,Y,Y, , ,Y,Y,Y, , , ,Y, , ,Y,Y, , , , ,Y,Y, ,Y,Y,Y, , , ,Y,Y,Y, , , , , ,Y,Y, ,Y,Y,C, ,S
-569584.72789225,7466070.93224578,1074,33310,32790,LAMLASH HARBOR,GB,55.533333,-5.116667,55,32,N,5,7,W,141,36016,V,OR,F,N,N,N,Y, ,A,A, , ,8,L,Y,Y,N,N, ,N,N, , , , , , , , , , , , , , ,Y, , , ,Y, , ,N, , , , , , , , , , , , , , , , , , ,D, , 
1742150.03091473,4595920.03499063,1075,40080,39730,REGGIO DI CALABRIA,IT,38.116667,15.65,38,7,N,15,39,E,131,53184/0,S,CB,F,N,N,N,Y, ,K,A,L, ,1,M,Y, , , ,Y,Y,Y, ,Y, ,Y,Y,Y, , , ,Y,Y,Y,Y,Y,Y, , , ,Y,Y, ,N,Y, ,Y, , ,Y, , ,N, , , , ,Y,Y,Y, , ,C, ,M
2521386.46646765,9849530.45048989,1076,27250,24975,TOREHAMN,SE,65.9,22.65,65,54,N,22,39,E,195,44280,V,CN,G,N,N,Y,Y, ,L,L,M, ,2,M,Y, ,N,N,Y,Y,Y,Y, , , , , , , , , , , , ,Y,Y, , , , , , ,N, , , , , , , , , , , , ,Y,Y,Y, , , , , , 
-606691.224823341,7561734.23369518,1077,33340,32790,ARDRISHAIG,GB,56.016667,-5.45,56,1,N,5,27,W,141,36017,V,CN,F,N,N,N,Y,Y,M,M,P, ,2,M,Y,Y,Y,N,Y,N,N, , ,N,N, ,Y,Y,Y, ,Y, , , ,Y, , , , ,Y,Y, ,N, , , , , , , ,Y,Y, , ,Y,Y,Y,Y,Y,Y,Y,B, , 
1732873.40668196,4607717.759142,1078,40100,40090,MESSINA,IT,38.2,15.566667,38,12,N,15,34,E,131,53184/3,S,CB,E,N,N,N,Y,N,A,J,L,L,1,L,Y, ,Y,N,Y,Y,Y, ,Y, ,Y,Y,Y, , , ,Y,Y,Y,Y,Y,Y, , , ,Y,Y, ,Y,Y,Y,Y, , , ,Y,Y,Y, , ,Y,Y,Y,Y,Y,Y,Y,A,M,M
-562163.428506032,7525308.32817828,1079,33370,32790,ROTHESAY HARBOR,GB,55.833333,-5.05,55,50,N,5,3,W,141,36022,V,CB,G,N,N,N,Y, ,H,G,P, ,3, ,Y, , , , ,N,Y, , ,N,N, , , , , ,Y, ,Y, , , , , , ,Y,Y, ,N, ,Y, , , , ,Y, , , , , ,Y,Y,Y,Y, , ,C, , 
19247139.958157,-4990241.81061555,1080,55275,55260,TARAKOHE,NZ,-40.85,172.9,40,51,S,172,54,E,127,76080,V,CN,F, , , , , ,O,M,M, ,5,M, , , , ,Y, ,Y, ,Y, ,Y,Y, , , , ,Y, ,Y, , , , , , ,Y,Y, , , , , , , , , , , , , , , ,Y,Y, , , ,C, , 
-528767.58126805,7548468.50234669,1081,33390,32790,GREENOCK,GB,55.95,-4.75,55,57,N,4,45,W,141,36020,M,CN,F,Y,N,N, ,Y,K,J,J, ,3,L, ,Y,Y,Y,Y,Y,Y, , ,N,Y,Y,Y, ,Y,Y,Y,Y,Y,Y,Y, , , , ,Y,Y, ,Y,Y,Y, , , ,Y, ,Y, , ,Y,Y,Y,Y,Y,Y, , ,B,L,S
1697622.23459742,4610078.92345724,1082,40110,40090,MILAZZO,IT,38.216667,15.25,38,13,N,15,15,E,131,53182,M,OR,E,N,N,N,Y, ,K,A,K,A,0,M,Y, ,Y,N,Y,Y, , , , ,Y,Y,Y, , , ,Y, ,Y,N,Y,Y,Y, , ,Y,Y, ,Y,Y,Y, , , ,Y,Y, ,N, , , ,Y,Y,Y,Y,Y,Y,A, ,M
-538044.205500822,7581675.83247886,1083,33405,32790,FINNART OIL TERMINAL,GB,56.116667,-4.833333,56,7,N,4,50,W,141,36030,S,RN,G,Y,N,N,Y, ,A,A, ,A,3,L, , ,Y,N,Y,Y,Y, , , , , ,Y,Y,Y,Y,Y,Y,Y, ,Y, , , , , , , ,N, , , , , , , ,Y, , , , , ,Y,Y,Y, , ,D, ,S
2068687.20390833,9141235.10724533,1084,26710,24975,KOPMANHOLMEN,SE,63.166667,18.583333,63,10,N,18,35,E,195,44224,V,CN,G,N,N,Y,Y, ,L,A,P, ,0,M, , ,N,N,Y,Y,Y, , , , ,Y, , , , , ,Y, , , ,Y, , , ,Y, , ,N, ,Y, , , , , , , , , , , ,Y,Y,Y, , ,C, , 
1769979.90361305,4638455.21155179,1085,40115,40090,GIOIA TAURO,IT,38.416667,15.9,38,25,N,15,54,E,131,53011,S,LC,F,N,N,N,N, ,E,D,F, ,1,M, ,Y, ,N,Y,Y,Y,Y, , ,Y,Y, , ,Y,Y,Y,Y,Y,Y,Y, , , , ,Y,Y, ,Y,Y,Y, , ,Y, , ,Y, , , , , ,Y,Y,Y, , ,C,M,S
-499082.383723177,7545155.63909806,1086,33450,32790,BOWLING,GB,55.933333,-4.483333,55,56,N,4,29,W,141,36019,V,RN,G,N,N,N,Y, ,M, , ,L,3,M, , ,Y,N,Y,Y,Y, , , ,Y, , , , , ,Y, ,Y,Y,Y, , , , ,Y, , ,Y,Y,Y, ,Y, , ,Y, , , , , , ,Y,Y,Y, , ,C, ,S
13200636.2832357,551718.234184324,1087,51733,51647,BAKAPIT,MY,4.95,118.583333,4,57,N,118,35,E,163,72143,V,CN,F, , , , , ,N,O,O, ,0,M,Y, ,Y, ,Y, ,Y, , , ,Y,Y,Y, , , ,Y,Y, , , , , , , , , , , , , , , , , , , , , , , , , , , , , , , , 
1487970.52693676,4598278.50165221,1088,40130,40090,PORTO DI PALERMO,IT,38.133333,13.366667,38,8,N,13,22,E,131,53244,S,CB,E,N,Y,N,Y,N,A,E,G,G,1,L,Y, ,Y,Y,Y,Y,Y, ,Y,N,Y,Y,Y, , , ,Y,Y,Y,Y,Y,Y, , , ,Y,Y, ,Y,Y,Y, , , ,Y, ,Y,Y,Y,Y,Y,Y,Y,Y,Y,Y,Y,A,L,L
-497227.058876622,7541844.20066711,1089,33460,32790,OLD KILPATRICK,GB,55.916667,-4.466667,55,55,N,4,28,W,141,36019,V,RN,F,N,N,N,Y,Y,M, , ,M,3, , , , , , ,Y, , , , ,Y, , , , , , , ,Y,Y, , , , , ,Y, , ,N, , , , , , , ,Y, , , , , ,Y,Y, , , ,D, ,S
-489805.759490404,7538534.18554885,1090,33470,32790,ROTHESAY DOCK,GB,55.9,-4.4,55,54,N,4,24,W,141,36019,V,RN,F,N,N,N,Y,Y,M, ,N, ,3, , , ,Y,N,Y,Y,Y, , , , , , , , , , , , ,Y, , , , , , , , ,N,Y, , , , , ,Y, , , , , , , , , , , ,D, ,S
-487950.434643849,7535225.59224041,1091,33480,32790,RENFREW,GB,55.883333,-4.383333,55,53,N,4,23,W,141,36019,V,RB,G,N,N,N,Y,Y,M, ,P, ,3,M, , ,Y,N,Y,Y,Y, , , , , , , , , , , , ,Y, , , , , , , , ,N, , , , , , , , , , , , , , , , ,Y,Y,B, ,S
-476818.485564522,7531918.41924114,1092,33490,32790,GLASGOW,GB,55.866667,-4.283333,55,52,N,4,17,W,141,36019,M,RT,E,Y,N,N,Y,Y,M,J,L,N,3,L, ,Y,Y,N,Y,Y,Y, ,Y,Y,Y, ,Y, ,Y,Y,Y,Y,Y,Y,Y, ,Y, , ,Y,Y, ,Y,Y,Y,Y, ,Y,Y,Y,Y,Y,Y,Y,Y, ,Y,Y,Y,Y,Y,B,L,M
-541754.855193931,7518703.9003983,1093,33500,32790,LARGS,GB,55.8,-4.866667,55,48,N,4,52,W,141,36024,V,CN,F,N,N,N,Y, ,G,K,O, ,3,M, , ,Y,N,N, , , , ,N,N, , , ,Y,Y,Y, ,Y,Y,Y, , , , , , , ,N, , , , , , , , , , , , , , , , , , , , , 
-543610.180040486,7508807.85130195,1094,33515,32790,HUNTERSTON,GB,55.75,-4.883333,55,45,N,4,53,W,141,36024,V,OR,P, , , , , ,A,B,A, ,3,L, ,Y, , ,Y,Y,Y, , , ,Y, , , ,Y,Y,Y, ,Y,Y,Y, , , , ,Y,Y, ,Y, ,Y, , , , , , , , , , , ,Y,Y,Y, , ,C, ,S
-547320.829733595,7508807.85130195,1095,33520,32790,MILLPORT,GB,55.75,-4.916667,55,45,N,4,55,W,141,36022,S,CN,F,N,N,N,Y, ,P,J,P, ,8, , , ,Y,N,N, , , , ,N,N, , , ,Y, , , , , , , , , , ,Y,Y, ,N, , , , , , , ,Y,Y,N,N,N,Y,Y,N,N,N,N, , , 
-536188.880654268,7489053.73951615,1096,33530,32790,ARDROSSAN,GB,55.65,-4.816667,55,39,N,4,49,W,141,36024,S,CB,F,N,N,N,Y, ,N,B,N, ,3,M, ,Y,Y,N,Y,Y,Y,Y,Y, ,Y,Y,Y,Y,Y,Y,Y,Y,Y,Y,Y, , , , ,Y, , ,Y,Y, , , , ,Y,Y,Y, , , , ,Y,Y,Y,Y, , ,C,S,S
-521346.281881831,7469350.01088756,1097,33550,32790,TROON,GB,55.55,-4.683333,55,33,N,4,41,W,141,36016,V,CB,F,Y,N,N,Y,Y,O,N,N, ,3,M, , ,Y,N,Y,N,Y, ,Y, ,Y, ,Y,Y,Y,Y,Y, ,Y,Y,Y, , , , ,Y,Y, ,Y,Y, , , ,Y,Y,Y,Y, , ,Y,Y, ,Y,Y,Y,Y,Y,B,M,S
-515780.307342168,7452968.49605489,1098,33560,32790,AYR,GB,55.466667,-4.633333,55,28,N,4,38,W,141,36016,V,RB,G,N,Y,N,Y,Y,O,M,N,N,2,M, , ,Y,N,Y,Y, , ,Y, ,Y, ,Y,Y,Y,Y,Y,Y,Y,Y,Y, , , , ,Y,Y, ,Y,Y,Y, ,Y, , ,Y,Y, , , , , ,Y,Y,Y,Y,Y,B, ,L
-560308.103659477,7342482.29018827,1099,33570,32790,STRANRAER,GB,54.9,-5.033333,54,54,N,5,2,W,141,35126,V,RB,G,N,N,N,Y, ,N,N,N, ,3,M,Y, ,Y,N,Y,N,Y,Y, , , , ,Y,Y,Y, ,Y, ,Y,Y,Y, , , , ,Y,Y, ,Y,Y,Y, , ,Y, ,Y,Y,Y, , , , ,Y,Y,Y, , ,C, ,M
-497227.058876622,7198615.83681818,1100,33610,33580,DOUGLAS,GB,54.15,-4.466667,54,9,N,4,28,W,142,UK2696,S,CB,G,Y,N,N,Y,Y,M,J,O,O,15,M, , ,Y,N,Y,N,Y, ,Y,N,Y, ,Y,Y,Y,Y,Y,Y,Y,Y,Y, , , , ,Y,Y, ,N,Y,Y, , ,Y,Y,Y,Y, , , , ,Y,Y,Y,Y,Y,Y,C, ,S
-278298.726983184,7897618.17988129,1101,32250,31870,MACDUFF,GB,57.666667,-2.5,57,40,N,2,30,W,141,35013,V,CB,P,Y,Y,N,Y,Y,P,J,N, ,5,M, , ,N,N,Y,N,Y,Y,Y, , , , , , , ,Y, , , ,Y, , , , ,Y,Y, ,N,Y, , , , , ,Y, , , , , ,Y,Y,Y,Y, , ,C, , 
-1506523.7754023,3369283.69317099,1102,38190,38140,ARRECIFE,ES,28.95,-13.533333,28,57,N,13,32,W,143,51380,V,CB,F, , , ,Y, ,N,A,G, ,2,M, , , , ,Y,Y,Y, , , , , ,Y, ,Y, ,Y, , , , , , , , ,Y, , ,N, ,Y, , , , ,Y, , , , , ,Y,Y,Y, , , ,C,M,S
-773670.461013251,4474011.08822948,1103,38220,38200,HUELVA,ES,37.25,-6.95,37,15,N,6,57,W,143,51159,M,RN,G,Y,N,N,Y, ,H,C,H,C,4,M, , ,Y,N,Y,Y,Y, ,Y, ,Y,Y,Y,Y, , ,Y, , ,Y,Y, , , , ,Y,Y, ,Y,Y,Y, ,Y,Y,Y,Y,Y,Y,N,Y,Y,Y,Y,Y,Y,Y,Y,B,S,M
-146570.66287781,7329586.46955149,1104,31750,31330,SEAHAM,GB,54.833333,-1.316667,54,50,N,1,19,W,192,35028,S,CT,G,Y,N,N,Y,Y,P,H,M, ,3,M,N,Y,N,N,Y,N,Y, , , ,Y, ,Y,Y,Y, ,Y, ,Y,Y,Y, , , , ,Y,Y, ,Y,Y,Y,Y, , ,Y,Y,Y,Y, , ,Y,Y,Y,Y,Y,Y,Y,B, ,M
-667916.944759641,4490339.37365759,1105,38270,38200,SEVILLA,ES,37.366667,-6,37,22,N,6,0,W,143,51158,M,LC,G,Y,N,N,Y,Y,L, ,M, ,6,M, ,Y,Y,Y,Y,Y, , , , ,Y, ,Y, , , ,Y,Y,Y,Y,Y, , , , ,Y,Y, ,Y,Y,Y, , , ,Y,Y,Y, , , , ,Y,Y,Y,Y, , ,C,M, 
-152136.637417474,7345709.58058992,1106,31760,31330,SUNDERLAND,GB,54.916667,-1.366667,54,55,N,1,22,W,192,35028,M,RT,G,Y,Y,N,Y,Y,M,H,M,L,4,L, ,Y,Y,N,Y,Y,Y, ,Y, ,Y, ,Y,Y,Y, ,Y, ,Y,Y,Y, , , , ,Y,Y, ,Y,Y,Y, , , ,Y,Y, ,Y, ,Y,Y,Y,Y,Y,Y,Y,Y,A,S,M
-705023.441690733,4385808.9076577,1107,38280,38200,ROTA,ES,36.616667,-6.333333,36,37,N,6,20,W,143,51166,V,CB,F, , , ,Y, ,K,K,J, ,3,L, ,Y, ,Y,Y,Y,Y, ,Y, ,Y, , , ,Y,Y,Y,Y,Y,Y, , , , , ,Y,Y, ,Y,Y, , , ,Y, , ,Y, , , , , ,Y, , , , , , ,S
-701312.791997624,4374257.56253555,1108,38290,38200,CADIZ,ES,36.533333,-6.3,36,32,N,6,18,W,143,51165,M,CB,G,N,N,N,Y,Y,H,G,G, ,4,M,Y,Y,Y,Y,Y,Y,Y, ,Y, ,Y,Y, , , , ,Y, ,Y,Y,Y, , , , ,Y,Y, ,Y,Y,Y, , ,Y,Y,Y,Y,Y,Y,Y,Y,Y,Y,Y,Y,Y,Y,A,L,S
-155847.287110583,7361866.11305119,1109,31765,31330,TYNEMOUTH,GB,55,-1.4,55,0,N,1,24,W,192,35054,M,RT,E,N,N,N,Y,Y,L,H,M,N,3,L, , ,Y,N,Y,Y,Y, , , ,Y, ,Y,Y,Y, ,Y, ,Y,Y,Y, , , , ,Y,Y, ,N,Y,Y,Y,Y, ,Y,Y,Y,Y, ,Y,Y,Y,Y,Y,Y,Y,Y,A,L,S
-604835.899976786,4318983.37674689,1110,38310,38200,ALGECIRAS,ES,36.133333,-5.433333,36,8,N,5,26,W,131,52043,S,CB,F,N,N,N,Y,Y,M,A,A,C,1,L,Y, ,Y,N,Y,Y,Y, ,Y, ,Y,Y, , , , ,Y,Y, ,Y,Y, ,Y, , ,Y,Y, ,N,Y,Y, , ,Y,Y,Y,Y, , ,Y, ,Y,Y,Y,Y, , ,B,L,S
-166979.23618991,7384541.73642732,1111,31820,31330,BLYTH,GB,55.116667,-1.5,55,7,N,1,30,W,192,35027,M,RN,G,Y,N,N,Y, ,L,E,M, ,3,M, , ,Y,N,Y,N,Y, ,Y, ,Y, ,Y,Y,Y, ,Y,Y,Y,Y,Y, , , , ,Y,Y, ,Y,Y,Y, , ,Y, ,Y,Y, , , , ,Y,Y,Y,Y,Y,Y,B, , 
-595559.275744014,4318983.37674689,1112,38330,38320,EUROPA POINT,GI,36.133333,-5.35,36,8,N,5,21,W,131,52045,M,CB,G,N,Y,N,Y,N,H,D,L,K,1,L,Y,Y,Y,N,Y,Y,Y, ,Y, ,Y,Y,Y,Y,Y,Y,Y, ,Y,Y,Y, , , , ,Y, , ,Y,Y,Y, , , ,Y,Y,Y, , ,Y,Y,Y,Y,Y,Y,Y,Y,A,M,S
-491661.084336958,4399687.01535857,1113,38370,38340,MALAGA,ES,36.716667,-4.416667,36,43,N,4,25,W,131,52046,M,CB,G,N,N,N,Y,N,H,A,E, ,1,L, ,Y,Y, ,Y,Y,Y, ,Y, ,Y, ,Y, ,Y,Y,Y, ,Y,Y,Y, , , , ,Y,Y, ,N,Y,Y, , , ,Y,Y,Y, , , , ,Y,Y,Y,Y, , ,B,M,S
-176255.860422683,7426829.93887988,1114,31830,31330,WARKWORTH HARBOUR,GB,55.333333,-1.583333,55,20,N,1,35,W,192,UK 156,V,RN,F,Y, , ,Y,Y,P,L,P, ,0, , , , , , , ,Y,Y, , , , , , ,Y, , , , ,Y, , , , , , , , ,N, , , , , , , , , , , , ,Y, , , , , ,C, ,S
-222638.981586547,7512105.1239738,1115,31860,31330,BERWICK-UPON-TWEED,GB,55.766667,-2,55,46,N,2,0,W,192,35010,V,RT,G,Y,N,N,Y,Y,P,H,N, ,4,M,Y, ,Y,N,Y,Y,Y, ,Y, , , ,Y,Y,Y, ,Y, ,Y,Y, , , , , ,Y,Y, ,N, ,Y, , , , ,Y,Y,Y, ,Y,Y, ,Y,Y,Y,Y,Y,B, ,S
-391473.542623012,4404317.06399294,1116,38375,38340,MOTRIL,ES,36.75,-3.516667,36,45,N,3,31,W,131,52040,V,CB,F,N,N,N,N,Y,J,G,K, ,0,M, , ,Y,N,Y,Y,Y, , , ,Y, ,Y,Y,Y, ,Y,Y, , ,Y, , , , ,Y,Y, ,Y,Y,Y, , , , ,Y,Y,Y, , , ,Y,Y,Y,Y, , ,C, , 
-231915.60581932,7531918.41924114,1117,31880,31870,EYEMOUTH,GB,55.866667,-2.083333,55,52,N,2,5,W,192,35010,V,RN,G,Y,N,N,Y, ,N,O,P, ,13, , , ,Y,N,N,N,N,Y,Y, , , , , , , ,Y, ,Y,Y, , , , , , , , ,N, , , , , , , , , , , , ,Y,Y,Y,Y, , ,D, , 
-337669.12207293,4402001.7883975,1118,38380,38340,ADRA,ES,36.733333,-3.033333,36,44,N,3,2,W,131,52040,V,CB,F, , , ,Y, ,L,G,N, ,1, ,Y, , , ,Y,Y,Y, , , , ,Y, , , , ,Y,Y,Y,Y,Y, , , , ,Y,Y, , ,Y, , , , , ,Y, , , , , , ,Y,Y,Y, , ,C, ,S
-280154.051829738,7558415.65608178,1119,31890,31870,DUNBAR,GB,56,-2.516667,56,0,N,2,31,W,192,35035,V,CB,F,Y,Y,N,Y, ,O,H,N,L,3,M, , ,Y,N,Y,N,N,Y, ,N,N, ,Y,Y, , ,Y, , ,Y, , , , , ,Y, , ,N,N,N,N, , , , , , , , , , ,Y,Y,Y, , ,C, , 
-354367.045691921,7555098.50932806,1120,31930,31870,LEITH,GB,55.983333,-3.183333,55,59,N,3,11,W,192,35037,M,RT,G,Y,N,N,Y,Y,M,L,M,L,2,M,Y,Y,Y,Y,Y, ,Y, ,Y, ,Y,Y,Y,Y, , ,Y, ,Y,Y, , , , , ,Y,Y, , ,Y,Y, , ,Y,Y,Y,Y,Y,Y,Y,Y, ,Y,Y,Y,Y,Y,A,M,S
-274588.077290075,4415900.99482931,1121,38390,38340,ALMERIA,ES,36.833333,-2.466667,36,50,N,2,28,W,131,52052,S,CB,F,N,N,N,Y,Y,J,A,J, ,1,M,Y, ,Y,N,Y,Y,Y, , , ,Y, ,Y,Y, , ,Y,Y,Y,Y,Y, , , , ,Y,Y, ,N,Y,Y, , , , ,Y,Y, , , , ,Y,Y,Y,Y, , ,C, ,S
-209651.707660665,4439106.78725058,1122,38395,38340,PUERTO DE CARBONERAS,ES,37,-1.883333,37,0,N,1,53,W,131,52055,S,CB,F, , , , , ,A,A,G, ,0,M,Y, , ,N,Y,Y,Y,Y,Y, ,Y, ,Y,Y, , ,Y, ,Y, ,Y, , , , ,Y,Y, , , ,Y, , , , ,Y, , , , , ,Y,Y,Y,Y, , ,C, , 
-358077.69538503,7555098.50932806,1123,31940,31870,GRANTON,GB,55.983333,-3.216667,55,59,N,3,13,W,192,35037,V,CB,G,Y,N,N,Y, ,K,K,N,J,3,M,Y, ,Y,N,Y,N,Y, ,Y, ,Y, ,Y,Y, , ,Y, ,Y,Y,Y, , , , ,Y, , ,Y, ,Y, , , , ,Y, , , , , , ,Y,Y,Y, , ,C,S, 
-174400.535576129,4495009.25862632,1124,38410,38340,AGUILAS,ES,37.4,-1.566667,37,24,N,1,34,W,131,52060,V,CN,F, , , , , ,G,C,J, ,1,M,Y, , , , ,Y,Y, , ,N,Y, , , , , ,Y, ,Y, ,Y, , , , ,Y, , , ,Y, , , , , ,Y,Y, , , , , ,Y, , , , ,C, , 
-172545.210729574,4495009.25862632,1125,38420,38340,HORNILLO,ES,37.4,-1.55,37,24,N,1,33,W,131,52060,V,CN,F, , , , ,Y,G,A,N, ,1,M, , , , , ,Y,Y, , , ,Y, , , , , ,Y, ,Y, ,Y, , , , ,Y, , , , , , , , , , ,Y, , , , , , , , , , , , , 
1100207.63400685,7413793.633786,1126,29930,29820,ASSENS,DK,55.266667,9.883333,55,16,N,9,53,E,194,44062,S,CB,G,N,N,Y,Y,Y,M,K,M, ,0,M, ,Y,N,N,Y,N,Y, ,Y,Y,Y, ,Y,Y, , ,Y,Y,Y,Y, , , , , ,Y,Y, ,N, ,Y, , , ,Y,Y,Y, , , , ,Y,Y,Y,Y, , ,C, ,S
860870.728801316,9128915.16948633,1127,23100,20620,KRISTIANSUND,NO,63.116667,7.733333,63,7,N,7,44,E,182,43248,S,CN,E,N,N,N,Y,Y,J,G,O,N,2,M,Y, ,Y,N,Y,Y, , ,Y,Y,Y, ,Y, , ,Y,Y,Y,Y,Y,Y,Y, ,Y, ,Y,Y, ,Y, ,Y, ,Y,Y,Y, ,Y, , , , , ,Y,Y,Y, , ,C,L,L
-369209.644464357,7565054.24368424,1128,31945,31870,BRAEFOOT BAY TERMINAL,GB,56.033333,-3.316667,56,2,N,3,19,W,192,35048,S,OR,F, , , ,Y, ,K, , ,J,4,M, , , , ,Y,Y, , , , ,Y, ,Y, ,Y, ,Y, ,Y,Y, , , , , ,Y,Y, ,N, , , , , , , , , , , , , ,Y, , , , , , ,S
-12608787.6571848,10592148.8345473,1129,20499,20490,LADY FRANKLIN POINT,CA,68.483333,-113.266667,68,29,N,113,16,W,CAN,15955,V,CN,F, , ,Y,Y, , ,M, , ,1, , , , , , , , , , , , , , , , , , , ,Y, , ,Y, , , , , , , , , , , , , , , , , , , , ,Y, , , , , , , 
-14972471.5116953,7842318.50181369,1130,19510,19080,HOOD BAY,US,57.4,-134.5,57,24,N,134,30,W,CP08,17339,V,CN,G,N,N,N,Y, , ,L,M,M,12, , , , , , , ,Y, , , , , , , , , , , ,Y, ,Y,Y, , , , , , , , , , , , , , , , , , , , , ,Y,Y,Y, , , , 
-109464.165946719,4520730.85584483,1131,38430,38340,CARTAGENA,ES,37.583333,-0.983333,37,35,N,0,59,W,131,52062,S,CB,F,N,N,N, , ,J,A,H,C,1,L,Y, ,Y,N,Y,Y,Y, ,Y,Y,Y, ,Y, ,Y,Y,Y, ,Y,Y,Y,Y, , , ,Y,Y, ,Y,Y,Y,Y, , ,Y,Y,Y, , ,Y,Y,Y,Y,Y,Y,Y,Y,C,S,S
1141024.78063105,7381298.31218592,1132,29940,29820,FABORG,DK,55.1,10.25,55,6,N,10,15,E,194,44063,S,CN,G,Y,N,N,Y,Y,M,M,O, ,0,M, , ,N,N,Y,Y,Y, , ,Y, , ,Y,Y, , ,Y,Y,Y,Y, , , , , , , , ,Y, ,Y, , , , ,Y,Y, , , , , ,Y,Y,Y, , ,C, ,S
2105793.70083943,8241879.73480424,1133,25370,24975,SANDHAMN,SE,59.283333,18.916667,59,17,N,18,55,E,194,44184/5,V,CN,G,N,N,N,Y,Y,J,D,O, ,0,M,Y,N,N, ,Y,Y, , , , , , , , , , ,Y, , , ,Y,Y, ,Y, , , , ,N, , , , , , , , , , , , ,Y,Y,Y, , , , , , 
-374775.619004021,7558415.65608178,1134,31972,31870,HOUND POINT TERMINAL,GB,56,-3.366667,56,0,N,3,22,W,192,35048,S,OR,P, , , ,Y,Y,D,H, ,B,4,L,Y,Y, , ,Y,Y,Y, , ,Y,Y,Y,Y,Y, , ,Y, ,Y,Y, , , , , ,Y,Y, ,N, , , , , , , , , , , , ,Y,N,N,N, , ,C, ,S
-12807307.4157661,10387819.7211112,1135,20500,20490,COPPERMINE,CA,67.8,-115.05,67,48,N,115,3,W,CAN,CA7777,V,RN,F, , ,Y,Y, , ,J,P, ,1, ,Y, , , , , , , , , , , , , , , , ,Y,Y, ,Y,Y, , , , , , , , , , , , , , , , , , , , ,Y, , , , ,C, , 
-15000301.3843936,7991865.59403439,1136,19520,19080,HAWK INLET,US,58.116667,-134.75,58,7,N,134,45,W,CP08,17312,V,CN,G,Y,N,N,Y, , ,J,L,O,12, , , , , , , , , , , , , , , , , ,Y,Y,Y, ,Y,Y, , , ,N,N, , , , ,Y, , , , ,N,Y,Y,N,N,Y,Y,Y,Y,Y,Y, , , 
1089075.68492753,7345709.58058992,1137,30060,30020,SONDERBORG,DK,54.916667,9.783333,54,55,N,9,47,E,194,44061,S,RN,G,N,N, ,Y,Y,M,M,M, ,1,M, , ,N,N,Y,N,Y, ,Y,Y,Y, ,Y,Y,Y, ,Y,Y,Y,Y,Y, , , , ,Y, , ,Y, ,Y, , , , ,Y,Y, , , , , ,Y,Y,Y, , ,C, ,S
951781.646282489,9023021.24259592,1138,23105,20620,SUNNDALSORA,NO,62.683333,8.55,62,41,N,8,33,E,182,43260,V,RB,G,N,N,N,Y,Y,A,K,K, ,0,M, , ,Y,N,Y, ,Y, ,Y,N,N, ,Y, , , ,Y,Y, , ,Y, , ,Y, ,Y,Y, ,N,Y,Y, , ,Y,Y,Y,Y,N,N,N,N,N,Y, ,N,N, ,C, , 
-76068.3187087369,4574718.00040258,1139,38435,38340,TORREVIEJA,ES,37.966667,-0.683333,37,58,N,0,41,W,131,52084,V,CB,G,N,N,N,Y, ,J,J,K, ,0,M, , ,Y,N,Y,Y,Y, , ,N,Y, ,Y, , , ,Y, , ,Y, ,Y, , , ,Y,Y, ,N, ,Y, , ,Y, , ,Y, ,Y,Y,Y, ,Y,Y,Y,N,N,C, ,S
2009316.80881859,8252784.47823419,1140,25380,24975,STOCKHOLM,SE,59.333333,18.05,59,20,N,18,3,E,194,44182,L,CB,G,N,N,Y,Y,Y,K,F,M,N,0,M, ,Y,Y,Y,Y,Y,Y, ,Y,Y,Y,Y,Y, ,Y,Y,Y,Y,Y,Y,Y,Y, , , ,Y,Y, ,Y,Y,Y,Y,Y,Y,Y,Y,Y,Y, ,Y,Y,Y,Y,Y,Y,Y,Y,A,L,M
-382196.918390239,7561734.23369518,1141,31980,31870,ROSYTH,GB,56.016667,-3.433333,56,1,N,3,26,W,192,35048,S,RT,E,Y,N,N,Y,Y,L,H,N, ,5,M, , ,Y,N,Y,Y, , ,Y, ,Y,Y,Y,Y,Y, ,Y, ,Y,Y,Y, , , , ,Y, , ,Y,Y,Y, , ,Y,Y, ,Y, , , , , ,Y, ,Y,Y,Y,C,L, 
-11695967.8326799,10787123.0734942,1142,20510,20490,CAMBRIDGE BAY,CA,69.116667,-105.066667,69,7,N,105,4,W,CAN,CA7750,V,CN,G, , ,Y,Y, , ,O, , ,1, ,Y, , , , , , , , , , , , , , , ,Y,Y,Y, ,Y,Y, , , ,Y, , , , , , , , , , , , , , , ,Y,Y,Y, , , ,C, , 
-486095.109797295,7230358.751386,1143,33620,33580,RAMSEY,GB,54.316667,-4.366667,54,19,N,4,22,W,142,36025,S,CB,F,Y,N,N,N,Y,M,N,O, ,4, ,Y, ,N,N,Y,N,Y,Y, ,N,N, , , ,Y, ,Y, ,Y,Y, , , , , ,Y,Y, ,Y, ,Y, , , , ,Y,Y, , , , ,Y,Y,Y, ,Y,Y,B, , 
-15016999.3080126,8020019.1129033,1144,19530,19080,FUNTER,US,58.25,-134.9,58,15,N,134,54,W,CP08,17316,V,CN,G,N,N,N,Y, ,A,A,B, ,13, ,Y, , , , , ,Y, , , , , , , , , , ,Y,Y, ,Y,Y, , , ,N,N, , , , , , , , , ,N,Y,N,N,N,N,Y,N,N,N,N, , , 
769959.811320142,9075772.57008451,1145,23107,20620,BUD,NO,62.9,6.916667,62,54,N,6,55,E,182,43261,V,CB,F,N,N,N,Y,Y, ,N,N, ,0,M, , ,N, ,Y, , , , , , , , , ,Y,Y, , , , ,Y,Y, ,Y, , , , ,N, , , , , , , , , , , , ,Y,Y,Y, , , ,C, , 
-53804.4205500822,4626622.24316352,1146,38440,38340,ALICANTE,ES,38.333333,-0.483333,38,20,N,0,29,W,131,52084,M,CB,F, , , ,Y, ,G,J,G, ,0,M,Y, ,Y, ,Y,Y,Y, , , ,Y,Y,Y, ,Y, ,Y, ,Y,Y,Y, , , , ,Y,Y, ,N,Y,Y,Y, , ,Y,Y,Y, ,N,Y, ,Y,Y,Y,Y, , ,N, ,M
1098352.3091603,7352168.17333372,1147,30095,30020,AUGUSTENBORG,DK,54.95,9.866667,54,57,N,9,52,E,194,44061,S,CN,G,N,N,Y,Y, ,O,K,O, ,5,M, ,Y,N,N,N,N,Y,Y, , , , , , , , , , , ,Y, ,Y, , , , , , ,N, , , , , , , , , , , , ,Y,Y, , , , , , , 
1842337.57262868,8314883.02751359,1148,25395,24975,VASTERAS,SE,59.616667,16.55,59,37,N,16,33,E,194,44193,M,LC,G,N,N,N,N,Y,N,M,O,N,0,M, , ,Y,N,Y,Y,Y, ,Y, ,Y, ,Y, , , ,Y, ,Y,Y,Y,Y, , , ,Y,Y, ,Y,Y,Y, ,Y,Y,Y,Y,Y,Y, ,Y,Y,Y,Y,Y,Y,Y,Y,B, ,S
-413737.440781667,7561734.23369518,1149,32010,31870,GRANGEMOUTH,GB,56.016667,-3.716667,56,1,N,3,43,W,192,35038,S,RT,E,Y,N,N,Y,Y,M,N,L,N,3,M, , ,Y,N,Y,Y,Y, ,Y,Y,Y, ,Y,Y,Y,Y,Y, ,Y,Y,Y, , , , ,Y,Y,Y,Y,Y,Y, , , ,Y,Y,Y,Y, ,Y,Y, ,Y,Y,Y,Y,Y,B,S,L
2094661.7517601,8422035.51916729,1150,25440,24975,GRISSLEHAMN,SE,60.1,18.816667,60,6,N,18,49,E,195,44200,V,CN,F,N,N,Y,Y, ,N,L,P, ,0,M,Y,N,N, ,Y,Y,Y,Y, , , , , , ,Y,Y, , , , ,Y,Y, , , , , , ,N, , , , , , , , , , , , ,Y,Y,Y, , , , , ,M
-16697.923618991,4721671.57258011,1151,38460,38340,PUERTO DE GANDIA,ES,39,-0.15,39,0,N,0,9,W,131,52080,V,CB,P, , , ,Y, ,L,C,K, ,0,M, ,Y, ,N,Y,Y,Y, , , ,Y,Y, , , , ,Y, ,Y,Y,Y, , , , ,Y,Y, ,Y,Y,Y, , , ,Y,Y, , , , , ,Y,Y,Y,Y, , , , , 
1050113.86314988,7371576.14679691,1152,30100,30020,ABENRA,DK,55.05,9.433333,55,3,N,9,26,E,194,44062,S,CB,G,Y,N, ,Y, ,J,A,M,K,2,L,Y,Y,Y,N,Y,Y,Y,Y, , ,Y, ,Y,Y,Y,Y,Y, ,Y,Y, , , , , ,Y,Y, ,Y, ,Y, , , , ,Y,Y, , , , ,Y,Y,Y,Y, , ,A, ,S
775525.785859806,9075772.57008451,1153,23108,20620,HAROYSUND,NO,62.9,6.966667,62,54,N,6,58,E,182,43261,S,CN,G,N,N,Y,Y,Y, ,L,M,K,0, , , ,N,N,Y, , , , , , , , , , , , , , , ,Y,Y, ,Y, ,Y, , ,N, , , , , , , , , , , , , ,Y,Y, , , ,C, ,S
-359933.020231585,7568375.68756716,1154,32030,31870,BURNTISLAND,GB,56.05,-3.233333,56,3,N,3,14,W,192,35037,S,CT,G,Y,N,N,Y,Y,K,H,L, ,4,M, , ,Y,N,Y,Y,Y, ,Y,Y,Y, , , , , ,Y, ,Y,Y,Y, , , , ,Y,Y, ,N,Y,Y, , , , ,Y, , , , , ,Y,Y,Y,Y, , ,C, ,S
-14946496.9638435,8016494.14167095,1155,19550,19080,DUPONT,US,58.233333,-134.266667,58,14,N,134,16,W,CP08,17315,V,CN,F, , , , , , , ,L, ,14, , , , , , , ,Y, , , , , , , , , , , , , ,Y, , , , , , , , , , , , , , , , , , , , , , , , , , , , , 
-10675539.1670749,12797428.0151738,1156,20520,20490,RESOLUTE BAY,CA,74.683333,-95.9,74,41,N,95,54,W,CAN,CA7511,V,CN,F, , ,Y,Y, ,H,N, , ,6, ,N,Y, , , , , , , , ,Y, , ,Y, , , ,Y,Y, , ,Y, , , , , , , , ,Y, , , , , , , , , , , ,Y, , , , , , , 
2068687.20390833,8410878.26176792,1157,25460,24975,HALLSTAVIK,SE,60.05,18.583333,60,3,N,18,35,E,195,44203,V,RB,E,N,N,Y,Y,Y,M,N,M, ,0,M,Y, ,Y,N,Y,Y, , ,Y, ,Y, , , ,Y,Y,Y, , ,Y,Y,Y, , , ,Y,Y, ,Y,Y,Y, , , , ,Y,Y, , , , ,Y,Y,Y, , , ,C, ,M
-35251.1720845366,4786336.73211459,1158,38480,38340,VALENCIA,ES,39.45,-0.316667,39,27,N,0,19,W,131,52085,M,CB,F,N,Y,N,Y, ,F,E,E, ,0,M,Y, ,Y,Y,Y,Y,Y, ,Y, ,Y,Y, , ,Y, ,Y, ,Y,Y,Y, , , , ,Y,Y, ,Y,Y,Y,Y, , ,Y,Y,Y,Y,N,Y,Y,Y,Y,Y,Y,Y,Y,A,S,M
1050113.86314988,7365101.44533126,1159,30105,30020,ENSTED,DK,55.016667,9.433333,55,1,N,9,26,E,194,44062,V,OR,G,N,N,N,Y, ,H,A,F,G,0,M,Y,Y,Y,N,Y,Y,Y, , , ,N, ,Y,Y, , ,Y, ,Y, ,Y,Y, , , ,Y,Y, ,N,Y, , , , ,Y, ,Y, , , , ,Y,Y,Y,Y, , ,C, , 
797789.684018461,9035160.23835346,1160,23110,20620,MOLDE,NO,62.733333,7.166667,62,44,N,7,10,E,182,43262,S,CN,G,Y,N,N,Y,N,A,A,J, ,2,M,Y, ,N,N,Y,Y, , , ,N,Y, ,Y,Y,Y,Y,Y,Y,Y,Y,Y,Y, , , ,Y,Y, ,Y,Y,Y, ,Y, , ,Y,Y,Y, , ,Y, ,Y,Y, ,Y,Y,B, ,S
-14963194.8874625,8030603.97827452,1161,19580,19080,JUNEAU,US,58.3,-134.416667,58,18,N,134,25,W,CP08,17315,S,CN,G,N,N,N, ,Y,L,A,H,N,14, ,Y,Y,Y, ,Y, ,Y, , , , ,Y, ,Y,Y,Y,Y,Y,Y, ,Y,Y, , , ,Y,Y, , ,Y, , , , ,Y, ,Y,Y,N,Y,Y,Y,Y,Y,Y,Y,Y,C, ,S
-333958.472379821,7594999.04172466,1162,32070,31870,METHIL,GB,56.183333,-3,56,11,N,3,0,W,192,35035,S,CT,G,Y,N,Y,Y,Y,P,J,N, ,3,M,N, ,N,N,Y,N,Y, ,Y, ,Y, ,Y,Y, ,Y,Y, ,Y,Y,Y, , , , ,Y, , ,Y, ,Y, , , , ,Y, , , , , , ,Y,Y,Y, , ,C, ,S
1584447.41895759,14404476.8247737,1163,20560,20540,BARENTSBURG,XR,78.066667,14.233333,78,4,N,14,14,E,182,42052,V,CN,F, , ,Y,Y, , ,A,L, ,0, , , , , ,Y, , , , , , , , , , , , , , , ,Y,Y, , , ,Y, , ,N, , , , , , , , , , , , , , , , , , , , , 
2053844.6051359,8440668.63390701,1164,25480,24975,HARGSHAMN,SE,60.183333,18.45,60,11,N,18,27,E,195,44203,V,CN,E,N,N,N,Y,Y,L,M,M, ,0,L,Y, ,Y,N,Y,Y,Y, , , ,Y, , , ,Y,Y,Y, , , ,Y,Y, , , , ,Y, ,Y,Y,Y, ,Y,Y,Y,Y,Y, , , , , ,Y,Y, , , , , ,S
-24119.2230052093,4815210.82627579,1165,38490,38340,SAGUNTO,ES,39.65,-0.216667,39,39,N,0,13,W,131,52086,V,CB,F,N,Y,N,Y,N,L,C,G, ,0,L,Y, ,Y,N,Y,Y, , , ,N,Y,Y, , , , ,Y, ,Y,Y,Y, , , , ,Y, , ,N,Y,Y, ,Y,Y,Y,Y,Y, , , , ,Y,Y,Y,Y, , ,C, ,M
1057535.1625361,7410537.97676342,1166,30120,30020,HADERSLEV,DK,55.25,9.5,55,15,N,9,30,E,194,44062,S,RB,G,N,N,Y,Y,Y,N,A,P, ,2,M,Y, ,N,N,Y,N,Y, ,Y,Y,Y, , ,Y, , ,Y, ,Y,Y,Y, , , , ,Y,Y, ,Y, ,Y, ,Y, , ,Y,Y, , , , , ,Y,Y,Y, , ,C, ,S
-328392.497840157,7651882.28656697,1167,32170,31870,DUNDEE,GB,56.466667,-2.95,56,28,N,2,57,W,141,35045,L,RB,E,Y,N,N,Y,Y,M,L,K,L,5,L, , ,Y,N,Y,Y,Y, ,Y,Y,Y,Y,Y, ,Y,Y,Y,Y,Y,Y,Y, , , , ,Y,Y, ,Y,Y,Y, ,Y, ,Y,Y,Y,Y, , ,Y,Y,Y,Y,Y,Y,Y,B, , 
1747716.0054544,14476656.9628971,1168,20570,20540,LONGYEARBYEN,XR,78.2,15.7,78,12,N,15,42,E,182,42036,V,CN,G,N,N,Y,Y,N, ,A,L, ,3,M, , , , , , , , , , , , , , , , ,Y, ,Y, ,Y,Y, , , ,Y, , ,N, , , , , , , , , , , , , ,Y, , , , , , , 
-15076369.7031024,8230990.99609495,1169,19588,19080,HAINES,US,59.233333,-135.433333,59,14,N,135,26,W,CP08,17317,V,CN,G,N,N,N, , , ,B,N,L,9, , , , , ,Y, ,Y, , , ,Y, , , , , , ,Y,Y,Y,Y,Y, , , ,Y, , , ,Y, , , , ,Y, , , , , , , ,Y,N,N,N,N,N, , 
855304.754261652,8994776.4756437,1170,23111,20620,ANDALSNES,NO,62.566667,7.683333,62,34,N,7,41,E,182,43260,V,CN,F,N,N,N,Y,N, ,A,K, ,0, ,Y, ,N,N,Y, , , , , , , , , ,Y,Y, , , ,Y,Y,Y, , , , , , ,N, ,Y, , , , ,Y, , , , , ,Y,Y,Y,N, , , , , 
1936959.13980296,8545897.10544908,1171,25550,24975,SKUTSKAR,SE,60.65,17.4,60,39,N,17,24,E,195,44205,S,CN,G,N,N,Y,Y, ,M,M,N,N,0,L,Y,N,N, ,Y,Y, ,Y,Y, ,Y, , , ,Y,Y, , ,Y,Y,Y,Y, , , , , , ,N,Y, , , , , ,Y, , , , , ,Y,Y,Y, , , ,C, ,S
-5565.97453966368,4849003.05272489,1172,38495,38340,BURRIANA,ES,39.883333,-0.05,39,53,N,0,3,W,131,52086,V,RN,F, , , , , ,N,J,N, ,0,M, , , , ,Y,N,Y, ,Y, ,Y, , , , , ,Y, ,Y,Y,Y, , , , ,Y,Y, ,N, , , , , , , ,Y,Y,N,N,N, ,Y,Y,Y,Y,Y,C, ,S
-384052.243236794,7638459.95099426,1173,32180,31870,PERTH,GB,56.4,-3.45,56,24,N,3,27,W,141,35045,S,RB,E,Y,N,N,Y,Y,Q, ,O, ,3,M, , , ,N,Y,N,Y,Y,Y, ,Y, ,Y,Y,Y,Y, ,Y,Y,Y,Y, , , , ,Y,Y, ,Y,Y,Y, , , ,Y,Y,Y, , , , , ,Y,Y,Y, , ,C, , 
1057535.1625361,7456242.02624972,1174,30160,30020,KOLDING,DK,55.483333,9.5,55,29,N,9,30,E,194,44062,S,RB,E,N,N,Y,Y,Y,M,J,M,M,0,M, ,Y,N,N,Y, ,Y,Y,Y,Y,Y, ,Y,Y, , ,Y, ,Y,Y, ,Y, , , ,Y,Y, ,Y,Y,Y, , ,Y,Y,Y, , ,Y, , , ,Y,Y,Y, , ,C,M,M
671627.594452751,8946613.59716738,1175,23112,20620,HAREID,NO,62.366667,6.033333,62,22,N,6,2,E,182,43281,V,CB,F,N,N,N,Y,N, ,N,N, ,0, ,Y, ,N,N,Y, , , , , , , , , , , , , , , ,Y,Y, , , , , , ,Y, , , , , , , , , , , , , ,Y,Y, , , , , , 
1831205.62354935,7814819.47388924,1176,24690,23860,OSKARSHAMN,SE,57.266667,16.45,57,16,N,16,27,E,194,44015,S,CN,G,N,N,N,Y,Y,M,G,N,K,0,M,Y, ,Y,N,Y,Y,Y, ,Y, ,Y, ,Y, ,Y,Y,Y, ,Y,Y,Y,Y, , , ,Y,Y, ,Y,Y,Y, , ,Y,Y,Y,Y, , ,Y, ,Y,Y,Y, , , ,B,S,L
1330267.91497962,14878959.8892217,1177,20580,20540,NY ALESUND,XR,78.916667,11.95,78,55,N,11,57,E,182,42036,V,CN,F,N,N,Y,Y,N, ,A,L, ,0,M,Y, , , , , , , , , , , , , , , ,Y, , , ,Y,Y, , , , , , ,N, , , , , , , , , , , , , , , , , , , , , 
-15078225.0279489,8241879.73480424,1178,19589,19080,TANANI POINT,US,59.283333,-135.45,59,17,N,135,27,W,CP08,17317,V,CN,F,N,N,N, , , , , ,J,0, , , , , ,Y, ,Y, , , , , , , , , , , , , ,Y, , , , , , , , ,Y, , , , ,Y, , , , , , , , , , , , , , , 
1855.32484655456,4861099.55200955,1179,38500,38340,EL GRAO,ES,39.966667,0.016667,39,58,N,0,1,E,131,52086/0,V,CB,F,N,N,N,Y, ,K,J,L,B,1,M,Y,Y,Y,Y,Y,Y,Y, ,Y, ,Y,Y,Y, , , ,Y,Y,Y,Y,Y,Y,Y, , ,Y, , ,Y,Y,Y, ,Y,Y,Y,Y,Y, , ,Y,Y, ,Y,Y,Y, , ,C,M,S
-274588.077290075,7699046.87140219,1180,32200,31870,MONTROSE,GB,56.7,-2.466667,56,42,N,2,28,W,141,35013,V,RN,G,Y,Y,N,Y,Y,N,A,M,N,4,L,Y, ,Y,N,Y,Y,Y, ,Y,N,Y, , , ,Y,Y, ,Y,Y,Y,Y, , , , ,Y,Y, ,Y,Y,Y, , ,Y,Y,Y,Y, , , , , ,Y,Y,Y,Y,Y,C, , 
1087220.36008097,7472630.48027571,1181,30170,30020,FREDERICIA,DK,55.566667,9.766667,55,34,N,9,46,E,194,44062,S,CN,G,N,Y,N,Y,Y,G,G,N,M,1,M,N, ,Y,N,Y,Y, , , , ,Y, , ,Y, , ,Y,Y,Y,Y,Y, , , , ,Y,Y, ,Y,Y,Y, , ,Y,Y,Y,Y, , , , ,Y,Y,Y,Y, , ,C,M,L
1836771.59808901,7835434.38106662,1182,24720,23860,FIGEHOLM,SE,57.366667,16.5,57,22,N,16,30,E,194,44160,V,CN,F,N,N,N,Y,N,O,L,O, ,0,M,Y, ,N,N,Y,Y,Y,Y,Y, , , , , ,Y, ,Y, ,Y, ,Y,Y, , , , , , ,N, , , , , , , , , , , , ,Y,Y, , , , , , , 
628955.122981996,8930630.66920175,1183,23115,20620,MOLDTUSTRANDA,NO,62.3,5.65,62,18,N,5,39,E,182,43281,V,CN,G,N,N,N,Y,N, ,C,O, ,0, ,Y, ,N,N,Y, ,Y, ,Y, , , , , ,Y,Y, , , , ,Y,Y, , , , , , ,N, , , , , , , , , , , , , , , , , , , , , 
137294.038645037,5027102.84912258,1184,38540,38340,TARRAGONA,ES,41.1,1.233333,41,6,N,1,14,E,131,52121/0,L,CB,F,N,Y,N,Y, ,C,A,C,A,1,M,Y, ,Y,Y,Y,Y,Y, , , ,Y, , ,Y,Y,Y,Y, ,Y,Y,Y, , , , ,Y,Y, ,Y,Y,Y,Y,Y,Y,Y,Y,Y,Y,Y,Y,Y,Y,Y,Y,Y,Y,Y,C, ,M
-15065237.754023,8278291.43211808,1185,19590,19080,SKAGWAY,US,59.45,-135.333333,59,27,N,135,20,W,CP08,17317,V,CN,F,N,N,N, , ,A,L,J, ,14,L, , ,Y,N,Y,Y,Y, , , ,Y, , , ,Y,Y,Y,Y,Y,Y,Y,Y, , , ,Y,Y, ,Y, , , , , , , ,Y,Y,N,N,N,Y,Y,N,N,N,N,N, , 
3345150.69833787,10982471.8843247,1186,20650,20620,KIRKENES,NO,69.733333,30.05,69,44,N,30,3,E,182,43040,S,CN,G,N,N,N,Y,Y,A,A,N,K,3,M, , ,Y,N,Y,Y,Y, ,Y, ,Y, ,Y, ,Y, ,Y, ,Y, ,Y,Y, , , ,Y,Y, ,N,Y,Y, , ,Y, ,Y,N,N,N,Y,N, ,Y,Y,N,N,N,N, , 
-231915.60581932,7790839.37063422,1187,32220,31870,ABERDEEN,GB,57.15,-2.083333,57,9,N,2,5,W,141,35013,M,RB,G,Y,N,N, ,Y,N,K,K,M,4,L,Y, ,Y,N,Y,Y,Y, ,Y, ,Y,Y,Y, ,Y,Y, ,Y,Y,Y,Y, , , , ,Y,Y, ,Y,Y,Y, ,Y,Y,Y,Y,Y,Y, ,Y,Y,Y,Y,Y,Y,Y,Y,C,S, 
1063101.13707576,7502217.529622,1188,30190,30020,VEJLE,DK,55.716667,9.55,55,43,N,9,33,E,194,44061,S,CN,G,N,N,Y,Y,Y,M,H,M,M,1,M, ,Y, ,N,Y,N,Y, ,Y,N,Y, ,Y,Y, , ,Y, ,Y,Y,Y, , , , ,Y, , ,Y,Y,Y, ,Y,Y, , ,Y, , ,Y,Y,Y,Y,Y,Y,Y,Y,C, ,S
1187407.90179492,8278291.43211808,1189,23830,20620,MOSS,NO,59.45,10.666667,59,27,N,10,40,E,193,43379,S,CN,G,Y,N, ,Y,Y,J,C,L,K,2,L, , ,Y,N,Y,N,Y, , , ,Y, ,Y,Y,Y, ,Y,Y,Y,Y,Y,Y, , , , ,Y, , ,Y,Y,Y, ,Y,Y, ,Y, , , , , ,Y, , ,Y,Y,C,M,L
-15072659.0534092,8220118.20692744,1190,19600,19080,LETNIKOF COVE,US,59.183333,-135.4,59,11,N,135,24,W,CP08,17317,V,CN,G,N,N,N, , , ,J,M, ,14, , , , , , , ,Y, , , , , , , , , , , , , ,Y,Y, , , , , , , , , , , , , , , , , , , , ,Y, , , , , , , 
682759.543532078,8906722.56450371,1191,23118,20620,ORSTAV,NO,62.2,6.133333,62,12,N,6,8,E,182,43281,S,CN,F,N,N,N,Y, ,A,E,N, ,0, ,Y, ,N,N,Y, , , , , , , , , ,Y,Y, , , , ,Y,Y, ,Y, ,Y, , ,N, , , , , , , , , , , , , ,Y,Y, , , , , , 
241192.230052093,5064104.46290681,1192,38550,38340,BARCELONA,ES,41.35,2.166667,41,21,N,2,10,E,131,52122/0,L,CB,G,N,Y,N,Y, ,K,A,F, ,1,L,Y,Y,Y,Y,Y,Y,Y, , , ,Y,Y,Y,Y,Y,Y,Y,Y,Y,Y,Y, , , , ,Y,Y, ,Y,Y,Y, , ,Y,Y, ,Y,Y,Y,Y,Y, ,Y,Y,Y,Y,Y,B,M,S
3311754.85109989,11090448.849339,1193,20690,20620,VADSO,NO,70.066667,29.75,70,4,N,29,45,E,182,43041,S,CB,F,Y,N,N,Y,Y,M,N,N,M,3,M,Y, ,Y,N,Y,Y,Y, , ,Y,Y, ,Y, ,Y, ,Y,Y,Y, ,Y, , , , ,Y,Y, ,N, , , , , , , ,Y, , , , , ,Y,Y,Y,N,N,C, , 
-198519.758581338,7863008.51105117,1194,32230,31870,PETERHEAD,GB,57.5,-1.783333,57,30,N,1,47,W,141,35013,M,CB,G,Y,Y,N,Y, ,K,H,K,K,3,L,Y,Y,Y,N,Y,Y,Y, , ,N,Y, ,Y, ,Y,Y, ,Y,Y,Y,Y, , , , ,Y,Y, ,Y, ,Y, ,Y,Y,Y, ,Y, , , ,Y,Y,Y,Y,Y,Y,Y,B,S, 
1096496.98431374,7531918.41924114,1195,30230,30020,HORSENS,DK,55.866667,9.85,55,52,N,9,51,E,193,44040,V,CB,F,N,N,N,Y,Y,M,K,N,M,1,M, , , , ,Y, ,Y, ,Y,N,N, ,Y,Y, , ,Y, , ,Y,Y, , , , ,Y, , ,Y,Y, , , , , ,Y,Y, , , , , ,Y,Y, , , ,C, ,S
686470.193225187,8970654.72409963,1196,23120,20620,ALESUND,NO,62.466667,6.166667,62,28,N,6,10,E,182,43281,S,CB,F,N,N,N,Y,Y,N,C,O,L,2,L,Y,Y,Y,N,Y,Y,Y, ,Y, ,Y, ,Y, , , ,Y,Y,Y, ,Y,Y,N,N,N,Y,Y, ,Y, ,Y,Y, ,Y, ,Y,Y,Y, , , , ,Y,Y, , , ,C,S, 
337669.12207293,5128578.88041792,1197,38570,38340,SAN FELIU DE GUIXOLS,ES,41.783333,3.033333,41,47,N,3,2,E,131,52123,V,CB,F, , , ,Y, ,M,C,M, ,0,M, ,N,Y,N,Y,Y,Y, , ,N,N, , , ,Y,Y,Y,Y,Y, ,Y, , , , ,Y, , ,N,Y,Y, , , ,Y,Y, , , , , , ,Y,Y,Y, , ,C, ,M
-15078225.0279489,8055360.28827869,1198,19610,19080,EXCURSION INLET,US,58.416667,-135.45,58,25,N,135,27,W,CP08,17316,V,CN,G,N,N,N, , , ,A,L,M,13, , , , , , , ,Y, , , , , , , , , ,Y,Y,Y, ,Y,Y, , , ,N,N, , , , , , , , , ,N,Y,N,N,N,Y,Y,N,N,N,N, , , 
3309899.52625333,11278050.0950459,1199,20695,20620,BATSFJORDEN,NO,70.633333,29.733333,70,38,N,29,44,E,182,43040,S,CN,G, , , , , , ,J,N, ,0,M,Y,Y, ,N,Y,N,Y,Y, , ,Y, ,Y,Y, , ,Y,Y,Y, ,Y, , , , ,Y,Y, ,Y,Y,Y, , , , , ,Y, , , , , ,Y,Y,Y,Y,Y,C,S, 
1235646.34780534,8238248.37966257,1200,23835,20620,SARPSBORG,NO,59.266667,11.1,59,16,N,11,6,E,193,UK879,V,RN,G,N,Y,N,Y,Y,N, ,N,L,1,M, , ,Y,N,Y,Y,Y, , , ,Y, ,Y,Y, , ,Y,Y,Y,Y,Y, , , , ,Y,Y, ,N,Y,Y, , , ,Y, ,Y, , , , , ,Y, ,Y,Y,Y,C, ,S
-222638.981586547,7901087.88556283,1201,32240,31870,FRASERBURGH HARBOR,GB,57.683333,-2,57,41,N,2,0,W,141,35013,S,CB,F,Y,N,N,Y,Y,N,J,M,M,3,M,N, ,N,N,Y,Y,Y, , , , , ,Y,Y,Y,Y,Y,Y,N,N,Y, , , , ,N,Y, ,Y, ,Y, ,Y,Y,Y,Y,Y,Y, , ,Y,Y,Y,Y,Y,Y,Y,C,M,M
1137314.13093794,7588334.54793388,1202,30260,30020,ARHUS,DK,56.15,10.216667,56,9,N,10,13,E,193,44046,M,CB,G,N,N,N,Y,Y,J,J,L,L,0,L,Y,Y,Y,N,Y,Y,Y, ,Y, ,Y, ,Y,Y,Y,Y,Y, ,Y,Y,Y, , , , ,Y,Y, ,Y,Y,Y,Y, ,Y,Y,Y,Y,Y, ,Y,Y,Y,Y,Y,Y,Y,Y,C,M,L
569584.72789225,8843352.2961674,1203,23125,20620,MALOY,NO,61.933333,5.116667,61,56,N,5,7,E,182,43283,S,CN,G,N,N,N,Y,Y,A,A,J, ,1,M,Y, ,Y,N,Y, ,Y, , ,N,Y, ,Y, ,Y, ,Y,Y, , ,Y,Y, ,Y, ,Y,Y, ,N,N,N,N,N,N,N,N, ,N,N,Y,Y, ,Y,Y, , , ,C, , 
-15555043.5135134,8300224.66800492,1204,19620,19080,YAKUTAT,US,59.55,-139.733333,59,33,N,139,44,W,CP09,16761,V,CN,G,N,Y,Y,Y, , ,A,K, ,10, , , , , ,Y, ,Y, , , , , , , ,Y,Y,Y,Y,Y, ,Y,Y, , , ,N,N, , , , , , , , , ,N,Y,N,N,N,Y,Y,Y,Y,Y,Y, , , 
3463891.48851736,11189119.4728922,1205,20700,20620,VARDO,NO,70.366667,31.116667,70,22,N,31,7,E,182,43040,S,CN,E,Y,Y,N,Y,N,E,M,M, ,3,M, , , ,N,Y,Y, ,Y,N,N,Y, , ,Y, , ,Y,Y,Y, ,Y,Y, ,Y, , ,Y, ,N, ,Y,N,N,N,Y,Y, , , , , , ,Y,Y, , , ,C, , 
1218948.42418635,8223740.70120709,1206,23840,20620,FREDRIKSTAD,NO,59.2,10.95,59,12,N,10,57,E,193,43377,S,RN,G,N,Y,N,Y,Y,N,L,O,M,1,L, , ,Y,N,Y,Y,Y, ,Y, ,Y, ,Y,Y,Y,Y,Y,Y, ,Y,Y,Y, , , ,Y,Y, ,Y,Y,Y, , ,Y,Y,Y,Y, , , , , ,Y,Y,Y,Y,Y,B,M,S
1152156.72971038,7608345.41353765,1207,30285,30020,STUDSTRUP,DK,56.25,10.35,56,15,N,10,21,E,193,44046,M,CN,G, , , ,Y,Y,J,H,J,K,1,M,Y, , , ,Y,Y, , ,Y, , , ,Y,Y,Y, ,Y,Y,Y, ,Y,Y, , , ,Y,Y, ,Y, ,Y, , , , ,Y, , , , , , ,Y,Y, , , ,N, , 
-16089377.0693211,8444400.92976126,1208,19630,19080,KATALLA,US,60.2,-144.533333,60,12,N,144,32,W,CP09,16723,V,OR,F,N,N,N,Y, , ,J, , ,8, ,Y, , , , , ,Y, , , , , , , , , , , , , , ,Y, , , , , , , , , , , , , , , , , , , , , , , , , , , , 
3239397.18208426,11356835.6491619,1209,20710,20620,BERLEVAG,NO,70.866667,29.1,70,52,N,29,6,E,182,43040,V,OR,P,N,N,N,Y,N, ,L,N, ,0,M, , ,N,N,Y,Y, , , , , , , , , , , , , , , ,Y, , , ,Y, , ,N, , , , , , , , , , , , ,Y,Y, , , , ,C, , 
1267186.87019676,8205645.87023,1210,23850,20620,HALDEN,NO,59.116667,11.383333,59,7,N,11,23,E,193,43373,S,RN,G,Y,Y, ,Y,Y,M,H,N, ,1,L,Y,Y,Y,N,Y,Y,Y, ,Y, ,Y, ,Y, ,Y, ,Y,Y, ,Y,Y,Y,Y,Y, ,Y,Y, ,N,Y,Y,Y, , , ,Y, , , , , ,Y,Y,Y, , , ,C, ,S
560308.103659477,8764912.67945232,1211,23130,20620,FLORO,NO,61.6,5.033333,61,36,N,5,2,E,182,43285,V,CB,G,N,N,N,Y, , , ,M,K,2, ,N, ,Y,N,Y,Y,Y, , , ,Y, ,Y, ,Y,Y,Y,Y,Y, ,Y,Y, , , ,Y,Y, ,Y, ,Y, ,Y,Y,Y, , ,Y, , ,Y,Y,Y,Y,Y,Y,Y,B, ,S
-126162.08956571,7294232.42307169,1212,31720,31330,TEESPORT,GB,54.65,-1.133333,54,39,N,1,8,W,192,35034,L,RT,G,Y,N,N,Y,Y,G,H,M,M,3,M, ,Y,Y,N,Y,Y,Y,Y,Y, ,Y, ,Y,Y,Y,Y,Y,Y,Y,Y,Y, , , , ,Y,Y, ,Y,Y,Y,Y,Y,Y,Y,Y,Y,Y,Y,Y,Y,Y,Y,Y,Y,Y,Y,A,M,M
1243067.64719155,8165991.59150411,1213,23870,23860,STROMSTAD,SE,58.933333,11.166667,58,56,N,11,10,E,193,43373,V,CB,E,N,N,N,Y, ,L,H, ,H,1, ,Y, ,Y,N,Y,Y,Y,Y,Y, ,Y, , , ,Y,Y,Y, , ,Y,Y,Y, , , ,Y, , ,N,Y,Y, , , , ,Y,Y, , , , , ,Y,Y, ,N,N,C, ,S
1217093.09933979,7641813.32916714,1214,30290,30020,GRENAA HAVN,DK,56.416667,10.933333,56,25,N,10,56,E,193,44046,V,CB,G,N,N, , ,N,N,L,O,M,1,M,Y, ,N,N,Y,N,Y, , , , , ,Y,Y, , , ,Y,Y,Y,Y, , , , ,Y,Y, ,Y,Y,Y, ,Y,Y,Y, ,Y, , , , , ,Y,Y, , ,Y,C, ,S
-131728.064105374,7303858.57970746,1215,31740,31330,HARTLEPOOL,GB,54.7,-1.183333,54,42,N,1,11,W,192,35034,S,CT,G,N,N,N,Y,Y,F,L,M,M,3,L, , ,N,N,Y,Y,Y, ,Y,N,Y, ,Y,Y,Y, ,Y, ,Y,Y,Y, , , , ,Y,Y, ,Y,Y,Y, , ,Y,Y,Y, , , , , ,Y,Y,Y,Y, , ,C,M, 
3042732.74834948,11385197.5964031,1216,20740,20620,KJOLLEFJORDEN,NO,70.95,27.333333,70,57,N,27,20,E,182,43060,V,CN,G,Y,Y,N,Y,N, ,C,N, ,0,M, , ,N,N,Y,Y, ,Y, , , , , , , , , , , , , ,Y, , , ,Y, , ,Y, , , , , , , , , , , , ,Y,Y,Y, , , , , , 
-16226671.1079662,8523220.64532729,1217,19640,19080,CORDOVA,US,60.55,-145.766667,60,33,N,145,46,W,CP09,16710,S,CN,G,N,N,N,Y, ,N,L,L,M,10,M,Y, , ,N,Y, ,Y, , , ,Y,Y, , ,Y,Y,Y,Y,Y, ,Y,Y, , , ,Y,Y, ,N,Y, , , , ,Y, ,Y,Y,Y,Y,Y,Y,Y,Y,Y,Y,Y,C, ,S
859015.403954761,8679597.92935195,1218,23136,20620,ARDALSTANGEN,NO,61.233333,7.716667,61,14,N,7,43,E,182,UK2673,V,RN,F,N,N,N,Y,N,A,A,L, ,0,L,N, ,N,N,Y,Y,Y, , , ,Y, ,Y, ,Y, ,Y,Y, , ,Y,Y, ,Y, ,Y,Y, ,Y,Y, , , , ,Y, ,Y, , , , , ,Y, , , , , , , 
1118760.8824724,7651882.28656697,1219,30330,30020,RANDERS,DK,56.466667,10.05,56,28,N,10,3,E,193,43030,S,RN,G,N,N,N,Y,Y,M,L,N, ,2,M,Y,Y,N,N,Y,N,Y, ,Y, ,Y, ,Y,Y,Y, ,Y,Y,Y,Y,Y, , , , ,Y,Y, ,Y,Y,Y, ,Y,Y,Y,Y,Y, , , , , ,Y,Y, ,Y,Y,C, ,S
2894306.76062511,11396575.8355059,1220,20800,20620,HONNINGSVAG,NO,70.983333,26,70,59,N,26,0,E,182,43059,S,CN,F,N,N,N,Y,N, ,A,M,H,0,L, , ,N,N,Y,Y,Y, , ,N,N, ,Y, ,Y, ,Y,Y,Y, ,Y,Y, ,Y, ,Y, , ,Y,Y, , , , , ,Y, , , , , , ,Y,Y, , , ,C, , 
-16215539.1588868,8542112.81379341,1221,19650,19080,SHEPARD POINT,US,60.633333,-145.666667,60,38,N,145,40,W,CP09,16710,V,OR,G,N,N,N,Y, , , ,L, ,10, , , , , ,Y, ,Y, , , , , , , , , , , , , ,Y,Y, , , , , , , , , , , , , , , , , , , , , , , , , , , , 
1254199.59627088,8112255.58894007,1222,23890,23860,GREBBESTAD,SE,58.683333,11.266667,58,41,N,11,16,E,193,43360,V,CN,G,N,N,N,Y, ,O,M,N, ,0,M, , ,N,N,Y,Y, ,Y,Y, , , , , , , , , , , ,Y,Y, , , , , , ,N, , , , , , , , , , , , ,Y,Y, , , , ,C, ,S
560308.103659477,8583848.10707255,1223,23138,20620,MONGSTAD,NO,60.816667,5.033333,60,49,N,5,2,E,182,43302,M,OR,G,N,N,N,Y,N,A,A,M,L,7,M,N,N,Y,N,Y,Y,Y, ,Y,N,Y,Y,Y, ,Y,N,Y,Y,Y, ,Y,N,N,N,N, ,Y, ,Y, ,Y, , , , ,Y, , , ,Y,Y,Y,Y,Y,Y, , ,C,M, 
1126182.18185862,7702426.94183748,1224,30340,30020,HADSUND,DK,56.716667,10.116667,56,43,N,10,7,E,193,44040,V,CN,G,N,N,N,Y,Y,N,N,N, ,0,M, , ,N,N,Y,Y,Y, , , ,Y, ,Y,Y,Y,Y,Y,Y,Y,Y, , , , , ,Y, , ,Y, ,Y, , , , , , , , , , ,Y,Y,Y, , , ,C, ,S
638231.747214768,8508141.91856711,1225,23140,20620,VAKSDAL,NO,60.483333,5.733333,60,29,N,5,44,E,182,43300,S,RN,G,N,N,N, ,Y,A,M,Q, ,0,M,Y, ,N,N,Y, ,Y, ,Y, ,Y, , , ,Y, , , , ,Y,Y,Y, ,Y, ,Y, , ,N, , , , , , , , , , , , , ,Y, , , , , , , 
19284246.4550881,6952228.40500633,1226,20180,20095,MASSACRE BAY,US,52.833333,173.233333,52,50,N,173,14,E,CP09,16432,V,CN,F,N,N,N,Y, , ,A,K, ,3, , , , , , , ,Y, , , , , , , ,Y, ,Y,Y,Y, ,Y,Y, , , ,Y,N, , , , , , , , , ,N,N,N,N,N, , , , , , , , , 
1256054.92111744,8094429.24465879,1227,23900,23860,FJALLBACKA,SE,58.6,11.283333,58,36,N,11,17,E,193,43360,V,CN,G,N,N,Y,Y,Y,M,L,N, ,0,M, , ,N,N,Y,Y, ,Y,Y, , , , , , , , , , , , , , , , , , , ,N,Y, , , , , ,Y, , , , , , ,Y, , , , ,C, , 
-16297173.4521353,8644982.9256645,1228,19660,19080,SWANPORT,US,61.083333,-146.4,61,5,N,146,24,W,CP09,16708,V,OR,F, , , ,Y, , ,E, , ,9, , , , , ,Y, ,Y, , , , , , , , , , , , , , ,Y, , , , , , , , , , , , , , , , , , , , , , , , , , , , 
1111339.58308618,7688915.63255098,1229,30350,30020,MARIAGER,DK,56.65,9.983333,56,39,N,9,59,E,193,43030,V,CN,E,N,N,N,Y,Y,N,H,N, ,1,M, , ,N,N,Y,Y,Y, , ,N,Y, ,Y,Y, , ,Y,Y,Y, ,Y, , , , , , , ,N, , , , , , , , , , , , ,Y,Y,Y,Y, , , , ,S
-625244.473288887,7220822.40847358,1230,33690,33630,ARDGLASS,GB,54.266667,-5.616667,54,16,N,5,37,W,142,36006,V,CN,P,Y,N,N,N,N,N,J,P, ,4,M,Y,N,N,N,Y,N,Y,Y, ,N,N, ,Y,Y, , ,Y, , , , , , , , , ,Y, ,Y, , , , , , , , , , , , ,Y,Y, , ,Y,Y,D, , 
591848.626050905,8489337.02709086,1231,23160,20620,BERGEN,NO,60.4,5.316667,60,24,N,5,19,E,182,43322/1,M,CN,E,N,N,N,Y,Y,A,L,J,M,1,L,Y,Y,Y,N,Y,Y,Y, ,Y, ,Y,Y,Y, ,Y,Y,Y,Y,Y,Y,Y,Y, , , ,Y,N, ,Y,Y,Y,Y, ,Y,Y, ,Y,Y,Y,Y,Y,Y,Y,Y,Y,Y,Y,A,M,S
1261620.8956571,8069543.58369842,1232,23905,23860,BOVALLSTRAND,SE,58.483333,11.333333,58,29,N,11,20,E,193,43375,V,CN,F,N,N,Y,Y, ,L,K,O, ,0,M, , ,N,N,Y,Y, ,Y,Y, , , , , , , , , , , ,Y, , , , , , , ,N,Y, , , , , ,Y, , , , , ,Y,Y, , , , , , ,M
575150.702431913,8478077.19094523,1233,23180,20620,BRATTHOLMEN,NO,60.35,5.166667,60,21,N,5,10,E,182,43321,V,CN,G,N,N,N,Y, ,A,J,O, ,0,M, , ,N,N,Y, , , , , , , , , ,Y, , , , , ,Y,Y, , , , , , ,N, , , , , , , , , , , , ,Y,Y,Y, , , , , , 
-656784.995680314,7287821.5626283,1234,33770,33630,BELFAST,GB,54.616667,-5.9,54,37,N,5,54,W,142,36011,L,RB,E,N,N,N,Y, ,L,K,K,J,2,L,Y,Y,Y,Y,Y,Y,Y, ,Y,Y,Y,Y,Y, , , ,Y,Y,Y,Y,Y,N,N,N,N,Y,Y, ,Y,Y,Y,Y, , ,Y,Y,Y,Y, ,Y,Y,Y,Y,Y,Y,Y,Y,A,L,S
-18953998.6324014,7787419.81856257,1235,20190,20185,VILLAGE COVE,US,57.133333,-170.266667,57,8,N,170,16,W,CP09,16382,V,OR,P,N,N,N,Y, , ,G, , ,3, ,Y, , , , , , , , , , , , , , ,Y, ,Y,Y, , ,Y, , , ,Y, , , , , , , , , , , , , , , , , , , , , ,C, ,S
-14645934.3387017,7387786.51422797,1236,19110,19080,METLAKATLA,US,55.133333,-131.566667,55,8,N,131,34,W,CP08,17435,V,OR,P, , , , , , ,P,M, ,12,L,Y,Y, ,N, , ,Y, , , ,Y, , , , , , , , ,Y,Y,Y, , , ,Y, , , , , , , , , , , , , , , ,Y,Y,N,N,N,N,N, , 
1090931.00977408,7685541.53839297,1237,30360,30020,HOBRO,DK,56.633333,9.8,56,38,N,9,48,E,193,43030,V,RN,E,N,N,N,Y, ,N,H,N, ,1,M, , ,N,N,Y,N,Y, , ,N,Y, ,Y,Y, , ,Y,Y,Y,Y,Y, , , , ,Y, , ,N,Y, , , , , ,Y, , , , , , ,Y, , , , ,C, ,S
-645653.046600987,7332808.42631642,1238,33790,33630,LARNE,GB,54.85,-5.8,54,51,N,5,48,W,142,35127,S,CN,G,N,N,N,Y,Y,L,J,M,K,2,L,Y, ,Y,N,Y,Y,Y, , , ,Y, ,Y,Y,Y, ,Y, ,Y,Y,Y, , , , ,Y,Y, ,N,Y,Y, , , ,Y,Y,Y, , , , ,Y,Y,Y,Y, , ,C, ,S
1257910.24596399,8058903.59328539,1239,23910,23860,HUNNEBOSTRAND,SE,58.433333,11.3,58,26,N,11,18,E,193,43375,V,CN,G,N,N,N,Y,Y,O,L,N, ,0,M,Y, ,N,N,Y,Y, ,Y,Y, , , , , , , , , , , ,Y,Y, , , , , , ,N,Y, , , , , ,Y, , , , , ,Y,Y, , , , , , , 
-16482705.9367907,8410878.26176792,1240,19740,19080,SAN JUAN CANNERY,US,60.05,-148.066667,60,3,N,148,4,W,CP09,16702,V,CN,G,N,N,N, , , , ,K, ,9, , , , , ,Y, ,Y, , , , , , , , ,Y, ,Y, , ,Y, , , , , , , , , , , , , , , , , , , , , ,Y, , , , , , , 
-14634802.3896224,7436621.56851329,1241,19120,19080,GEORGE INLET,US,55.383333,-131.466667,55,23,N,131,28,W,CP08,17428,V,CN,F,N,N,N,Y, , , ,L,N,13, , , , , , , ,Y, , , , , , , , , , , , , ,Y, , , , , , , , , , , , , , , , , , , , , ,Y, , , , , , , 
-742129.938621824,7387786.51422797,1242,33820,33630,COLERAINE,GB,55.133333,-6.666667,55,8,N,6,40,W,142,UK2494,S,RN,E,N,N,N,Y,Y,O,J,O, ,2,M, , , , ,Y,Y,Y, , , , , ,Y, , , ,Y, ,Y,Y,Y, , , , ,Y,Y, ,Y,Y,Y, , , , ,Y, , , , , ,Y,Y,Y,Y, , ,C, , 
1272752.84473643,8023545.7415089,1243,23970,23860,LYSEKIL,SE,58.266667,11.433333,58,16,N,11,26,E,193,43384,V,CB,G,N,N,Y,Y, ,L,H,M, ,0,L,Y, ,Y,N,Y,Y,Y, , , ,Y, ,Y, ,Y,Y,Y, , ,Y,Y,Y, ,Y, ,Y,Y, ,Y,Y,Y, , ,Y, , ,Y, , , , ,Y,Y,Y, , , ,C, ,S
558452.778812922,8493094.14948819,1244,23195,20620,TRANNESET,NO,60.416667,5.016667,60,25,N,5,1,E,182,43303,S,CN,G,N,N,N,N,Y,A,A, ,O,1,L,Y,Y,Y,N,Y,Y,Y, , , ,Y,N,Y, ,Y, ,Y,Y,Y,Y,Y,Y, , , ,Y, , ,N,Y,Y, ,Y,Y,Y,Y,Y,Y,Y,Y,Y, ,Y,Y, ,Y,Y,B,M, 
-16482705.9367907,8410878.26176792,1245,19750,19080,LATOUCHE,US,60.05,-148.066667,60,3,N,148,4,W,CP09,16702,V,CN,G, , , , , , , , , ,9, , , , , ,Y, ,Y, , , , , , , , , , , , , , , , , , , , , , , , , , , , , , , , , , , , , , , , , , , 
-16280475.5285163,8652660.94211503,1246,19670,19080,VALDEZ,US,61.116667,-146.25,61,7,N,146,15,W,CP09,16707,V,CN,G,N,N,N,Y, ,A, ,H,A,12,L, , ,Y,N,Y,Y,Y, , , ,Y,Y, , ,Y,Y,Y,Y,Y, ,Y, , , , ,Y,Y, ,Y,Y,Y, ,Y, , , ,Y,N,N,N,N,Y,Y,N,N,N,N,C, , 
-814487.607637452,7361866.11305119,1247,33830,33630,LONDONDERRY,GB,55,-7.316667,55,0,N,7,19,W,142,UK2510,M,RN,E,N,N,N,Y,Y,L,E,L,L,2,L,Y,N,Y,N,Y,Y,Y, ,Y, ,Y, ,Y, ,Y, ,Y,Y,Y,Y,Y, , , , ,Y,Y, ,Y,Y,Y, , , ,Y,Y,Y, , ,Y,Y,Y,Y,Y,Y,Y,Y,C,S, 
1148446.08001727,7756712.91358114,1248,30380,30020,HALS,DK,56.983333,10.316667,56,59,N,10,19,E,193,44038,V,RN,G,N,Y,N,Y, ,J,K,P, ,1,M, , ,N,N,Y,Y,Y, , ,N,Y, , , , , , ,Y, , , , , , , , , , ,N, , , , , , , , , , , , ,Y,Y,Y, , , ,C,S,S
1326557.26528651,8041203.81026562,1249,23990,23860,UDDEVALLA,SE,58.35,11.916667,58,21,N,11,55,E,193,43384,M,RB,G,N,N,N,Y,Y,N,A,N,K,1,M,Y, ,Y,N,Y,Y, , , , ,Y,Y,Y, , , ,Y, ,Y,Y,Y,Y,Y, , ,Y,Y, ,Y,Y,Y, , ,Y,Y,Y,Y, , , , , ,Y,Y,Y,Y,Y,C, , 
630810.44782855,8436938.23199985,1250,23220,20620,STRANDVIK,NO,60.166667,5.666667,60,10,N,5,40,E,182,43320,V,CN,G,N,Y,N,Y,N, ,H,L, ,0,M, , ,N,N,Y, , , , , , , , , ,Y, , , , , , ,Y, ,Y, , , , ,N, , , , , , , , , , , , , , , , , , , , , 
2083529.80268077,9170064.49409006,1251,26730,24975,ORNSKOLDSVIK,SE,63.283333,18.716667,63,17,N,18,43,E,195,44224,S,CB,G,N,N, ,Y,Y,H,C,O,M,0,M,Y,Y,Y,N,Y,Y,Y, ,Y, ,Y, ,Y, , , ,Y, ,Y, ,Y,Y, , , ,Y, , ,Y,Y,Y, , , , ,Y,Y, , , , , ,Y,Y,Y, , ,B, ,S
-645653.046600987,7790839.37063422,1252,33060,32790,ORNSAY,GB,57.15,-5.8,57,9,N,5,48,W,141,35089,V,CN,F,N,N,N,Y, ,H,G,P, ,0,M, , ,N,N,N, , , , , , , , , , ,Y, , , , , , , , , , , , , , ,N, , , , , , , , , , ,Y,Y, , , , ,D, , 
-13749812.4378158,6198847.90454094,1253,18665,18080,BAMBERTON,CA,48.55,-123.516667,48,33,N,123,31,W,154,18415,V,CN,F,N,N,N,N,N,A,A,L,L,12,L, , ,Y,N,Y,Y,Y, , , , , , , , , , , , , , , , , , , , , ,N, , , , , , , , , , , , , , , , , , , , , 
-16634842.5742082,8422035.51916729,1254,19760,19080,SEWARD,US,60.1,-149.433333,60,6,N,149,26,W,CP09,16682,S,CN,P,N,N,N,Y, ,A,A,K, ,10, , , , , ,Y, ,Y, , , , ,Y, , ,Y,Y, ,Y,Y,Y,Y,Y, , , ,Y,Y, ,N, ,Y, , , ,Y, ,Y,Y,N,Y,Y,Y,Y,Y,Y,Y,Y,C, ,S
1105773.60854652,7770345.1127669,1255,30400,30020,ALBORG,DK,57.05,9.933333,57,3,N,9,56,E,193,44038,S,RN,G,Y,N,N,Y,Y,K,M,K, ,1,L, , ,Y,N,Y,Y,Y, ,Y, ,Y, ,Y, ,Y,Y,Y,Y,Y,Y,Y, , , , ,Y,Y, ,Y,Y, ,Y, ,Y,Y,Y,Y,Y, ,Y,Y,Y,Y,Y,Y,Y,Y,A,S,S
1174420.62786904,7849208.88788576,1256,30430,30020,FREDERIKSHAVN,DK,57.433333,10.55,57,26,N,10,33,E,193,44040,S,CB,G,N,N,N,Y, ,L,J,M,L,1,M,Y, ,Y, ,Y, ,Y,Y,Y, ,Y, ,Y,Y,Y, ,Y,Y, ,Y,Y, , , , ,Y,Y, ,Y, ,Y, ,Y,Y,Y,Y,Y,Y, ,Y,Y,Y,Y,Y, ,Y, ,A,M,M
-16900154.0272655,8256422.95889111,1257,19770,19080,PORT GRAHAM,US,59.35,-151.816667,59,21,N,151,49,W,CP09,16646,V,CN,G,N,Y,N,Y, , , ,O, ,14, , , , , ,Y, ,Y, , , , , , , , , , ,Y,Y, ,Y, , , , ,N,N, , , , , , , , , ,N,N,N,N,N,Y,Y,N,Y,N,N, , ,S
1289450.76835542,7942849.33911913,1258,24010,23860,MARSTRAND,SE,57.883333,11.583333,57,53,N,11,35,E,193,44041,V,CN,G,N,Y,N,Y,Y,O,K,Q, ,1,M, , ,N,N,Y,Y,Y, ,Y, ,Y, , , , , ,Y, , , ,Y,Y, , , , , , ,N,Y, , , , , ,Y, , , , , ,Y,Y,Y, , , ,B, ,M
-13734969.8390434,6179251.23314155,1259,18670,18080,VICTORIA HARBOR,CA,48.433333,-123.383333,48,26,N,123,23,W,154,18419,M,CB,G,N,N,N,N,Y,E,A,H,N,2,L, ,Y,Y,N,Y,Y,Y, ,Y, ,Y,Y,Y, ,Y,Y,Y,Y,Y,Y,Y, , , , ,Y, , ,N, , , , , , , ,Y, , ,Y,Y,Y,Y,Y,Y,Y,Y,B,L,M
684614.868378633,8481828.55010311,1260,23230,20620,NORHEIMSUND,NO,60.366667,6.15,60,22,N,6,9,E,182,UK3027,V,RB,F,N,N,N,N,N, ,J,J, ,0,M, , ,N,N,Y, , , , , , , , , ,Y, , , , ,Y,Y,Y, ,Y, ,Y, , ,N, , , , , , , , , , , , , , , , , , , , , 
-330247.822686712,7901087.88556283,1261,32290,31870,BUCKIE HARBOR,GB,57.683333,-2.966667,57,41,N,2,58,W,141,35052,V,CB,G,Y,N,N,Y, ,P,L,N, ,2,M,Y,N,N,N,Y,N,Y,Y,Y, , , , , ,Y, ,Y,Y, , ,Y, , , , ,Y,Y, ,Y,Y, , , , , ,Y, ,Y, ,Y,Y,Y,Y,Y,Y,Y,Y,B, , 
2131768.24869119,9182455.65992838,1262,26790,24975,HUSUM,SE,63.333333,19.15,63,20,N,19,9,E,195,44240,V,CN,G,N,N,Y,Y, ,K,M,M,K,0,M,Y, ,N,N,Y,Y,Y, ,Y, ,Y, , , ,Y, , , ,Y,Y,Y,Y, , , , , , ,N,Y,Y, , ,Y, ,Y,Y, , , , , ,Y,Y,Y, , , , , 
-16890877.4030327,8274642.20131388,1263,19780,19080,SELDOVIA,US,59.433333,-151.733333,59,26,N,151,44,W,CP09,16646,V,CN,E,N,N,N,Y, ,M,F,M, ,15, , , , , ,Y, ,Y, , , , , , , , ,Y, ,Y,Y, ,Y,Y, , , ,Y,N, , , , , , , , , ,Y,Y,N,N,N,Y,Y,Y,Y,Y,Y, , , 
1332123.23982617,7904559.18713278,1264,24020,23860,GOTEBORG,SE,57.7,11.966667,57,42,N,11,58,E,193,44042,L,RT,G,N,N, ,Y,Y,L,A,N,L,0,L,Y, ,Y,N,Y,Y,Y,Y,Y, ,Y,Y,Y,Y,Y,Y,Y, ,Y,Y,Y,Y, , , ,Y,Y, ,Y,Y,Y,Y,Y,Y,Y,Y,Y,Y, ,Y,Y,Y,Y,Y,Y,Y,Y,A,M,L
-13740535.8135831,6179251.23314155,1265,18680,18080,ESQUIMALT HARBOR,CA,48.433333,-123.433333,48,26,N,123,26,W,154,18418,S,CN,G,N,N,N,Y,Y,J,J,H, ,2,L,Y, ,Y,N,Y,Y,Y, ,Y, ,Y,Y,Y, ,Y,Y,Y,Y,Y,Y,Y,Y, , , ,Y, , ,N,Y,Y,Y,Y, , ,Y,Y,Y,Y,Y,Y,Y,Y,Y,Y,Y,Y,A,L,L
1179986.6024087,7908032.08635386,1266,30440,30020,SKAGEN HAVN,DK,57.716667,10.6,57,43,N,10,36,E,193,44036,S,CB,G,N,N,N,Y,Y,L,G,N,N,1,M, , ,N,N,Y, ,Y, , , ,Y, ,Y,Y, , ,Y, ,Y,Y,Y, , , , ,Y, , ,Y, ,Y, , , , ,Y, , , , , ,Y,Y,Y, , ,Y,C, ,S
729142.664695942,8418314.55352199,1267,23240,20620,ODDA,NO,60.083333,6.55,60,5,N,6,33,E,182,UK3027,V,RB,F,N,N,N,N, ,G,A,M, ,1,M,Y, ,Y,N,Y,Y,Y, , ,N,N, ,Y, ,Y,Y, , , , ,Y,Y, , , , , , ,N,Y,Y, , , ,Y,Y, , , , , , ,Y,Y, , , ,C, , 
-365498.994771248,7908032.08635386,1268,32300,31870,LOSSIEMOUTH,GB,57.716667,-3.283333,57,43,N,3,17,W,141,35052,V,CB,G,Y,N,N,Y, ,O,H,Q, ,4,M,Y, ,N,N,Y,Y,Y, , ,N,N, ,Y,Y,Y, , ,Y, , ,Y, , , , ,Y, , ,Y, ,Y, , , , ,Y, , , , , , ,Y,Y,Y, , ,C, , 
1391493.63491592,4581780.52151212,1269,40150,40090,TRAPANI,IT,38.016667,12.5,38,1,N,12,30,E,131,54131,V,CB,F, , , , , ,L,J,K,O,1,M,Y, , , ,Y,Y, ,Y,Y, ,Y,Y,Y, , , ,Y,Y,Y,Y,Y,Y, , , ,Y,Y, ,N, ,Y, ,Y,Y,Y,Y, ,N, , , , ,Y,Y,Y,N,N,C,S,M
2165164.09592917,9232236.66991058,1270,26800,24975,RUNDVIK,SE,63.533333,19.45,63,32,N,19,27,E,195,44240,V,CN,G,N,N,Y,Y, ,L,O,M, ,0,M,Y, ,N,N,Y,Y,Y, ,Y, , , , , ,Y,Y, , ,Y,Y,Y,Y, , , , , , ,N, , , , , , , , , , , , ,Y,Y,Y,Y, , , , , 
-13851855.3043763,6198847.90454094,1271,18705,18080,PORT SAN JUAN,CA,48.55,-124.433333,48,33,N,124,26,W,154,18460,V,CN,G,N,N,N,Y,N,K,F,O, ,5,M, , ,Y,N,Y, ,Y,Y, , , , , , , , , , , , ,Y,Y, , , , , , ,N, , , , , , , , , , , , , , , , , , , , , 
1363663.7622176,7784001.8056912,1272,24030,23860,VARBERG,SE,57.116667,12.25,57,7,N,12,15,E,193,44044,M,CB,G,N,N,N,Y, ,J,G,N,M,0,M,Y,Y,Y,N,Y,Y,Y, ,Y, ,Y, ,Y, , , ,Y, ,Y,Y,Y, , , , ,Y,Y, ,Y,Y,Y, , , ,Y,Y,Y, , , , ,Y,Y,Y, , , ,C, ,M
-16855626.2309482,8311215.71300244,1273,19781,19080,HOMER,US,59.6,-151.416667,59,36,N,151,25,W,CP09,16645,V,CN,F,N,N,N,Y, , ,E,M, ,28,L,Y, , , ,Y, ,Y, , , ,Y,Y, , , ,Y, ,Y,Y, ,Y,Y, , , ,Y,Y, ,N, ,Y, , ,Y, , ,Y,Y,N,Y,Y,Y,Y,Y,Y,Y,Y,N, , 
1109484.25823963,7883755.28087899,1274,30450,30020,HIRTSHALS,DK,57.6,9.966667,57,36,N,9,58,E,193,44040,V,CB,F,N,N,N,Y,Y,L, ,M,M,1,M, , ,N,N,Y,N,Y,Y,Y, ,Y, ,Y,Y,Y,Y,Y,Y, ,Y,Y, , , , , ,Y, ,Y,Y,Y, , , ,Y, ,Y, , , , ,Y,Y,Y, ,Y,Y,B,M,S
569584.72789225,8351656.62016492,1275,23300,20620,MELING,NO,59.783333,5.116667,59,47,N,5,7,E,182,43323,V,CN,G,N,Y,N,Y,N, ,H,P, ,0,M, , ,N,N,Y, ,Y, , , , , , , ,Y, , , , , ,Y,Y, ,Y, , , , ,N,Y, , , , ,Y, , , , , , , ,Y,Y, , , , , , 
-389618.217776457,7904559.18713278,1276,32320,31870,BURGHEAD,GB,57.7,-3.5,57,42,N,3,30,W,141,35052,V,CN,G, ,Y, ,Y, ,O,J,O, ,3,M, , ,N,N,Y,Y,Y,Y, ,N,N, ,Y,Y, , ,Y, ,Y,Y, , , , , ,Y,Y, ,Y, ,Y, , ,Y,Y,Y, ,Y, , ,Y,Y,Y,Y, , ,Y,C, ,S
1384072.3355297,4548863.13278796,1277,40170,40090,MARSALA,IT,37.783333,12.433333,37,47,N,12,26,E,131,52180,S,CB,F, , , , ,Y,N,J,N, ,0,M, , , , ,Y,Y,Y,Y, , ,Y,Y, , , , ,Y,Y,Y,Y,Y,Y,Y, , ,Y,Y, ,N, ,Y, , , , , ,Y, , , , ,Y,Y,Y,Y, , ,C, ,S
2168874.74562228,9240567.40931403,1278,26810,24975,NORDMALING,SE,63.566667,19.483333,63,34,N,19,29,E,195,44240,V,CN,G,N,N,Y,Y, ,O,O,N,N,0,M, , ,N,N,Y,Y,Y,Y, , , , , , ,Y, ,Y, , , ,Y,Y, ,Y, , , , ,N, , , , , , , , , , , , ,Y,Y,Y, , , ,C, , 
957347.620822153,7787419.81856257,1279,30455,30020,HANSTHOLM,DK,57.133333,8.6,57,8,N,8,36,E,193,37200,V,CB,F, , , ,Y,Y,M, ,M,M,1,M, , , , ,Y,Y, ,Y, , ,Y, ,Y,Y, , ,Y, , ,Y, , , , , , , , ,Y, ,Y, , , , , ,Y, , , , ,Y,Y,Y, , , ,C,S,S
1515800.39963508,9941000.78031457,1280,22790,20620,HEMNESBERGET,NO,66.233333,13.616667,66,14,N,13,37,E,182,43184,V,CN,G,N,N,N, ,N, , ,G, ,0,M, , ,N,N,Y, , , , , , , , , ,Y, , , , , ,Y,Y, , , ,Y, , , , , , , , , , , , , , , , ,Y, ,Y, , , , , 
1391493.63491592,7739706.94735251,1281,24040,23860,FALKENBERG,SE,56.9,12.5,56,54,N,12,30,E,193,44044,M,CB,G,N,Y,Y,Y,Y,M,N,M,M,1,M, ,Y, , ,Y,Y,Y, ,Y, ,Y, ,Y, , ,Y,Y, ,Y,Y,Y,Y, , , ,Y,Y, ,Y,Y,Y, , , ,Y,Y, , , , ,Y,Y,Y,Y,Y,Y,Y,B,M,L
-16855626.2309482,8311215.71300244,1282,19785,19080,COAL POINT,US,59.6,-151.416667,59,36,N,151,25,W,CP09,16645,V,CN,F,N,N,N,Y, , ,E,M, ,17, ,Y, , , ,Y, ,Y, , , , ,Y, , , ,Y, ,Y,Y, ,Y,Y, , , ,Y, , , , , , , , , , , , , , , ,Y,Y,Y, , , , , , 
-13894527.7758471,6314546.31929907,1283,18730,18080,PORT ALBERNI,CA,49.233333,-124.816667,49,14,N,124,49,W,154,17549,S,RN,G,N,N,N,Y,N,A,C,H,K,4,L,Y,Y,Y,N,Y,Y,Y, ,Y, ,Y,Y, , ,Y,Y,Y,Y,Y,Y,Y,Y, , , ,Y,Y, ,N,Y,Y, ,Y,Y,Y,Y,Y,Y,N,Y,Y,Y,Y,Y,Y,Y,Y,B, ,S
-471252.511024858,7859556.24457022,1284,32330,31870,INVERNESS,GB,57.483333,-4.233333,57,29,N,4,14,W,141, ,S,RN,G,Y,N,N,Y,Y,P,K,N,P,5,M,Y,Y,Y,N,Y,Y,Y, ,Y, ,N, , ,Y,Y,Y, ,Y,Y,Y,Y, , , , ,Y,Y, ,Y, ,Y, , ,Y,Y,Y,Y,Y, , ,Y,Y,Y,Y, , , ,C, , 
1400770.25914869,4530099.85811138,1285,40180,40090,MAZARA DEL VALLO,IT,37.65,12.583333,37,39,N,12,35,E,131,52180,V,CT,F, , , ,Y,Y,O,K,N, ,0,M, , , , ,Y,Y,Y,Y, , ,Y,Y, , , , ,Y,Y,Y,Y,Y,Y, , , ,Y,Y, ,Y, , , , , , , , ,Y, ,Y, ,Y,Y,Y,Y, , ,C, ,S
12426965.8222224,241249.735143712,1286,51570,51548,BINTANGOR,MY,2.166667,111.633333,2,10,N,111,38,E,163,71350,V,RN,F, , , , , ,N,O,O, ,3, , , ,Y, ,Y, ,Y, ,Y,N,N, , ,Y, , ,Y,Y, , , , , , , ,Y,Y, , , , , , , , , ,Y, , , , , ,Y,Y, , , ,C, , 
1320991.29074685,7316711.92855292,1287,29630,29570,NYKOBING (FALSTER),DK,54.766667,11.866667,54,46,N,11,52,E,194,44064,S,RN,G,Y,N,N,Y,Y,O,L,N, ,1,M, , ,Y,N,Y,Y,Y,Y,Y,N,Y, ,Y,Y, , ,Y,Y, ,Y,Y, , , , ,Y,Y, ,Y, , , , , ,Y, , , , , , , ,Y,Y,Y, , ,C, ,M
2634561.28210747,11289249.0877459,1288,20920,20620,HAMMERFEST,NO,70.666667,23.666667,70,40,N,23,40,E,182,43079,M,CN,G,N,Y,N,Y,N,A,L,O,K,3,M,Y, ,N,N,Y,Y,Y,N,N, ,Y, ,Y, , , ,Y,Y,Y, ,Y,Y, , , ,Y,Y, ,Y,Y,Y, ,Y,Y,Y,Y,Y, , , , ,Y,Y,Y, , , ,C, , 
-448988.612866203,7901087.88556283,1289,32340,31870,CROMARTY,GB,57.683333,-4.033333,57,41,N,4,2,W,141,35053,S,CB,G,Y,N,N,Y,Y,G,L,L,E,4,M,N, ,Y,N,Y,Y,Y, ,Y,Y,Y, ,Y,Y,Y, ,Y, ,Y, , , , , , ,Y,Y, ,Y, ,Y, ,Y,Y,Y,Y,Y, , , , ,Y,Y,Y, , , ,C,L, 
1506523.7754023,4478673.72841848,1290,40200,40090,PORTO EMPEDOCLE,IT,37.283333,13.533333,37,17,N,13,32,E,131,53226,V,CB,P, , , , ,N,J,K,N, ,0,L,Y, , , ,Y,Y,Y, ,Y, ,Y,Y,Y, ,Y, ,Y,Y, ,Y,Y,Y, , , ,Y,Y, , , ,Y, , , ,Y, ,Y,N, , , , ,Y,Y,Y, , ,C, , 
13163529.7863046,521927.803851987,1291,51736,51647,MOSTYN,MY,4.683333,118.25,4,41,N,118,15,E,163,72143,V,OR,F, , , , , ,A, ,L, ,1, , , ,Y, ,Y,N,Y, ,Y,N,N,Y, ,Y, ,Y,Y,Y,Y, ,Y,Y,Y, , ,Y,N, , , , , , , , , ,Y, , , , ,N,N,N, , , ,N, , 
-463831.21163864,7901087.88556283,1292,32350,31870,INVERGORDON,GB,57.683333,-4.166667,57,41,N,4,10,W,141,35055,S,OR,F,Y,N,N,Y, ,G,C,J,G,4,L,N, ,Y,N,Y,Y,Y, ,Y,Y,Y, ,Y,Y,Y,Y, ,Y,Y,Y,Y, , , , ,Y,Y, ,Y, ,Y, ,Y,Y,Y,Y,Y, , , , ,Y,Y,Y,Y, , ,C, , 
1551051.57171961,4453054.67886608,1293,40210,40090,LICATA,IT,37.1,13.933333,37,6,N,13,56,E,131,53226,V,CB,P, , , , , ,L,C,N, ,0,M,Y, , , ,Y,Y, , , , ,Y,Y, , ,Y,Y,Y,Y, ,Y,Y,Y, , , ,Y,Y, ,N,Y,Y, , , ,Y,Y,Y, , , , , ,Y,Y,Y, , ,C, ,S
2447173.47260546,11278050.0950459,1294,20930,20620,SORVAER,NO,70.633333,21.983333,70,38,N,21,59,E,182,43100,V,CN,P,N,N,N,Y,N,J,N,O, ,0,M, , ,N,N,Y, , , , , , , , , ,Y, , , , ,Y,Y,Y, ,Y, , , , ,N,Y, , , , , ,Y, , , , , ,Y,Y, ,Y, , , , , 
11105974.5314756,717664.965295436,1295,57429,57400,PORT LANGKAWI,MY,6.433333,99.766667,6,26,N,99,46,E,174,71315,V,OR,F, , , , , , ,K,L,L,3,M, , ,Y, ,Y,Y,Y, , ,N,N,Y, ,Y, , ,Y,Y, , , , , , , ,Y,N, ,N, , , , , , , ,Y, , , , , ,Y, , , , , , , 
-426724.714707549,7932387.26377201,1296,32360,31870,PORTMAHOMACK HARBOR,GB,57.833333,-3.833333,57,50,N,3,50,W,141,35101,S,CB,G,Y,N,N,Y, ,P,N,P, ,8, , , ,Y,N,Y,Y,Y, , , , , , , , , , , , , , , , , , , , , ,N, , , , , , , , , , , , ,Y, , , , , ,D, , 
1432310.78154012,7692291.21836787,1297,24050,23860,HALMSTAD,SE,56.666667,12.866667,56,40,N,12,52,E,193,44045,S,CB,G,N,N, ,Y,Y,J,L,M,L,3,M,Y,Y,Y,N,Y, ,Y, ,Y, ,Y, ,Y, ,Y, ,Y,Y, ,Y,Y, , , , ,Y, , ,Y,Y,Y, ,Y, ,Y,Y,Y, , , , , ,Y,Y, , , ,B,S,L
-16885311.428493,8410878.26176792,1298,19788,19080,NINILCHIK,US,60.05,-151.683333,60,3,N,151,41,W,CP09,16661,V,CN,G,N,N,N,Y, ,P,P, , ,17, , , , , , , , , , , , , , , , ,Y, ,Y, , , , , , , , , , , , , , , , , , , , , , , , , , , , , , , , 
-13976162.0690955,6266381.69467112,1299,18760,18080,UCLUELET,CA,48.95,-125.55,48,57,N,125,33,W,154,17548,V,CN,F,N,N,N,Y,N,P,M,M,N,3,M,Y, ,Y,N,Y,Y,Y, ,Y, , , , , ,Y, ,Y,Y, , ,Y,Y, , , ,Y,N, ,N, , , , , , , ,N,N,N,N,N,Y,Y,Y,Y,Y,Y,C, ,S
11517856.6474107,473542.285488954,1300,57411,57400,KEMAMAN HARBOR,MY,4.25,103.466667,4,15,N,103,28,E,161,93115,V,CN,G, , , , , ,G,C,J,H,3,L,Y,Y, , ,Y,Y,Y, , , ,Y,Y, ,Y, , ,Y,Y,Y, ,Y, ,Y, , ,Y,Y, ,Y,Y,Y, , ,Y,Y,Y,Y, , , , ,Y,Y, ,Y, , ,C, , 
-14016979.2157197,6300351.688077,1301,18780,18080,CLAYOQUOT,CA,49.15,-125.916667,49,9,N,125,55,W,154,18475,V,CN,F,N,N,N,Y,N,N,M,O, ,7,M, , ,N,N,N, , , , , , , , , ,Y, , , , , ,Y,Y, , , , , , ,N, , , , , , , , , , , , ,Y,Y, , , , , , , 
-16838928.3073292,8523220.64532729,1302,19790,19080,KENAI,US,60.55,-151.266667,60,33,N,151,16,W,CP09,16662,V,CN,F,N,N,Y,Y, , ,M, , ,18, , , , , ,Y, ,Y, , , ,Y, , , , ,Y, ,Y,Y, , ,Y, , , , , , ,Y,Y,Y,Y, , ,Y,Y, , , , , , ,Y,Y,Y, , ,C, , 
1586302.74380415,4448403.33914405,1303,40220,40090,GELA,IT,37.066667,14.25,37,4,N,14,15,E,131,53220,V,CB,P,N,N,N,Y, ,H,K,K,G,0,M,Y, ,Y,N,Y,Y,Y, ,Y,Y,Y,Y,Y, , , ,Y, , ,Y,Y,Y,Y, , ,Y, , ,Y, ,Y, , , , ,Y,Y, , , , , ,Y,Y,Y, , ,C, ,S
-406316.141395449,7991865.59403439,1304,32370,31870,HELMSDALE HARBOR,GB,58.116667,-3.65,58,7,N,3,39,W,141,35120,S,CB,F,Y,N,N,Y,Y,P,P,P, ,8,M, , ,Y,N,N, , , , , , , , , , , , , , ,Y, , , , , , , , ,N, , , , , , , , , , , , ,Y,Y, , , , ,D, , 
2265351.63764312,9273988.17376671,1305,26890,24975,UMEA HAMN,SE,63.7,20.35,63,42,N,20,21,E,195,44282,S,CB,G,N,N, ,Y,Y,H,G,N,K,0,M,Y,Y,Y,N,Y,Y,Y, ,Y, ,Y,Y,Y, ,Y,Y,Y,Y,Y,Y,Y,Y, , , ,Y,Y, ,N,Y, , , , ,Y,Y,Y, , , , ,Y,Y,Y,Y,Y,Y,B, ,S
-343235.096612594,8058903.59328539,1306,32380,31870,WICK,GB,58.433333,-3.083333,58,26,N,3,5,W,141,35055,S,CB,F,Y,Y,N,Y,Y,F,K,P,P,3,M,Y, ,Y,Y,Y,Y,Y, , , , , ,Y,Y,Y,Y, ,Y,Y,Y,Y, , , , ,Y,Y, ,N, , , , , , , ,Y, , , ,Y, ,Y,Y, ,Y,Y,C, , 
1653094.43828011,4399687.01535857,1307,40230,40090,POZZALLO,IT,36.716667,14.85,36,43,N,14,51,E,131,53220,V,OR,F, , , ,Y, , ,K,K, ,0,L,Y, , ,N,Y,Y, , , , ,Y,Y,Y,Y, , ,Y,Y,Y,Y,Y,Y, , , , ,Y, ,Y, ,Y, ,Y,Y,Y, ,Y, , , , , ,Y,Y, , , ,C, ,S
-332103.147533266,8245512.86824601,1308,32410,32390,PIEROWALL,GB,59.3,-2.983333,59,18,N,2,59,W,141,35057,S,CN,G,Y,N,N,Y, ,O,M,P, ,7, ,Y, , , , , , , , , , , , , , ,Y, , ,Y, ,Y, , , , , , , ,N, , , , , , , , , , , , ,Y, , , , , ,D, , 
-289430.676062511,8230990.99609495,1309,32420,32390,KETTLETOFT,GB,59.233333,-2.6,59,14,N,2,36,W,141,35136,V,CN,P,Y,N,N,Y, ,Q,P,P, ,7, , , , , , , , , , , , , , , , , , , , , ,Y, , , , , , , ,N, , , , , , , , , , , , , , , , , , ,D, , 
12395425.299831,239393.093130418,1310,51584,51548,TG. MANI,MY,2.15,111.35,2,9,N,111,21,E,163,71350,V,RN,F, , , ,Y, ,L,L,K, ,3,M,Y, , , ,Y, ,Y, ,Y, ,Y, , ,Y, , ,Y, ,N, ,Y,Y, , , ,Y,Y, ,N, , , , , , , , , , , , , ,Y,Y, , , ,C,S, 
-289430.676062511,8209261.31238917,1311,32430,32390,WHITEHALL,GB,59.133333,-2.6,59,8,N,2,36,W,141,35136,V,CN,P,Y,N,N,Y, ,O,P,P, ,7, , , , , , , , , , , , , , , , , , , ,Y, ,Y, , , , , , , ,N, , , , , , , , ,Y, , , , , , , , , ,D, , 
1701332.88429053,4446078.43585835,1312,40240,40090,SIRACUSA,IT,37.05,15.283333,37,3,N,15,17,E,131,53202,L,CB,G, , , ,Y, ,A,L,N, ,1,L,N, , , ,Y,Y, , , , ,Y,Y,Y, ,Y, ,Y,Y,Y,Y,Y,Y,Y, , ,Y,Y, ,Y,Y, , , , , ,Y,Y,N, , , ,Y,Y,Y,Y, , ,C,S,L
2348841.25573807,9409265.50823355,1313,26990,24975,GUMBODAHAMN,SE,64.233333,21.1,64,14,N,21,6,E,195,44260,V,RB,G,N,N,Y,Y, ,N,N,N, ,0, , , ,N,N,Y,Y, ,Y,Y, , , , , , , , , , , ,Y,Y, , , , , , ,N, , , , , , , , , , , , ,Y, , , , , , , , 
-330247.822686712,8176785.45138372,1314,32440,32390,KIRKWALL,GB,58.983333,-2.966667,58,59,N,2,58,W,141,35057,V,CB,G,Y,N,N,Y, ,N,H,N, ,2,M,Y, , , ,Y,Y,Y, , , ,Y, ,Y,Y,Y,Y, ,Y,N, ,Y, , , , ,Y,Y, ,Y, ,Y, , , , ,Y,Y, , , , ,Y,Y,Y,Y, , ,C, , 
1695766.90975087,4469350.51030425,1315,40250,40090,AUGUSTA,IT,37.216667,15.233333,37,13,N,15,14,E,131,53201,S,CB,F,N,N,N,Y, ,A,B, ,F,0,M,Y,Y,Y,N,Y,Y,Y, ,Y, ,Y,Y,Y,Y, , ,Y,Y,Y,Y,Y,Y,Y,N,N,Y,Y, ,Y, , ,Y, , , ,Y, ,Y, ,Y,Y,Y,Y,Y,Y,Y,Y,C,M,S
11527133.2716435,150295.219661496,1316,51587,49820,TANJUNG PELEPAS,MY,1.35,103.55,1,21,N,103,33,E,174,71265,M,RB,G, , , , , ,G,F,G,G,2,L,Y,Y,Y,N,Y,Y, , , , ,Y,Y, ,Y, , , ,Y,Y,Y,Y,Y, , , ,Y,Y, ,Y,Y,Y, , ,Y,Y,Y,Y, , , , ,Y,Y,Y, , , ,C, ,S
-367354.319617803,8173185.75878655,1317,32450,32390,STROMNESS,GB,58.966667,-3.3,58,58,N,3,18,W,141,35057,V,OR,G,Y,N,N,Y,N,N,M,M, ,3,M,Y, ,Y, ,Y,Y,Y, , , ,Y, ,Y,Y,Y, ,Y, ,Y, ,Y, , , , ,Y,Y, ,Y, ,Y, , , , ,Y,Y, , , , , ,Y,Y, , , ,C, , 
1680924.31097843,4509031.39307665,1318,40270,40090,CATANIA,IT,37.5,15.1,37,30,N,15,6,E,131,53184,S,CB,F,N,Y,N,Y, ,J,A,K,L,0,M,Y, , ,N,Y,Y,Y,Y,Y, ,Y,Y,Y, ,Y, ,Y, ,Y,Y,Y,Y, , , ,Y,Y, ,Y,Y,Y, , ,Y,Y, ,Y,N, , , , ,Y,Y,Y, , ,C,S,M
11391694.557845,899084.770986284,1319,57433,57431,BONGKOT TERMINAL,TH,8.05,102.333333,8,3,N,102,20,E,161,93180,V,OR,P, , , ,Y, ,A,A, ,A,0,L,Y, , , ,Y,Y,Y, , , ,Y, , , , , ,Y,Y, , , ,Y,Y, , ,N,N, ,N, , , , , , , , , , , , ,N,N,N,N, , ,N, , 
-356222.370538475,8137284.20438162,1320,32460,32390,SOUTH NESS,GB,58.8,-3.2,58,48,N,3,12,W,141,35141,V,CN,F, ,N,N,Y, ,O,M,O, ,7, , , , , , , , , , , , , , , ,Y,Y, , , , ,Y, , , , , , , , , , , , , , , , , , , , ,Y,Y, , , , ,D, , 
1666081.71220599,4647931.41644073,1321,40300,40290,LIPARI,IT,38.483333,14.966667,38,29,N,14,58,E,131,53181,V,CN,F, , , ,Y, ,A,A,N, ,0, , , , , ,Y,Y,Y, ,N, , ,Y,Y, , , ,Y,Y,Y, ,Y,Y,Y, , ,Y,N, , , , , , , , , , ,N, , , ,Y,N,N,N, , , , , 
11918606.8142665,1158474.41422147,1322,57570,57510,VUNG TAU,VN,10.35,107.066667,10,21,N,107,4,E,161,93404,S,RN,F,N,N,N,N,Y,L,H,L,G,1,L,Y,Y,Y, ,N,Y,Y, , , ,Y,Y,Y,Y,Y,Y,Y,Y, , ,Y,Y, , , ,Y,Y, ,N,Y,Y,Y,Y,Y,Y,Y,Y,Y,N,N, ,Y,Y,Y,Y,Y,Y,C,S, 
-328392.497840157,8144450.69040061,1323,32470,32390,ST MARGARETS HOPE,GB,58.833333,-2.95,58,50,N,2,57,W,141,35141,V,CN,G,Y,Y,N,Y, ,P,N,P, ,7, , , ,N,N,Y, , , , , , , , , ,Y,Y, , ,Y, , , , , , , , , ,N, , , , , , , , , , , , ,Y, , , , , ,C, , 
1615987.94134902,4286870.23604428,1324,40330,40320,VALLETTA HARBORS,MT,35.9,14.516667,35,54,N,14,31,E,131,53206,M,CN,E,N,N,N,Y, ,F,A,H, ,1,M,Y,Y,Y,Y,Y,Y,Y, ,Y,Y,Y,Y,Y, , , ,Y,Y,Y, ,Y,Y,Y, , ,Y,Y, ,Y,Y,Y,Y,Y,Y, ,Y,Y,Y, ,Y,Y,Y,Y,Y,Y,Y,Y,A,M, 
2363683.85451051,9525450.154318,1325,27080,24975,SKELLEFTEHAMN,SE,64.683333,21.233333,64,41,N,21,14,E,195,44260,S,CN,G,N,N,Y,Y,Y,L,J,N,L,0,M,Y,Y,Y,N,Y,Y,Y, ,Y, ,Y, ,Y,Y, , ,Y, ,Y,Y,Y,Y, , , ,Y,Y, ,Y,Y, , , , , ,Y,Y, , , , , ,Y,Y,Y,Y,Y,C, ,S
1619698.59104213,4275424.22257806,1326,40340,40320,MARSAXLOKK,MT,35.816667,14.55,35,49,N,14,33,E,131,53205/7,S,CN,G,Y,Y, ,Y, ,G,A,F, ,0,M,Y, , , ,Y,Y,Y, , , ,Y,Y, , , , ,Y, ,Y, ,Y,Y, , , ,Y,Y, ,Y, ,Y, , , ,Y, ,Y, , , , , ,Y,Y,Y, , , , , 
2341419.95635185,9564607.08475691,1327,27090,24975,KAGEHAMN,SE,64.833333,21.033333,64,50,N,21,2,E,195,44260,V,CN,G,N,N,Y,Y, ,M,L,N, ,0,M,Y, ,N,N,Y, ,Y, ,Y, , , , , ,Y,Y, , ,Y, ,Y,Y, , , , , , ,N, , , , , , , , , , , , ,Y,Y,Y, , , ,C, , 
1907273.94225809,4733615.39676189,1328,40440,40390,CROTONE,IT,39.083333,17.133333,39,5,N,17,8,E,131,54041,S,CB,G, , , ,Y, ,N,G,L,P,1,M,Y, , , ,Y,Y, , , , ,Y, , , ,Y,Y,Y,Y,Y,Y,Y, , , , ,Y,Y, ,Y, , , , , , ,Y, , , , , ,Y,Y,Y,Y, , ,C, ,S
11276664.4173586,775574.739853933,1329,57435,57431,PATTANI,TH,6.95,101.3,6,57,N,101,18,E,161,93180,S,CN,F, , , , , ,P,K,N, ,0, , , ,Y, ,Y, , , , , , ,Y,Y,Y, , ,Y, ,Y,Y, ,Y, , , ,Y, , , , , , , , , , , , , , , , ,Y, , , , ,C, ,S
1914695.24164431,4933990.56029121,1330,40470,40390,TARANTO,IT,40.466667,17.2,40,28,N,17,12,E,131,54061,L,CB,G,N,N,N,Y,Y,G,J,F,B,0,L,Y,Y,Y,N,Y,Y,Y, , ,Y,Y,Y,Y, , , ,Y,Y, ,Y,Y,Y,Y, , ,Y,Y, ,N,Y,Y,Y,Y,Y,Y, ,Y, , ,Y,Y,Y,Y,Y,Y,Y,Y,D, ,M
-356222.370538475,8144450.69040061,1331,32490,32390,LYNESS,GB,58.833333,-3.2,58,50,N,3,12,W,141,35057,M,CN,F,Y,N,N,Y,Y,H,J,L,C,3, , , , , ,Y,Y,Y, , , ,Y, ,Y,Y,Y, ,Y, , , ,Y, ,Y, , ,Y,Y, ,Y, , , , , , , , , , , , , ,Y,Y,Y, , ,C, , 
11289651.6912845,1128310.91738,1332,57434,57431,TANTAWAN MARINE TERMINAL,TH,10.083333,101.416667,10,5,N,101,25,E,161,BA3963,V,OR,P, , , ,Y, , ,A, ,A,1,M, , , , ,Y,Y,Y, , , ,Y,Y,Y, ,Y,Y,Y,Y, , , , ,Y, , ,Y,N, ,N, , , , , , , ,Y, , , , , ,N,N, , , ,C, , 
2001895.50943237,4873210.80568558,1333,40480,40390,GALLIPOLI,IT,40.05,17.983333,40,3,N,17,59,E,131,54064,M,CB,E, , , , , ,J,H,H, ,0,M, , , , ,Y,Y,Y, , , , , , , ,Y,Y, ,Y,Y,Y, , , , , ,Y,N, ,N, ,Y, , , , ,Y,Y, , , ,Y, ,Y,Y,Y, ,Y,C, ,M
2380381.7781295,9612762.95244401,1334,27130,24975,BRANNFORS,SE,65.016667,21.383333,65,1,N,21,23,E,195,44280,V,CN,G,N,N,Y,Y, ,M,N,O, ,0,M,Y, ,N,N,Y,Y,Y, ,Y, , , , , , ,Y, , , , ,Y,Y, , , , , , ,N, , , , , , , , , , , , ,Y,Y, , , , , , , 
2059410.57967556,4887763.87281464,1335,40490,40390,OTRANTO,IT,40.15,18.5,40,9,N,18,30,E,131,54041/0,V,CB,F,Y,Y, ,Y,Y,N,M,N, ,0,M,Y, , , ,Y,Y,Y, , , , , , , , , ,Y,Y, ,Y, , , , , ,Y,N, ,N, , , , , ,Y, , , , , , ,Y,Y, ,Y, , ,C, , 
-332103.147533266,8169587.80615515,1336,32500,32390,SCAPA BAY,GB,58.95,-2.983333,58,57,N,2,59,W,141,35057,S,CN,G,Y,Y,N,Y, ,G,G,P,G,3,L,Y, ,Y,N,Y,Y,Y, ,Y, ,Y,Y,Y, ,Y,Y, ,Y, , ,Y, , , , ,N,Y, ,Y, , , , , , , , , , , , , ,Y,Y,Y, , ,C, , 
11087421.28301,1252903.86001221,1337,49792,49760,BANG SAPHAN,TH,11.183333,99.6,11,11,N,99,36,E,161,93220,V,CN,F, , , , , ,G,E,L, ,3,M, ,Y, ,N,Y,Y,Y, , ,Y,Y, , , , , ,Y, , ,Y, , , , , ,Y,Y, , ,Y,Y, ,Y,Y, ,Y,Y, , , , ,Y,Y,Y, , , ,C, , 
1925827.19072363,5004969.47023038,1338,40510,40390,MONOPOLI,IT,40.95,17.3,40,57,N,17,18,E,131,54041/0,S,CB,G,Y,Y, ,Y, ,L,A,M, ,0,M,Y, , ,N,Y,Y,Y, , , ,N,Y,Y, ,Y, ,Y, ,Y,Y,Y, , , , ,Y, , ,N, ,Y, , ,Y,Y, , ,Y, , ,Y, ,Y,Y,Y, ,Y,B, ,S
11120817.130248,1028568.76250343,1339,49794,49760,KHANOM,TH,9.2,99.9,9,12,N,99,54,E,161,93200,V,CN,F, , , ,Y, ,K,H,L, ,0, ,Y, ,Y, ,Y,N,Y,Y, , ,Y,Y,Y,Y, , ,Y, , , , , , , , , , , , , , , , , , , , , , , , , , , , , , ,C, , 
1877588.74471321,5032028.23677554,1340,40530,40390,BARI,IT,41.133333,16.866667,41,8,N,16,52,E,131,54081,M,CB,G,Y,Y,N,Y, ,J,K,J,H,0,M,N, ,Y,N,Y,Y,Y, ,Y,Y,Y,Y,Y, ,Y, ,Y,Y,Y,Y,Y, , , , ,Y,Y, ,Y, ,Y,Y, , , ,Y,Y, , , , ,Y,Y,Y,Y, , ,C,M,L
11230281.2961948,1469254.51159273,1341,57462,57431,LAEM CHABANG,TH,13.083333,100.883333,13,5,N,100,53,E,161,93244,S,CB,P, , , , , ,H,G,H,A,3,L,Y, ,Y, ,Y,Y,Y, , , ,Y, ,Y,Y, , ,Y,Y, , ,Y, ,Y, , ,Y,Y, ,N,Y,Y,Y, ,Y,Y,Y,N, , , , ,Y,Y,Y, , , ,C,M,S
951781.646282489,4846585.51798388,1342,39261,39130,PORTO DI ORISTANO,IT,39.866667,8.55,39,52,N,8,33,E,131,53266,S,CN, , , , ,Y, ,H,H,J, ,0,L, , , , ,Y,Y, , , , ,Y,Y,Y,Y, , ,Y, ,Y,Y,Y, ,Y, , ,Y,Y, , , ,Y, , , , ,Y,Y, , , , ,Y,Y,Y,Y, , ,C,S, 
2391513.72720883,9692281.57459434,1343,27190,24975,PITEA,SE,65.316667,21.483333,65,19,N,21,29,E,195,44280,S,CN,G,N,N, ,Y,Y,J,M, ,H,1,M,Y, ,Y,N,Y,Y,Y,Y,Y, ,Y, ,Y, , , ,Y, ,Y,Y,Y, , , , ,Y,Y, ,Y,Y, , , , , ,Y,Y, , , , ,Y,Y,Y, , , ,C, ,S
935083.722663498,4987789.36301235,1344,39310,39130,PORTO TORRES,IT,40.833333,8.4,40,50,N,8,24,E,131,53282,S,CB,F,N,Y,Y,Y,N,J,C,H,G,0,M, ,Y,Y,N,Y,Y,Y, , , ,Y, ,Y, , , ,Y,Y,Y,Y,Y,Y,Y, , ,Y,Y, ,Y,Y,Y, , , , ,Y,Y, , , , ,Y,Y,Y,Y, , ,C, ,S
11282230.3918983,1017293.33678932,1345,57440,57431,ERAWAN TERMINAL,TH,9.1,101.35,9,6,N,101,21,E,161,93200,V,OR,P, , , ,Y, ,A,A, ,A,0,L, , ,Y, ,Y,Y,Y, , , ,Y,Y, , ,Y,Y,Y, , , , , ,Y, , ,Y,N, ,N, , , , , , ,Y, , , , , , ,N,N,N, , ,N, , 
866436.703340979,5437114.6227833,1346,39360,39330,SAN REMO,IT,43.816667,7.783333,43,49,N,7,47,E,131,53031,V,CT,P,Y,Y, ,Y, ,K,J,N, ,0,M,Y, , , , ,N,N,N,N,N,N,Y, , , , ,Y, ,Y,Y,Y,Y,Y, , ,Y,Y, ,N, , , , , , , , , , , , , ,Y,Y,Y, , ,C,S,S
11271098.4428189,1177339.58100847,1347,57436,57431,BENCHAMAS TERMINAL,TH,10.516667,101.25,10,31,N,101,15,E, ,BA2414,V,OR,P, , , ,Y, , ,A, ,A,1,L, , , , ,Y, ,Y, , , ,Y,Y, , ,Y,Y,Y,Y, , ,Y, ,Y, , ,Y,N, ,N, , , , , , , ,Y, , , , ,N,N,N, , , ,N, , 
894266.576039298,5447405.46297436,1348,39370,39330,IMPERIA,IT,43.883333,8.033333,43,53,N,8,2,E,131,53108,S,CB,F,Y,Y, ,Y, ,L,J,L, ,0,M,Y, , , ,Y,Y,Y, , , ,Y,Y,Y, , , ,Y, ,Y,Y,Y,Y,Y, , ,Y, , ,N, ,Y, , , ,Y,Y,Y, , , ,Y, ,Y,Y,Y, , ,C, ,M
938794.372356607,5506802.63108863,1349,39420,39330,RADA DI VADO,IT,44.266667,8.433333,44,16,N,8,26,E,131,53088,M,OR,G,Y,N,N,Y, ,K,F,G,A,0,M,Y, ,Y,N,Y,Y,Y,Y,Y, ,Y,Y,Y, ,Y,Y,Y, ,Y,Y,Y,Y, , , ,Y, , ,N,Y, , , , ,Y,Y,Y,Y,Y,Y,Y,Y,Y,Y,Y,Y,Y,B, ,S
946215.671742825,5514578.57314597,1350,39440,39330,SAVONA,IT,44.316667,8.5,44,19,N,8,30,E,131,53088,S,CB,G,Y,N,N,Y,Y,K,F,L,L,0,M, , ,Y,N,Y,Y,Y,Y,Y, ,Y,Y,Y, ,Y,Y,Y, ,Y,Y,Y,Y,Y,Y,Y,Y,Y, ,N,Y,Y, ,Y,Y,Y,Y,Y,Y,Y,Y,Y,Y,Y,Y,Y,Y,Y,B, ,L
346945.746305703,5136046.1885069,1351,38580,38340,PALAMOS,ES,41.833333,3.116667,41,50,N,3,7,E,131,52089,S,CB,F,N,N,N,Y, ,D,E,E, ,0,M,Y, ,Y,N,Y,Y,Y, , ,N,Y,Y, , ,Y, ,Y, ,Y,Y,Y, , , , ,Y, , ,N,Y,Y, , ,Y,Y,Y,Y, , , , , ,Y,Y,Y, , ,C, , 
-1883154.71925288,3846735.61795344,1352,38130,38120,FUNCHAL,PT,32.633333,-16.916667,32,38,N,16,55,W,143,51263,L,CB,E,N,N,N,Y, ,H,H,J,H,2,L, ,Y,Y,Y,Y,Y,Y, ,Y, ,Y,Y, ,Y, , ,Y, ,Y, ,Y,Y,Y, , ,Y,Y, ,N, ,Y, , , ,Y,Y,Y,Y,N,Y,Y,Y,Y,Y,Y,Y, ,B,S, 
517635.632188722,6767044.07659244,1353,31150,30980,DORDRECHT,NL,51.816667,4.65,51,49,N,4,39,E,192,37243,M,RN,G,Y,N,Y,Y,Y,K,J,L,M,1,L, , ,Y,N,Y,Y,Y, ,Y, ,Y,Y,Y,Y,Y,Y,Y, , ,Y,Y, , , , ,Y,Y, ,Y, ,Y,Y, ,Y,Y,Y,Y, , , , ,Y,Y,Y,Y,Y,Y,C, ,S
-215217.682200329,5362846.99441299,1354,37290,37270,PUERTO DE PASAJES,ES,43.333333,-1.933333,43,20,N,1,56,W,143,37446/5,M,RN,F,N,N,N,Y, ,K,A,J, ,5,M,N,N,Y,N,Y,Y,Y, ,Y, ,Y,Y,Y, ,Y,Y,Y,Y,Y,Y,Y, , , , ,Y, , ,Y,Y,Y,Y, ,Y,Y,Y,Y,Y, , , ,Y,Y,Y,Y,Y,Y,C,S,S
400750.166855785,6701282.86877362,1355,31210,30980,VLISSINGEN,NL,51.45,3.6,51,27,N,3,36,E,192,37248,M,RN,G,N,N,N,Y, ,H,K,L,K,4,M, , ,Y,N,Y,Y,Y, ,Y, ,Y,N,Y, ,Y,Y,Y,Y,Y,Y,Y, , , , ,Y,Y, ,Y,Y,Y, ,Y,Y,Y,Y,Y, , ,Y,Y, ,Y,Y,Y,Y,Y,A,M,S
-302417.949988393,5375609.34579956,1356,37350,37270,BERMEO,ES,43.416667,-2.716667,43,25,N,2,43,W,143,37032,V,CB,E,Y,Y, ,Y, ,N,A,N, ,5,M, , , ,N,Y,Y, , , , ,Y,Y, , , , ,Y,Y,Y,Y, , , , , ,Y, , , , ,Y, ,Y,Y,Y,Y,Y, , , , ,Y,Y,Y,Y, , ,C,S, 
424869.389860994,6683439.75451689,1357,31220,30980,TERNEUZEN,NL,51.35,3.816667,51,21,N,3,49,E,192,37246,M,RT,G,N,N,N,Y,Y,K,G,N,L,4,M,Y,Y,N, ,Y,Y,Y, ,Y, ,Y,N,Y, , , ,Y, , ,Y,Y,Y, , , ,Y,Y, ,Y,Y,Y, , , ,Y,Y,Y, , , , ,Y,Y,Y,Y,Y,Y,C,M,M
-339524.446919484,5365398.06225473,1358,37400,37270,PUERTO DE BILBAO,ES,43.35,-3.05,43,21,N,3,3,W,143,37461,M,CB,E,Y,N,N,N, ,M,A,C,A,9,L,Y,Y,Y,Y,Y,Y,Y, ,Y,Y,Y,Y,Y, ,Y,Y,Y,Y,Y,Y,Y, , , , ,Y,Y, ,Y,Y,Y,Y,Y,Y,Y,Y,Y, , ,Y,Y,Y,Y,Y,Y,Y,Y,A,S, 
489805.759490404,6659709.40629721,1359,31250,31240,ANTWERPEN,BE,51.216667,4.4,51,13,N,4,24,E,192,37246,L,RT,G,N,N,Y,Y,Y,J,C,J,M,4,M, ,Y,Y,Y,Y,Y,Y,Y, ,N,Y,Y,Y, ,Y,Y,Y,Y,Y,Y,Y, , , , ,Y,Y, ,Y,Y,Y,Y,Y,Y,Y,Y,Y,Y,Y,Y,Y,Y,Y,Y,Y,Y,Y,A,L, 
-421158.740167885,5383275.1881067,1360,37470,37270,SANTANDER,ES,43.466667,-3.783333,43,28,N,3,47,W,143,37464/35,M,RN,G,Y,N,N,Y,N,J,B,H,H,3,L,Y,Y,Y,N,Y,Y,Y, ,Y, ,Y,Y,Y, , , ,Y,Y,Y,Y,Y, , , , ,Y,Y, ,N,Y,Y, , , ,Y,Y,Y,Y, ,Y,Y, ,Y,Y,Y,Y,Y,B,M,M
484239.78495074,6597742.40254476,1361,31260,31240,BRUXELLES,BE,50.866667,4.35,50,52,N,4,21,E,192,37246,S,RT,E,Y,N,N,Y,Y,O,J,O,O,0,M, ,Y,Y, ,Y,Y,Y,Y,Y, ,Y,Y,Y, , , ,Y, ,Y,Y,Y, , , , ,Y,Y, , ,Y,Y,Y, , , ,Y,Y, , , , ,Y,Y,Y,Y,Y,Y,C, ,S
-630810.44782855,5396065.69676217,1362,37560,37270,GIJON,ES,43.55,-5.666667,43,33,N,5,40,W,143,37481,S,CB,G,Y,N,N, , ,D,M,C, ,3,M, , ,Y,N,Y,Y,Y, ,Y, ,Y,Y, ,Y,Y,Y,Y,Y,Y,Y, ,Y,Y, , ,Y,Y, ,Y,Y,Y,Y, ,Y,Y,Y,Y, , ,Y,Y,Y,Y,Y,Y,Y,Y,B,S,M
415592.765628221,6633094.76716263,1363,31270,31240,GHENT,BE,51.066667,3.733333,51,4,N,3,44,E,192,37246,M,LC,F,N,N,N,Y,Y,J,G,J,N,0,L,Y,Y,Y,N,Y,Y,Y,Y,Y, ,Y, ,Y,Y,Y,Y,Y,Y,Y,Y,Y, , , , ,Y,Y, ,Y,Y,Y, , , ,Y,Y, , , , ,Y,Y,Y,Y,Y,Y,Y,B,M,M
-660495.645373423,5403748.49152924,1364,37600,37270,AVILES,ES,43.6,-5.933333,43,36,N,5,56,W,143,37481,S,LC,E,Y,Y,N,Y,Y,K,H,J, ,3,M, , ,Y,N,Y,Y,Y, ,Y, ,Y, ,Y, , , ,Y,Y,Y,Y,Y, , , , ,Y,Y, ,Y,Y,Y, , , ,Y,Y,Y, , , , , ,Y,Y,Y, , ,C,S,M
356222.370538475,6680469.6900293,1365,31280,31240,ZEEBRUGGE,BE,51.333333,3.2,51,20,N,3,12,E,192,37248,M,CB,G,Y,N,N,Y,N,K,L,G,H,14,L, ,Y,Y,N,Y,Y,Y, ,Y, ,Y,Y,Y,Y,Y,Y,Y, ,Y,Y,Y, , , , ,Y,Y, ,Y, ,Y, , , ,Y,Y,Y,Y,Y, ,Y, ,Y,Y,Y,Y,Y,C,M,L
-782947.085246024,5393506.18172245,1366,37670,37270,RIBADEO,ES,43.533333,-7.033333,43,32,N,7,2,W,143,UK1096/1,V,RN,G,Y,N,N,Y,Y,H,K,N, ,4,L, , ,Y,N,Y,Y,Y,Y, ,N,N,Y, , ,Y,Y,Y,Y,Y,Y,Y, , , , ,Y, , ,Y, ,Y, , , ,Y, ,Y,N,N,N,N,Y,Y,Y,N,N,N,C, ,S
358077.69538503,6662671.93608977,1367,31290,31240,BRUGES,BE,51.233333,3.216667,51,14,N,3,13,E,192,37248,V,LC,E,Y,N,N,Y,Y,L, ,N, ,0,M, ,Y,Y,N,Y,Y, , ,Y, , , ,Y, ,Y,Y,Y, , ,Y,Y, , , , ,Y,Y, ,Y,Y, ,Y,Y, , ,Y, , , , , , ,Y,Y,Y,Y,Y,C, ,S
-827474.881563334,5419133.25936227,1368,37690,37270,SAN CIPRIAN,ES,43.7,-7.433333,43,42,N,7,26,W,143,UK 1122,V,CN,F, , , ,Y,Y,E,H,H, ,4,M, , , , ,Y,Y,Y, , , ,Y, , , ,Y, ,Y,Y,Y,Y, , , , , ,Y,Y, ,N,Y,Y, , , , ,Y,N,Y,N,Y,N, ,Y, , , , ,D, , 
324681.848147048,6662671.93608977,1369,31310,31240,OOSTENDE,BE,51.233333,2.916667,51,14,N,2,55,E,192,37129,S,RT,F,Y,Y,N,N,Y,N,M,N,O,5,M, ,Y,Y,N,Y,Y,Y, ,Y, ,Y,Y, , , , ,Y, ,Y,Y,Y, , , , ,Y,Y, ,Y,Y,Y,Y, , ,Y,Y,Y, , ,Y,Y,Y,Y,Y,Y,Y,Y,C,M,M
-916530.474197952,5385831.87774224,1370,37740,37270,FERROL,ES,43.483333,-8.233333,43,29,N,8,14,W,143,37506,M,RN,E,N,N,N,Y, ,J,J,G, ,4,M,Y,Y,Y,N,Y,Y,Y, , ,Y,Y,Y, ,Y, , ,Y,Y,Y,Y,Y, , , , ,Y,Y, ,Y,Y,Y,Y,Y,Y,Y,Y,Y,Y,Y,Y,Y, ,Y,Y,Y,Y,Y,A,M,M
306128.599681502,6644912.82078925,1371,31320,31240,NIEUWPOORT,BE,51.133333,2.75,51,8,N,2,45,E,192,37129,V,LC,G,Y,N,N,Y, ,P,M,O, ,5,M, , ,Y,N,Y,Y,Y,Y, ,N,N,Y, , ,Y, ,Y, ,Y,Y,Y, , , , ,Y, , ,N,Y,Y, , ,Y, , , , , , , , ,Y,Y,Y, , ,C, ,S
-935083.722663498,5367949.83071297,1372,37770,37270,LA CORUNA,ES,43.366667,-8.4,43,22,N,8,24,W,143,37506,S,CN,E,N,Y,N,Y,N,E,H,F,F,4,L, ,Y,Y,Y,Y,Y,Y, ,Y, ,Y, ,Y,Y, , ,Y, ,Y,Y,Y, , , , ,Y,Y, ,Y,Y,Y, , ,Y,Y,Y,Y, ,Y, , , ,Y,Y,Y,Y,Y,C,S,L
115030.140486383,6686410.89952602,1373,31360,31330,WHITSTABLE,GB,51.366667,1.033333,51,22,N,1,2,E,192,37040,S,RN,F,Y,N,N,Y, ,P,O,N, ,4, , , ,Y,N,Y,Y,Y, , , ,Y, ,Y,Y,Y, ,Y, ,Y,Y, ,Y, , , ,Y,Y, ,N, ,Y, , , , ,Y, , , , , , ,Y,Y,Y, , ,C,S,S
-975900.869287698,5251284.60497738,1374,37830,37270,VILLAGARCIA DE AROSA,ES,42.6,-8.766667,42,36,N,8,46,W,143,UK1762,V,CN,E, , , , , ,C,N,J, ,4,M, , , , ,Y,Y,Y, ,Y, ,Y, ,Y, ,Y, ,Y, ,Y,Y,Y, , , , ,Y, , ,Y, ,Y, , , , ,Y,Y, , , , , ,Y,Y,Y,Y,Y,C, ,S
83489.6180949552,6701282.86877362,1375,31370,31330,SHEERNESS,GB,51.45,0.75,51,27,N,0,45,E,192,37145,V,CN,F,Y,N,N,Y, ,J,G,J, ,4,M, , ,Y,N,Y,Y,Y, , , ,Y, ,Y,Y,Y, ,Y, ,Y,Y, , , , , ,Y,Y, , , , , , , , ,Y,Y, , , , , ,Y,Y,Y,Y,Y,C,S,S
-968479.56990148,5221087.11031379,1376,37860,37270,MARIN,ES,42.4,-8.7,42,24,N,8,42,W,143,UK1733,S,CB,G, ,Y, , , ,A,A,J, ,4,M,Y,Y, ,N,Y,Y,Y, ,Y, ,Y, ,Y,Y,Y, ,Y,Y, ,Y, , , , , ,Y,Y, ,N,Y,Y,Y, ,Y,Y,Y,Y,Y, , ,Y, ,Y,Y, ,Y,Y,B,M,S
77923.6435552915,6698306.30555927,1377,31376,31330,THAMESPORT,GB,51.433333,0.7,51,26,N,0,42,E,192,37145,S,RN,G,Y, , ,Y, ,J,G,F, ,6,L, , , ,N,Y,Y,Y, , , ,Y, ,Y,Y,Y,Y,Y, , ,Y,Y, , , , , , , , ,Y,Y, , ,Y,Y, ,Y, , , , , ,Y,Y, , , ,C, ,S
-970334.894748035,5195995.98192833,1378,37900,37270,VIGO,ES,42.233333,-8.716667,42,14,N,8,43,W,143,51103,M,CB,G,N,N,N,N,N,A,A,E, ,3,M,Y,Y,Y,Y,Y,Y,Y, ,Y, ,Y,Y, ,Y, , ,Y, ,Y,Y,Y, , , , ,Y,Y, ,Y,Y,Y, ,Y,Y,Y,Y,Y, , , , ,Y,Y,Y,Y,Y,Y,A,M,S
61225.7199363005,6692356.43526254,1379,31390,31330,CHATHAM DOCKS,GB,51.4,0.55,51,24,N,0,33,E,192,37031,S,RB,G,Y,Y,N,Y,Y,P,G,L, ,4,M, , ,Y,N,Y,Y,Y, ,Y,Y,Y, ,Y,Y,Y, ,Y, , ,Y, , , , , ,Y, , ,Y,Y,Y, , , ,Y,Y,Y, , , , , ,Y, , , , ,C,L,S
-983322.168673917,5116146.29455727,1380,37940,37930,VIANA DO CASTELO,PT,41.7,-8.833333,41,42,N,8,50,W,143,51100,S,CT,G,Y,N,N,Y,Y,L,C,B, ,2,L, , ,Y,N,Y,Y,Y, ,Y,N,Y,Y,Y,Y, , ,Y,Y,Y,Y, , , , , ,Y,Y, ,Y,Y,Y, , ,Y,Y,Y,Y,Y,N,Y,Y,Y,Y,Y,Y, , ,B,S, 
40817.1466242003,6701282.86877362,1381,31420,31330,GRAVESEND,GB,51.45,0.366667,51,27,N,0,22,E,192,37035,S,RN,E,Y,N,N,Y, ,L,F,M, ,0,M, , ,Y,Y,Y,Y,Y, ,Y, ,Y, ,Y,Y,Y,Y,Y, ,Y,Y, , , , , ,Y,Y, ,N,Y, , , , , ,Y,Y, , , , ,Y,Y,Y,Y,Y,Y,C, ,S
-968479.56990148,5039421.01323345,1382,37950,37930,PORTO DE LEIXOES,PT,41.183333,-8.7,41,11,N,8,42,W,143,51109,V,CB,G,N,Y,N,Y,Y,G,C,J,G,4,L, , ,Y,Y,Y,Y,Y, ,Y, ,Y,Y,Y,Y, , ,Y,Y,Y,Y,Y, ,Y, , ,Y,Y, ,Y,Y,Y, , ,Y,Y,Y,Y,Y,N,Y,Y,Y,Y,Y,Y, , ,C,S,S
-9276.6242327728,6710219.08322074,1383,31470,31330,LONDON,GB,51.5,-0.083333,51,30,N,0,5,W,192,37036,L,RB,E,Y,N,N,Y,Y,L,G,O,K,6,L,Y,Y,Y,Y,Y,Y,Y, ,Y,N,Y, ,Y,Y,Y,Y,Y, ,Y,Y,Y,Y,N,N,N,Y,Y, ,Y,Y,Y,Y,Y,Y,Y,Y,Y, ,Y,Y,Y,Y,Y,Y,Y,Y, ,A,M,M
-964768.920208371,5034491.86907103,1384,37960,37930,DOURO,PT,41.15,-8.666667,41,9,N,8,40,W,143,51109,V,RN,G,N,Y,N,Y,Y,O,F,N, ,7,M,N,N,Y,Y,Y,Y, , ,Y,N,Y,Y,N,Y, , ,Y,Y,Y,Y,Y, , , , ,Y,Y, ,Y,Y,Y, , , , ,Y,Y,Y,N,Y,Y, ,Y,Y,Y, , ,C, ,S
102042.866560501,6779058.05166717,1385,31506,31330,COLCHESTER,GB,51.883333,0.916667,51,53,N,0,55,E,192,37010,V,RN,G,N,N,N,Y, ,P,N, , ,3,M, , ,Y,N,Y,Y,Y,Y, ,N,Y, , , , , ,Y, ,Y,Y, , , , , ,Y,Y, ,Y,Y, , , ,Y,Y,Y, , , , , , ,Y,Y,Y, , ,C, ,S
-962913.595361816,4960853.01004374,1386,37970,37930,AVEIRO,PT,40.65,-8.65,40,39,N,8,39,W,143,51135,M,RN,G,Y,N,N,Y, ,M,J,K, ,3,M,Y, ,Y,N,Y,Y,Y, , , ,Y,Y,Y,Y,Y,Y,Y, ,Y,Y,Y, , , , ,Y,Y, ,Y, ,Y, , ,Y, ,Y,Y, , , ,Y, ,Y,Y,Y,Y,Y,B,S,S
142860.013184701,6791089.85724533,1387,31530,31330,HARWICH,GB,51.95,1.283333,51,57,N,1,17,E,192,37054,S,RN,F,Y,N,N,Y, ,H,J,K,L,3,L, , ,Y,N,Y,Y,Y, ,Y, ,Y, ,Y, , , ,Y, ,Y,Y,Y, , , , ,Y, , ,Y,Y,Y, , , ,Y,Y, ,Y, , ,Y, ,Y,Y,Y,Y,Y,C, ,M
129872.739258819,6809171.14959152,1388,31550,31330,IPSWICH,GB,52.05,1.166667,52,3,N,1,10,E,192,37140,S,RT,F,Y,Y,N,Y,Y,N,J,M,M,3,M, ,Y,Y,N,Y,Y,Y, ,Y, ,Y, ,Y,Y,Y,Y,Y, ,Y,Y,Y, , , , ,Y,Y, ,Y,Y,Y, , , ,Y,Y,Y, , , , , ,Y,Y,Y,Y,Y,C,M,S
-985177.493520471,4887763.87281464,1389,37980,37930,FIGUEIRA DA FOZ,PT,40.15,-8.85,40,9,N,8,51,W,143,51120,V,RN,G,N,Y,N,Y, ,M,G,N, ,8,M, , ,Y,N,Y,Y,Y,Y, ,N,Y, , ,Y, , ,Y,Y, ,Y,Y, , , , ,Y,Y, ,Y, ,Y, , ,Y,Y,Y,Y, , , , ,Y,Y, ,Y,Y, ,B,S,S
194809.108888229,6887994.59704857,1390,31570,31330,LOWESTOFT,GB,52.483333,1.75,52,29,N,1,45,E,192,37056,S,CB,E,Y,N,N,Y,Y,O,L,N,N,2,M, , ,Y,N,Y,Y,Y, ,Y, ,Y, , , ,Y,Y,Y, ,Y,Y,Y, , , , ,Y,Y, ,Y, ,Y, , , , ,Y,Y,Y,Y,Y,Y,Y,Y,Y,Y,Y,Y,B,S,S
-1020428.66560501,4678789.79662501,1391,37990,37930,LISBOA,PT,38.7,-9.166667,38,42,N,9,10,W,143,51144,L,RN,E,Y,Y,N,Y,Y,G,F,E, ,5,L,Y,Y,Y,Y,Y,Y,Y, , ,Y,Y,Y,Y, , , ,Y,Y,Y,Y,Y, , , , ,Y,Y, ,N,Y,Y, , ,Y,Y, ,Y, , ,Y,Y,Y,Y,Y,Y,Y,Y,A,L, 
192953.784041674,6912404.02560408,1392,31580,31330,GREAT YARMOUTH,GB,52.616667,1.733333,52,37,N,1,44,E,192,UK1536,S,RN,E,Y,N,N,Y,Y,O,K,O,O,2,M, , ,Y,N,Y,Y,Y, ,Y, ,Y, ,Y,Y,Y,Y,Y, ,Y,Y,Y, , , , ,Y,Y, ,Y,Y,Y, , ,Y,Y,Y,Y, , , , ,Y,Y,Y,Y,Y,Y,C,M,S
-990743.468060135,4652672.80557546,1393,38000,37930,SETUBAL,PT,38.516667,-8.9,38,31,N,8,54,W,143,51146,S,RN,E, , , ,Y, ,J,M,G, ,4,L, , , ,N,Y,Y,Y, ,Y, ,Y,Y,Y, , , ,Y,Y,Y,Y,Y, , , , ,Y,N, ,Y,Y,Y, , , ,Y,Y,Y,Y,N,Y,Y, ,Y,Y,Y, , ,B,M,S
44527.7963173094,6936887.90821805,1394,31610,31330,KING'S LYNN,GB,52.75,0.4,52,45,N,0,24,E,192,37059,S,RT,E,Y,N,N,Y,Y,P,N,N,N,4,M, , ,Y,N,Y,Y,Y, ,Y, ,Y, ,Y, , , ,Y, ,Y,Y,Y, , , , ,Y,Y, ,Y,Y,Y, , , ,Y,Y, ,Y, , ,Y,Y,Y,Y,Y,Y,Y,C, ,S
-987032.818367026,4572364.89569298,1395,38005,37930,SINES,PT,37.95,-8.866667,37,57,N,8,52,W,143,51150,M,CB,G, , , ,Y, , ,A,E,A,4,M,Y, , , ,Y,Y,Y, ,Y,Y,Y, ,Y,Y, ,Y,Y,Y,Y,Y,Y, ,Y, , ,Y,Y, ,Y,Y,Y, , ,Y,Y, , , , , , ,Y,Y,Y,Y, , ,C, ,S
-1855.32484655456,6976834.5344571,1396,31630,31330,BOSTON,GB,52.966667,-0.016667,52,58,N,0,1,W,192,UK1200,S,RT,P,Y,N,N,Y,Y,N,L,N, ,5, ,Y, ,Y,N,Y,Y,Y,Y,Y, ,Y, ,Y,Y, , ,Y, ,Y,Y,Y, , , , ,Y,Y, ,N,Y,Y, , ,Y,Y,Y,Y, , , , ,Y,Y,Y,Y, , ,C, ,S
-883134.62695997,4443754.0430613,1397,38030,37930,FARO,PT,37.033333,-7.933333,37,2,N,7,56,W,143,51160,V,RN,G, , , ,Y, ,N,A,L,N,2,M, , , ,N,Y,Y, , , , ,Y,Y,Y,Y, , ,Y, ,Y, ,Y, , , , ,Y, , , , , , , , , , , , , , , , ,Y, , , , ,C, , 
-823764.231870224,4464691.99124329,1398,38050,37930,VILA REAL DE S ANTONIO,PT,37.183333,-7.4,37,11,N,7,24,W,143,51160,V,RN,G,Y,N,N,Y, ,O,K,N, ,2, , , ,Y,N,Y,Y,Y, ,Y, ,Y,Y, , , , ,Y, ,Y, ,Y, , , , ,Y,Y, ,N,Y,Y, , , , ,Y,Y,Y,N,N,N, ,Y, , ,N,N,C, , 
-7421.29938621824,7091636.23894632,1399,31640,31330,GRIMSBY,GB,53.583333,-0.066667,53,35,N,0,4,W,192,37066,M,RT,E,Y,N,N,Y,Y,M,O,N, ,6,M, , ,Y,Y,Y,Y,Y, ,Y,N,Y, ,Y,Y,Y,Y,Y, ,Y,Y,Y, , , , ,Y, , ,Y,Y,Y, , ,Y,Y,Y,Y, , , , ,Y,Y,Y,Y,Y,Y,C,M,S
-22263.8981586547,7101017.59467796,1400,31650,31330,IMMINGHAM,GB,53.633333,-0.2,53,38,N,0,12,W,192,37066,M,RT,E,Y,N,N,Y,Y,L,N,H,K,5,L, , ,Y,N,Y,Y,Y, ,Y,N,Y, ,Y, , , ,Y, ,Y,Y, ,Y, , , ,Y, , ,Y,Y,Y, ,N,Y,Y,Y,Y,Y, ,Y,Y,Y,Y,Y,Y,Y,Y,A,M,M
2463871.39622446,11261286.3112947,1401,20940,20620,BREDVIK,NO,70.583333,22.133333,70,35,N,22,8,E,182,43100,V,CN,G,N,N,N,Y,Y, ,M,N, ,0,M,Y, ,N,N,Y,Y,Y, , ,Y,Y, , , ,Y, ,Y,Y, ,Y,Y,Y, ,Y, , , , ,N,N,N,N, , , ,Y, , , , , ,Y,Y, ,Y,N,N,N, ,S
2487990.61922966,11145088.4341903,1402,21120,20620,OKSFJORD,NO,70.233333,22.35,70,14,N,22,21,E,182,43084,V,CN,G,N,N,N,Y,Y, ,G,K, ,0,M, , , , ,Y, ,Y, , , , , , , ,Y, , , , ,Y,Y,Y, ,Y, ,Y, , ,N, , , , , , , , , , , , ,Y,Y,Y, , , , , , 
2588178.16094361,11057875.106427,1403,21130,20620,ALTA,NO,69.966667,23.25,69,58,N,23,15,E,182,43084,V,CN,G,N,N,N,Y,N, ,C,K,N,3,M, , ,N,N,Y,Y, , , , , , , , ,Y,Y,Y, ,Y, ,Y,Y, ,Y, ,Y,Y, ,N, , , , , , , ,Y, , , , ,Y,Y, ,Y, , , , , 
2556637.63855218,11085009.0228125,1404,21140,20620,TALVIK,NO,70.05,22.966667,70,3,N,22,58,E,182,43084,V,CN,G,N,N,N,Y,N, ,E,N, ,0,M, , ,N,N,Y, , ,Y, , , , , , ,Y, , , , , ,Y,Y, ,Y, ,Y, , ,N, , , , , , , , , , , , ,Y,Y, , , , , , , 
2111359.67537909,10955743.61056,1405,21310,20620,TROMSO,NO,69.65,18.966667,69,39,N,18,58,E,182,43125,M,OR,G,N,N,N,Y,Y,M,A,O,N,2,M,Y,Y,Y,N,Y,Y,Y, ,Y,Y,Y, ,Y, ,Y,Y,Y,Y,Y, ,Y,Y, , , ,Y,Y, ,Y,Y,Y, , ,Y,Y,Y,Y, , , , ,Y,Y,Y,Y, ,Y,B, ,M
2013027.4585117,10860381.7393034,1406,21380,20620,GIBOSTAD,NO,69.35,18.083333,69,21,N,18,5,E,182,43127,V,CN,F,N,N,Y,Y,N, ,G,L, ,1,M, , ,N,N,Y, ,Y, , ,N,N, , , ,Y, , , , , ,Y,Y, , , ,Y, , ,N, , , , , , , , , , , , , , , ,Y, , ,C, ,S
2000040.18458581,10823654.0599306,1407,21490,20620,FINNSNES,NO,69.233333,17.966667,69,14,N,17,58,E,182,43127,V,CN,F,N,N,Y,Y,Y,K,H,M, ,0,M, , ,N,N,Y, ,Y, , ,N,N, , , ,Y, , , , , ,Y,Y, ,Y, ,Y, , ,N, , , , , , , , , , , , ,Y,Y, ,Y, , ,C, ,S
1974065.63673405,10724949.6888648,1408,21495,20620,MEDBY,NO,68.916667,17.733333,68,55,N,17,44,E,182,43142,V,CN,P,N,N,Y,Y,Y, ,A,K, ,0,M,N,Y,N,N,Y,Y,Y, , ,N,N, , , ,Y, , , , , ,Y,Y, ,Y, , , , ,N, , , , , , , , , , , , ,Y, , ,Y, , , , , 
1985197.58581338,10714642.2351189,1409,21510,20620,SJOVEGAN,NO,68.883333,17.833333,68,53,N,17,50,E,182,43142,V,CN,P,N,N,Y,Y,Y,A,H,N, ,0,M, , ,N,N,Y, , , , ,N,N, , , ,Y,Y, , , , ,Y,Y, , , ,Y, , ,N, , , , , , , , , , , , ,Y,Y, ,Y, , , , , 
1842337.57262868,10688941.3715543,1410,21610,20620,HARSTAD,NO,68.8,16.55,68,48,N,16,33,E,182,43125,M,CN,G,N,N,N,N,N,A,A,L,M,2,M,Y, ,Y,N,Y,Y,Y, ,Y,N,Y, ,Y, , , ,Y,Y,Y, ,Y,Y, ,Y, ,Y, , ,Y, ,Y, , , ,Y, ,Y,Y,Y,Y,Y, ,Y,Y,Y,Y,Y,A,M, 
1795954.45146481,10855122.7994109,1411,21660,20620,ANDENES,NO,69.333333,16.133333,69,20,N,16,8,E,182,43120,V,OR,P,N,N,Y,Y,N,N,N,N, ,0,M, , , , ,Y, ,Y, , , , , , , ,Y, , , ,Y,Y,Y,Y, , , ,Y, , ,N, , , , , , , , , , , , ,Y,Y,Y,Y, , ,C, ,S
1716175.48306297,10658227.2411307,1412,21670,20620,SORTLAND,NO,68.7,15.416667,68,42,N,15,25,E,182,43140,V,CN,G,N,N,Y,Y,Y,K, ,N,N,0,M, , , , ,Y, , , , , , , , , ,Y,Y, , , , ,Y, , , , , , , , , , , , , , , , , , , , ,Y,Y,Y, , , , , , 
1660515.73766633,10617488.2410587,1413,21690,20620,STOKKMARKNES,NO,68.566667,14.916667,68,34,N,14,55,E,182,43140,V,CB,F,N,N,Y,Y,Y,N,K,L, ,0,M,Y, , , ,Y, , , , , , , , , ,Y,Y, ,Y,Y, ,Y,Y, ,Y, ,Y, , ,N, , , , , , , , , , , , ,Y,Y,Y,Y, , , , , 
1458285.32939188,10427214.8673255,1414,21820,20620,REINE,NO,67.933333,13.1,67,56,N,13,6,E,182,43161,V,CN,F,N,N,Y,Y,N,N,C,O, ,0,M,Y,Y,N,N,Y, ,Y,Y,Y, , , , , ,Y,Y, , , , ,Y,Y, ,Y, ,Y, , ,N,Y, , , , , ,Y, , , , , ,Y,Y,Y,Y, , ,C, ,S
1525077.02386785,10466836.8158349,1415,21840,20620,BALLSTAD,NO,68.066667,13.7,68,4,N,13,42,E,182,43146,V,CN,F,N,N,Y,Y,N,M, ,K, ,0,M, , , , ,Y, , , ,Y, , , , , ,Y, , , , , ,Y,Y, ,Y, ,Y, , ,N,Y, , , , , ,Y, , , , , ,Y,Y,Y,Y, , ,C, ,S
1541774.94748684,10481754.0977325,1416,21870,20620,STAMSUND,NO,68.116667,13.85,68,7,N,13,51,E,182,43146,V,CN,F,N,N,Y,Y,N,N,E,M, ,0,M, , ,N,N,Y, ,Y, ,Y, ,Y, , , ,Y,Y, , , , ,Y,Y, ,Y, ,Y, , ,N,Y, , , , , ,Y, , , , ,Y, ,Y,Y,Y, , ,C, ,S
1582592.09411104,10491716.9680666,1417,21880,20620,HENNINGSVAER,NO,68.15,14.216667,68,9,N,14,13,E,182,43146,V,OR,F,N,N,Y,Y,N,E,N,K, ,0,M, , ,Y,N,Y, , , , , , , , , ,Y, , , , , ,Y, , , , ,Y, , ,N,Y, , , , , ,Y, , , , , ,Y,Y,Y, , , ,C, ,S
-142860.013184701,8429483.10108437,1418,32590,32510,SCALLOWAY,GB,60.133333,-1.283333,60,8,N,1,17,W,141,35071,V,CN,G,N,N,N,Y, ,M, ,M, ,1,M, , ,N,N,Y, ,Y,Y, ,N,Y, ,Y,Y,Y,Y, ,Y,Y, ,Y, , , , ,Y,Y, ,N, ,Y, ,Y, , , ,Y, , , , ,Y,Y,Y,Y, , ,C, , 
1623409.24073524,10516687.5292735,1419,21900,20620,SVOLVAER,NO,68.233333,14.583333,68,14,N,14,35,E,182,43140,S,CN,G,N,N,Y, ,Y, ,K,P,L,3,M,Y,Y,Y,N,Y,Y,Y,N, , ,Y, ,Y, ,Y, ,Y,Y,Y, ,Y,Y, ,Y, ,Y, , ,N,Y, , , , , ,Y,Y, , , , , ,Y,Y,Y,Y,Y,C,M, 
-128017.414412265,8433209.72180323,1420,32600,32510,LERWICK,GB,60.15,-1.15,60,9,N,1,9,W,141,35065,M,CN,F,N,N,N,Y, ,L,G,J,L,2,L,Y, ,N,N,Y,Y,Y, , ,N,Y, ,Y,Y,Y,Y, ,Y,Y, ,Y,Y, , , ,Y,Y, ,Y,Y,Y, ,Y,Y,Y,Y,Y,Y, , ,Y,Y,Y,Y,Y,Y,Y,B,S, 
1632685.86496801,10496703.8249022,1421,21910,20620,SKROVA HAVN,NO,68.166667,14.666667,68,10,N,14,40,E,182,43146,V,CN,G,N,N,N, , , ,F,M, ,0,M,Y, ,N,N,Y, , , , , , ,Y, , , , , , , , ,Y,Y, ,Y, , , , ,N,Y, , , , , ,Y, , , , , ,Y,Y,Y,Y, , , , , 
-144715.338031256,8504377.07977954,1422,32630,32510,SULLOM VOE,GB,60.466667,-1.3,60,28,N,1,18,W,141,35071,S,CN,G,Y,N,N,Y, ,F, ,O,B,1,L, ,Y,Y,N,Y,Y,Y,Y,Y, ,Y,Y,Y, ,Y,Y,Y,Y,N, ,Y, , , , , ,Y, ,Y,N,N,N, , , , , ,Y, ,Y,Y,Y, ,Y,Y,Y,Y,C, , 
1653094.43828011,10516687.5292735,1423,21920,20620,BRETTESNES,NO,68.233333,14.85,68,14,N,14,51,E,182,43145,V,CN,G,Y,Y,N,Y, , ,N,M, ,0,M, , ,Y,N,Y, ,Y, , ,N,N, , , ,Y,Y, , , , ,Y,Y, ,Y, , , , ,Y,Y, , , , , ,Y, , , ,N,N,Y,Y,Y,Y, , ,C, , 
-756972.53739426,8753219.6488264,1424,32680,32660,TVOROYRI,FO,61.55,-6.8,61,33,N,6,48,W,141,35180,V,CN,F,N,N,N,N, ,N,G,N, ,2,M,Y, ,Y,N,Y, ,Y,Y, ,N,N,Y, , , , ,Y, ,Y, ,Y, , , , ,Y,Y, ,N,N,N,N, , , , ,Y,Y, ,Y,Y,Y,Y, ,Y,Y,Y,B, , 
1781111.85269238,10571944.5276592,1425,21950,20620,LODINGEN,NO,68.416667,16,68,25,N,16,0,E,182,43145,V,CN,G,N,N,Y,Y,N, ,A,P,N,3,M, , , , ,Y,Y,Y, , , ,Y, ,Y, , , ,Y,Y, , ,Y,Y, , , ,Y, , ,N, , , , , , , , , , , , ,Y,Y,Y, , , ,C, , 
-751406.562854597,8859142.8005657,1426,32690,32660,TORSHAVN,FO,62,-6.75,62,0,N,6,45,W,141,35180,V,CB,P,N,N,N,Y,Y,M,F,M,L,1,L,Y, ,Y,Y,Y,N,Y, ,Y,N,Y,Y,Y, ,Y,Y,Y, ,Y, ,Y, , , , ,Y,Y, ,Y, ,Y, , ,Y,Y, ,Y, ,Y, ,Y,Y,Y,Y,Y,Y,Y,B,S, 
1810797.05023725,10617488.2410587,1427,21970,20620,ULVIK,NO,68.566667,16.266667,68,34,N,16,16,E,182,43143,V,RN,F, , , , , , ,A, , ,0, , , , , ,Y, , , , , , , , , , , , , , , , ,Y, ,Y, , , , , , , , , , , , , , , , , , , , , , , , , , 
1879444.06955977,10592148.8345473,1428,22010,20620,LILANDSGRUNNEN,NO,68.483333,16.883333,68,29,N,16,53,E,182,43144,V,CN,G,N,N,Y,Y,N, ,C,M, ,0, , , , , ,Y, , , , , , , , , ,Y, , , , , ,Y,Y, ,Y, ,Y, , , , , , , , , , , , , , , , , , , , , , , , 
-749551.238008042,8886859.52607463,1429,32700,32660,KONGSHAVN,FO,62.116667,-6.733333,62,7,N,6,44,W,141,35180,V,CB,G, , , , , ,H,A,K,N,0, ,Y, , , , , , , , , , , , , ,Y,Y, , , , ,Y, , , , , , , ,N, , , , , , , , , , , , , ,Y,Y, , , ,C, , 
1938814.46464951,10576990.0265701,1430,22030,20620,NARVIK,NO,68.433333,17.416667,68,26,N,17,25,E,182,43148,V,CB,F,Y,Y,N,Y,Y,A,E,O,M,2,L,Y,Y,Y,N,Y,Y,Y, ,Y, ,Y, ,Y,Y,Y,Y,Y,Y,Y,Y,Y,Y, ,Y, ,Y,Y, ,Y,Y,Y, , ,Y,Y,Y,Y, , , , , ,Y,Y,Y,Y,Y,C, ,M
-797789.684018461,8894798.17910605,1431,32720,32660,VESTMANNA,FO,62.15,-7.166667,62,9,N,7,10,W,141,35180,V,CN,E,N,N,N,Y, ,O,H,M, ,5, ,Y, ,N,N,N,N,Y, ,Y, , , , , ,Y,Y,Y,Y,Y, ,Y, , , , ,Y,Y, ,N, , , , , , , , , , , , ,Y,Y,Y,Y, , ,C, , 
1875733.41986666,10546772.5465691,1432,22050,20620,LITLE BALLANGEN,NO,68.333333,16.85,68,20,N,16,51,E,182,43144,V,CN,G,N,N,N,Y,N,K,K,L, ,0,M,Y, ,N,N,Y, , , , , , , , , ,Y, , , , , ,Y,Y, ,Y, ,Y, , ,N, , , , , , , , , , , , , ,Y, , , , , , , 
-807066.308251233,8878929.59725692,1433,32730,32660,SORVAGUR,FO,62.083333,-7.25,62,5,N,7,15,W,141,35180,V,CN,G,Y,Y,N,Y, ,A,A,L,L,2,M,Y, ,Y,N,Y,N,Y,Y, ,N,N,Y, , ,Y,Y,Y, ,Y, ,Y, , , , ,Y,Y, , , ,Y, , , ,Y, ,Y, , , , , ,Y, ,Y,Y,Y,C,S, 
-756972.53739426,8918666.70297633,1434,32740,32660,FUGLAFJORDUR,FO,62.25,-6.8,62,15,N,6,48,W,141,35180,V,CN,G,N,N,N,Y, ,M,A,N,N,2, ,Y, ,N,N,N,N,Y, ,Y, , , , , ,Y, ,Y, , , , , , , , ,Y, , ,N, ,Y, , , ,Y, , , , , , , ,Y,Y,Y, , ,C, , 
-732853.314389051,8914683.12409788,1435,32750,32660,KLAKSVIK,FO,62.233333,-6.583333,62,14,N,6,35,W,141,35180,V,CN,G,N,Y,N,N, ,O,A,L,L,1,M,Y,Y,Y,N,Y,N,Y, , ,N,N,Y,Y,Y,Y, ,Y,Y,Y, ,Y, , , , ,Y,Y, ,Y, ,Y, , , ,Y,Y,Y,Y, ,Y,Y,Y,Y,Y,Y,Y,Y,A, ,S
-395184.192316121,8097991.11180794,1436,32780,32760,SCRABSTER HARBOR,GB,58.616667,-3.55,58,37,N,3,33,W,141,35059,S,CB,F,Y,Y,N,Y,N,A,C,L,O,4,L, , ,Y,N,Y,N,Y, ,Y,N,N, ,Y,Y,Y,Y,Y,Y,N,Y,Y, , , , ,Y,Y, ,N,Y,Y, , ,Y,Y,Y,Y, , , ,Y,Y,Y,Y,Y,Y,Y,C, , 
-573295.377585359,7946339.92962061,1437,32820,32790,ULLAPOOL,GB,57.9,-5.15,57,54,N,5,9,W,141,35078,V,OR,P,Y,N,N,Y, ,M,A,N, ,4,M,Y, ,N,N,N,N,Y, , ,N,N, , , , , ,Y, , ,Y,Y, , , , , ,Y, ,Y, , , , , , , ,Y, , , ,Y, ,Y, ,Y, , ,C, , 
-621533.823595777,7932387.26377201,1438,32830,32790,AULTBEA,GB,57.833333,-5.583333,57,50,N,5,35,W,141,35091,V,OR,P,Y,N,N,Y, ,K,H,O, ,11, , , ,N,N,N, ,Y, , , , , , , , ,Y, , , , , , , , , , , , , , ,N, , , , , , , , , , ,Y,Y, , , , ,D, , 
-632665.772675105,7908032.08635386,1439,32850,32790,GAIRLOCH,GB,57.716667,-5.683333,57,43,N,5,41,W,141,35090,V,RN,F,N,N,N,Y, , ,A,N, ,0,M,Y, ,N,N,Y, , ,Y, , , , , , , ,Y, , , , , , , , , , , , , , ,N, , , , , , , , , , ,Y,Y, ,Y, , ,D, , 
-628955.122981996,7828556.51193519,1440,32890,32790,PLOCKTON,GB,57.333333,-5.65,57,20,N,5,39,W,141,35094,V,CN,F, , , , , ,N,O, , ,0,M,Y, , , , , ,Y,Y, , , , , , , , ,Y, ,Y,Y, , , , , , , , , , , , , , , , , , , , , ,Y,Y, , , , ,D, ,S
-636376.422368214,7818251.40013027,1441,32900,32790,KYLE OF LOCHALSH,GB,57.283333,-5.716667,57,17,N,5,43,W,141,35095,V,OR,F,N,N,N,Y, ,N,H,N, ,5,M,Y, ,N,N,Y, ,Y, , , ,Y, ,Y,Y,Y,Y,Y, ,Y,Y,Y, , , , ,Y,Y, ,Y,Y, , , , , ,Y, ,Y, , ,Y,Y,Y, ,Y, , ,C, ,S
-638231.747214768,7814819.47388924,1442,32910,32790,KYLEAKIN,GB,57.266667,-5.733333,57,16,N,5,44,W,141,35095,V,CN,F,Y,N,N,Y, ,K,J,P, ,3, , , ,N,N,N, , , , , , , , , , ,Y, , , , , , , , , , , , , , , , , , , , , , , , , ,Y, , , , , ,D, , 
-654929.670833759,7811389.10033159,1443,32920,32790,BROADFORD BAY,GB,57.25,-5.883333,57,15,N,5,53,W,141,35094,V,CN,P,N,N,N,Y, ,H,K,O, ,13, ,Y, ,N,N,N, , , , , , , , , ,Y,Y, , , , , , , , , , , , , , ,N, , , , , , , , , , ,Y, , , , , ,D, , 
-690180.842918296,7845762.91082563,1444,32930,32790,PORTREE HARBOR,GB,57.416667,-6.2,57,25,N,6,12,W,141,35094,V,CN,F,N,Y,N,Y,Y,M,A,O, ,4,M,Y, ,N,N,Y, ,Y, , ,N,N, , , ,N,Y,Y, , ,Y, , , , , ,Y, , ,Y, ,N, , , , , ,N, , , , ,Y,Y,Y,Y, , ,C, ,S
-706878.766537287,7880293.52829284,1445,32950,32790,UIG,GB,57.583333,-6.35,57,35,N,6,21,W,141,35090,V,CN,G,N,N,N,Y, ,H,L,N, ,12, ,Y, ,N,N,Y, , , , , , , , , ,Y,Y,Y, , , ,Y, , , , ,Y, , , , ,N, , , , , , , , , , ,Y,Y,Y, , , ,D, , 
1350676.48829172,7189117.89087744,1446,28860,28826,ROSTOCK,DE,54.1,12.133333,54,6,N,12,8,E,194,44076,L,RN,G,N,N, ,Y,Y,L,H,N,O,1,M,Y,Y,Y, ,Y,Y,Y, , , ,Y,Y,Y,Y,Y,Y,Y, , ,Y,Y,Y, , , ,Y,Y, ,Y, ,Y,Y, ,Y,Y,Y,Y,Y, ,Y,Y,Y,Y,Y,Y,Y,Y,A,S,L
-797789.684018461,7883755.28087899,1447,32955,32790,LOCHMADDY,GB,57.6,-7.166667,57,36,N,7,10,W,141,35092,V,CN,G,N,N,N,Y, ,H,H,O, ,2,M,N, ,N,N,Y,N,Y, , ,N,N, , ,Y,Y,Y,Y, ,Y, ,Y, , , , ,Y,Y, ,N, ,Y, , , , ,Y,Y, , , , ,Y,Y,Y, ,N,N,C, , 
-833040.856102997,7749905.96596118,1448,32980,32790,CASTLE BAY,GB,56.95,-7.483333,56,57,N,7,29,W,141,35093,V,CN,G,N,N,N,Y, ,M,L,O, ,3, ,Y, ,N,N,N,N,N, , , , , , , ,Y,Y, , ,Y, , , , , , , , , , , ,N, , , , , , , , , , , ,Y,Y, , , , , , 
-812632.282790897,7790839.37063422,1449,32990,32790,LOCHBOISDALE,GB,57.15,-7.3,57,9,N,7,18,W,141,35092,V,CN,P,N,N,N,Y, ,L,C,O, ,3,M, , ,Y,N,Y,N,Y, ,Y, ,N, ,Y,Y,Y,Y,Y, ,Y, ,Y, , , , ,Y,Y, ,N, ,N, , , , , , , , , , ,Y,Y, , , , ,N, , 
1276463.49442954,7151240.19285447,1450,28870,28826,WISMAR,DE,53.9,11.466667,53,54,N,11,28,E,194,44072,S,CN,G,N,N,Y,Y, ,K,K,L,L,3,M,Y,Y,Y,N,Y,Y,Y, , , ,Y,Y, ,Y,Y, , , , ,Y,Y, , , , ,Y,Y, ,Y,Y,Y,Y, ,Y,Y,Y,Y, , , , , ,Y,Y,Y,Y,Y,C,S,M
-708734.091383842,8005929.15367726,1451,33020,32790,STORNOWAY HARBOR,GB,58.183333,-6.366667,58,11,N,6,22,W,141,35078,V,CN,F,N,N,N,Y, ,M,G,M,N,4,M,N, ,Y,N,Y,N,Y, , ,N,N, ,Y,Y,Y,Y,Y, ,Y, ,Y, , , , ,Y,Y, ,Y, ,Y, , , , ,Y,Y,Y, , ,Y,Y,Y,Y,Y,Y,Y,B, , 
2467582.04591756,9763728.98117054,1452,27220,24975,LULEA,SE,65.583333,22.166667,65,35,N,22,10,E,195,44281,M,CN,G,Y,Y,Y,Y,Y,J,C,L,L,3,M,Y,Y,Y,N,Y,Y,Y, ,Y,Y,Y, ,Y, ,Y,Y,Y, ,Y,Y,Y, , , , ,Y,Y, ,Y,Y,Y, , , ,Y,Y,Y, , , , ,Y,Y,Y,Y, ,Y,C, ,M
-16853770.9061016,8553471.56545249,1453,19795,19080,NIKISKI,US,60.683333,-151.4,60,41,N,151,24,W,CP09,16662,V,CN,F,N,N,N,Y, , , , ,H,11,L,Y, ,Y,N,Y, ,Y, , ,N,Y, , , ,Y, ,Y,Y,Y, ,Y, , , , ,Y,Y, , , , , , , , , ,Y,Y,N,Y,Y,N,Y,N,N,N,N,C, , 
11233991.9458879,1478779.97049229,1454,57458,57431,SI RACHA,TH,13.166667,100.916667,13,10,N,100,55,E,161,57460,M,OR,F, , , , ,Y,G,B,H, ,2,L,Y,Y, , ,Y,Y,Y, , , ,Y,Y,Y,Y,Y,Y,Y,Y,N, , , , , , ,Y,Y, ,N,Y,Y, , , ,Y,Y,Y, , , , ,Y,Y,Y, , , ,C, , 
1211527.12480013,7163845.88550398,1455,28880,28826,LUBECK-TRAVEMUNDE,DE,53.966667,10.883333,53,58,N,10,53,E,194,44071,S,RN,G,N,N, ,Y, ,L,E,K, ,0,L,Y,Y,N,N,Y,Y,Y, ,Y, ,Y,Y, , ,Y,Y,Y, ,Y,Y,Y, , , , ,Y,Y, ,Y,Y, , , , ,Y, , ,Y, ,Y, ,Y,Y,Y,Y, ,Y,B,M,M
-758827.862240815,7946339.92962061,1456,33030,32790,TARBERT,GB,57.9,-6.816667,57,54,N,6,49,W,141,35092,V,CN,F,N,N,N,Y, ,K,E,M, ,2,M,Y, ,N,N,Y,N,Y, , , ,Y, ,Y,Y,Y, ,Y, ,Y, ,Y, ,Y, , ,Y,Y, ,N, ,Y, , , , , , , , , , ,Y,Y,Y,Y, , ,C, ,S
-16686791.6699117,8675743.67999729,1457,19800,19080,ANCHORAGE,US,61.216667,-149.9,61,13,N,149,54,W,CP09,16665,S,CN,F,Y,N,N,Y, ,M,E,K,K,15,L,Y,Y,Y, ,Y, ,Y, ,Y, ,Y,Y, , ,Y,Y,Y,Y,Y,Y,Y,Y, , , ,Y,Y, ,N,Y,Y, , ,Y,Y,Y,Y,Y,Y,Y,Y,Y,Y,Y,Y,Y,Y,C, , 
994454.117753244,5527553.21543586,1458,39470,39330,GENOVA,IT,44.4,8.933333,44,24,N,8,56,E,131,53104/1,L,CB,E,N,N,N,Y,Y,F,L,G,A,1,M,Y,Y,Y,Y,Y,Y,Y, ,Y,Y,Y,Y,Y, ,Y, ,Y,Y,Y,Y,Y,Y,Y, , ,Y,Y, ,Y,Y,Y,Y,Y,Y,Y,Y,Y,Y,Y,Y,Y,Y,Y,Y,Y,Y,Y,A,L,L
1397059.60945558,7598333.45933738,1459,24100,23860,HOGANAS,SE,56.2,12.55,56,12,N,12,33,E,194,44048,V,CB,F,Y,N,Y,Y, ,L, ,N,M,2,M, ,Y,N,N,Y,Y,Y,Y,Y,N,Y, ,Y, , , ,Y, ,Y,Y,Y,Y, , , , ,Y, ,Y,Y,Y, , , ,Y, ,Y, , , , ,Y,Y,Y, , , ,C, ,S
11261821.8185862,1421675.05934432,1460,57437,57431,MAP TA PHUT,TH,12.666667,101.166667,12,40,N,101,10,E,161,93260/61,V,CB,F, , , ,Y, ,K, ,H,N,2,L, ,Y,Y, ,Y,Y,Y, , , ,Y,N,Y,Y, , ,Y, , , , , ,Y, , , ,Y, ,N, ,Y, , ,Y,Y, ,Y, , , , ,Y,Y,Y, , , , , , 
1191118.55148803,7148091.91317381,1461,28890,28826,LUBECK,DE,53.883333,10.7,53,53,N,10,42,E,194,44070,M,LC,G,Y,N,Y,Y,Y,L,H,L, ,0,M,Y,Y,Y,N,Y,Y,Y, ,Y, ,Y,Y,Y, ,Y,Y,Y, ,Y,Y,Y, , , , ,Y,Y, ,Y,Y,Y,Y, ,Y,Y,Y,Y, , , , , ,Y, , ,Y,Y,A,S,M
1910984.5919512,8553471.56545249,1462,25590,24975,GAVLE,SE,60.683333,17.166667,60,41,N,17,10,E,195,44200,S,CN,G,N,Y, ,Y,Y,K,J,L,K,1,M,Y, ,Y,N,Y,Y,Y, ,Y, ,Y,Y, , ,Y,Y,Y, ,Y,Y,Y,Y, , , ,Y,Y, ,Y,Y, , , , ,Y, ,Y, , ,Y,Y, ,Y,Y, ,Y,Y,C, ,M
1204105.82541391,7189117.89087744,1463,28900,28826,NEUSTADT,DE,54.1,10.816667,54,6,N,10,49,E,194,44075,V,RN,G,N,N,Y,Y,Y,N,N,N, ,0,M,Y, , , ,Y,Y,Y,Y, , ,Y,Y,Y,Y,Y,Y,Y, ,Y,Y,Y, , , , ,Y,Y, ,Y, , , , , , ,Y, , , , ,Y,Y,Y,Y,Y, , ,C, ,S
1222659.07387945,7239906.68978977,1464,28920,28826,HEILIGENHAFEN,DE,54.366667,10.983333,54,22,N,10,59,E,194,44069,V,CB,G,N,N,Y,Y,Y,N,M,O, ,0,M,Y, , , ,Y,Y,Y,Y,Y,N,N, , , , , , ,Y, ,Y,Y, , , , ,Y,Y, , , , , , , , , ,Y, , , , ,Y,Y,Y,Y, , ,C, ,S
1094641.65946719,5480930.4774991,1465,39520,39330,LA SPEZIA,IT,44.1,9.833333,44,6,N,9,50,E,131,53106,M,CB,G,N,N,N,Y, ,G,F,G,J,1,L,Y,Y,Y,N,Y,Y, , ,Y,Y,Y, ,Y, ,Y,Y,Y, , ,Y,Y,Y,Y, , ,Y,Y, ,Y,Y,Y, ,Y,Y,Y,Y,Y, , ,Y,Y,Y,Y,Y,Y,Y,Y,A,L,M
1116905.55762584,5470602.04329525,1466,39550,39330,MARINA DI CARRARA,IT,44.033333,10.033333,44,2,N,10,2,E,131,53106,V,CB,F,N,N,N,Y,N,H,M,K, ,0, ,Y, , , ,Y,Y, , , , ,Y, , , , , ,Y,Y,Y,Y,Y,Y, , , ,Y, , ,N, ,Y, , ,Y,Y,Y,Y,Y, , , ,Y,Y,Y,Y, , ,B, ,S
1910984.5919512,8610531.58348065,1467,25610,24975,NORRSUNDET,SE,60.933333,17.166667,60,56,N,17,10,E,195,44207,V,CN,G,N,N,Y,Y,Y,M,J,O, ,0,M, , ,Y,N,Y, ,Y, ,Y, ,Y, , , ,Y,Y,N,Y,Y,Y,Y,Y, , , ,N, , ,N, ,Y,Y, , , ,Y,Y, , , , , ,Y, , , , ,C, ,S
1128037.50670517,7230358.751386,1468,28930,28826,KIEL,DE,54.316667,10.133333,54,19,N,10,8,E,194,44066,L,RB,G,N,N,N,Y,Y,J,M,N,N,0,M,Y,Y,Y,N,Y, ,Y, ,Y,Y,Y,Y,Y, ,Y,Y,Y, ,Y,Y,Y, , , , ,Y,Y,Y,Y,Y,Y, , , ,Y,Y, ,Y,N, ,Y,Y,Y,Y,Y,Y,Y,A,M,S
1148446.08001727,5396065.69676217,1469,39590,39330,LIVORNO,IT,43.55,10.316667,43,33,N,10,19,E,131,53107,S,CB,G,N,Y,N,Y,N,H,L,N,L,1,L, ,Y,Y,N,Y,Y, , ,Y,N,Y,Y,Y, ,Y, ,Y, ,Y,Y,Y,Y,Y, , ,Y,Y, , ,Y,Y,Y,Y,Y, , ,Y,Y,Y,Y,Y, ,Y,Y,Y,Y,Y,A,L,M
11196885.4489568,805488.269561591,1470,57439,57431,SONGKHLA HARBOR,TH,7.216667,100.583333,7,13,N,100,35,E,161,93180,V,RN,F,N,N,N,Y, ,L,L,K,L,1,L, ,Y,Y,N,Y,Y,Y,Y, , ,Y, , , , , ,Y,Y,Y,Y,Y,Y, , , ,Y,Y, ,N,Y, , , , ,Y,Y,Y, , , , , ,Y,Y, , , ,N,S,S
-16935405.19935,8523220.64532729,1471,19805,19080,DRIFT RIVER,US,60.55,-152.133333,60,33,N,152,8,W,CP09,16662,V,CN,F,N,N,N,Y, , , , ,E,0, , , , , ,Y, ,Y, , , , , , , , , , , ,Y, ,Y, , , , , , , , , , , , , , , , , , , , , , , , , , , , , 
12098573.3243823,947829.817121306,1472,57642,57510,DAI HANG,VN,8.483333,108.683333,8,29,N,108,41,E,161,93020,V,OR,P,Y,Y, ,Y,Y, , , ,A,2,M, , ,Y, ,Y,Y,Y, ,Y, , , , , ,Y,Y,Y,Y, , , , ,Y, , , , , ,N, , , , , , , , ,Y, , ,Y, ,Y,Y, , , ,C, , 
1163288.67878971,5365398.06225473,1473,39610,39330,VADA,IT,43.35,10.45,43,21,N,10,27,E,131,53100,V,OR,P, ,Y, ,Y, ,O,F,J,J,0,M,Y,N, , , ,Y,Y, , , ,Y, , , ,Y,Y, , ,Y, ,Y,Y, , , , , , , ,Y,Y, , , , ,Y,Y, , , , ,Y,Y, , , , , , , 
1413757.53307457,7568375.68756716,1474,24120,23860,HELSINGBORG,SE,56.05,12.7,56,3,N,12,42,E,194,44048,M,CB,G,N,Y,N,Y,N,K,G,N,L,0,M,N, ,Y,N,Y, ,Y, , , ,Y,Y, , ,Y,Y,Y, , ,Y,Y,Y, , , ,Y,Y, ,Y,Y,Y, , , ,Y,Y, , , ,Y, ,Y,Y,Y,Y,Y,Y,B,S,M
1910984.5919512,8668041.29952526,1475,25640,24975,VALLVIK,SE,61.183333,17.166667,61,11,N,17,10,E,195,44207,S,CN,F,N,N,Y,Y, ,O,K,L, ,0, ,Y, ,Y,N,Y, ,Y, ,Y, ,Y,Y, , , , ,Y, ,Y,Y,Y,Y, , , ,Y,N, ,Y, ,Y, , , , ,Y,Y, , , , , ,Y, ,Y, , ,C, ,S
1174420.62786904,5301829.99932276,1476,39740,39730,PORTOVECCHIO DI PIOMBINO,IT,42.933333,10.55,42,56,N,10,33,E,131,53133,V,CB,F,N,Y,N,Y,Y,J,M,J, ,1,M,Y, ,Y,N,Y,Y, , ,Y, ,Y,Y, , ,Y, ,Y, , ,Y,Y,Y, , , ,Y, , ,Y,Y,Y,Y, ,Y,Y, ,Y,Y, , , , ,Y,Y,Y,Y,Y,C, ,S
11918606.8142665,1154702.58866247,1477,57655,57510,MUI VUNG TAU,VN,10.316667,107.066667,10,19,N,107,4,E, ,93360,V,CN,F, , , , , , , ,N, ,0,M, , ,Y, ,Y,Y, , , , ,Y,Y,Y,Y, , ,Y,Y,Y, , , , , , , , , , , , , , , , , , , , , , ,Y,Y,Y,Y, , , , , 
1901707.96771842,8695035.3790163,1478,25720,24975,SODERHAMN,SE,61.3,17.083333,61,18,N,17,5,E,195,44206,S,RN,E,N,N,Y,Y,Y,N,G,N,K,0,L,Y, ,Y,N,Y,Y,Y, ,Y, ,Y, , ,Y,Y,Y,Y, ,Y,Y,Y,Y, , , ,Y,Y, ,Y, ,Y, , , , ,Y,Y, , , , , ,Y,Y, , , ,C, ,S
1237501.67265189,5226113.32606554,1479,39790,39730,PORTO SANTO STEFANO,IT,42.433333,11.116667,42,26,N,11,7,E,131,53120,V,CB,F, , , , , ,J,A,M, ,1,M,Y, , , ,Y,Y, , , ,Y,Y, , , , , ,Y, , ,Y,Y,Y,Y, , ,Y,Y, ,N, ,Y, , , , ,Y, , , , , , ,Y,Y,Y,Y,Y,B, ,S
11914896.1645734,1184888.49137739,1480,57572,57510,PHU MY,VN,10.583333,107.033333,10,35,N,107,2,E,161,93030,V,RN,F, , , ,Y,Y,A, ,M,G,4,M, , ,Y, ,Y,Y,Y, , , ,Y,Y,Y,Y,Y,Y,Y,Y, , ,Y,Y,Y, , , , , , , ,Y,Y, ,Y,Y,Y,Y, , , , ,Y,Y,Y, , , , , , 
1094641.65946719,7262230.5061219,1481,28950,28826,ECKERNFORDE,DE,54.483333,9.833333,54,29,N,9,50,E,194,44065,S,RB,G,N,N,Y,Y,Y,M,E,N, ,1,M, , , ,N, ,N,N,N,N,N,N, , ,Y,Y, ,Y, ,Y,Y, , , , , ,N,N, ,N,N,N,N, , , , , , , , , , ,Y, ,Y, , ,N, , 
1311714.66651407,5175970.74920631,1482,39810,39730,CIVITAVECCHIA,IT,42.1,11.783333,42,6,N,11,47,E,131,53111,M,CB,F,N,N,N,Y, ,H,F,K,A,0,M,Y, ,Y,N,Y,Y,Y,Y,Y, ,Y,Y, ,Y,Y, ,Y,Y,Y,Y,Y, , , , ,Y,Y, ,Y,Y,Y,Y, , ,Y,Y,Y, , , , , ,Y,Y,Y,Y,Y,C, , 
13926068.2982385,987240.845126031,1483,59475,57960,GINGOOG,PH,8.833333,125.1,8,50,N,125,6,E,162,92025,V,CN,P, ,Y, ,Y, , ,A,O, ,0,M, , ,Y, , ,Y,Y, ,Y, , , , , ,N,N,Y, ,N, ,Y,Y, , , ,Y, , , , ,Y, , , ,Y,Y, , , , , , ,N,N, , , ,N, , 
1361808.43737105,5126091.07194063,1484,39820,39730,FIUMICINO,IT,41.766667,12.233333,41,46,N,12,14,E,131,53147,V,LC,F,N,Y,N,Y,Y,O,A,O,P,0,M,Y,N,Y,N,Y,Y,Y, ,Y, ,Y,Y, , ,Y,Y,Y, ,Y,Y,Y, ,Y, , ,Y,Y, ,Y, ,Y, , , , , , , , , , , ,Y,N,N, , ,C, ,S
1901707.96771842,8776624.59740915,1485,25760,24975,IGGESUND,SE,61.65,17.083333,61,39,N,17,5,E,195,UK70,V,CN,E,N,N,Y,Y,N,M,L,L, ,0, ,Y, , , ,Y, ,Y, ,Y, ,Y, , , ,Y,Y,Y, ,Y,Y,Y,Y, , , , , , , ,Y,Y, , , , ,Y, , , , , , ,Y,Y, , , ,C, ,S
1406336.23368836,5078944.86873378,1486,39830,39730,ANZIO,IT,41.45,12.633333,41,27,N,12,38,E,131,53147,V,CB,F, , , ,Y, ,N,L,O, ,0, , , , ,N,Y,Y, ,Y,Y,N,N, , , , , ,Y, ,Y,Y,Y,Y, , , , , , ,N,Y,Y, , ,Y, ,Y,Y, , , , , ,Y, , , , , , ,S
13851855.3043763,1222657.88219819,1487,58795,57960,ISABEL,PH,10.916667,124.433333,10,55,N,124,26,E,162,92090,V,OR,F, , , , ,Y,A,A,J, ,0,M, , , , ,Y,Y,Y, ,Y, ,Y,Y, ,Y, , ,Y, ,Y, ,Y,Y, , , ,Y, , , , , , , , , , , , , , , , ,Y,Y,Y, , , , , 
1512089.74994197,5041886.52615526,1488,39860,39730,GAETA,IT,41.2,13.583333,41,12,N,13,35,E,131,53133,S,CB,P,N,N,N,Y, ,A,G,K, ,1,M,Y, ,Y,N,Y,Y,Y, , , ,Y,Y, , ,Y,Y,Y,Y, ,Y,Y,Y, , , ,Y,Y, ,Y, ,Y, , , ,Y,Y,Y, , , , , ,Y,Y,Y, , ,C,S,S
1905418.61741153,8796186.62297836,1489,25780,24975,HUDIKSVALL,SE,61.733333,17.116667,61,44,N,17,7,E,195,UK70,S,RB,G,N,N,Y,Y,Y,K,L,N,K,0,M,Y, ,Y,N,Y,Y,Y, ,Y, ,Y,Y, , , , ,Y,Y,Y,Y,Y,Y, , , ,Y, , ,N, ,Y, , , ,Y,Y,Y, , ,Y,Y, ,Y,Y,Y, , ,C, ,S
1571460.14503171,4985337.5318364,1490,39940,39730,POZZUOLI,IT,40.816667,14.116667,40,49,N,14,7,E,131,53162/1,V,CB,F, , , , , ,H,J,N, ,1, ,Y, ,Y, ,Y,Y, , , , ,Y,Y,Y, , , ,Y, ,Y,Y,Y,Y, , , ,Y, , ,N, ,Y, , ,Y, ,Y, , , , , , ,Y,Y,Y, , ,C, ,S
1105773.60854652,7297439.82513672,1491,28955,28826,KAPPELN,DE,54.666667,9.933333,54,40,N,9,56,E,194,44058,V,RN,G,N,N,Y,Y,Y,P,J,P, ,0,M, , , , ,Y, ,Y, , , , , , , , , ,Y, ,Y,Y,Y, , , , ,Y, , ,N, ,Y, , , , ,Y,Y, , , , , ,Y,Y,Y, , ,C, ,S
13961319.4703231,1006021.06275513,1492,59343,57960,MASAO,PH,9,125.416667,9,0,N,125,25,E,162,BA957,V,CN,P, , , , , ,P,A,N,N,2,M, , ,Y, ,Y,Y,Y,Y,Y, ,Y, , ,Y, , ,N, ,Y, , ,Y,Y, , ,Y, , ,N, , , , , , , ,Y, , , , , ,Y,Y, , , ,C, , 
1577026.11957138,4985337.5318364,1493,39950,39730,BAGNOLI,IT,40.816667,14.166667,40,49,N,14,10,E,131,53162,S,OR,P,N,N,N,Y, ,A,C,H, ,0,L,Y, ,Y,N,Y,Y,Y, ,Y, ,Y,Y, , , , ,Y,Y,Y,Y,Y,Y, , , ,Y, , ,Y, ,Y, , , ,Y, ,Y, , , , , ,Y,Y,Y,Y,Y,C, ,S
1931393.1652633,8835469.96235082,1494,25800,24975,STOCKA,SE,61.9,17.35,61,54,N,17,21,E,195,44220,V,CN,G, , , ,Y, ,N,M,N, ,0, ,Y, , , ,Y,Y, , ,Y, , , , , ,Y,Y,Y, , ,Y,Y,Y, , , , , , ,N,Y, , , , , ,Y, , , , , ,Y,Y,Y, , , ,C, ,S
-16985498.970207,8422035.51916729,1495,19807,19080,SNUG HARBOR,US,60.1,-152.583333,60,6,N,152,35,W,CP09,16661,V,CN,G,N,N,Y,Y, , ,B,N, ,0, , , , , , , , , , , , , , , , , , , , , ,Y,Y, , , , , , , , , , , , , , , , , , , , ,Y, , , , , , , 
1428600.13184701,7531918.41924114,1496,24180,23860,LANDSKRONA,SE,55.866667,12.833333,55,52,N,12,50,E,194,44048,S,CN,G,N,N,N,Y,Y,J,K,N, ,3,M,N,Y,Y,N,Y, ,Y, ,Y, ,Y, ,Y, ,Y, ,Y, ,Y,Y,Y,Y, , , ,Y,Y, ,Y,Y,Y, ,Y,Y, ,Y, , , , , ,Y,Y,Y,Y,Y,Y,A,M,M
-14033677.1393387,6323074.59467793,1497,18790,18080,AHOUSAT,CA,49.283333,-126.066667,49,17,N,126,4,W,154,17546,V,CN,F, , , , , , , ,N, ,0, , , , , , , ,Y, , , , , , , ,Y, , , ,Y, ,Y, , , , , , , , , , , , , , , , , , , , ,Y,Y, ,Y, , , , , 
1588158.0686507,4990241.81061555,1498,39960,39730,NAPOLI,IT,40.85,14.266667,40,51,N,14,16,E,131,53164,L,CB,E,N,Y,N,Y,Y,G,C,K,H,0,L,Y,Y,Y,Y,Y,Y, , , ,Y,Y,Y,Y,Y,Y,Y,Y,Y,Y,Y,Y,Y,Y, , ,Y,Y, ,Y,Y,Y,Y,Y,Y,Y,Y,Y,Y,Y,Y,Y,Y,Y,Y,Y,Y,Y,A,L,L
1050113.86314988,7323146.54457674,1499,29005,28826,FLENSBURG,DE,54.8,9.433333,54,48,N,9,26,E,194,44061,S,RB,G, ,N,N,Y,Y,N,J,N,N,2,M, , ,Y,N,Y,Y,Y, ,Y,N,Y,Y,Y, , , ,Y, , ,Y,Y,N, , , ,Y,Y,Y,Y,Y,Y, , , ,Y,Y,Y,Y, , ,Y,Y,Y,Y,Y,Y,Y,A, ,S
-16976222.3459742,7949832.13913861,1500,19810,19080,OUZINKIE,US,57.916667,-152.5,57,55,N,152,30,W,CP09,16594,V,CN,F,N,N,N,Y, , , ,N, ,7, , , , , ,Y, , , , , , , , , , ,Y, ,Y, , ,Y,Y, , , , , , , , , , , , , , , , , , , , , , , , , , , , 
-14100468.8338147,6431856.46378481,1501,18805,18080,TAHSIS,CA,49.916667,-126.666667,49,55,N,126,40,W,154,17545,V,CN,E,N,N,N,Y,Y,A,A,J, ,4,L,Y,Y,Y,N,Y,Y,Y, ,Y, ,Y,Y,Y, ,Y, ,Y, ,Y, ,Y,Y, , ,Y,Y, , ,N, , , , , , , ,Y,Y,N,Y,Y,Y,Y,N,Y,Y,Y,C, ,S
1447153.38031256,7482480.24750908,1502,24210,23860,MALMO,SE,55.616667,13,55,37,N,13,0,E,194,44051,L,CB,G,N,N, ,Y,Y,L,K,N,J,0,M,N, ,Y,N,Y, ,Y, ,Y,Y,Y,Y, ,Y,Y,Y,Y,Y,Y,Y,Y,Y, , , ,Y,Y, ,Y,Y,Y, , ,Y,Y, , ,Y,Y,Y,Y, ,Y,Y,Y,Y,Y,A,S,L
13916791.6740058,1243449.03410842,1503,58695,57960,TANAUAN,PH,11.1,125.016667,11,6,N,125,1,E,162,92061,V,OR,F, ,Y, ,Y,Y,J, ,L, ,0,M, , , , ,Y,Y,Y, , ,N,N, , ,Y, , , , ,Y, , , , , , ,Y, , , , , , , , , , , , , , , ,Y,N,N, , , ,N, , 
1439732.08092634,7475912.34186826,1504,24220,23860,LIMHAMN,SE,55.583333,12.933333,55,35,N,12,56,E,194,44051,V,CB,G,N,N, ,Y,Y,M,L,M, ,3,L,Y, ,N,N,Y,Y,Y, ,Y, ,Y, , , ,Y,Y, , ,Y,Y,Y,Y, , , ,Y, , ,N,Y, , , , , ,Y, , , , , , ,Y,Y, ,Y,Y,A,S,L
925807.098430725,4743180.61786675,1505,39250,39130,CARLOFORTE,IT,39.15,8.316667,39,9,N,8,19,E,131,53265,V,CB,F, ,Y, ,Y, ,N,B,M, ,0, , , , , , ,Y,Y,Y, ,N,N,Y, , ,Y,Y,Y, ,Y, ,Y,Y, , , ,Y, , ,N,Y, , ,Y, , , , , , , , ,Y,Y, , , , ,C, ,M
-14206222.3500683,6539157.26508155,1506,18818,18080,BERGH COVE,CA,50.533333,-127.616667,50,32,N,127,37,W,154,17542,V,CN,G,N,N,N,Y,N,A, ,N, ,3,M, , ,Y,N,N, ,Y, , , , , , , ,Y, , , , , ,Y, , , , , , , ,N, , , , , , , , , , , , , , , ,Y, , , , , 
-16965090.3968949,7921939.69509893,1507,19820,19080,KODIAK,US,57.783333,-152.4,57,47,N,152,24,W,CP09,16595,S,CN,G,N,N,N,Y, ,M,H,L,L,7,L, , ,Y, ,Y,Y,Y, , , ,Y, , , ,Y,Y,Y,Y,Y, ,Y,Y, , , ,Y,Y, , , ,Y, , , , ,Y,Y,Y, ,Y,Y,Y,Y,Y,Y,Y,Y,C, , 
1463851.30393155,7433356.31760147,1508,24250,23860,TRELLEBORG,SE,55.366667,13.15,55,22,N,13,9,E,194,44100,S,CB,G,N,N,Y,Y, ,M,M,L,L,1,L,Y, ,Y,N,Y,Y,Y,Y,Y, ,Y, ,Y, , ,Y,Y, ,Y,Y,Y,Y, , , ,Y, , ,Y,Y,Y, , , ,Y,Y,Y, , , , ,Y,Y,Y,Y, , ,C, ,S
935083.722663498,4750360.4811166,1509,39260,39130,PORTO VESME,IT,39.2,8.4,39,12,N,8,24,E,131,53265,V,CB,P,N,N,N,Y, ,G,G,J, ,0,L,Y,Y, , , ,N,Y,Y, , ,Y,N, , , , ,Y, ,Y, ,Y,Y, , , , , , ,N,Y, , , , , ,Y, , , ,Y,Y, , ,Y,Y,N,N,C, , 
15814788.9920311,6303188.70234715,1510,60981,60840,SHAKHTERSK,RU,49.166667,142.066667,49,10,N,142,4,E,155,96181,V,CN,F, , ,Y, , ,N,L, , ,0, , , , , , , ,N, , , ,Y, , , , , ,Y, , ,Y, ,Y, , , , , , , , ,Y, , , , ,Y, , , , , , , , , , , , , ,S
1684634.96067154,7374815.51877076,1511,29085,29020,NEKSO,DK,55.066667,15.133333,55,4,N,15,8,E,194,44120,V,CB,G,N,Y,Y,Y,Y,O,H,N, ,0,M,Y, ,N,N,Y,N,Y,Y,Y, ,Y, ,Y,Y, , ,Y,Y, , , ,Y, , , , , , ,N,Y, , , , , ,Y, , , , , ,Y,Y,Y,Y, , ,B,S, 
-14187669.1016027,6512928.99865117,1512,18820,18080,PORT ALICE,CA,50.383333,-127.45,50,23,N,127,27,W,154,17495,S,CN,G,N,N,N,Y,N,A,A,K,K,4,L, , ,N,N,Y,Y,Y, ,Y, ,Y,Y,Y, ,Y, , , , , ,Y,Y, , , ,Y,N, ,N, ,Y, , , , ,Y,Y,N,N,N,N,Y,Y,Y,Y,N,N,C, , 
-16978077.6708208,7908032.08635386,1513,19830,19080,WOMENS BAY,US,57.716667,-152.516667,57,43,N,152,31,W,CP09,16596,V,CN,G,N,N,N,Y, ,L, ,L,L,7, , , , , ,Y, ,Y, , , , , , , ,Y,Y,Y,Y,Y, ,Y, , , , ,Y,Y, , , , , , , , , ,N,Y,Y,N,Y,Y,Y,Y,Y,Y,Y, , , 
1539919.62264028,7446425.58468222,1514,24260,23860,YSTAD,SE,55.433333,13.833333,55,26,N,13,50,E,194,44120,S,CB,G,N,N, ,Y,Y,M,M,N, ,1,M,Y, ,Y,N,Y,Y,Y, , , ,Y,N, , , , ,Y, ,Y,Y, , , , , ,Y,Y, ,N,Y,Y, , , ,Y,Y,Y, , , , , ,Y,Y, , , ,C, ,S
348801.071152257,4841752.20969444,1515,38670,38600,PUERTO DE ALCUDIA,ES,39.833333,3.133333,39,50,N,3,8,E,131,52141,V,CB,F,N,N,N,Y,N,M,H,M,M,0,M,Y,N, ,N,Y,Y,Y, ,Y, ,Y, , , ,Y,Y,Y, ,Y, ,Y, , , , ,Y,N, ,Y,Y, , , , ,Y,Y,Y, , ,Y, ,Y,Y,Y,Y, , ,C, , 
4079859.33757348,5674151.53822234,1516,44162,44030,KAVKAZ OIL TERMINAL,RU,45.333333,36.65,45,20,N,36,39,E, ,BA2216,V,OR,P, , , ,Y,Y, , ,N,N,0,M, , ,Y, ,Y,Y,Y, , , ,Y,Y,Y, ,Y,Y,Y, , ,Y,Y, , , , , ,Y, ,Y, , , , , , , , , , , , , ,Y,Y, , , ,C, ,S
-14202511.7003752,6550841.04206492,1517,18835,18080,COAL HARBOR,CA,50.6,-127.583333,50,36,N,127,35,W,154,17542,V,CN,G,N,N,N,Y,N,D,B,M, ,7,M,Y,Y,N,N,N, ,Y, , , , , , , ,Y, ,Y, , , ,Y,Y, , , , , , ,N, , , , , , , , , , , , ,Y,Y,Y,Y, ,Y,C, ,S
-17050435.3398364,7794260.46358267,1518,19840,19080,PORT HOBRON,US,57.166667,-153.166667,57,10,N,153,10,W,CP09,16592,V,CN,G,N,N,N,Y, , , ,L, ,6, , , , , ,Y, ,Y, , , , , , , , , , , , , ,Y,Y, , , , , , , , , , , , , , , , , , , , , , , , , , , , 
1636396.51466112,7381298.31218592,1519,29110,29020,RONNE,DK,55.1,14.7,55,6,N,14,42,E,194,44120,S,CB,F,N,N,Y,Y, ,L,C,O,M,0,L,N, ,Y, ,Y,Y,Y, ,Y, ,Y, ,Y,Y, ,Y,Y, , , ,Y, , , , ,Y,Y, ,Y,Y,Y, , ,Y, ,Y,Y,Y, ,Y,Y,Y,Y,Y, ,Y,Y,B,S, 
474963.160717967,4849003.05272489,1520,38690,38600,MAHON,ES,39.883333,4.266667,39,53,N,4,16,E,131,52143,V,RB,P,N,N,N,Y,N,G,A,J, ,0,M,Y, ,Y,N,Y,Y,Y, ,Y, ,Y,Y, ,Y, ,Y,Y,Y,Y, ,Y, , , , ,Y,Y, ,Y,Y,Y,Y, ,Y,Y,Y,Y, , , , ,Y,Y,Y,Y, , ,C,S, 
1599290.01773003,7469350.01088756,1521,24280,23860,SIMRISHAMN,SE,55.55,14.366667,55,33,N,14,22,E,194,44120,S,CT,F,N,Y,Y,Y,N,N,G,N, ,0,M,Y, ,N,N,Y, ,Y, , , , , ,Y, , , ,Y, ,Y, ,Y,Y, , , ,Y, , ,N, ,Y, , , , ,Y, , , , , ,Y,Y,Y, , , ,C, , 
14592129.9181516,5256326.93277128,1522,60582,60530,ZARUBINO,RU,42.633333,131.083333,42,38,N,131,5,E,155,96039,V,CN,F,N,N,N,Y,N,C,D,L, ,0, , , ,Y, ,Y,Y,Y, , ,Y,Y,Y, ,Y,Y,Y,Y,Y, ,Y, , ,Y, , ,Y,Y, , ,Y,Y, , ,Y,Y,Y,Y, , , , ,Y,Y,N, , , ,C, ,S
-14191379.7512958,6571327.54238709,1523,18840,18080,PORT HARDY,CA,50.716667,-127.483333,50,43,N,127,29,W,154,CA3548,V,CN,G,N,N,N,Y,N,A,A,M, ,3,M, , ,N,N,Y,Y,Y, , , , ,Y,Y, ,Y, ,Y, ,Y, ,Y,Y, , , ,Y,Y, ,N, , , , , , , ,N,Y,N,N,Y,Y,Y,Y,Y,N,Y, , , 
-17054145.9895295,7790839.37063422,1524,19850,19080,MCCORD,US,57.15,-153.2,57,9,N,153,12,W,CP09,16592,V,CN,G, , , ,Y, , , ,L, ,6, , , , , ,Y, ,Y, , , , , , , , , , , , , ,Y,Y, , , , , , , , , , , , , , , , , , , , , , , , , , , , 
1636396.51466112,7397528.98304546,1525,29120,29020,HASLE,DK,55.183333,14.7,55,11,N,14,42,E,194,44120,V,CB,F,N,N,Y,Y,Y,O,C,O,O,0,M, , ,N,N,Y,N,Y,Y, , , , ,Y,Y,Y,Y,Y, , , , ,Y, , , ,Y,Y, ,N,Y, , , , , ,Y, , , , , ,Y,Y,Y,Y, , ,C, ,M
354367.045691921,5201008.89595191,1526,38590,38340,ROSAS,ES,42.266667,3.183333,42,16,N,3,11,E,131,52120,V,CN,G,N,N,N,Y, ,M,E,O, ,0, , , ,N,N,Y,N,Y, , ,N,Y,Y, , , , ,Y, ,Y,Y, ,Y, , , ,Y, , ,N,Y, , , , , ,Y, , , , , , ,Y,Y, , , ,C, , 
1593724.04319037,7545155.63909806,1527,24300,23860,AHUS,SE,55.933333,14.316667,55,56,N,14,19,E,194,44120,S,RB,G,N,N,Y,Y, ,L,N,L,L,0,M, ,Y,Y,N,Y,Y,Y, , , ,Y, ,Y, , , ,Y, ,Y, , , , , , ,Y,Y, ,Y,Y,Y,Y, , ,Y, ,Y, , , , ,Y,Y,Y, , , ,C, , 
-14139430.6555923,6556689.13745357,1528,18850,18080,SOINTULA,CA,50.633333,-127.016667,50,38,N,127,1,W,154,CA3546,V,CN,F,N,N,N,Y,N,A,E,K,N,3,M, , ,N,N,N, ,Y, , , , , , , ,Y, , , ,Y, ,Y,Y, , , , , , ,N, , , , , , , , , , , , ,Y,Y, ,Y, , ,C, , 
-17087541.8367675,7784001.8056912,1529,19860,19080,THREE SAINTS BAY,US,57.116667,-153.5,57,7,N,153,30,W,CP09,16592,V,CN,G, , , , , , , ,M, ,6, , , , , , , ,Y, ,Y, , , , , , , , , , , , ,Y,Y, , , , , , , , , , , , , , , , , , , , , , , , , , , 
15979912.9033744,6927697.68990079,1530,60870,60840,VITAZ MARINE TERMINAL,RU,52.7,143.55,52,42,N,143,33,E,155,96340,V,OR,P,Y,Y, ,Y, , ,A, ,A,0, , , ,Y, ,Y,Y,Y,Y,Y,Y,Y,Y,Y,Y,Y,Y,Y,Y,N, , ,Y,Y, , ,Y,N, ,N, , , , , , , , , , , , ,N,N,N, , , , , , 
1623409.24073524,7568375.68756716,1531,24310,23860,SOLVESBORG,SE,56.05,14.583333,56,3,N,14,35,E,194,44120,S,CN,E,N,N,Y,Y, ,M,M,M,M,1,M,Y, ,Y,N,Y,Y,Y,Y,Y, ,Y, ,Y, , , ,Y, ,Y, ,Y,Y, , , ,Y,Y, ,Y,Y,Y,Y, , ,Y, ,Y, , , , ,Y,Y,Y, , , ,B,S, 
346945.746305703,5238690.57386197,1532,38720,38710,PORT-VENDRES,FR,42.516667,3.116667,42,31,N,3,7,E,131,52081,S,CB,G, ,Y,N,N, ,L,A,L, ,0,M,Y, ,Y,N,Y,Y,Y, , ,N,N,Y,Y, , , ,Y, ,Y,Y,Y,Y,Y, , , ,Y, ,N,Y,Y, , ,Y,Y,Y, , , , , ,Y,Y,Y,Y, , ,C,S, 
1690200.9352112,7423568.8082057,1533,29130,29020,CHRISTIANSO HARBOR,DK,55.316667,15.183333,55,19,N,15,11,E,194,44120,V,CB,G,N,Y,Y,Y,Y,P, , , ,0,M, , ,Y,Y, , ,Y,Y, , , , , , , , , ,Y, ,Y, , , , , , , , , , , , , , , , , , , , , , , , , , , , , ,S
-14130154.0313595,6547918.54756419,1534,18860,18080,ALERT BAY,CA,50.583333,-126.933333,50,35,N,126,56,W,154,CA3546,V,CN,F,Y,N,N,Y,N,G,H,L, ,3,L,Y,Y,N,N,N,Y,Y, , , , , , , ,Y,Y, ,Y,Y, ,Y,Y, , , ,Y, , ,N, , , , , , , , , , , , , ,Y, ,Y, , ,C, , 
-17159899.5057831,7760118.67290246,1535,19870,19080,TRAP POINT,US,57,-154.15,57,0,N,154,9,W,CP09,16591,V,CN,G,N,N,N, , , , ,K, ,9, , , , , ,Y, ,Y, , , , , , , , ,Y, ,Y, , ,Y,Y, , , , , , , , , , , , , , , , , , , , ,Y, , , , ,C, , 
1935103.81495641,8938617.69916378,1536,25900,24975,STOCKVIK,SE,62.333333,17.383333,62,20,N,17,23,E,195,44223,V,CN,G,N,N,N,Y, ,A,D,M, ,0, , , , , ,Y,Y, , , , , , , , , , ,Y, , ,Y,Y,Y, , , , , , ,N,Y, , , , , ,Y, , , , , ,Y, , , , , , , , 
-14146851.9549785,6547918.54756419,1537,18872,18080,PORT MCNEILL,CA,50.583333,-127.083333,50,35,N,127,5,W,154,CA3546,V,CN,F,N,N,N,Y,N,J,F,M,J,3,M, , ,N,N,N,Y, , , , , ,Y, , ,Y, , ,Y,Y, ,Y,Y, , , ,N,Y, ,N, , , , , , , ,N,N,N,N,N,Y,Y,N,Y,N,N, , , 
-17171031.4548624,7739706.94735251,1538,19880,19080,LAZY BAY,US,56.9,-154.25,56,54,N,154,15,W,CP09,16591,V,CN,P,N,N,N, , ,A,F,L, ,9, ,Y, , , ,Y, ,Y, , , , , , , , , ,Y,Y,Y, ,Y,Y, , , ,Y,N, , , , , , , , , ,N,N,N,N,N,Y,Y,N,Y,N,Y,C, , 
341379.771766039,5314509.02772361,1539,38730,38710,PORT-LA-NOUVELLE,FR,43.016667,3.066667,43,1,N,3,4,E,131,53060,S,LC,G,N,N,N,Y,Y,N,C,L,G,0,M,Y,Y,Y,N,Y,Y,Y,Y, ,N,Y,Y,Y, , , ,Y,Y,Y,Y,Y,Y, , , ,Y, , ,N, ,Y, , , , ,Y,Y, , , , ,Y,Y,Y,Y, , ,C, ,S
1654949.76312667,7591666.07176958,1540,24370,23860,KARLSHAMN,SE,56.166667,14.866667,56,10,N,14,52,E,194,44105,M,RN,G,N,Y,N,Y, ,H,J,N,J,0,M,Y, ,Y,N,Y,Y,Y,Y,Y, ,Y, , ,Y, , ,Y, ,Y,Y,Y,Y, , , ,Y,Y,Y,Y,Y,Y, ,Y, ,Y, ,Y,N,N,N,N, ,Y,Y,Y, ,Y,C,S,M
1931393.1652633,8950614.87868996,1541,25910,24975,SUNDSVALL,SE,62.383333,17.35,62,23,N,17,21,E,195,44223,M,CN,E,N,N,Y,Y,Y,K,K,J,J,1,M,Y,Y,N,N,Y,Y,Y, ,Y, ,Y, ,Y, ,Y,Y,Y, ,Y,Y,Y,Y, , , ,Y,Y, ,Y,Y,Y, ,Y,Y,Y,Y, , , , , ,Y,Y,Y,Y, , ,C, ,S
-17193295.3530211,7876833.36107524,1542,19890,19080,KARLUK,US,57.566667,-154.45,57,34,N,154,27,W,CP09,16599,V,OR,P,N,N,N, , , ,B, , ,11, , , , , ,Y, ,Y, , , , , , , , ,Y, ,Y, , , ,Y, , , , , , , , , , , , , , , , , , , , , , , , , , , , 
-14111600.782894,6869736.03526603,1543,18890,18080,BELLA COOLA,CA,52.383333,-126.766667,52,23,N,126,46,W,154,17003,V,CN,F,N,N,N,Y,N, ,A,M, ,10,L, , ,Y,N,Y,Y, , , , , ,Y,Y, ,Y,Y,Y, ,Y, ,Y,Y, , , , , , ,N, , , , , , , , , , , , , , , ,Y, , , , , 
1354387.13798483,7404030.75586499,1544,29180,29150,FAKSE LADEPLADS HAVN,DK,55.216667,12.166667,55,13,N,12,10,E,194,44068,V,CB,F,N,N,N,Y,Y,O,N,O, ,1,M, , ,N,N,Y,N,Y, ,Y, ,Y, ,Y,Y, , ,Y, ,Y,Y,Y, , , , ,Y, , ,Y, ,Y, , , , ,Y,Y,Y, , ,Y,Y,Y,Y,Y, , ,C, ,S
411882.115935112,5373055.47188349,1545,38750,38710,SETE,FR,43.4,3.7,43,24,N,3,42,E,131,53065,S,CB,E,N,Y,N,Y,Y,G,L,H,J,1,M,Y, ,Y,N,Y,Y,Y, ,Y,Y,Y,Y,Y, ,Y,Y,Y,Y,Y,Y,Y,Y, , , ,Y,Y, ,Y, ,Y, , , ,Y,Y,Y, , , , ,Y,Y,Y,Y, , ,C, ,L
1703188.20913709,7594999.04172466,1546,24440,23860,RONNEBY,SE,56.183333,15.3,56,11,N,15,18,E,194,44120,S,RN,G,N,N,Y,Y, ,N,M,N,N,0,M,Y, ,Y,N,Y,Y,Y, ,Y,N,Y,Y,Y, ,Y,Y,Y,Y,Y,Y,Y,Y, , ,Y,Y, , ,Y, ,Y, , , ,Y,Y,Y, , , , , ,Y,Y, , , ,C, , 
-17143201.5821641,7890683.549146,1547,19900,19080,UYAK,US,57.633333,-154,57,38,N,154,0,W,CP09,16599,V,CN,F,N,N,N,Y, , ,B, , ,14, , , , , ,Y, ,Y, , , , , , , , , , , , , ,Y,Y, , , , , , , , , , , , , , , , , , , , , , , , , , , , 
1931393.1652633,8974669.40052411,1548,26140,24975,VIVSTAVARV,SE,62.483333,17.35,62,29,N,17,21,E,195,44220/3,V,CN,G,N,N,N,Y, ,M,M,M, ,0,M, , ,N,N,Y,Y,Y, ,Y, ,Y, , , ,Y, ,Y, , ,Y,Y,Y, , , , , , ,N,Y, , , , , ,Y, , , , , ,Y, ,Y, , , ,C, ,S
-14265592.745158,6830317.20780137,1549,18915,18080,BELLA BELLA,CA,52.166667,-128.15,52,10,N,128,9,W,154,17485,V,CN,F,Y,N,N,Y,N,A,A,M,M,3, , , ,N,N,N, , , , , , , , , , , , , , , ,Y,Y, , , ,Y, , ,N,Y, , , , , ,Y, , , , , ,Y,Y, ,Y, , , , , 
1736584.05637507,7591666.07176958,1550,24460,23860,KARLSKRONA,SE,56.166667,15.6,56,10,N,15,36,E,194,44120,V,CB,G,N,Y,N,Y,Y,M,M,P,M,1,M,Y, ,Y,N,Y,Y,Y,Y,Y, ,Y, ,Y, , , ,Y, ,Y,Y,Y,Y, , , ,Y, , ,Y,Y,Y,Y,Y, , ,Y, , , , , , ,Y,Y, ,Y,Y,C,M, 
536188.880654268,5370502.3003887,1551,38770,38710,PORT SAINT LOUIS DU RHONE,FR,43.383333,4.816667,43,23,N,4,49,E,131,53063/1,S,LC,F,N,N,N,Y,N,M,M,E,B,0,L, , ,Y,N,Y,Y, ,Y,Y,N,Y,Y,Y, ,Y,Y,Y, ,Y,Y,Y, , , , , , , ,Y,Y, ,Y, , ,Y, , , , , , ,Y,Y,Y,Y, , ,C, ,S
1358097.78767794,7449696.34934758,1552,29220,29150,KOGE,DK,55.45,12.2,55,27,N,12,12,E,194,44047,V,CB,G,N,N,N,Y,Y,N,M,M,M,0,M,Y,Y,Y,Y,Y,Y,Y, ,Y,N,Y, ,Y,Y, , ,Y, ,Y,Y,Y, , , , ,Y, , ,Y, ,Y, , , ,Y, ,Y,Y, , ,Y,Y,Y,Y,Y, , ,C,S,S
-17141346.2573176,7869917.77577253,1553,19910,19080,LARSEN BAY,US,57.533333,-153.983333,57,32,N,153,59,W,CP09,16599,V,CN,G,N,N,N,Y, ,L,A,P, ,14, ,Y, , , ,Y, ,Y, , , , , , , , , ,Y,Y,Y, ,Y,Y, , , ,Y,N, , ,Y, , , , , ,Y,Y,Y,Y,N,N, ,Y,Y,Y,Y,N,C, ,S
-14306409.8917822,6909348.78733988,1554,18916,18080,KLEMTU,CA,52.6,-128.516667,52,36,N,128,31,W,154,CA3734,V,CN,G,N,N, ,Y,N,G,B,L,N,0,M,Y, ,N,N,N, , , , , , , , , , , , ,Y, , ,Y,Y, , , , , , ,N, , , , , , , , , , , , , ,Y, ,Y, , , , , 
543610.180040486,5375609.34579956,1555,38775,38710,FOS,FR,43.416667,4.883333,43,25,N,4,53,E,131,53063/1,V,CB,F,Y,N,N, , ,B,J,M,C,0,L,Y, ,Y, ,Y,Y,Y, ,Y,Y,Y,Y,Y,Y, , ,Y,Y,Y,Y,Y, , , , ,Y,Y, ,Y, ,Y, , , ,Y,Y,Y, , ,Y,Y,Y,Y,Y,Y,Y,Y,B,M,S
1792243.8017717,7635108.04068269,1556,24530,23860,BERGKVARA,SE,56.383333,16.1,56,23,N,16,6,E,194,44140,V,OR,F,N,N,N,Y,Y,N,M,O, ,1,M,Y, ,N,N,Y,Y,Y, ,Y, ,Y, , , ,Y,Y,Y, ,Y,Y,Y,Y, , , ,Y,Y, ,Y, ,Y, , , , , ,Y,Y, , ,Y, ,Y,Y, , , ,C, , 
-17067133.2634554,7911506.58499151,1557,19920,19080,PORT OBRIEN,US,57.733333,-153.316667,57,44,N,153,19,W,CP09,16597,V,CN,G,N,N,N, , , ,A,K,M,11, , , , , ,Y, ,Y, , , , , , , , ,Y, ,Y, , ,Y,Y, , , , , , , , , , , , , , , , , , , , ,Y,Y,Y, , , , , 
1404480.9088418,7498924.47765349,1558,29230,29150,KOBENHAVN,DK,55.7,12.616667,55,42,N,12,37,E,194,44050,L,CB,E,N,N,Y,Y,Y,L, ,M,N,0,L,Y,Y,Y,Y,Y,Y,Y, ,Y, ,Y, ,Y,Y, , ,Y, ,Y,Y,Y, , , , ,Y,Y,Y,Y,Y,Y, ,Y,Y, , ,Y, , , , , ,Y,Y,Y, , ,C, ,L
-14324963.1402478,7013886.44302104,1559,18920,18080,BUTEDALE,CA,53.166667,-128.683333,53,10,N,128,41,W,154,CA3739,V,CN,F,N,N,N,Y,N, , ,K,M,9, , , ,N,N,N, , , , , , , , , , , , ,Y,Y, ,Y, , , , , , , ,N, , , , , , , , , , , , ,Y,Y, ,Y, , ,C, ,S
1821928.99931658,7692291.21836787,1560,24570,23860,KALMAR,SE,56.666667,16.366667,56,40,N,16,22,E,194,44161,V,CB,G,N,N,Y,Y,Y,M,M,N,M,0,M,Y, ,Y,N,Y,Y, , ,Y, ,Y, ,Y, ,Y,Y,Y, ,Y,Y,Y,Y, , , ,Y,Y, ,Y,Y,Y,Y, ,Y,Y,Y,Y, , , , ,Y,Y,Y, , ,Y,C,M,M
-17035592.741064,7953325.96947148,1561,19930,19080,DRY SPRUCE BAY,US,57.933333,-153.033333,57,56,N,153,2,W,CP09,16594,V,CN,G,N,N,N, , , ,A,L, ,11, , , , , ,Y, ,Y, , , , , , , , ,Y, ,Y, , ,Y,Y, , , , , , , , , , , , , , , , , , , ,Y,Y,Y,Y, , , , , 
-14263737.4203115,7072906.76704887,1562,18923,18080,KEMANO BAY,CA,53.483333,-128.133333,53,29,N,128,8,W,154,17460,V,RB,G,N,N,N,Y, ,A,A,M, ,11,M, , , , ,Y,Y, , , , , , , , , , , ,Y,Y, ,Y,Y, , , , , , ,N, , , , , , , , ,Y, , , ,Y,Y,Y,Y,Y,Y, , , 
1400770.25914869,7502217.529622,1563,29260,29150,TUBORG,DK,55.716667,12.583333,55,43,N,12,35,E,194,44050,V,CB,G,N,N,N, , ,P,K,N,N,0,M, , , , , ,Y,Y, , , ,Y, , , , , , , ,Y,Y,Y, , , , ,Y, , ,N,Y, , , , , ,Y,Y, , ,Y, , , ,Y,Y, , ,C, ,M
1844192.89747523,7780585.33034616,1564,24635,23860,STORA JATTERSON,SE,57.1,16.566667,57,6,N,16,34,E,194,44015,V,OR,F,N,N,N,Y,N,M,K, ,L,0,M,Y, ,N,N,Y,Y, , , , , , , , ,Y, , , , , ,Y,Y, , , , , , ,N, , , , , , , , , , , , , , , , , , , , , 
-17039303.3907571,7981335.17819078,1565,19950,19080,PORT VITA,US,58.066667,-153.066667,58,4,N,153,4,W,CP09,16594,V,CN,G, , , , , , , ,N, ,11, , , , , ,Y, ,Y, , , , , , , , ,Y, ,Y, , ,Y,Y, , , , , , , , , , , , , , , , , , , ,Y,Y, , , , , , , 
554742.129119813,5373055.47188349,1566,38780,38710,PORT-DE-BOUC,FR,43.4,4.983333,43,24,N,4,59,E,131,53063/1,S,CB,F,N,N,N,Y,Y,J,J,L, ,0,L,Y, ,Y,N,Y,Y, ,Y,Y, ,Y,Y,Y, ,Y,Y,Y,Y,Y,Y,Y, , , , ,Y, , ,Y,Y,Y,Y, , , ,Y, , , , , ,Y,Y,Y,Y,Y,Y,A, ,S
-14324963.1402478,7170156.29399995,1567,18925,18080,KITIMAT,CA,54,-128.683333,54,0,N,128,41,W,154,17467,S,CN,F,Y,Y,N,Y, ,K,J,K, ,5,L,N,N,Y,N,Y,Y, , , , ,Y,Y,Y, , , ,Y,Y,Y,Y,Y,Y, , , ,Y, , ,N, , , , , , , ,Y,Y, , , ,Y,Y,Y,Y, , ,C, , 
1176275.95271559,8300224.66800492,1568,23823,20620,TOFTE,NO,59.55,10.566667,59,33,N,10,34,E,193,43371,V,CN,F,N,N,N,Y, , ,C,J, ,0,M, , ,Y,N,Y,Y, , , , ,Y, , , ,Y,Y, , , , ,Y,Y, , , , , , ,N,Y, , , , , ,Y, , , , , ,Y,Y, , , , , , , 
-16996630.9192863,8062448.57626359,1569,19970,19080,BEAR ISLAND,US,58.45,-152.683333,58,27,N,152,41,W,CP09,16605,V,CN,F,N,N,N,Y, , , , , ,11, , , , , ,Y, ,Y, , , , , , , , , , , , , , ,Y, , , , , , , , , , , , , , , , , , , , , , , , , , , , 
1189263.22664147,8281942.46187517,1570,23829,20620,KAMBO,NO,59.466667,10.683333,59,28,N,10,41,E,193,43370,V,CN,G,N,N,N,Y,Y,N,A,K,G,0,M,Y, ,N,N,Y,N,Y, , , , , ,Y,Y,Y, ,Y,Y,Y,Y,Y,Y, , , , , , , ,Y, , , , , ,Y, , , , , , ,Y, , , , ,C, ,M
1404480.9088418,7565054.24368424,1571,29350,29150,HELSINGOR,DK,56.033333,12.616667,56,2,N,12,37,E,194,44048,V,CB,G,N,N,Y,Y,Y,Q,L,N,M,1,L,Y, ,Y,Y,Y,Y,Y, ,Y, ,Y,Y,Y, ,Y, ,Y,Y,Y,Y,Y, , , , ,Y,Y, ,Y, ,Y, , , ,Y,Y, , , ,Y,Y, ,Y,Y,Y,Y,Y,C, ,S
-16996630.9192863,8065995.23910353,1572,19980,19080,HOGG ISLAND,US,58.466667,-152.683333,58,28,N,152,41,W,CP09,16605,V,CN,F,N,N,N,Y, , , , , ,11, , , , , ,Y, ,Y, , , , , , , , , , , , , , ,Y, , , , , , , , , , , , , , , , , , , , , , , , , , , , 
-14503074.325517,7211297.62567766,1573,18942,18080,PORPOISE HARBOR,CA,54.216667,-130.283333,54,13,N,130,17,W,154,17444,V,CN,G,Y,Y,N,Y,N,O,G,K, ,16,L, , ,Y,N,N,Y, , , , , , , , , , , , , ,Y,Y,Y, , , ,Y, , ,N, , , , , , , , , , , , , , , ,Y, , , , , 
641942.396907878,8370112.33088858,1574,23355,20620,HUSNES,NO,59.866667,5.766667,59,52,N,5,46,E,182,43320,V,CB,G,N,N,N,Y,Y, ,F,K, ,1,L,Y,Y,Y,N,Y,Y, , , ,N,Y, ,Y, ,Y, ,Y,Y, , ,Y,Y, , , ,Y, , ,N, ,Y, , , , ,Y,Y, , , , , ,Y,N,N,N,N,C, , 
-16985498.970207,8069543.58369842,1575,19990,19080,PORT WILLIAM,US,58.483333,-152.583333,58,29,N,152,35,W,CP09,16605,V,CN,G,N,N,N, , , , ,M, ,11, , , , , ,Y, ,Y, , , , , , , , ,Y, ,Y, , ,Y,Y, , , , , , , , , , , , , , , , , , , , , , ,Y, , , , , 
-14508640.3000567,7230358.751386,1576,18950,18080,PRINCE RUPERT,CA,54.316667,-130.333333,54,19,N,130,20,W,154,17443,M,CN,G,Y,Y,N,Y,Y,A,H,J,K,4,L,N, ,Y,N,Y,Y,Y, ,Y,Y,Y,Y,Y,Y,Y,Y,Y,Y,Y,Y,Y,Y, , , ,Y,Y, ,N, ,Y,Y, ,Y,Y,Y,Y,Y,N,N,Y,Y,Y,Y,Y,Y,Y,C,S,S
586282.651511241,8270994.76738222,1577,23440,20620,HAUGESUND,NO,59.416667,5.266667,59,25,N,5,16,E,182,43324,S,CN,E,N,N,N,Y,Y,J,C,N,J,1,M,Y,Y,Y,N,Y,Y, , ,Y, ,Y, ,Y, , , ,Y,Y,Y, ,Y,Y, ,Y, ,Y,Y, ,Y,Y,Y,Y,Y,Y,Y,Y,Y, , ,Y, , ,Y,Y, ,Y,Y,C,M, 
1337689.21436584,7551782.79192023,1578,29410,29150,FREDERIKSVAERK,DK,55.966667,12.016667,55,58,N,12,1,E,193,44047,V,CB,G,N,N,Y,Y,Y,O,K,N,L,0,M,Y, ,N,N,Y,N,Y, , ,N,Y, ,Y, ,Y,Y,Y, , ,Y,Y, , , , ,Y,Y, ,Y,Y, , , , , ,Y,Y, , , , , ,Y,Y,Y, , ,C, ,S
-17369551.2134438,7876833.36107524,1579,20000,19080,KANATAK,US,57.566667,-156.033333,57,34,N,156,2,W,CP09,16570,V,OR,P,N,N,N, , , , , , ,10, , , , , ,Y, ,Y, , , , , , , , , , , , , , , , , , , , , , , , , , , , , , , , , , , , , , , , , , , 
-14519772.249136,7278215.1109744,1580,18960,18080,PORT SIMPSON,CA,54.566667,-130.433333,54,34,N,130,26,W,154,17438,V,CN,E,Y,Y,N,Y,Y,F,A,K, ,16,L,Y, ,Y,N,Y,Y,Y,Y, , , , , , , , , ,Y, , ,Y,Y, , , ,Y, , ,N, , , , , , , , , , , , , ,Y, ,Y, , , , , 
591848.626050905,8241879.73480424,1581,23450,20620,KOPERVIK,NO,59.283333,5.316667,59,17,N,5,19,E,182,43324,V,OR,G,N,N,N,Y,Y,N,K,N,L,0, , , ,N,N,Y, ,Y,Y,Y, ,Y, ,Y,Y,Y, ,Y,Y,Y, ,Y,Y, , , ,Y, , ,Y, ,Y,Y,Y,Y, , ,Y, , , , , ,Y,Y, , , ,C,M, 
1341399.86405895,7525308.32817828,1582,29420,29150,FREDERIKSSUND,DK,55.833333,12.05,55,50,N,12,3,E,193,44047,V,CB,G,N,N,N,Y,Y,P,O,N, ,1,M, , ,N,N,Y,N,Y, ,Y,N,N, ,Y,Y, , ,Y, ,Y,Y, , , , , ,Y, , ,N,Y, , , , , ,Y,Y, , , , , ,Y,Y,Y, , ,N, ,S
-17633007.3416545,7618370.45225023,1583,20010,19080,CHIGNIK,US,56.3,-158.4,56,18,N,158,24,W,CP09,16566,V,CN,P,N,N,N, , , , ,M, ,7, , , , , ,Y, ,Y, , , , , , , , ,Y,Y,Y,Y, ,Y,Y, , , ,Y, , , , , , , , , , , , , , , , ,Y, , , , , , , 
-14471533.8031256,7545155.63909806,1584,18980,18080,STEWART,CA,55.933333,-130,55,56,N,130,0,W,154,17421,V,CN,P,Y,Y,N,Y,N, ,A,L,M,4,L,Y, ,Y,N,Y,Y,Y, , , ,Y,Y,Y,Y, ,Y,Y,Y,Y, ,Y,Y, , , ,Y, , ,N, , , , , , , ,Y, , , , ,Y,Y,N,Y, , , , , 
614112.524209559,8238248.37966257,1585,23451,20620,KARSTO,NO,59.266667,5.516667,59,16,N,5,31,E,182,43324,M,OR,F, , , ,Y,Y,A,A,J,G,0,L, , , ,N,Y,Y,Y, ,Y, ,Y, , ,Y, , ,Y, , , , ,Y, , , ,Y, , , , , , , , , , , , , , , , ,Y,N,N, , ,C,M, 
-17751748.131834,7518703.9003983,1586,20020,19080,IVANOF BAY,US,55.8,-159.466667,55,48,N,159,28,W,CP09,16566,V,CN,F,N,N,N, , , ,A,M, ,6, , , , , ,Y, ,Y, , , , , , , , , , ,Y, , ,Y,Y, , , , , , , , , , , , , , , , , , , , , , , , , , , , 
-14710870.7083311,7173313.39325669,1587,19000,18080,MASSET HARBOR,CA,54.016667,-132.15,54,1,N,132,9,W,154,17008,V,CN,G,Y,Y,N,Y,N,O,A,M, ,3,M,N, , ,N,N,N, , , , , , , , ,Y, , , ,Y, ,Y,Y, , , ,Y,N, ,N, , , , , , , ,Y,N,N,N,N,Y,Y,Y,Y,Y,Y, , , 
573295.377585359,8307550.21632076,1588,23455,20620,ESPEVAER,NO,59.583333,5.15,59,35,N,5,9,E,182,43324,V,CN,G,N,N,N,Y,Y, ,H,M, ,0,M,Y, ,N,N,N, , ,Y,Y, , , , , ,Y, , , , , ,Y,Y, ,Y, , , , , , , , , , , , , , , , , ,Y,Y,Y, , , ,C, , 
1322846.6155934,7522005.4071242,1589,29435,29150,KYNDBYVAERKETS HAVN,DK,55.816667,11.883333,55,49,N,11,53,E,193,44047,V,CB,F,N,N,N,Y,Y,O,M,M,M,0,M, , ,N,N,Y,N,Y, , , ,Y, ,Y,Y,N, ,Y, ,Y,Y,Y, , , , ,Y, , ,N,Y,Y, , , , ,Y, , , , , ,N,Y,Y,Y, , , ,S, 
-17870488.9220135,7426829.93887988,1590,20040,19080,SAND POINT,US,55.333333,-160.533333,55,20,N,160,32,W,CP09,16553,V,CN,F,N,N,N,Y, , , ,M,O,5, , , ,Y, ,Y, ,Y, , , , , , , ,Y,Y, ,Y,Y, ,Y,Y, , , ,Y,N, , , , , , , , , ,Y,Y,N,N,Y,Y,Y,Y,Y,Y,N,C, ,S
-14714581.3580242,7110410.07481663,1591,19030,18080,PORT CLEMENTS,CA,53.683333,-132.183333,53,41,N,132,11,W,154,17414,V,CN,F,Y,Y,N,Y,N,Q,H,O, ,12,M,Y, , ,N,N,N, , , , , , , , , , , , , , ,Y,Y, , , , , , ,N, , , , , , , , , , , , , , , , , , , , , 
706878.766537287,8322223.11848599,1592,23460,20620,SAUDA,NO,59.65,6.35,59,39,N,6,21,E,182,43340,V,CN,G,N,Y,Y,Y, , ,J,O, ,0,M,Y, ,Y,N,Y,Y,Y, ,Y,N, , ,Y, ,Y, ,Y,Y, , ,Y,Y, ,Y, ,Y, , ,N,Y, , , , , ,Y,Y, , , , , ,Y,N,N, , ,C, , 
-14703449.4089449,7029375.70254304,1593,19050,18080,QUEEN CHARLOTTE,CA,53.25,-132.083333,53,15,N,132,5,W,154,17412,V,CN,G,Y,Y,N,Y,N, ,E,M, ,4,L, , , ,N,N,N, , , , , , , , ,Y, , , , , ,Y,Y, , , ,Y, , ,N, , , , , , , , , , , , , , , , , , , , , 
577006.027278468,8238248.37966257,1594,23465,20620,AKRAHAMN,NO,59.266667,5.183333,59,16,N,5,11,E,182,43324,V,CB,G,N,N,N,Y,Y,G, ,P, ,0,M, , ,N,N,Y, , ,Y,Y, , , , , ,Y, , , , , ,Y,Y,Y,Y, ,Y, , , , , , , , , , , , , , , ,Y,Y, , , , ,C, , 
1304293.36712786,7502217.529622,1595,29440,29150,HOLBAEK,DK,55.716667,11.716667,55,43,N,11,43,E,193,44047,V,CB,E,N,N,N, , ,N,O,N, ,0,M,Y, ,N,N,Y,N,Y, ,Y,N,N, ,Y,Y,Y, , ,Y,Y,Y,Y, , , , ,Y,Y, ,Y,Y,Y, ,Y,Y, ,Y,Y, , , , , ,Y,Y,Y, , ,C, ,S
-14692317.4598656,7023176.38334704,1596,19055,18080,ALLIFORD BAY,CA,53.216667,-131.983333,53,13,N,131,59,W,154,17412,V,CN,G,Y,Y,N,Y,N,G,G,M, ,16,L,Y, , ,N,N,N, , , , , , , , , , , , , , ,Y,Y, , , , , , ,N, , , , , , , , , , , , , , , , , , , , , 
-14471533.8031256,7541844.20066711,1597,19090,19080,HYDER,US,55.916667,-130,55,55,N,130,0,W,CP08,17425,V,CN,P,N,N,N, , , , ,Q, ,16, , , , , , , ,Y, , , , , , , , ,Y, ,Y, , ,Y, , , , , , , , , , , , , , , , , , , , , ,N, , , , , , , 
-14508640.3000567,7352168.17333372,1598,19100,19080,HIDDEN INLET,US,54.95,-130.333333,54,57,N,130,20,W,CP08,17437,V,LC,F,Y,Y,N,Y, , , ,M,P,14, , , , , , , ,Y, , , , , , , , , , ,Y, , ,Y, , , , , , , , , , , , , , , , , , , , ,Y, ,Y, , , , , , 
1235646.34780534,7495632.82962925,1599,29490,29150,KALUNDBORG,DK,55.683333,11.1,55,41,N,11,6,E,194,44046,S,CB,G,N,Y,Y,Y, ,H,H,J,L,1,L,Y,Y,Y,N,Y,Y,Y,Y,Y,Y,Y, ,Y,Y, , ,Y, , ,Y,Y, , , , ,Y,Y, ,Y,Y,Y, , , ,Y,Y,Y, , , , , ,Y,Y,Y,Y,Y,B, ,S
1790388.47692515,10461871.5723227,1600,22120,20620,DRAG,NO,68.05,16.083333,68,3,N,16,5,E,182,43144,V,CN,F,N,Y,N,Y,N, ,A,O, ,0,M,Y, ,N,N,Y, , , , , , , , , , , , , , , ,Y, , ,Y, , , , ,N, , , , , , , , , , , , , , , , , , , , , 
1788533.1520786,10521692.5531619,1601,22140,20620,KORSNES,NO,68.25,16.066667,68,15,N,16,4,E,182,43145,V,CN,F,Y,Y,N,Y,N, ,G,P, ,0,M,Y, ,N,N,Y, ,Y, , , , , , , , , , , , , ,Y,Y, ,Y, , , , ,N, , , , , , , , , , , , , , , , , , , , , 
1239356.99749845,7426829.93887988,1602,29520,29150,KORSOR,DK,55.333333,11.133333,55,20,N,11,8,E,194,44064,S,CB,E,N,N,Y,Y,Y,N,H,N,L,1,M, , ,Y,N,Y,Y,Y, , ,N,Y, ,Y,Y, , ,Y, , ,Y,Y, , , , ,Y,Y, ,Y,Y,Y, , , , ,Y,Y, , , , , ,Y,Y,Y, , ,C, ,M
1744005.35576129,10501694.3037461,1603,22160,20620,TRANOY,NO,68.183333,15.666667,68,11,N,15,40,E,182,43145,V,CN,F,N,N,N,Y,N,L,E, ,P,0,M, , ,N,N,Y, ,Y,Y,Y, , , , , , , ,Y, , , ,Y,Y, ,Y, , , , ,N, , , , , , , , , , , , , ,Y, , , , , , , 
1643817.81404734,10304845.4041008,1604,22270,20620,KJERRINGOY,NO,67.516667,14.766667,67,31,N,14,46,E,182,43166,V,CN,F,N,N,N,Y,N, ,N,O, ,0,M, , ,N,N,Y, , , , , , , , , ,Y, , , , , ,Y,Y, ,Y, , , , ,N, , , , , , , , , , , , , , , , , , , , , 
1601145.34257658,10237254.7480295,1605,22290,20620,BODO,NO,67.283333,14.383333,67,17,N,14,23,E,182,43168,V,CB,G,N,N,N,N, ,C,A,O,M,2,L,Y,Y,Y,N,Y,Y,Y,N,N,Y,Y, ,Y, ,Y, ,Y, ,Y,Y,Y,Y, ,Y, ,Y,Y, ,Y, ,Y, , , ,Y, ,Y,N,N,Y,Y, ,Y,Y,Y,Y,Y,C, ,S
1736584.05637507,10261318.4337874,1606,22295,20620,LAKSELV,NO,67.366667,15.6,67,22,N,15,36,E,182,43160,S,CN,G,N,N,N,Y, ,J, ,O, ,0,M, , , ,N,Y,N,N,N, ,N,N,N, , ,Y,Y, , , , ,Y,Y, , , , , , ,N,N, , , , , , , , , , , , ,Y,N,N,N,N,N, , 
1710609.5085233,10227652.676473,1607,22320,20620,FAUSKE,NO,67.25,15.366667,67,15,N,15,22,E,182,43160,V,CN,G, , , ,Y, , ,K,M, ,0, , , ,N,N,Y, , , , , , , , , ,Y,Y, , ,Y,Y,Y,Y, ,Y, ,Y, , ,N, , , , , , , , , , , , , , , , , , , , , 
1716175.48306297,10184607.5191344,1608,22350,20620,ROGNAN,NO,67.1,15.416667,67,6,N,15,25,E,182,43160,V,CN,E,N,N,N,Y,N, ,C,O, ,0,M, , ,N,N,Y, , , , , , , , , ,Y, , , , ,Y,Y,Y, ,Y, ,Y, , ,N, , , , , , , , , , , , , , , , , , , , , 
1526932.3487144,10118175.7048331,1609,22520,20620,ORNES,NO,66.866667,13.716667,66,52,N,13,43,E,182,43180,V,CN,F,N,N,N,Y,N,A, ,K, ,0, , , , , ,Y, , , , , , , , , ,Y,Y, , , , ,Y,Y, , , ,Y, , ,N, , , , , , , , , , , , , , , , , , , , , 
1556617.54625928,10104022.7599134,1610,22540,20620,GLOMFJORD,NO,66.816667,13.983333,66,49,N,13,59,E,182,43180,V,CN,G,N,N,N,N, ,A, ,M, ,3,M, ,Y,Y,N,Y,N,Y,Y,Y,N,N, ,Y,Y,Y, ,Y, , , , ,Y, , , ,N,Y, ,N, , , , , , , ,Y, , ,Y,Y,Y,Y,Y,N, , ,N, , 
1406336.23368836,9881408.87592611,1611,22750,20620,SANDNESSJOEN,NO,66.016667,12.633333,66,1,N,12,38,E,182,43202,V,CN,F,N,Y,N,Y,N, ,F,J, ,0,M, , , , ,Y, , , ,Y, ,Y, , , ,Y,Y,Y, ,Y, ,Y,Y, ,Y, ,Y, , ,N,Y,Y, , , , , , , , , , ,Y,Y,Y, , , ,C, , 
1573315.46987827,9964057.06569961,1612,22760,20620,MO INLET,NO,66.316667,14.133333,66,19,N,14,8,E,182,43186,S,OR,E,N,N,N,Y,N,A,A,M, ,2,L, , ,Y,N,Y,Y,Y, ,Y, ,Y,Y,Y, ,Y,Y,Y,Y,Y,Y,Y,Y, , , ,Y, , ,Y,Y,Y, , ,Y,Y,Y,Y, , , , ,Y,Y,Y,Y,Y,Y,C, ,M
2669812.45419201,11233438.6798525,1613,20910,20620,KVALSUND,NO,70.5,23.983333,70,30,N,23,59,E,182,43081,V,CN,F,N,N,N,Y,N,H,H,N, ,0, ,N, ,N,N,Y,Y, , , , , , , , , , , , , , , , , , , , , , ,N, , , , , , , , , , , , , , , , , , , , , 
-17874199.5717066,7555098.50932806,1614,20200,20185,PORT MOLLER,US,55.983333,-160.566667,55,59,N,160,34,W,CP09,16363,V,CN,F,N,N,N, , , ,H,M, ,10, , , , , ,Y, ,Y, , , , , , , ,Y,Y,Y,Y,Y, ,Y,Y, , , ,Y,N, , , , , , , , , ,N,Y,Y,Y,Y,Y,Y,Y,Y,Y,Y, , , 
-17666403.1888925,7736310.30865643,1615,20210,20185,PORT HEIDEN,US,56.883333,-158.7,56,53,N,158,42,W,CP09,16343,V,CN,F,N,N,Y,Y, , , , , ,0, ,N, , , , , ,Y, , , , , , , , , , , , , , ,Y, , , , , , , , , , , , , , , , , , , , , , , , , , , , 
-17543951.7490199,7876833.36107524,1616,20220,20185,PILOT POINT,US,57.566667,-157.6,57,34,N,157,36,W,CP09,16338,V,CN,F,N,N,N,Y, , , , , ,0, , , , , , , , , , , , , , , , , , ,Y,Y, , , , , , ,N,N, , , , , , , , , ,N,Y,N,N,N,Y,Y,N,N,N,N, , , 
-17523543.1757078,7869917.77577253,1617,20230,20185,UGASHIK,US,57.533333,-157.416667,57,32,N,157,25,W,CP09,16011,V,RN,F,N,N,N,Y, , , , , ,0, , , , , ,Y, ,Y, , , , , , , , ,Y, ,Y,Y, ,Y,Y, , , , , , , ,Y, , , , , ,Y, , , , , , ,Y, , , , ,C, , 
-17517977.2011682,8009449.16390865,1618,20240,20185,EGEGIK,US,58.2,-157.366667,58,12,N,157,22,W,CP09,16323,V,CN,F,N,N,N,Y, , , ,P, ,11, , , , , ,Y, ,Y, , , , , , , , ,Y, ,Y,Y, , ,Y, , , , , , , ,Y, , , , , ,Y, , , , , , ,Y, , , , , , ,S
-17479015.3793905,8119398.05962826,1619,20250,20185,NAKNEK,US,58.716667,-157.016667,58,43,N,157,1,W,CP09,16323,V,CN,F,N,N,Y,Y,Y,K,K,P, ,18, , , , , ,Y, ,Y, , , , , , , ,Y,Y, ,Y,Y, ,Y,Y, , , ,Y, , , ,Y, , , ,Y, , , , , , , ,Y,Y,N,Y, , ,C, ,S
-17467883.4303112,8173185.75878655,1620,20270,20185,KOGGIUNG,US,58.966667,-156.916667,58,58,N,156,55,W,CP09,16323,V,CN,F,N,N,N,Y, , , , , ,14, , , , , ,Y, ,Y, , , , , , , , ,Y, ,Y, , ,Y,Y, , , , , , , , , , , , , , , , , , , , ,Y, , , , ,C, ,S
-17651560.5901201,8140866.58628582,1621,20280,20185,EKUK,US,58.816667,-158.566667,58,49,N,158,34,W,CP09,16322,V,OR,F,N,N,N,Y, , , ,P, ,15, , , , , ,Y, ,Y, , , , , , , , , ,Y,Y, , ,Y,Y, , , , , , , ,Y, , , ,Y, , , , , , , , ,Y, , , , ,C, ,S
-17649705.2652735,8148036.5186862,1622,20290,20185,CLARKS POINT,US,58.85,-158.55,58,51,N,158,33,W,CP09,16322,V,OR,F,N,N,N,Y, , , , , ,15, , , , , ,Y, ,Y, , , , , , , , , ,Y,Y,Y, ,Y,Y, , , ,N,N, , ,Y, , , , , ,Y,Y,Y,N,N,N,Y,Y,N,Y,N,N,C, ,S
-17642283.9658873,8187594.98887169,1623,20300,20185,DILLINGHAM,US,59.033333,-158.483333,59,2,N,158,29,W,CP09,16322,V,CN,F,Y,N,N,Y, , , , , ,15, , , , , ,Y, ,Y, , , , , , , , ,Y, ,Y, , ,Y,Y, , , ,Y, , , , , , , , , , , , , , , ,Y,Y, ,Y, , , , ,S
-18015204.2600448,8183990.06443291,1624,20305,20185,PLATINUM,US,59.016667,-161.833333,59,1,N,161,50,W,CP09,16300,V,CN,F,Y,N,N,Y, , , , , ,4, , , , , ,Y, ,Y, , , , , , , , ,Y, ,Y,Y, , , , , , , , , , , , , , , , , , , , , , ,Y,Y, ,Y, , , , , 
-18002216.9861189,8583848.10707255,1625,20310,20185,BETHEL,US,60.816667,-161.716667,60,49,N,161,43,W,CP09,16006,V,RN,F,N,N,N,Y, , , , , ,4, , , , , ,Y, ,Y, , , , , , , , ,Y, ,Y,Y, , , , , , , , , , , , , , , , , , , , , , ,Y,Y,Y, , , , , , 
-31540.5223914275,7122950.74436701,1626,31660,31330,KINGSTON UPON HULL,GB,53.75,-0.283333,53,45,N,0,17,W,192,37062,M,RT,E,Y,N,N,Y,Y,N,N,K,K,6,L, , ,Y,N,Y,Y,Y,Y,Y,N,Y, ,Y,Y,Y, ,Y, ,Y,Y,Y, , , , ,Y, , ,Y,Y,Y,Y,Y, ,Y,Y, , , ,Y,Y,Y,Y,Y,Y,Y,Y,A,M, 
-63081.044782855,5600555.24866905,1627,37190,36450,BORDEAUX,FR,44.866667,-0.566667,44,52,N,0,34,W,143,37423,L,RT,E,N,Y,N, ,Y,H,K,L, ,0,L, ,Y,Y,Y,Y,Y, , ,Y, ,Y,Y,Y,Y,Y,Y,Y,Y,Y,Y,Y, , , , ,Y,Y, ,Y,Y,Y,Y,Y,Y,Y,Y,Y, , ,Y,Y,Y,Y,Y,Y,Y,Y,A,M, 
-92766.242327728,7113543.37942064,1628,31670,31330,GOOLE,GB,53.7,-0.833333,53,42,N,0,50,W,192,37062,S,RT,E,Y,N,N,Y,Y,O, ,N, ,5,M, ,Y,Y,N,Y,Y,Y,Y,Y, ,Y,Y,Y,Y,Y,Y,Y, ,Y,Y,Y, , , , ,Y,Y, ,Y,Y,Y,Y, ,Y,Y,Y,Y, , , , ,Y,Y,Y,Y,Y,Y,B, ,S
-235626.255512429,6306026.6717203,1629,36040,35970,SAINT HELIER HARBOUR,GB,49.183333,-2.116667,49,11,N,2,7,W,191,UK1137,S,CB,F,Y,N,N,Y,N,P,D,N,N,12,M, , ,Y,N,Y,Y,Y,Y,Y, ,Y, ,Y,Y,Y,Y,Y, ,Y, ,Y, , , , ,Y,Y, ,Y,Y,Y, , , ,Y,Y,Y, , , , ,Y,Y,Y,Y, , ,C, , 
-20408.5733121002,7185954.45356065,1630,31680,31330,BRIDLINGTON,GB,54.083333,-0.183333,54,5,N,0,11,W,192,37059,V,CB,G,Y,N,N,Y, ,P,K,O, ,4,M,Y, ,Y,N,Y,N,Y, ,Y,N,N,Y,Y,Y,Y,Y,Y, ,Y,Y,Y, , , , ,Y,Y, ,N,Y,Y, , , , ,Y, ,Y, , ,Y, ,Y,Y, ,Y,Y,C, ,S
-339524.446919484,6238177.24001733,1631,36260,36060,PAIMPOL,FR,48.783333,-3.05,48,47,N,3,3,W,191,UK2029,V,RT,G,N,N,Y,N,Y,Q,L,O, ,9,M, , ,Y,N,Y,Y,Y, , , ,N,Y, , , , ,Y, ,Y,Y, , , , , ,Y, , ,N,Y, , , , , ,Y,Y, , , , ,Y,Y, ,Y, , ,C, ,S
1948091.08888229,8978686.3193477,1632,26180,24975,SORAKER,SE,62.5,17.5,62,30,N,17,30,E,195,44220/3,V,CN,G,N,N,N,Y,Y,K,A,N,N,0,M, , ,N,N,Y,Y,Y, , , ,Y, , , , , , ,Y, ,Y,Y,Y, , , , , , ,N,Y, , , , , ,Y, , , , , ,Y,Y, , , , ,C, ,S
-44527.7963173094,7223999.90324311,1633,31690,31330,SCARBOROUGH,GB,54.283333,-0.4,54,17,N,0,24,W,192,35006,V,CB,G,Y,N,N,Y, ,P,L,N, ,1,M,Y, ,Y,N,Y,Y,Y, ,Y,N,N, , , ,Y,Y,Y, ,Y,Y, , , , , ,Y,Y, ,Y,Y,Y, , , ,Y,Y,Y, , , , ,Y,Y,Y,Y, , ,C, ,S
-500937.708569731,6170866.4351448,1634,36460,36450,RADE DE BREST,FR,48.383333,-4.5,48,23,N,4,30,W,143,37326,L,CB,E,Y,N,N,Y,Y,H,B,H, ,7,M,Y,Y,Y,Y,Y,Y,Y, ,Y, ,Y,Y,Y, ,Y,Y,Y, ,Y,Y,Y, , , , ,Y,Y, ,Y,Y,Y, , ,Y,Y,Y,Y, , ,Y,Y, ,Y,Y,Y,Y,Y,A,L,L
-68647.0193225187,7262230.5061219,1635,31700,31330,WHITBY,GB,54.483333,-0.616667,54,29,N,0,37,W,192,35006,S,CB,G,Y,Y,N,Y,Y,N,H,P, ,4,M, , ,Y,N,Y,Y,Y, ,Y,N,N, , , ,Y,Y,Y, , ,Y, , , , , ,Y,Y, ,N, ,Y, , ,Y,Y,Y,Y, , , , , ,Y,Y,Y, , ,C, , 
1996329.53489271,9010902.73898937,1636,26240,24975,HARNOSAND,SE,62.633333,17.933333,62,38,N,17,56,E,195,44221,S,CN,E,N,N,Y,Y,Y,M,G,L,K,1,L,Y, ,Y,N,Y,Y,Y, ,Y, ,Y, ,Y, ,Y,Y,Y, ,Y,Y,Y,Y, , , ,Y,Y, ,Y,Y,Y, ,Y, ,Y,Y, , , , , , ,Y,Y,Y, , ,C,S,S
597414.600590568,5360296.62658739,1637,38810,38710,MARSEILLE,FR,43.316667,5.366667,43,19,N,5,22,E,131,53062/1,S,CB,E,N,N,N,N,Y,H,J,F,J,0,L,Y,Y,Y,N,Y,Y, ,Y,Y,Y,Y,Y,Y, ,Y,Y,Y,Y,Y,Y,Y, , , , ,Y, ,Y,Y,Y,Y,Y,Y,Y,Y,Y,Y,Y,Y,Y,Y,Y,Y,Y,Y,Y,Y,A,L,S
1988908.23550649,9018979.46836195,1638,26280,24975,ULVVIK,SE,62.666667,17.866667,62,40,N,17,52,E,195,44221,V,CN,G,N,N,N,Y, ,J,G,M, ,0,L, , ,N,N,Y,Y,Y, , , , , , , ,Y, ,Y, , ,Y,Y,Y, , , , , , ,N, , , , , , , , , , , , ,Y,Y, , , , ,C, , 
-436001.338940322,6084701.51455166,1639,36620,36450,CONCARNEAU,FR,47.866667,-3.916667,47,52,N,3,55,W,143,37360,V,CB,F,Y, , ,Y,Y,N,H,N, ,3,M, , ,Y,N,Y,Y,Y,Y,Y, ,Y,Y,Y, , , ,Y, ,Y,Y,Y, , , , ,Y,Y, ,Y,Y,Y, ,Y,Y,Y,Y,Y, , , , ,Y,Y,Y,Y, , ,B, ,S
1996329.53489271,9043264.32556499,1640,26290,24975,UTANSJO,SE,62.766667,17.933333,62,46,N,17,56,E,195,44221,V,CN,G,N,N,N,Y, ,L,F,L,K,0,L,Y, ,N,N,Y,Y,Y, , , , , , , ,Y, ,Y, , , ,Y,Y, , , , , , ,N,Y, , , , , ,Y, , , , , , , , , , , , , , 
499082.383723177,6782064.32874942,1641,31140,30980,ROTTERDAM,NL,51.9,4.483333,51,54,N,4,29,E,192,37243/1,L,RB,F,N,N,N,Y,Y,J,J,M,H,1,L,Y,Y,Y, ,Y,Y,Y, ,Y, ,Y,Y,Y,Y,Y,Y,Y,Y,Y,Y,Y,N,N,N,N,Y,Y,Y,Y,Y,Y,Y,Y,Y,Y,Y,Y,Y,Y,Y,Y,Y,Y,Y,Y,Y,Y,A,M,S
738419.288928715,5352649.71721306,1642,38920,38710,SAINT-TROPEZ,FR,43.266667,6.633333,43,16,N,6,38,E,131,53089,V,CB,F, , , ,Y, ,N,H,N, ,0, ,Y, , , ,Y, , , ,N, , , , , ,Y,Y, , , ,Y,Y,Y, , , ,Y,Y, , , , , , , , , , ,Y, , , ,Y,Y,N, ,N,N, , ,S
-372920.294157466,6065364.06159726,1643,36680,36450,LORIENT,FR,47.75,-3.35,47,45,N,3,21,W,143,37343,M,RN,E,Y,Y,N,N,Y,L,D,J, ,4,M,Y, ,Y,Y,Y,Y,Y, ,Y, ,Y,Y,Y, , , ,Y, ,Y,Y,Y, , , , ,Y,Y, ,Y,Y,Y, , ,Y,Y,Y, , , ,Y,Y,Y,Y,Y,Y,Y,Y,C,M,S
1990763.56035304,9059500.02154078,1644,26310,24975,GUSTAVSVIK,SE,62.833333,17.883333,62,50,N,17,53,E,195,44221,V,CN,G,N,N,N,Y,Y,K,J,O, ,0,M,Y, ,N,N,Y,Y,Y, , , , , , , ,Y, ,Y, , ,Y,Y,Y, , , , , , ,N,Y,Y, , , , ,Y, , , , , , , , , , , ,B,M,S
1990763.56035304,9071700.96766385,1645,26340,24975,LUNDE,SE,62.883333,17.883333,62,53,N,17,53,E,195,44221,V,CN,G,N,N,N,Y,Y,K, ,O, ,0,L, , ,N,N,Y,Y,Y, , , , , , , ,Y, ,Y, , ,Y,Y,Y, , , , , , ,N, , , , , , , , , , , , ,Y,Y, , , , ,C, ,S
918385.799044507,7575022.88309843,1646,30630,30020,RINGKOBING,DK,56.083333,8.25,56,5,N,8,15,E,192,37200,V,CB,G,N,N,N,Y,Y,P, ,P, ,0, , , , , ,Y, , , ,Y, , , ,Y,Y, , ,Y, , ,Y, , , , , , , , ,Y, ,Y, , , , ,Y,Y, , , , , ,Y,Y, , , ,C, ,S
753261.887701151,5375609.34579956,1647,38940,38710,SAINT-RAPHAEL,FR,43.416667,6.766667,43,25,N,6,46,E,131,53091,V,CB,F, , , ,Y, , ,J,P, ,0, ,Y, , , , , ,Y, ,N, , , , , , , ,Y, , ,Y,Y,Y, , , ,Y,Y, , , , , , , , , , , , , , , ,Y,Y,Y, , ,C, ,S
940649.697203162,7452968.49605489,1648,30640,30020,ESBJERG,DK,55.466667,8.45,55,28,N,8,27,E,192,37205,S,CN,G,Y,N, ,Y,Y,K,J,L,M,1,M, , ,Y,N,Y,Y,Y, ,Y, ,Y,Y, ,Y,Y,Y,Y, ,Y,Y,Y, , , , ,Y,Y, ,Y, ,Y, , , ,Y, ,Y, , , , , ,Y,Y, , , ,C,S,S
-244902.879745202,5988444.53269733,1649,36850,36450,ST NAZAIRE,FR,47.283333,-2.2,47,17,N,2,12,W,143,37363,M,RT,E,Y,N,N,N, ,H,D,L,L,4,L, , ,Y,N,Y,Y, , ,Y,N,Y,Y,Y, ,Y,Y,Y,Y,Y,Y,Y, , , , ,Y, , ,Y,Y,Y,Y,Y,Y,Y,Y,Y, , ,Y,Y,Y,Y,Y,Y,Y,Y,A,M, 
1981486.93612027,9083922.72333086,1650,26380,24975,KRAMFORS,SE,62.933333,17.8,62,56,N,17,48,E,195,44221,V,CN,G,N,N,N,Y,Y,M,C,M, ,0,L,Y, ,N,N,Y,Y,Y, , , , , , , ,Y, ,Y, , ,Y,Y,Y, , , , , , ,N, , ,Y, , , ,Y, , , , , ,Y, , , , , ,C, ,S
781091.76039947,5396065.69676217,1651,38960,38710,CANNES,FR,43.55,7.016667,43,33,N,7,1,E,131,53085/4,S,CN,G, , , ,Y,Y,L,A,N, ,0,M,Y, , , ,Y, , ,Y, , ,Y, ,Y, ,Y, ,Y, ,Y,Y,Y,Y, , , ,Y,Y, ,N, ,Y, , , , ,Y,Y, , , , , ,Y,Y,Y, , ,C, ,S
1922116.54103052,8553471.56545249,1652,25570,24975,KARSKAR,SE,60.683333,17.266667,60,41,N,17,16,E,195,44200,V,CN,G,N,Y,Y,Y, ,M,J,O,N,0,M, ,N,N, ,Y,Y, , , , ,Y, ,Y, , , ,Y, ,Y,Y,Y,Y, , , , ,Y, ,Y, , , , , , , , , , , , ,Y,Y,Y, , , ,C, ,S
1007441.39167913,7262230.5061219,1653,30680,30650,HUSUM,DE,54.483333,9.05,54,29,N,9,3,E,192,37165,V,RN,F,Y,N,N,Y,Y,P,M,O, ,3,M,Y,Y,Y,N,Y,N,Y, ,Y, ,Y,Y, ,Y,Y,Y,Y, , ,Y,Y, , , , ,Y,Y, ,Y,Y, , , , , ,Y,Y,Y, , ,Y, ,Y,Y,Y,Y,Y,B, ,S
794079.034325351,5401186.85105685,1654,38980,38710,ANTIBES,FR,43.583333,7.133333,43,35,N,7,8,E,131,53084/5,V,CB,G,N,N,N,N, ,M,K,M, ,1,M,N, , , ,Y,N, , , ,N,N, ,Y, , , ,Y, ,Y,Y,Y,Y, , , ,Y, , ,N, ,Y, , , , ,Y, ,Y, , ,Y, , ,Y,Y, , ,C,M,S
1972210.3118875,9096165.36898655,1655,26420,24975,VAJA,SE,62.983333,17.716667,62,59,N,17,43,E,195,44221,V,RN,G,N,N,N,Y, ,O,C,L, ,0,L,Y, ,N,N,Y,Y,Y, , , , , , , ,Y, ,Y, , ,Y,Y,Y, , , , , , ,N, , , , , , , , , , , , ,Y,Y,Y, , , , , , 
-230060.280972765,5991179.92465176,1656,36860,36450,DONGES,FR,47.3,-2.066667,47,18,N,2,4,W,143,37367,S,RN,E,Y,N,N,Y,Y,G,D,H,F,5,L,Y,Y, , ,Y,Y,Y, , ,Y,Y,Y,Y, ,Y, , ,Y,Y, ,Y, , , , ,Y, , ,Y, , , , , , , ,Y, , ,Y,Y,Y,Y,Y,Y,Y,Y,C,S, 
1020428.66560501,7148091.91317381,1657,30710,30650,BRUNSBUTTEL ELBAHAFEN,DE,53.883333,9.166667,53,53,N,9,10,E,192,37228,V,RN,F,N,N,N,N,N,H,J,H,G,5,L, ,Y,Y,N,Y,Y,Y, ,Y, ,Y,Y,Y, , , ,Y, , ,Y,Y, , , , ,Y,Y, ,Y,Y,Y, , , ,Y,Y,Y,N,N, , ,Y,Y,Y,Y, , , , ,S
810776.957944342,5419133.25936227,1658,38990,38710,NICE,FR,43.7,7.283333,43,42,N,7,17,E,131,53087,S,CB,E, ,N,N,Y,N,M,H,L, ,2,M, ,Y, ,Y,Y,Y,Y, ,Y, ,Y, ,Y, , , ,Y,Y,Y,Y,Y,Y, , , ,Y,Y, ,Y,Y,Y, , , , ,Y,N,N,N,N,N,Y,Y,Y,Y,Y,Y,C, ,S
1970354.98704094,9100250.90705955,1659,26430,24975,BOLLSTABRUK,SE,63,17.7,63,0,N,17,42,E,195,44221,V,CN,G,N,N,N,Y, ,M,K,N, ,0,L,Y, ,N,N,Y,Y,Y, , , , , , , ,Y, ,Y, , ,Y,Y,Y, , , , , , ,N, , , , , , , , , , , , , , , , , , , , , 
-174400.535576129,5974780.48214599,1660,36900,36450,NANTES,FR,47.2,-1.566667,47,12,N,1,34,W,143,37367,M,RN,F,Y,N,N, ,Y,L,D,N,M,4,L, ,Y,Y,N,Y,Y,Y, ,Y, ,Y,Y,Y, ,Y,Y,Y, ,Y,Y,Y, , , , ,Y, , ,Y,Y,Y,Y, ,Y,Y,Y,Y, , ,Y,Y,Y,Y,Y,Y,Y,Y,A,S,M
814487.607637452,5419133.25936227,1661,39000,38710,VILLEFRANCHE,FR,43.7,7.316667,43,42,N,7,19,E,131,53087,V,CB,G, , , , , ,N,A, , ,0,M,Y, , , ,Y,Y, , , , , ,Y,Y, ,Y,Y, , , ,Y,Y,Y, , , ,Y,Y, , ,Y, , , , , ,Y,N,N,N,N,N,Y,Y,Y,Y, , ,C,S,S
1018573.34075845,7151240.19285447,1662,30720,30650,BRUNSBUTTEL CANAL TERMINALS,DE,53.9,9.15,53,54,N,9,9,E,192,37228,S,LC,E,Y,N,Y,Y,Y,J,J,J,K,5,M, ,Y, ,N,Y,Y,Y, ,Y, ,Y,Y,Y, ,Y,Y,Y, , ,Y,Y, , , , ,Y,Y, ,Y, , , , , , , ,Y, , , , ,Y,Y,Y,Y, , , , ,S
1827494.97385624,7628408.6173744,1663,24790,24735,DEGERHAMN,SE,56.35,16.416667,56,21,N,16,25,E,194,44140,V,CB,P,N,Y,Y,Y,N,M,L,M,N,0,M,Y,N,N,N,Y,Y,Y,Y, , ,Y, ,Y, ,Y,Y,Y, ,Y, ,Y,Y, , , ,Y,Y, ,N,Y, , , , , ,Y, , , , , ,Y,Y,Y, , , ,C, , 
-200375.083427892,5860839.8299478,1664,36960,36450,LES SABLES D' OLONNE,FR,46.5,-1.8,46,30,N,1,48,W,143,37400,M,RB,F,Y, , ,Y,Y,M,L,M, ,11, , , , , , ,Y, ,Y,Y,N,N,Y,Y,Y, ,Y,Y, ,Y,Y,Y, , , , ,Y, , ,N,Y,Y, , , , ,Y,Y, , , , ,Y,Y,Y, , , ,C, , 
825619.556716779,5424267.21570873,1665,39025,39020,MONACO,MC,43.733333,7.416667,43,44,N,7,25,E,131,53093,V,CB,G,N,N,N,Y,Y,L,A,J, ,0,M,Y, ,Y,Y,Y,Y,Y, ,Y, ,Y, , , ,Y,Y,Y, ,Y,Y,Y,Y, , , ,Y, , ,N,Y,Y, , , , ,Y, ,Y, ,Y,Y,Y,Y,Y,Y,N,Y,D, , 
2059410.57967556,7784001.8056912,1666,24810,24806,RONEHAMN,SE,57.116667,18.5,57,7,N,18,30,E,194,44420,S,CN,F,N,N,Y,Y,Y,B,N,M, ,0,M,Y,N,N,N,Y,Y,Y,Y, ,N,Y, , , ,Y,Y,Y,Y, , ,Y,Y, , , ,Y,Y, ,Y, , , , , , , , , , , , , ,Y, , , , ,C, , 
1051969.18799644,5266419.69708506,1667,39060,39040,BASTIA,FR,42.7,9.45,42,42,N,9,27,E,131,53311,V,CB,F, , , ,Y, ,E,A,L,K,1,M,Y, , ,N,Y,Y, , , ,N,N, ,Y, ,Y,Y,Y, ,Y,Y,Y,Y, , , ,Y,Y, ,N, ,Y, , , , ,Y,Y, , , , , ,Y,Y,Y, , ,C, ,S
2094661.7517601,7904559.18713278,1668,24840,24806,SLITE,SE,57.7,18.816667,57,42,N,18,49,E,194,44420,S,OR,G,N,N,Y,Y,Y,O,N,M,M,0,M,Y, ,Y,N,Y,Y,Y, , ,N,N, ,Y, , , ,Y, ,Y,Y,Y,Y, , , ,Y, , ,N,Y,Y, , , , ,Y, , , , , ,Y,Y,Y, , ,Y,C, , 
-135438.713798483,5807098.01525977,1669,37000,36450,LA PALLICE,FR,46.166667,-1.216667,46,10,N,1,13,W,143,37402/1,M,CT,E,Y, , , , ,J,H,G,F,3,L,Y,Y,Y,N,Y,Y, , ,Y, ,Y,Y,Y,Y,Y,Y, ,Y,Y,Y,Y, , , , ,Y, , ,N,Y,Y,Y, ,Y,Y,Y,Y, , ,Y,Y,Y,Y,Y,Y,Y,Y,A,M, 
1020428.66560501,5069048.72832208,1670,39080,39040,BONIFACIO,FR,41.383333,9.166667,41,23,N,9,10,E,131,53287,V,CN,E, , , , , ,J,J,L, ,0, , , ,Y, ,Y,Y, , , ,N,N,Y,Y, ,Y,Y, , ,Y, ,Y,Y, , , ,Y, , , ,Y, , , , , ,Y, , , , , ,Y,Y,N,N, , ,N, , 
1077943.7358482,7227178.68377719,1671,30730,30650,RENDSBURG,DE,54.3,9.683333,54,18,N,9,41,E,192,44073,S,LC,E, ,Y,N,Y,Y,J, ,O, ,0,M, , ,N,N,Y,Y,Y, ,Y, ,Y, ,Y, , , , , , ,Y,Y, , , , ,Y,Y, ,Y,Y, , , , , ,Y,Y,Y, , , , ,Y,Y,Y, , ,C,M,S
2120636.29961186,7949832.13913861,1672,24900,24806,FAROSUND,SE,57.916667,19.05,57,55,N,19,3,E,194,44410,S,CN,F,N,N,N,Y,N,N,N,L, ,0,M,Y,N,N,N,Y,Y,Y,Y,Y, , , , , ,Y, , ,Y, , ,Y,Y, , , , , , ,N, , , , , , , , , , , , ,Y,Y,Y, , , , , ,M
990743.468060135,5113661.71161711,1673,39090,39040,PORT DE PROPRIANO,FR,41.683333,8.9,41,41,N,8,54,E,131,53303,V,CB,G, ,Y,N,N, ,K,K,N, ,0,M, , , ,N,Y,Y,Y,Y, ,N,N,Y,Y, ,Y, ,Y, ,Y, ,Y,Y, , , , , , , , , , , , , ,Y,Y, , , , , ,Y,Y,Y, , ,N, , 
2092806.42691354,7932387.26377201,1674,24940,24806,STORUGNS,SE,57.833333,18.8,57,50,N,18,48,E,194,44410,V,OR,P,N,N,N,Y, ,K,K,M, ,0,M,Y, ,Y,N,Y,Y,Y, , ,N,N,Y,Y, , , ,Y, ,Y, ,Y,Y, , , ,Y, , , ,Y, , , , , ,Y,Y, , , , ,Y,N,Y, , , ,C, , 
-128017.414412265,5804419.49507922,1675,37010,36450,LA ROCHELLE,FR,46.15,-1.15,46,9,N,1,9,W,143,37402/1,M,CT,E,Y,N,N, , ,J,N,K,J,3,L,Y, ,Y,N,Y,Y, , ,Y, ,Y,Y,Y, ,Y,Y,Y, ,Y,Y,Y, , , , ,Y, , ,N,Y,Y, , , ,Y,Y,Y, , ,Y,Y,Y,Y,Y,Y,Y,Y,A,S,S
-105753.51625361,5769672.26879164,1676,37040,36450,ROCHEFORT,FR,45.933333,-0.95,45,56,N,0,57,W,143,37400,M,RT,E,Y, , , ,Y,P, ,M, ,12,M, , ,Y, ,Y,Y, , , , ,Y,Y,Y, ,Y,Y,Y, ,Y,Y, , , , , ,Y, , ,N,Y,Y, , , ,Y,Y,Y, , , , ,Y,Y,Y,Y, , ,C, ,S
1048258.53830333,7129228.54278687,1677,30760,30650,GLUCKSTADT,DE,53.783333,9.416667,53,47,N,9,25,E,192,37228,S,CT,G,Y,N,N,Y,Y,O,M, , ,3,M, , ,Y,N,Y, ,Y, , , ,Y, , , , , ,Y, , ,Y,Y, , , , , ,Y, ,Y,Y, , , , ,Y,Y,Y, , , , ,Y,Y,Y,Y, , , , ,M
2035291.35667035,7890683.549146,1678,24950,24806,VISBY,SE,57.633333,18.283333,57,38,N,18,17,E,194,44420,S,CB,G,N,Y,N,N,N,N,A,M,M,0,M,Y, ,Y,N,Y,Y,Y,Y,Y,N,Y, ,Y, , , ,Y, ,Y, ,Y,Y, , , ,Y,Y, ,Y, ,Y, , ,Y,Y,Y,Y, , , , , ,Y,Y, , , ,C, ,S
974045.544441144,5148504.67706481,1679,39100,39040,PORT D' AJACCIO,FR,41.916667,8.75,41,55,N,8,45,E,131,53303/2,S,CB,F, , , ,Y, ,A,A,L,N,0,L,Y, , ,N,Y,Y, , , ,N,N,Y,Y, ,Y,Y,Y,Y,Y,Y,Y,Y, , , ,Y,Y, ,N,Y,Y, , , , ,Y,Y, , , , ,Y,Y,Y,Y, , ,C, , 
-100187.541713946,5769672.26879164,1680,37050,36450,TONNAY CHARENTE,FR,45.933333,-0.9,45,56,N,0,54,W,143,37400,S,RN,E,Y, , , ,Y,N, ,N, ,0,M, , ,Y, ,Y,Y,Y,N, , ,Y,Y,Y, , ,Y,Y,Y,Y,Y, , , , , , , , ,N,Y,Y, , , , ,Y,Y, , , , ,Y, ,Y,Y, , ,C, , 
2026014.73243758,7838875.65913234,1681,24960,24806,KLINTEHAMN,SE,57.383333,18.2,57,23,N,18,12,E,194,44160,V,CB,F,N,Y,N,Y,N,N,J,N, ,0,M,Y, ,N,N,Y, ,Y, , ,N,N, , , , , ,Y,Y,Y, ,Y,Y, , , , , , ,N, ,Y, , , , ,Y,Y, , , , ,Y,Y,Y,Y, , ,C, , 
974045.544441144,5246244.97396083,1682,39110,39040,CALVI,FR,42.566667,8.75,42,34,N,8,45,E,131,53110,V,CN,F, , , ,Y, ,K,A,K, ,0,M, , , , ,Y,N,Y,Y,Y,N,N,Y,Y, , , ,Y, ,Y,Y,Y,Y, , , ,Y, , , , ,Y, , , , ,Y,Y, , , , ,N,Y, ,Y, , ,C,S, 
1105773.60854652,7085388.16549508,1683,30780,30650,HAMBURG,DE,53.55,9.933333,53,33,N,9,56,E,192,37230,L,LC,E,Y,N,Y,Y,Y,K, ,M,O,3,M,Y,Y,Y,Y,Y,Y,Y, ,Y, ,Y, ,Y,Y,Y,Y,Y, ,Y,Y,Y, , , , ,Y,Y,Y,Y,Y,Y,Y,Y,Y,Y,Y,Y,Y,Y,Y,Y,Y,Y,Y,Y,Y,Y,A,M,L
1840482.24778212,7911506.58499151,1684,25050,24975,VERKEBACK,SE,57.733333,16.533333,57,44,N,16,32,E,194,44160/1,V,CN,G,N,N,N,Y,Y,M,A,P, ,0,M, ,N,N,N,Y,Y, ,Y, ,N,N, , , , , , , , ,Y,Y,Y, , , , , , ,N,Y, , , , , ,Y, , , , , ,Y,Y,Y, , , , , , 
-116885.465332937,5708527.33860456,1685,37120,36450,LE VERDON,FR,45.55,-1.05,45,33,N,1,3,W,143,37403,S,RN,F,N,N,N,Y, ,H,K,F,F,10,L,Y, , , ,Y,Y,Y, , ,Y,Y,Y, , , , ,Y, , ,Y, , , , , , ,Y, ,N, ,Y, , , ,Y, ,Y, , ,Y,Y,Y,Y,Y,Y,Y,Y,D,S, 
994454.117753244,5256326.93277128,1686,39120,39040,L'ILE ROUSSE,FR,42.633333,8.933333,42,38,N,8,56,E,131,53100,V,CB,F,N,Y,N,N, ,M,A,L, ,0,M, , , ,N,Y,N,Y,Y,Y,N,N,Y,Y, , , ,Y, ,Y,Y,Y,Y,Y, , ,Y, , , , , , , , , , ,Y, , , , ,Y,Y,Y,Y,N,N,C, , 
-18588499.6376301,8444400.92976126,1687,20320,20185,NASH HARBOR,US,60.2,-166.983333,60,12,N,166,59,W,CP09,16006,V,OR,P,N,N,N,Y, , ,L, , ,3, , , , , ,Y, ,Y, , , , , , , , ,Y, , , , , ,Y, , , , , , , , , , , , , , , , , , , , , , , , , , , , 
1853469.521708,7918460.38759183,1688,25060,24975,VASTERVIK,SE,57.766667,16.65,57,46,N,16,39,E,194,44160,S,CB,E,N,N, ,Y,Y,O,K,N,L,0,M,Y, ,N,N,Y,Y,Y,Y, ,N,Y, ,Y, , , ,Y, ,Y,Y,Y,Y, , , ,Y,Y, ,Y,Y,Y, , ,Y,Y,Y,Y, , , , , ,Y,Y, , , , , ,S
-18308345.5858004,9035160.23835346,1689,20330,20185,KWIGUK,US,62.733333,-164.466667,62,44,N,164,28,W,CP09,16240,V,RN,F,N,N,N,Y, , , , , ,1, , , , , ,Y, ,Y, , , , , , , , ,Y, ,Y,Y, , , , , , , , , , , , , , , , , , , , , , ,Y,Y,Y, , , , , , 
970334.894748035,7144944.88834777,1690,30800,30650,CUXHAVEN,DE,53.866667,8.716667,53,52,N,8,43,E,192,37226,M,RB,G,N,N,N,Y, ,G,O,M, ,3,M, , ,Y,N,Y,Y,Y, ,Y, ,Y, , ,Y,Y,Y,Y, , ,Y,Y,Y, , , ,Y,Y, ,Y,Y, , , ,Y, ,Y,Y, , , , ,Y,Y,Y,Y,Y,Y,B, ,L
1048258.53830333,5041886.52615526,1691,39140,39130,LA MADDALENA,IT,41.2,9.416667,41,12,N,9,25,E,131,53279,S,CN,G, , ,N, , ,O,M,N, ,0,L,Y,Y,Y, ,Y, ,N,Y,Y, ,Y,Y, ,Y,Y,Y,Y,Y,Y,Y,Y,Y, , , ,Y,N, ,N,Y, , , , , ,Y,Y,Y, , , ,Y,Y,Y, , , ,C, ,S
1803375.75085103,8090869.0745181,1692,25190,24975,NORRKOPING,SE,58.583333,16.2,58,35,N,16,12,E,194,44162/0,M,RN,G,N,N, ,Y,Y,L,D,N,N,0,M,Y, ,Y,N,Y,Y,Y, ,Y,Y,Y, ,Y, , , ,Y, ,Y,Y,Y,Y, , , ,Y,Y, ,N,Y,Y, ,Y, ,Y,Y,Y, , , , , ,Y,Y, , , ,C,S,M
-18206302.7192399,9108428.98552073,1693,20340,20185,KOTLIK,US,63.033333,-163.55,63,2,N,163,33,W,CP09,16240,V,RN,F, , , ,Y, , , , , ,3, , , , , ,Y, ,Y, , , , , , , , ,Y, , , , , , , , , , , , , , , , , , , , , , , , , ,Y,Y,Y,Y, , , , , 
1057535.1625361,5000057.77566136,1694,39180,39130,OLBIA,IT,40.916667,9.5,40,55,N,9,30,E,131,53282/3,S,CN,P,N,N,N,Y, ,M,B,K, ,1,M,Y, ,Y,N,Y,Y, , ,Y, ,Y,Y,Y, ,Y,Y,Y, ,Y,Y,Y,Y, , , ,Y,Y, ,N,Y,Y,Y, , ,Y,Y,Y, , , , ,Y,Y,Y,Y, , , , ,M
-83489.6180949552,5653062.5386325,1695,37150,36450,PAUILLAC,FR,45.2,-0.75,45,12,N,0,45,W,143,37421,S,RN,E,Y, , , , ,K,K,J,N,13,L, , , , ,Y,Y, , , , ,Y, ,Y, ,Y, , , ,Y,Y,Y, , , , , ,Y, , ,Y,Y, , , , ,Y, , , , , , ,Y,Y,Y, , ,C,M, 
-18247119.8658641,9075772.57008451,1696,20350,20185,HAMILTON,US,62.9,-163.916667,62,54,N,163,55,W,CP09,16240,V,RN,F, , , ,Y, , , , , ,2, , , , , ,Y, ,Y, , , , , , , , ,Y, , , , , , , , , , , , , , , , , , , , , , , , , ,Y, , ,Y, , , , , 
-18037468.1582034,9219758.79532166,1697,20360,20185,ST MICHAEL,US,63.483333,-162.033333,63,29,N,162,2,W,CP09,16240,V,OR,P,N, ,N,Y, , ,N, , ,4, ,Y, , , ,Y, ,Y, , , , , , , , ,Y, , ,Y, ,Y,Y, , , , , , , , , , , , , , , , , , , ,Y, , ,Y, , ,C, ,S
1905418.61741153,8108686.91452404,1698,25280,24975,OXELOSUND,SE,58.666667,17.116667,58,40,N,17,7,E,194,44164,S,CN,G,N,N,Y,Y,Y,N,G,J,H,0,M, , ,Y,N,Y,Y,Y, , , ,Y, ,Y, , , ,Y, ,Y,Y,Y,Y, , , ,Y,Y, ,Y,Y,Y, , , ,Y,Y,Y, , , ,Y,Y,Y,Y, , , ,C, ,S
-74212.9938621824,5642536.57131227,1699,37160,36450,BLAYE,FR,45.133333,-0.666667,45,8,N,0,40,W,143,37421,S,RN,E,Y, , , , ,L,K,M,M,13,L, , , , ,Y,Y, , , , ,Y, , , , , , , ,Y,Y,Y, , , , , ,Y, ,Y,Y,Y, , , , ,Y, , , , , , ,Y,Y,Y, , ,C, , 
1079799.06069475,4856259.18521532,1700,39190,39130,ARBATAX,IT,39.933333,9.7,39,56,N,9,42,E,131,53130,V,CB,P,N,Y,N,Y,N,N,M,L, ,0,L,Y, ,Y, ,Y,N,Y,Y, , ,Y,Y, , ,Y,Y, ,Y, ,Y,Y,Y, , , ,Y,Y, ,N,Y,Y, , ,Y,Y,Y, , , , , , ,Y,Y,Y, , ,C, , 
955492.295975598,7082265.97417405,1701,30810,30650,BREMERHAVEN,DE,53.533333,8.583333,53,32,N,8,35,E,192,37234,L,RT,E,Y,N,N,Y,Y,J,L,N, ,4,M, ,Y,Y,N,Y,Y,Y, ,Y,N,Y, ,Y,Y,Y,Y,Y, ,Y,Y,Y, , , , ,Y,Y, ,Y,Y,Y,Y,Y,Y,Y,Y,Y,Y, ,Y,Y,Y,Y,Y,Y,Y,Y,A,S,L
1894286.66833221,8126547.37237667,1702,25290,24975,NYKOPING,SE,58.75,17.016667,58,45,N,17,1,E,194,44160,S,RB,G,N,N,Y,Y,Y,K,N,N, ,0,M,Y, ,Y,N,Y,Y,Y, ,Y, ,Y, ,Y, , , ,Y, ,Y,Y,Y,Y, , , ,Y, , ,Y, ,Y, , ,Y, ,Y,Y,N,N,N,N,Y,Y,Y, ,N,N,C, ,S
1014862.69106534,4752754.90422131,1703,39210,39130,CAGLIARI,IT,39.216667,9.116667,39,13,N,9,7,E,131,53262,S,CB,G,N,N,N,Y, ,G,H,L, ,1,L,Y,Y, ,Y,Y,Y,Y, ,Y, ,Y,Y,Y, , , ,Y,Y,Y,Y,Y,Y, , , ,Y,Y, ,Y,Y,Y, , , ,Y,Y,Y, , , , ,Y,Y,Y,Y,Y,Y,C, ,S
-17898318.7947118,9320199.61883144,1704,20370,20185,UNALAKLEET,US,63.883333,-160.783333,63,53,N,160,47,W,CP09,16200,V,OR,P,N,N,N,Y, , ,L, , ,3, , , , , ,Y, ,Y, , , , , , , , ,Y, ,Y,Y, , ,Y, , , , , , , , , , , , , , , , , , , ,Y, , , , , , , , 
1964789.01250128,8220118.20692744,1705,25320,24975,SODERTALJE,SE,59.183333,17.65,59,11,N,17,39,E,194,44192,S,LC,G,N,N,Y,Y,Y,L,L,L,M,0,M,Y,N,N, ,Y,Y,Y,Y, , ,Y, ,Y, ,Y,Y,Y, ,Y,Y,Y,Y, , , ,Y,Y, ,N,Y, , , , ,Y,Y,Y, , , ,Y, ,Y,Y, , , ,C, ,M
1005586.06683257,4733615.39676189,1706,39215,39130,SARROCH OIL TERMINAL,IT,39.083333,9.033333,39,5,N,9,2,E,131,53262,M,OR,E, , , ,Y, ,B,J, ,B,0,L, ,Y, ,Y,Y,Y,Y, , , ,Y,Y,Y, , , ,Y, , , ,Y, , , , , , , ,Y, , , , , , , , , , , , ,Y,Y,Y,Y, , ,C, , 
944360.346896271,7072906.76704887,1707,30840,30650,NORDENHAM,DE,53.483333,8.483333,53,29,N,8,29,E,192,37234,S,RN,G,N,N,Y,Y, ,J,L,H,L,4,M, ,Y,Y,N,Y,Y, , ,Y, ,Y,Y,Y, ,Y,Y,Y,Y, ,Y,Y, , , , ,Y,Y, ,Y,Y,Y, , ,Y,Y,Y,Y,Y,Y, , , ,Y,Y,Y,Y,Y,C,S,S
-59370.3950897459,5624145.69348367,1708,37170,36450,AMBES,FR,45.016667,-0.533333,45,1,N,0,32,W,143,37423,S,RN,E,Y, , , ,Y,M,K,K,K,13,L, , , , ,Y,Y, , , , ,Y, , , , , , , ,Y, , , , , , ,Y,Y, ,Y, , , , , , , , , , , , , ,Y,Y,Y, , ,D, , 
-18300924.2864142,9490825.49979042,1709,20390,20185,SOLOMON,US,64.55,-164.4,64,33,N,164,24,W,CP09,16200,V,OR,P,N,N,Y,Y, , ,G, , ,1, , , , , ,Y, ,Y, , , , , , , , , , , , , , ,Y, , , , , , , , , , , , , , , , , , , , , , , , , , , , 
-18414099.102054,9477884.89685522,1710,20400,20185,NOME,US,64.5,-165.416667,64,30,N,165,25,W,CP09,16206,S,OR,P,N,N,N,Y, ,P,H,P, ,2, , ,Y, , ,Y, ,Y, , , , ,Y, , ,Y,Y, ,Y,Y, ,Y,Y, , , ,Y,Y, , , , , , , , , ,Y,Y,N,Y,Y,Y,Y,Y,Y,Y,Y, , , 
-18516141.9686145,9678965.81634021,1711,20410,20185,GRANTLEY HARBOR,US,65.266667,-166.333333,65,16,N,166,20,W,CP09,16204,V,OR,G,Y,N,N,Y, ,P,M, , ,1, ,Y, , , ,Y, ,Y, , , , , , , , ,Y, ,Y,Y, , ,Y, , , , , , , , , , , , , , , , , , , ,Y,Y, ,Y, , , , , 
944360.346896271,7044895.16044764,1712,30850,30650,BRAKE,DE,53.333333,8.483333,53,20,N,8,29,E,192,37235,M,RT,G,Y,N,N,Y, ,L,L,J, ,4,M, , ,Y,N,Y,Y, , ,Y, ,Y,Y, , , , ,Y,Y,Y,Y,Y, , , , ,Y,Y, ,Y,Y,Y, , , ,Y,Y,Y, , , , ,Y,Y,Y,Y, , ,C,S, 
-389618.217776457,6542076.66005057,1713,35415,35220,TEIGNMOUTH HARBOUR,GB,50.55,-3.5,50,33,N,3,30,W,191,UK0026,V,RN,F,Y,N,N,Y,Y,Q,A,N, ,4,M, , ,Y,N,Y,Y,Y,Y,Y,N,Y, ,Y, , , ,Y, ,Y,Y, , , , , ,Y, , ,Y,Y,Y, , ,Y,Y,Y,Y, , , , ,Y,Y,Y,Y, , ,C, ,S
-18968841.2311738,9269801.98623468,1714,20420,20185,SAVOONGA,US,63.683333,-170.4,63,41,N,170,24,W,CP09,16006,V,OR,P, , , ,Y, , , , , ,1, , , , , ,Y, ,Y, , , , , , , , ,Y, , , , , ,Y, , , ,Y,N, , , , , , , , , ,Y,Y,N,N,N,Y,N,Y,Y,N,N, , , 
-18488312.0959162,9945605.93764479,1715,20425,20185,SHISHMAREF,US,66.25,-166.083333,66,15,N,166,5,W,CP09,16005,V,CN,F,N,N,Y,Y, , ,L, , ,0, , , , , , , ,Y, , , , , , , , , , ,Y,Y, , ,Y, , , , , , , , , , , , , , , , , , , ,Y,Y, ,Y, , , , , 
2000040.18458581,8158804.36821728,1716,25330,24975,NYNASHAMN,SE,58.9,17.966667,58,54,N,17,58,E,194,44178,S,CN,E,N,N,N,Y, ,G,L, ,J,0,M, , ,Y,N,Y,Y,Y, , , ,Y, ,Y, , , ,Y, , ,Y,Y,Y, , , , , , ,Y,Y, , , , ,Y, ,Y, , , , , ,Y,Y,Y, ,Y,C, , 
-307983.924528057,6571327.54238709,1717,35440,35220,BRIDPORT HARBOUR,GB,50.716667,-2.766667,50,43,N,2,46,W,191,UK3315,V,CB,P,Y,N,N,Y, ,Q,J,P, ,4,M,Y, ,Y,N,Y,Y,Y, , ,N,N, , , , , ,Y, , ,Y, , , , , ,Y, , ,N, ,Y, , , , ,Y,Y, , , , , ,Y,Y,Y, , ,C, ,S
293141.32575562,4803169.83584465,1718,38630,38600,PALMA DE MALLORCA,ES,39.566667,2.633333,39,34,N,2,38,E,131,52144,M,CB,F,N,N,N,N, ,K,G,D,F,1,L,Y, ,Y,Y,Y,Y,Y,Y,Y, ,Y, , ,Y,Y,Y,Y,Y,Y,Y,Y, , , , ,Y,Y, ,Y,Y,Y,Y, , ,Y,Y,Y, , ,Y,Y,Y,Y,Y,Y, , ,C,S,M
942505.022049716,7026275.43958034,1719,30860,30650,ELSFLETH,DE,53.233333,8.466667,53,14,N,8,28,E,192,37235,V,RT,G,Y,N,N,Y,Y,O, ,O, ,4, , , ,Y,N,Y,Y,Y, ,Y, ,Y, , , ,Y, ,Y, ,Y,Y,Y, , , , ,Y, , ,Y,Y, , , , , ,Y, , , , , , ,Y,Y,Y, , ,C,S,S
-18115391.8017587,9899690.68457634,1720,20430,20185,DEERING,US,66.083333,-162.733333,66,5,N,162,44,W,CP09,16005,V,OR,F,N,N,Y,Y, , ,L, , ,2, , , , , ,Y, ,Y, , , , , , , ,Y, , , ,Y, , ,Y, , , ,N,Y, , , , , , , , , ,N,N,N,N,N,N,Y,N,N,N,N, , , 
942505.022049716,4728836.17627514,1721,39220,39130,PORTO PONTE ROMANO,IT,39.05,8.466667,39,3,N,8,28,E,131,53263,V,OR,F, , , , , ,M,K,L, ,0, ,Y,Y, , , ,Y,Y, , , , ,Y, , ,Y,Y, , , ,Y,Y,Y, , , ,Y, , , ,Y, , ,Y, , , , , , , , ,Y,Y,N, , , ,C, , 
-217073.007046883,6565469.06123928,1722,35480,35220,POOLE HARBOUR,GB,50.683333,-1.95,50,41,N,1,57,W,191,UK2611,S,RN,N,Y,N,N,Y,Y,N,J,M,N,2,M, ,Y,Y,N,Y,Y,Y, ,Y,N,Y, ,Y,Y,Y,Y,Y, ,Y,Y, , , , , ,Y,Y, ,N, ,Y, ,Y,Y,Y,Y,Y, , , , , ,Y,Y,Y, , ,C, ,S
2046423.30574968,8249147.78203813,1723,25360,24975,GUSTAVSBERG,SE,59.316667,18.383333,59,19,N,18,23,E,194,44180,V,CN,E, , , ,Y,Y,O,J,O, ,0,M, ,N,N, ,Y,Y, , , , , , , , , , ,Y, , , ,Y,Y, , , , , , ,N, , , , , , , , , , , , ,Y, ,Y, , , , , , 
-1975920.96158061,3335402.87219108,1724,38150,38140,SANTA CRUZ DE LA PALMA,ES,28.683333,-17.75,28,41,N,17,45,W,143,51344,V,CB,F, ,Y, ,Y, ,H,A,J, ,2,L, , , , ,Y,Y,Y, , , ,N, , , , , ,Y, ,Y, , , , , , ,Y, , ,N, , , , , , , , , , , , ,Y,Y, , , , ,D, , 
-18098693.8781397,10132357.5887032,1725,20450,20185,KOTZEBUE,US,66.916667,-162.583333,66,55,N,162,35,W,CP09,16005,V,CN,F,N,N,Y,Y, , ,L, , ,2, , , , , ,Y, ,Y, , , , , , , , , , ,Y,Y, , ,Y, , , ,Y, , , , , , , , , , , , , , , ,Y, , , , , , , , 
914675.149351398,7004607.32011767,1726,30870,30650,OLDENBURG,DE,53.116667,8.216667,53,7,N,8,13,E,192,37235,V,RN,G,Y,N,N,Y,Y,P, ,O, ,3,M, , ,Y,N,Y,Y, , , , , , ,Y,Y,Y, ,Y, ,Y,Y, , , , , ,Y,Y, ,Y,Y, , , ,Y,Y,Y,Y, , , , ,Y,Y,Y, , , ,C, ,S
-155847.287110583,6603623.9066552,1727,35580,35220,SOUTHAMPTON,GB,50.9,-1.4,50,54,N,1,24,W,191,UK2041,L,RB,E,N,N,N,Y, ,H,B,G,H,5,L,Y,Y,Y,Y,Y,Y,Y, ,Y, ,Y,Y,Y, ,Y,Y,Y,Y,Y,Y,Y, , , , ,Y, , ,Y,Y,Y,Y,Y,Y, ,Y,Y,Y, ,Y,Y, ,Y,Y,Y,Y,Y,A,L,M
-1807086.40054414,3307938.20332763,1728,38160,38140,SANTA CRUZ DE TENERIFE,ES,28.466667,-16.233333,28,28,N,16,14,W,143,51341,M,CB,G, ,Y, , , ,J,A,D,A,2,L,Y,Y, , ,Y,Y, , , , ,Y,Y, , ,Y, ,Y, ,Y, ,Y, , , , ,Y,Y, ,Y, ,Y, , , , ,Y,Y, ,Y,Y,Y, ,Y,Y,Y, ,Y,A,M,S
-1716175.48306297,3267898.55428422,1729,38170,38140,LAS PALMAS,ES,28.15,-15.416667,28,9,N,15,25,W,143,51344,L,CB,G,N,Y,N, ,N,J,A,B, ,2,L, ,Y,Y, ,Y,Y, , ,Y,Y,Y, ,Y, ,Y, ,Y, ,Y, ,Y, , , , ,Y,Y, ,N,Y,Y,Y,Y,Y,Y,Y,Y, , ,Y,Y, ,Y,Y, , , ,B, ,L
-17811118.5269238,11283647.2722848,1730,20470,20185,WAINWRIGHT,US,70.65,-160,70,39,N,160,0,W,CP09,16085,V,OR,P,N,N,Y,Y, , , , , ,1, , , , , ,Y, ,Y, , , , , , , , , , , ,Y, , , , , , , , , , , , , , , , , , , , , , ,Y, , , , , , , , 
975900.869287698,7007699.16114071,1731,30900,30650,BREMEN,DE,53.133333,8.766667,53,8,N,8,46,E,192,37236,L,RT,F,Y,N,N, , ,L,L,N,L,4,M, ,Y,Y,N,Y,Y,Y, ,Y,Y,Y, ,Y,Y,Y,Y,Y, ,Y,Y,Y,Y, , , ,Y,Y, ,Y,Y,Y,Y,Y,Y,Y,Y,Y,Y,Y,Y,Y,Y,Y,Y,Y,Y,Y,A,S, 
-27829.8726983184,6588928.02623559,1732,35630,35220,SHOREHAM HARBOUR,GB,50.816667,-0.25,50,49,N,0,15,W,191,UK1652,V,LC,G,N,N,Y,Y,Y,P,K,M, ,5,M, ,Y,Y,N,Y,Y,Y, ,Y,N,Y, ,Y,Y, , ,Y, ,Y,Y,Y, , , , ,Y,Y, ,N,Y,Y, , , , ,Y,Y, , , , ,Y,Y,Y,Y,Y,Y,C,S,M
-17453040.8315387,11499853.3610327,1733,20480,20185,BARROW,US,71.283333,-156.783333,71,17,N,156,47,W,CP09,16082,V,OR,P,N,N,Y,Y, , , , , ,0, , , , , ,Y, ,Y, , , , , , , ,Y,Y,Y,Y,Y, , , , , , ,Y,N, , , , , , , , , ,N,N,N,N,N,Y,Y,N,Y,N,N, , , 
-1541774.94748684,3312159.85981844,1734,38180,38140,PUERTO DEL ROSARIO,ES,28.5,-13.85,28,30,N,13,51,W,143,51343,V,CB,F, , , ,Y, ,H,E,J, ,3,M, , , , , ,Y,Y,Y, , ,N, ,Y, , , ,Y, , , , , ,Y, , ,Y, , ,N, , , ,Y,Y, ,Y, , , , , , ,N, , , , ,C,S, 
265311.453057302,6630142.9139818,1735,35730,35720,DUNKERQUE PORT EST,FR,51.05,2.383333,51,3,N,2,23,E,191,37123,M,RT,E,Y,N,N,Y,Y,G,C,G,H,6,L,Y,Y,Y,N,Y,Y,Y, ,Y, ,Y,Y, , ,Y,Y,Y, ,Y,Y,Y, , , , ,Y,Y, ,Y,Y,Y,Y,Y,Y,Y,Y,Y, , ,Y,Y, ,Y,Y,Y,Y,Y,A,L, 
909109.174811734,7082265.97417405,1736,30910,30650,WILHELMSHAVEN,DE,53.533333,8.166667,53,32,N,8,10,E,192,37232,S,CT,G,Y,Y,N,Y,Y,C,J,J,M,4,M, , ,Y,N,Y,Y,Y, ,Y, ,Y,Y,Y,Y,Y,Y,Y, , ,Y,Y,Y, , , ,Y,Y,Y,Y,Y,Y,Y,Y, ,Y,Y,Y,Y,N, ,Y,Y,Y,Y,Y,Y,Y,B,S,S
-16521667.7585684,11178084.8534487,1737,20483,20185,PRUDHOE BAY,US,70.333333,-148.416667,70,20,N,148,25,W,CP09,16061,V,CN,P,N,N,Y,Y, , , , , ,0, , , , , , , , , , , , , , , , , , , , , , ,Y, , , , , , , , , , , , , , , , , , , , , , , , , , , , 
799645.008865015,7044895.16044764,1738,30950,30650,EMDEN,DE,53.333333,7.183333,53,20,N,7,11,E,192,37224,M,RT,G,Y,N,N,Y,Y,L,J,M,K,3,M, ,Y,Y,N,Y,Y,Y, ,Y, ,Y,Y,Y, ,Y,Y,Y,Y, ,Y,Y, , , , ,Y,Y, ,Y, ,Y, , ,Y,Y,Y,Y,Y, ,Y,Y, , ,Y,Y,Y,Y,A,L,M
-15989189.5276072,11112251.8812477,1739,20486,20185,BERNARD HARBOR,US,70.133333,-143.633333,70,8,N,143,38,W,CP09,16043,V,OR,F,N,N,Y,Y, ,P,P, , ,0, ,Y, , , , , , , , , , , , , , , , , , , , ,Y, , , , , , , , , , , , , , , , , , , , , , , , , , , , 
178111.185269238,6574258.34550982,1740,35760,35720,BOULOGNE-SUR-MER,FR,50.733333,1.6,50,44,N,1,36,E,191,37104,M,RT,G,N,N,N,N,Y,N,G,J,O,8,M, , ,Y,N,Y,Y,Y,Y,Y, ,Y,Y, ,Y,Y,Y,Y, ,Y,Y, , , , , ,Y, , ,N,Y,Y, , , ,Y,Y,Y, , , , , ,Y,Y,Y, , ,C,S,L
-14805492.2755054,10892020.8887447,1741,20491,20490,TUKTOYAKTUK,CA,69.45,-133,69,27,N,133,0,W,CAN,15937,V,CN,F, , ,Y,Y, ,O, ,O,N,1, ,Y, , , ,Y,N,Y, , ,Y,Y,Y,Y,Y,Y,Y,Y,Y,Y, ,Y,Y, , , ,Y,Y, ,N, , , , , , , , , , , , ,Y,Y,Y,Y, , ,A,M, 
-13887106.4764609,11128650.2775541,1742,20492,20490,POLICE POINT,CA,70.183333,-124.75,70,11,N,124,45,W,CAN,CA7667,V,CN,F, , ,Y,Y, , ,G, , ,2, , , , , , , , , , , , , , , , , , ,Y,Y, , ,Y, , , , , , , , , , , , , , , , , , , ,N,Y,N,N, , , , , 
-13812893.4825987,10860381.7393034,1743,20493,20490,PAULATUK,CA,69.35,-124.083333,69,21,N,124,5,W,CAN,CA7687,S,CN,F, , ,Y,Y, ,Q, , , ,2, ,Y, , , , , , , , , , , , , , , , , , , , ,Y, , , , , , , , , , , , , , , , , , , , ,Y, , , , , , , 
829330.206409888,7026275.43958034,1744,30960,30650,LEER,DE,53.233333,7.45,53,14,N,7,27,E,192,37010,V,RT,G,Y,N,N,Y,Y,O,L,O, ,2,M, , ,Y,N,Y,N,Y, , , , , ,Y, ,Y,Y,Y, , ,Y,Y, , , , ,Y, , ,Y,Y,Y,Y,Y,Y,Y,Y,Y, , , , ,Y,Y,Y,Y,Y, ,C,S,S
-13664467.4948743,11009305.6463328,1745,20494,20490,PEARCE POINT,CA,69.816667,-122.75,69,49,N,122,45,W,CAN,CA7621,V,CN,G, , ,Y,Y, , ,L, , ,1, ,Y, , , , , , , , , , , , , , , , , ,Y, , ,Y, , , , , , , , , , , , , , , , , , , , , , , , , , , , 
-13441828.5132878,10939756.9131972,1746,20495,20490,TYSOE POINT,CA,69.6,-120.75,69,36,N,120,45,W,CAN,CA7621,V,CN,P, , ,Y,Y, , ,G, , ,1, , , , , , , , , , , , , , , , , , , ,Y, , ,Y, , , , , , , , , , , , , , , , , , , , , , , , , , , , 
821908.90702367,7001516.67745022,1747,30970,30650,PAPENBURG,DE,53.1,7.383333,53,6,N,7,23,E,192,37010,S,LC,G,N,N,N,Y,Y,O,L,N, ,3,M, , ,Y,N,Y, ,Y, ,Y, ,Y, , , , , , , , ,Y,Y, , , , ,Y,Y, ,Y,Y,Y, , ,Y, ,Y,Y, , , , ,Y,Y,Y,Y, , ,C,M, 
-13942766.2218575,11741187.4374277,1748,20496,20490,SACHS HARBOR,CA,71.966667,-125.25,71,58,N,125,15,W,CAN,CA7621,V,CN,P, , ,Y,Y, , , , , ,2, , , , , , , , , , , , , , , , , , , ,Y, , ,Y, , , , , , , , , , , , , , , , , , , , ,Y, , , , , , , 
-13016959.1234268,10730109.2497792,1749,20497,20490,CAPE YOUNG,CA,68.933333,-116.933333,68,56,N,116,56,W,CAN,CA7667,V,OR,P, , ,Y,Y, , ,F, , ,0, , , , , , , , , , , , , , , , , , , ,Y, , ,Y, , , , , , , , , , , , , , , , , , , , , , , , , , , , 
-12775766.8933747,10683812.7667274,1750,20498,20490,BERNARD HARBOR,CA,68.783333,-114.766667,68,47,N,114,46,W,CAN,15955,S,CN,F, , ,Y,Y, , ,J, , ,0, , , , , , , , , , , , , , , , , , , ,Y, , ,Y, , , , , , , , , , , , , , , , , , , , ,Y, , , , , , , 
-17870488.9220135,7407283.68459609,1751,20050,19080,BARALOF BAY,US,55.233333,-160.533333,55,14,N,160,32,W,CP09,16553,V,CN,F,N,N,N, , , ,A,L,P,5, , , , , ,Y, ,Y, , , , , , ,N, ,Y, ,Y,Y, ,Y,Y, , , ,N, , , , , , , , , , , , , , , ,Y,Y,N,N,N,N, , , 
-18037468.1582034,7378056.24010074,1752,20070,19080,BELKOFSKI,US,55.083333,-162.033333,55,5,N,162,2,W,CP09,16549,V,OR,P, , , , , , ,E, , ,5, , , , , ,Y, ,Y, , , , , , , , , ,Y,Y, , , ,Y, , , ,N,N, , , , , , , , , ,Y,Y,N,N,N, , , , , , , , , 
-18069008.6805949,7371576.14679691,1753,20080,19080,KING COVE,US,55.05,-162.316667,55,3,N,162,19,W,CP09,16549,V,CN,P,N,N,N,Y, , ,A,M, ,5, ,Y, , , ,Y, ,Y, , , , , , , , ,Y,Y,Y,Y, ,Y,Y, , , ,Y,N, , , , , , , , , ,N,N,N,N,N,Y,Y,Y,Y,N,N,C, ,S
1257910.24596399,7410537.97676342,1754,29530,29150,SKAELSKOR,DK,55.25,11.3,55,15,N,11,18,E,194,44064,V,CB,E,Y, ,Y,Y,Y,P,N,O, ,0,M, , ,N,N,Y,N,Y, ,Y,N,N,Y,Y, , , ,Y,Y, ,Y, , , , , , , , ,N,Y,Y, , , ,Y, ,Y, , , , , ,Y,Y,Y, , ,C, ,S
1252344.27142433,7400779.18915312,1755,29545,29150,STIGSNAESVAERKET,DK,55.2,11.25,55,12,N,11,15,E,194,44064,V,OR,F,N,N,N,Y,Y,F,C,M,F,0,M,Y,Y, ,N,Y,Y,Y, , ,N,Y, , ,Y,N, ,Y,Y,Y, ,Y, , , , ,Y,Y, ,Y, , , , , , ,Y, , , , , ,Y,Y,N,N,Y,Y,C, , 
-18111681.1520656,7400779.18915312,1756,20085,19080,COLD BAY,US,55.2,-162.7,55,12,N,162,42,W,CP09,16549,V,CN,F,N,N,N, , , , ,K, ,0, , , , , , , , , , , , , , , , ,Y, ,Y,Y, ,Y,Y, , , , , , , , , , , , , , , , , , , , , , , , , , , , 
640087.072061323,8148036.5186862,1757,23470,20620,SANDNES,NO,58.85,5.75,58,51,N,5,45,E,182,43341/3,V,RB,G,N,N,N,Y,N,N,C,N,H,1, , , ,Y,N,Y,Y,Y, , , ,Y, ,Y, ,Y, ,Y,Y,Y,Y,Y,Y, , , ,Y, , ,Y, ,Y, , , ,Y, , , , , , ,Y,Y, , , , ,C, ,S
1308004.01682096,7407283.68459609,1758,29555,29150,NAESTVED,DK,55.233333,11.75,55,14,N,11,45,E,194,44064,S,RB,E,N,Y,N,Y,Y,O,L,N,N,1,M,Y,Y,Y, ,Y,Y,Y, ,Y, ,Y,Y,Y,Y, , ,Y,Y, ,Y, , , , , ,Y,Y, , ,Y,Y, , , ,Y,Y,Y, , , , , ,Y,Y,Y, , ,C, , 
-18124668.4259915,7262230.5061219,1759,20090,19080,SANAK,US,54.483333,-162.816667,54,29,N,162,49,W,CP09,16547,V,OR,F, , , ,Y, , ,N, , ,4, , , , , ,Y, ,Y, , , , , , , , , , , , , , ,Y, , , , , , , , , , , , , , , , , , , , , , , , , , , , 
640087.072061323,8173185.75878655,1760,23480,20620,STAVANGER,NO,58.966667,5.75,58,58,N,5,45,E,182,43342,M,CB,E,Y,N,N,N,Y,A,A,L,K,1,L,Y, ,Y,N,Y,Y,Y, ,Y,N,Y, ,Y,Y,Y, ,Y,Y,Y,Y,Y,Y, ,Y, ,Y,Y, ,Y,Y,Y,Y,Y,Y,Y,Y,Y, , , ,Y,Y,Y,Y,Y,Y,Y,B,L, 
1324701.94043996,7361866.11305119,1761,29560,29150,VORDINGBORG,DK,55,11.9,55,0,N,11,54,E,194,44068,V,CN,F,N,N,N,Y,Y,N,N,M, ,0,M, , ,N,N,Y,Y,Y, ,Y,Y,Y, ,Y,Y, , ,Y, , ,Y,Y, , , , ,Y,Y, ,Y, , , , , , ,Y,Y, , , , , ,Y,Y,Y, ,Y,C, ,S
-18562525.0897784,7113543.37942064,1762,20100,20095,CANNERY BAY,US,53.7,-166.75,53,42,N,166,45,W,CP09,16517,V,CN,F,N,N,N,Y, , ,B, , ,2, , , , , , , , , , , , , , , , , , , , , , ,Y, , , , , , , , , , , , , , , , , , , , , , , , , , , , 
1341399.86405895,7339256.33526018,1763,29580,29570,STUBBEKOBING,DK,54.883333,12.05,54,53,N,12,3,E,194,44068,S,CB,G,N,N,N,Y,Y,O,P,N, ,1,M,Y, ,N,N,Y,Y,Y, , ,N,N, ,Y,Y,Y, ,Y, , ,Y, , , , , , , , ,N, , , , , , , , , , , , , ,Y,Y,Y, , , , , 
1367374.41191071,7358632.12455073,1764,29600,29570,STEGE,DK,54.983333,12.283333,54,59,N,12,17,E,194,44068,V,CB,G,N,N,N,Y,Y,P, ,O, ,0,M, , ,N,N,Y, ,Y, ,Y, , , ,Y,Y, , ,Y,Y, ,Y, , , , , ,Y, , ,N,N,N,N, , , , ,Y, , , , , ,Y,Y,Y, , ,C, ,M
586282.651511241,8212878.51454409,1765,23485,20620,SKUDENESHAVN,NO,59.15,5.266667,59,9,N,5,16,E,182,43341,V,CB,G,N,N,N,N,N,M,N,N,M,0,M,Y, ,Y,N,Y, ,Y, ,Y, ,Y,Y,Y, ,Y,Y,Y, ,Y, ,Y,Y, ,Y, ,Y,Y, ,N, , , , , , , , , , , , ,Y,Y,Y, , , ,C, ,S
-18588499.6376301,7126089.02056261,1766,20110,20095,MAKUSHIN,US,53.766667,-166.983333,53,46,N,166,59,W,CP09,16517,V,OR,F,Y,Y,N,Y, , ,B, , ,2, , , , , , , , , , , , , , , , , , , , , , ,Y, , , , , , , , , , , , , , , , , , , , , , , , , , , , 
1458285.32939188,7230358.751386,1767,28848,28826,STRALSUND,DE,54.316667,13.1,54,19,N,13,6,E,194,44068,V,CB,E,N,N, ,Y,Y,O,M,N, ,2,M, , ,Y, ,Y,Y,Y, , ,Y,Y,Y,Y,Y,Y,Y,Y, ,Y,Y,Y, , , , ,Y,Y, ,Y,Y,Y, , , , ,Y,Y,Y, , ,Y, ,Y,Y,Y,Y,Y,A, ,M
-13714561.2657313,6240993.4634589,1768,18630,18080,LYALL HARBOR,CA,48.8,-123.2,48,48,N,123,12,W,154,18413,V,CN,F,N,N,N,Y,N, ,H,L, ,0,M, , ,N,N,N, ,Y, , , , , , , ,Y, , , , , ,Y,Y, , , , , , ,N, , , , , , , , , , , , , , , ,Y, , , , , 
621533.823595777,8165991.59150411,1769,23487,20620,TANANGER,NO,58.933333,5.583333,58,56,N,5,35,E,182,43341,V,CB,G,N,N,N,Y,N,A,M,H,J,1,M,Y,Y,Y,N,Y,Y,Y, , ,N,Y, ,Y, , , ,Y,Y,Y,Y,Y,Y, ,Y, , ,Y, ,Y,Y,Y, ,Y, , ,Y, , , , , , ,Y,Y,Y, , ,C, , 
-18538405.8667732,7151240.19285447,1770,20120,20095,DUTCH HARBOR,US,53.9,-166.533333,53,54,N,166,32,W,CP09,16529,S,CN,P,N,N,N, , ,H, , ,B,2, , , , , , ,Y,Y, , , ,N, , , ,Y,Y,Y,Y,Y, ,Y,Y, , , ,Y,Y, , , , , , , , , ,Y,Y,N,Y,Y,Y,Y,Y,Y,Y,N, , , 
667916.944759641,8062448.57626359,1771,23490,20620,EGERSUND,NO,58.45,6,58,27,N,6,0,E,182,43344,V,RN,G,N,Y,N,Y,Y,O,N,O,N,0,M,Y, ,Y,N,Y,N,Y, , ,N,Y, ,Y, ,Y, ,Y,Y, ,Y,Y,Y, , , ,Y,Y, ,Y,Y,Y, ,Y, ,Y,Y,Y, , , , , ,Y,Y,Y,Y,Y,C, ,S
2779276.62013873,8436938.23199985,1772,28190,27380,HELSINKI,FI,60.166667,24.966667,60,10,N,24,58,E,195,44340/1,L,CB,F,N,N,N,Y,Y,L,J,O,K,1,L,Y,Y,Y,Y,Y,Y, , ,Y, ,Y,Y,Y, ,Y,Y,Y, ,Y,Y,Y,Y, , , ,Y,Y, ,Y,Y,Y,Y,Y,Y,Y,Y,Y,Y, ,Y,Y,Y,Y,Y, ,Y,Y,A,M,M
-18538405.8667732,7144944.88834777,1773,20130,20095,UNALASKA,US,53.866667,-166.533333,53,52,N,166,32,W,CP09,16529,V,CN,P,N,N,N, , ,L, ,K, ,2, ,Y, , , , , ,Y, , , , , , , ,Y,Y,Y,Y,Y, ,Y,Y, , , ,Y,Y, , , , , , , , , ,Y,Y,N,N,Y,Y,Y,Y,Y,Y,N, , , 
-13723837.8899641,6240993.4634589,1774,18650,18080,HOPE BAY,CA,48.8,-123.283333,48,48,N,123,17,W,154,18413,V,CN,F,N,N,N,Y,N, ,F,K, ,8,M,Y, ,N,N,N, ,Y, , , , , , , , , , , , , ,Y,Y, , , , , , ,N, , , , , , , , , , , , , , , ,Y, , , , , 
-19388144.6464951,6842425.57097357,1775,20135,20095,PALISADES POINT,US,52.233333,-174.166667,52,14,N,174,10,W,CP09,16490,V,CN,F,N,N,N, , , , ,M, ,3, , , , , , , , , , , , , , , , , , , , , ,Y,Y, , , , , , , , , , , , , , , , , , , , , , , , , , , , 
-13734969.8390434,6215681.04290064,1776,18660,18080,SIDNEY,CA,48.65,-123.383333,48,39,N,123,23,W,154,18415,V,CN,F,Y,N,Y,Y,Y, ,E,N,K,2,L,Y, ,Y,N,Y,Y,Y, , , ,Y,Y,Y, ,Y,Y,Y, ,Y,Y,Y,Y, , , ,Y, , ,N, ,Y, , ,Y,Y,Y,Y,Y, , ,Y,Y,Y, ,Y, ,Y,A,L,S
697602.142304514,8037668.86686635,1777,23500,20620,REKEFJORD,NO,58.333333,6.266667,58,20,N,6,16,E,182,43345,V,RN,G,N,N,N,Y, ,E,A,N,P,0,M, , ,N,N,Y, ,Y,Y,Y, , , , , , , , , , , ,Y,Y, ,Y, , , , , ,Y, , , , , ,Y, , , , , , ,Y, , , , , , , 
19959584.699234,6692356.43526254,1778,20150,20095,CONSTANTINE HARBOR,US,51.4,179.3,51,24,N,179,18,E,CP09,16446,V,CN,F,N,N,N,Y, ,A,J,H, ,3, , , , , , , ,Y, , , , , , , ,Y,Y,Y,Y,Y, ,Y,Y, , , ,Y,N, , , , , , , , , ,N,Y,N,N,Y,N,Y,N,Y,N,N, , , 
-13710850.6160382,6210066.29294227,1779,17940,16000,ROCHE  HARBOR,US,48.616667,-123.166667,48,37,N,123,10,W,CP07,18433,V,CN,E, , , , , , ,L, ,L,5, , , , , , ,Y, , , , , , , , ,Y, ,Y, ,Y, , ,Y, , , ,Y,Y, , ,Y, , , , , ,Y,N,Y,N,N,N,Y,Y,Y,Y,N,N, , , 
727287.339849387,8016494.14167095,1780,23505,20620,KIRKEHAMN,NO,58.233333,6.533333,58,14,N,6,32,E,182,43345,V,CB,G,N,Y,N,Y,Y,O,F, , ,0,M,Y, ,N,N,N, ,Y, , ,N,N, , , , , , , , , , ,Y, , , , , , ,N, , , , , , , , , , , , , , , , , , , , , 
2853489.61400091,8466834.60349096,1781,28210,27380,PORVOO,FI,60.3,25.633333,60,18,N,25,38,E,195,44340,V,RN,G,N,N,Y,Y,Y,G,A,M,M,0,L,Y,Y,Y,N,Y,Y,Y, , , ,Y,Y,Y, , , ,Y,Y,Y,Y,Y, , , , ,Y, , ,Y, , , , , , , ,Y, , , , , ,Y,Y, , , ,C, ,S
19764775.5903457,6794100.60277427,1782,20160,20095,KISKA,US,51.966667,177.55,51,58,N,177,33,E,CP09,16442,V,CN,F,N,N,N, , ,B,B,J, ,3, , , , , , , ,Y, , , , , , , , , , , , , ,Y,Y, , , , , , , , , , , , , , , , , , , , , , , , , , , , 
-13684876.0681864,6207260.30817525,1783,17990,16000,ORCAS,US,48.6,-122.933333,48,36,N,122,56,W,CP07,18434,V,CN,E,N,N,N,Y, , , ,P, ,5, , , , , , ,Y, , , , , , , , ,Y, , , ,Y, ,Y, , , , ,Y,Y, , , , , , , , , ,N,Y,N,N,N,Y,Y,Y,Y,N,N, , , 
19377012.6974158,6933823.33111297,1784,20170,20095,ALCAN HARBOR,US,52.733333,174.066667,52,44,N,174,4,E,CP09,16436,V,CN,F,N,N,N,Y, , , ,O, ,2, , , , , , , , , , , , , , , , , , , , , ,Y,Y, , , , , , , , , , , , , , , , , , , , , , , , , , , , 
742129.938621824,8030603.97827452,1785,23510,20620,FLEKKEFJORDEN,NO,58.3,6.666667,58,18,N,6,40,E,182,43345,S,RB,E,N,Y,N,Y,Y,L,J,N, ,0,M,Y, ,Y,N,Y,N,Y, ,Y, ,Y, ,Y, , , ,Y,Y,Y,Y,Y,Y, , , ,Y, , ,N,Y, , , , , ,Y, ,Y, , , ,Y,Y,Y, , , ,C, ,S
-13649624.8961019,6193244.25254202,1786,18040,16000,ANACORTES,US,48.516667,-122.616667,48,31,N,122,37,W,CP07,18427,S,CN,E,N,N,N, , ,H,F,J,H,5,L, , ,Y, ,Y,Y, , ,Y, ,Y,Y, , ,Y,Y,Y,Y,Y,Y,Y,Y, , , ,Y,Y, ,Y, ,Y, ,Y, ,Y, ,Y,Y,N,Y,Y,Y,Y,Y,Y,Y,Y,C, ,M
-16549497.6312667,8587654.06779701,1787,19680,19080,WHITTIER,US,60.833333,-148.666667,60,50,N,148,40,W,CP09,16706,V,CN,G, , , ,Y, , , ,J, ,10, , , , , ,Y, ,Y, , , , , , , ,Y, ,Y,Y,Y,Y,Y, , , , ,N,N, , , , , , , , , ,N,Y,N,N,N, ,Y,Y,Y,N,N, , , 
758827.862240815,7984843.67724344,1788,23520,20620,FARSUND,NO,58.083333,6.816667,58,5,N,6,49,E,182,43360,V,CN,G,N,Y,N, ,Y,A,O,N, ,0,M,Y, ,Y,N,Y,Y,Y, , , ,Y, ,Y, , , ,Y,Y,Y, ,Y,Y, ,Y, ,Y, , ,N,Y, , , , , , , , , , , ,Y,Y, ,Y,Y, ,C, ,S
-13636637.622176,6232547.59747765,1789,18050,16000,BELLINGHAM,US,48.75,-122.5,48,45,N,122,30,W,CP07,18424,S,CN,E,N,N,N,Y, , ,K,K,N,5,L,N,Y,Y, ,Y,Y, , ,Y, ,Y,Y, , ,Y,Y,Y,Y,Y,Y,Y,Y, , , ,Y,Y, ,N,Y,Y,Y, ,Y,Y, ,Y,Y,Y,Y,Y,Y,Y,Y,Y,Y,Y,B, ,M
-16475284.6374045,8414595.46846032,1790,19710,19080,CRAB BAY,US,60.066667,-148,60,4,N,148,0,W,CP09,16702,V,CN,F,N,N,N,Y, , , ,L, ,9, , , , , ,Y,Y, , , , , , , , , , , , , , ,Y, , , , , , , , , , , , , , , , , , , , , ,Y, , , , , , , 
782947.085246024,7967317.53501591,1791,23525,20620,STUSVIK,NO,58,7.033333,58,0,N,7,2,E,182,43340,V,CB,F,N,Y,N,N,Y, ,M,M, ,0,M, , ,N,N,Y, , , , , , , , , , , , , , , ,Y,Y, ,Y, , , , ,N, , , , , , , , , , , , , , , , , , , , , 
-13664467.4948743,6252267.72511076,1792,18055,16000,CHERRY POINT,US,48.866667,-122.75,48,52,N,122,45,W,CP07,18431,V,CN,F,N,N,N, , ,A,A, ,D,5,L, , , , , ,Y, , , , ,Y,Y, , , , , , , , ,Y, , , , ,Y, , , , , , , , , , , ,Y, , , ,Y,Y,Y, ,Y,Y,C, , 
-16480850.6119442,8414595.46846032,1793,19730,19080,PORT ASHTON,US,60.066667,-148.05,60,4,N,148,3,W,CP09,16702,V,CN,G,N,N,N,Y, , , ,L,L,9, , , , , , , , , , , , , , , , , , , , , ,Y, , , , , , , , , , , , , , , , , , , , , , , , , , , , , 
831185.531256443,7970819.49649574,1794,23530,20620,MANDAL,NO,58.016667,7.466667,58,1,N,7,28,E,193,43360,V,RN,G,N,N,N,Y,Y,J,A,N,H,1,M,Y, ,Y,N,Y,Y,Y, ,N, ,Y,Y,Y, ,Y, ,Y,Y,Y,Y,Y,Y, , , ,Y,Y, ,N, ,Y,Y, ,Y,Y,Y,Y, , , ,Y,Y,Y,Y, ,Y,Y,B, ,S
-13666322.8197209,6272033.88239925,1795,18060,16000,SEMIAHMOO,US,48.983333,-122.766667,48,59,N,122,46,W,CP07,18421,V,CN,G,N,N,N,Y, , ,N,L, ,6, , , , , , ,Y, , , , , , , , ,Y, , , ,Y,Y,Y,Y, , , ,Y,Y, , , , , , , , , ,Y,Y,N,N,N,Y,Y,Y,Y,Y,Y, , , 
19377012.6974158,6930759.92539194,1796,20175,20095,SKOOT COVE,US,52.716667,174.066667,52,43,N,174,4,E,CP09,16436,V,CN,F,N,N,N, , , , ,O, ,2, , , , , , , , , , , , , , , , , , , , , ,Y,Y, , , , , , , , , , , , , , , , , , , , , , , , , , , , 
890555.926346189,7998894.08128203,1797,23550,20620,KRISTIANSAND,NO,58.15,8,58,9,N,8,0,E,193,43364,S,CN,G,N,N,N,Y,Y,N,G,N,J,2,L,Y, ,Y,N,Y,Y,Y, ,Y,Y,Y,Y,Y, ,Y, ,Y,Y,Y,Y,Y,Y, ,Y, ,Y,Y, ,Y,Y,Y, , ,Y,Y,Y,Y,Y, , ,Y,Y,Y,Y,Y,Y,Y,A,L,M
-13664467.4948743,6274861.39400658,1798,18070,16000,BLAINE,US,49,-122.75,49,0,N,122,45,W,CP07,18421,V,CN,G,N,N,N,Y, , ,P,M, ,6, , , ,Y, , ,Y, , , , , , , , ,Y, , , , ,Y,Y,Y, , , ,Y,Y, , , , , , , , , , ,Y,Y,N,Y,Y,Y,Y,Y,Y,Y,C, ,M
-14655210.9629345,7426829.93887988,1799,19130,19080,KETCHIKAN,US,55.333333,-131.65,55,20,N,131,39,W,CP08,17430,S,CN,G, , , , , , , ,L,K,13,L,Y,Y, ,N, , ,Y, , , ,Y,Y, , ,Y,Y,Y,Y,Y, ,Y,Y, , , ,Y,Y, ,N, , , , , , , ,Y,Y,N,Y,Y,Y,Y,Y,Y, , ,C, , 
975900.869287698,8065995.23910353,1800,23600,20620,ARENDAL,NO,58.466667,8.766667,58,28,N,8,46,E,193,43362,S,CB,G,N,N, ,Y,Y,B,B,N, ,1,M,Y, ,Y,Y,Y,Y,Y, ,Y, ,Y, ,Y, ,Y, ,Y,Y, ,Y,Y,Y,Y, , ,Y,Y, ,Y,Y,Y, , ,Y,Y,Y, , , , , ,Y,Y, ,Y,Y, ,C, ,L
2920281.30847688,8500614.17353727,1801,28220,27380,LOVIISA,FI,60.45,26.233333,60,27,N,26,14,E,195,44340/60,V,CN,G,N,N,N,Y, ,L,L,M, ,11,M,Y, ,Y,N,Y, ,Y, ,Y, ,Y,Y,Y, ,Y,Y,Y,Y, ,Y,Y,Y, , , ,Y,Y, ,N,Y,Y,Y, , ,Y,Y,Y, , , , , ,Y,Y, , , ,C, ,S
-13712705.9408848,6297515.62802731,1802,18090,18080,STEVESTON,CA,49.133333,-123.183333,49,8,N,123,11,W,154,18409,V,RN,F,N,N,N,Y,N, ,G, , ,2,M, , , , , ,Y,Y, , , , , , , , , , , , , ,Y, , , , , , , ,N, , , , , , , , , , , , , , , ,Y, , , , , 
-14664487.5871672,7439888.19570547,1803,19140,19080,WARD COVE,US,55.4,-131.733333,55,24,N,131,44,W,CP08,17428,V,CN,G,N,N,N,Y, ,A,B,J, ,13, ,Y, , , , , ,Y, , , , , , , ,Y, , ,Y, , ,Y,Y, , , ,Y,N, , , , , , , , , ,Y,Y,Y,N,N,Y,Y,N,N,N,N, , , 
-14671908.8865535,7452968.49605489,1804,19160,19080,KNUDSON COVE,US,55.466667,-131.8,55,28,N,131,48,W,CP08,17422,V,OR,P,N,N,N,Y, , ,M, , ,13, , , , , , , , , , , , , , , ,Y,Y,Y,Y,Y, , ,Y, , , ,Y,Y, , , , , , , , , ,N,N,N,Y,Y,Y,N,N,N,N,N, , , 
-13683020.7433399,6308865.59708005,1805,18100,18080,NEW WESTMINSTER,CA,49.2,-122.916667,49,12,N,122,55,W,154,18409,M,RN,F, , , , ,Y,K,G,J,L,3,L,Y, ,Y, ,Y,Y,Y, ,Y, ,Y,Y,Y, ,Y,Y,Y,Y,Y,Y,Y,Y, , , ,Y,Y, ,N,Y,Y, , ,Y,Y, ,Y,Y,N,Y,Y,Y,Y,Y,Y,Y,Y,B, ,M
994454.117753244,8097991.11180794,1806,23620,20620,TVEDESTRAND,NO,58.616667,8.933333,58,37,N,8,56,E,193,43366,S,RB,F,N,N,Y,Y, , ,G,M, ,1,M,Y, ,Y,N,Y,Y,Y, , , ,Y, ,Y, , , ,Y,Y, , ,Y,Y, ,Y, ,Y, , ,N, , , , , , , ,Y, , , , , ,Y,N,N, , ,C, , 
-14653355.6380879,7479195.59712531,1807,19170,19080,LORING,US,55.6,-131.633333,55,36,N,131,38,W,CP08,17423,V,CN,F,N,N,N,Y, , ,A, , ,13, , , , , , , ,Y, , , , , , , , , , , , , , ,Y, , , , , , , , , , , , , , , , , , , , , , , , , , , , 
-13677454.7688002,6311705.47931107,1808,18110,18080,FRASER MILLS,CA,49.216667,-122.866667,49,13,N,122,52,W,154,18409,V,RN,F,N,N,N,Y,N, ,G,L, ,4,M, , ,Y,N, ,Y,Y, ,Y, ,Y,Y, , ,Y,Y,Y,Y,Y,Y,Y, , , , ,Y, , , ,Y,Y, , , ,Y, , ,Y, , , ,Y,Y,Y,Y,Y,Y,B, , 
1027849.96499123,8119398.05962826,1809,23630,20620,RISOR,NO,58.716667,9.233333,58,43,N,9,14,E,193,43360,V,CN,G,N,N,Y,Y, ,J,A,L, ,1,M,Y, ,Y,N,Y,Y,Y, ,Y,N,Y, ,Y, , , ,Y,Y,Y, ,Y,Y, ,Y, ,Y, , ,N, , , , , ,Y, ,Y, , , , ,Y,Y,Y, , , ,C,S,M
-14671908.8865535,7541844.20066711,1810,19180,19080,YES BAY,US,55.916667,-131.8,55,55,N,131,48,W,CP08,17422,V,CN,G,N,N,N,Y, , ,G, , ,13, , , , , , , ,Y, , , , , , , , , , ,Y, , ,Y,Y, , , , , , , , , , , , , , , ,Y, , , ,N,Y,N,Y,N,N, , , 
-13668178.1445674,6320230.87609413,1811,18130,18080,PORT COQUITLAM,CA,49.266667,-122.783333,49,16,N,122,47,W,154,18400,V,RN,G,N,N,N,Y,Y, ,G,M, ,4,M, , , , , ,Y,Y, , , , , , , , , , , , ,Y,Y, , , , , , , , , , , , , , , , , , , , , , , , , , , , ,M
-14718292.0077173,7512105.1239738,1812,19190,19080,UNION BAY,US,55.766667,-132.216667,55,46,N,132,13,W,CP08,17423,V,CN,G,N,N,N, , , ,A,L, ,14, , , , , , , ,Y, , , , , , , , , , , , , ,Y,Y, , , , , , , , , , , , , , , , , , , , , , , , , , , , 
-13608807.7494777,6294680.52131657,1813,18140,18080,MISSION CITY,CA,49.116667,-122.25,49,7,N,122,15,W,154,18400,V,RN,G, , , , , , ,G,O, ,4, , , , , , ,Y,Y,Y, , , , , , , , , , , ,Y,Y, , , , , , , , ,Y, , , , , , , , , , , , , , , , , , , , 
1048258.53830333,8151624.07310599,1814,23640,20620,KRAGERO,NO,58.866667,9.416667,58,52,N,9,25,E,193,43360,V,CB,E,N,N, ,Y,Y,F,C,M, ,1,L,Y,Y,Y,N,Y,Y,Y, ,N, ,Y, ,Y, , , ,Y,Y, , ,Y,Y, , , ,Y,Y, ,Y, ,Y, , , ,Y,Y,Y, , , , ,Y,Y,Y, , ,Y,C,S, 
3001915.60172528,8504377.07977954,1815,28230,27380,KOTKA,FI,60.466667,26.966667,60,28,N,26,58,E,195,44367,L,CB,E,N,N, ,Y,Y,G,J,M,L,0,M,Y, ,Y,N,Y,Y,Y,Y,Y, ,Y,N,Y, ,Y,Y,Y, , ,Y,Y, , , , ,Y,Y, ,N,Y,Y, , ,Y,Y,Y,Y, , , , ,Y,Y,Y,Y, , ,C,M,S
-14746121.8804156,7571698.56686436,1816,19200,19080,BURNETT INLET,US,56.066667,-132.466667,56,4,N,132,28,W,CP08,17382,V,CN,F,N,N,N, , , ,J,O, ,14, , , , , , , ,Y, , , , , , , , , , , , , ,Y,Y, , , , , , , , , , , , , , , , , , , , , , , , , , , , 
-13705284.6414985,6323074.59467793,1817,18150,18080,VANCOUVER,CA,49.283333,-123.116667,49,17,N,123,7,W,154,18405/6,L,CN,E,Y,Y, ,Y,Y,A,A,G,N,4,L,N,Y,Y,Y,Y,Y,Y, ,Y,Y,Y,Y,Y,Y,Y,Y,Y,Y,Y,Y,Y,Y, , , ,Y,Y, ,Y,Y,Y,Y,Y, ,Y, ,Y,Y,N,Y,Y,Y,Y,Y,Y,Y,Y,A,M,L
1079799.06069475,8194810.08356837,1818,23660,20620,BREVIK,NO,59.066667,9.7,59,4,N,9,42,E,193,43368/56,S,CN,G,N,Y,N,Y,Y,J,E,K,J,1,M, ,Y,Y,N,Y,Y,Y, ,Y, ,Y,Y,Y, ,Y, ,Y,Y,Y,Y,Y,Y, , , ,Y, , ,Y,N,N,N,N,N,N,N,Y, , , , , ,Y,Y, , ,Y,B, ,S
3027890.14957704,8526995.18149316,1819,28240,27380,HAMINA,FI,60.566667,27.2,60,34,N,27,12,E,195,44367,S,CN,G,N,N,Y,Y, ,L,L,M,L,0,L,Y, ,Y,N,Y,Y, , ,Y,Y,Y,Y,Y, ,N,Y,Y,Y, ,Y,Y, ,Y, ,Y,Y,Y, ,Y,Y,Y, , ,Y,Y,Y, ,Y,Y,Y,Y,Y,Y,Y,Y,Y,Y,C, , 
-14736845.2561829,7651882.28656697,1820,19210,19080,WRANGELL,US,56.466667,-132.383333,56,28,N,132,23,W,CP08,17384,S,CN,G,N,N,N, , ,L,M,J,K,14,M,Y, ,Y, , , ,Y,Y, , ,Y,Y, , ,Y,Y,Y,Y,Y, ,Y,Y, , , ,Y,Y, , , , , , , , , ,Y,Y,N,Y,Y,Y,Y,N,N,Y,Y,N, , 
-13679310.0936468,6323074.59467793,1821,18160,18080,PORT MOODY,CA,49.283333,-122.883333,49,17,N,122,53,W,154,18408,V,CN,E,Y,Y,N,Y,Y,K,N,J,L,3,M,Y,Y,Y,Y,Y,Y,Y, ,Y, ,Y,Y, ,Y,Y,Y,Y,Y,Y,Y,Y,Y, , , ,Y,Y, ,N,Y,Y,Y,Y, , , ,Y,Y,N,Y,Y,Y,Y,Y,Y,Y,Y,A,M,L
1076088.41100164,8212878.51454409,1822,23670,20620,PORSGRUNN,NO,59.15,9.666667,59,9,N,9,40,E,193,43368/56,S,RN,E, ,Y,N,Y,Y,L,E,J,L,1,L, , ,Y,N,Y,Y, , ,Y, ,Y, ,Y, ,Y, , , ,Y,Y,Y,Y, , , ,Y, , ,N,Y,Y, , , ,Y, ,Y,Y, ,Y,Y, ,Y, , ,Y,Y,A,S,S
-13708995.2911916,6391614.29677118,1823,18210,18080,SQUAMISH,CA,49.683333,-123.15,49,41,N,123,9,W,154,17500,V,RN,F,N,N,N,N,N,L,A,J, ,5,L, , ,N,Y,Y,Y,Y, , , ,Y,Y,Y, ,Y,Y,Y,Y, ,Y,Y, , , , ,Y, , ,N,Y,Y, ,Y,Y,Y, ,Y, , , , ,Y,Y,Y,Y, , ,C, ,M
3200435.36030662,8561053.87671952,1824,28300,28250,VYBORG,RU,60.716667,28.75,60,43,N,28,45,E,195,44365,M,CN,G,N,N, ,Y,Y,M,J,M, ,2,M,Y, ,Y,Y,Y, ,Y, ,Y, ,Y, ,Y,Y, , ,Y, ,Y,Y,Y, , , , ,Y,Y, ,Y,Y,Y,Y,Y, , ,Y, , , , , , ,Y,Y, , , ,C, ,M
-13746101.7881227,6362987.99932477,1825,18235,18080,PORT MELLON,CA,49.516667,-123.483333,49,31,N,123,29,W,154,17519,V,CN,F,N,N,N,N,N,K, ,K, ,0,M, , ,N,N,Y,Y,Y, , , ,Y,Y,Y, ,Y,Y, , , , ,Y, , , , , , , ,N, ,Y, , , , , , ,Y, , , , ,Y, , , , , , , 
1068667.11161543,8223740.70120709,1826,23680,20620,SKIEN,NO,59.2,9.6,59,12,N,9,36,E,193,UK1402,S,RN,E,N,Y,N,Y,Y,M,E,M, ,1,M, , ,Y,N,Y,Y,Y, ,Y,N,Y, ,Y, ,Y, , , ,Y,Y,Y,Y, , , ,Y, , ,Y,Y,Y,Y,Y, ,Y,Y,Y, , , , , ,Y,Y,Y,Y,Y,A,S, 
-13861131.9286091,6417461.98498173,1827,18330,18080,WESTVIEW,CA,49.833333,-124.516667,49,50,N,124,31,W,154,17515,V,CB,F,Y,N,N,N,N, , ,L, ,11,M, , ,Y, ,Y, ,Y, , , , , , , ,Y,Y,Y,Y,Y, ,Y,Y, , , ,Y,Y, ,N, , , , , , , ,N,Y,N,Y,Y,Y,Y,Y,Y,Y,Y,C, , 
-13862987.2534557,6423216.79614298,1828,18340,18080,POWELL RIVER,CA,49.866667,-124.533333,49,52,N,124,32,W,154,17515,S,CB,F,Y,N,N,Y,N,K, ,L,K,0,L, , ,Y,N,Y,Y, , , , ,Y,Y,Y, ,Y,Y,Y,Y,Y,Y,Y,Y, , , ,Y,Y, ,N,Y, , , , ,Y, ,Y,Y,Y,Y,Y,Y,Y,Y,Y,Y,Y,C, , 
3180026.78699452,8538330.47790821,1829,28310,28250,GAVAN VYSOTSK,RU,60.616667,28.566667,60,37,N,28,34,E,195,44365,S,LC,G,N,N,Y,Y, ,L,G,L, ,2,M,Y, ,Y,N,Y,Y, , , , ,Y, ,Y,Y,Y,Y,Y, , ,Y,Y, , ,Y, ,Y,N, ,Y,Y,Y,Y, , ,Y,Y, , , , , ,Y,Y,Y, , , ,C, ,S
1116905.55762584,8191201.66124971,1830,23700,20620,LARVIK,NO,59.05,10.033333,59,3,N,10,2,E,193,43382,S,CB,G,N,N,N,Y,Y,A,K,N,K,1,M,Y,Y,Y,N,Y,Y,Y,Y, ,N,Y, ,Y, ,Y, ,Y,Y,Y,Y,Y,Y, , , ,Y,Y, ,Y, ,Y, , ,Y,Y,Y,Y,Y, , , , ,Y,Y,Y,Y,Y,C, ,M
-13946476.8715506,6457829.34819993,1831,18441,18080,DUNCAN BAY,CA,50.066667,-125.283333,50,4,N,125,17,W,154,17503,V,CN,F,N,N,N,Y,N,A,A,K,J,8,M,Y,Y,N,N,Y,Y,Y, ,Y, , ,Y,Y, ,Y,Y,Y, ,Y, ,Y,Y, , , ,Y,Y, ,N,N,N,N, , , , , ,Y, ,Y, , ,Y,Y,Y,N,Y, , , 
1139169.4557845,8205645.87023,1832,23710,20620,SANDEFJORDEN,NO,59.116667,10.233333,59,7,N,10,14,E,193,43382,S,RB,G,Y,Y,Y,Y,N,G,A,O,J,0,L,Y,Y,Y, ,Y,Y, , , , ,Y, ,Y, ,Y, ,Y,Y,Y,Y,Y,Y, , , ,Y,Y, ,Y,Y,Y, , , , ,Y,Y,Y, , , , ,Y,Y, , , ,C, ,M
1159578.0290966,8241879.73480424,1833,23720,20620,TONSBERG,NO,59.283333,10.416667,59,17,N,10,25,E,193,43376,V,LC,G,N,N,Y,Y,Y,N,J,N,L,0,L, ,Y,Y,N,Y,Y,Y, , , ,Y, ,Y, ,Y, ,Y,Y,Y,Y,Y,Y,Y, , ,Y,Y, ,Y,Y,Y,Y,Y,Y, ,Y, ,Y,Y,Y,Y,Y,Y,Y,Y,Y,Y,A,S,L
-13829591.4062177,6449162.71454913,1834,18450,18080,CAMPBELL RIVER,CA,50.016667,-124.233333,50,1,N,124,14,W,154,17503,V,CN,G,N,Y,N,Y,N, , ,K,O,2,L, , ,Y,N,Y,Y,Y, , , ,Y,Y,Y, ,Y, ,Y, ,Y, ,Y, , , , ,N,N, ,N,N,N,N, , , , ,N,N,N,N,N,Y,Y,Y,Y,N,N,D, , 
3187448.08638073,8481828.55010311,1835,28360,28250,PRIMORSK,RU,60.366667,28.633333,60,22,N,28,38,E,195,44360,V,OR,G,N,N,Y, ,Y,C,E, ,E,0,M,Y,Y,Y,N,Y,Y,Y, , , ,Y, , ,Y, , ,Y, ,N,Y, ,Y, , , ,Y,Y, ,N,N,N,N,N,N,N,N,Y, , , , , ,Y,Y, , , ,C, , 
1168854.65332937,8238248.37966257,1836,23730,20620,VALLOY,NO,59.266667,10.5,59,16,N,10,30,E,193,43376,V,OR,G,N,N,N,Y, ,N,H, ,L,0, ,Y, , , ,Y,Y, , , , , , , , ,Y, ,Y, ,Y,Y,Y,Y,Y, , , , , , , , , , , , , , , , , , , ,Y,Y, , , , , ,S
1170709.97817593,8249147.78203813,1837,23736,20620,SLAGENSTANGEN,NO,59.316667,10.516667,59,19,N,10,31,E,193,43370,V,OR,F,N,N,N,Y, ,A,A, ,K,0,M,Y, ,Y,N,Y,Y,Y, , ,Y,Y, ,Y, , , ,Y,Y, , ,Y,Y,N,N,N,Y,Y, ,Y, , , , , , , ,Y, , ,Y,Y,Y,Y,Y,Y, , ,A, , 
-13905659.7249264,6388747.25863504,1838,18460,18080,COMOX HARBOR,CA,49.666667,-124.916667,49,40,N,124,55,W,154,17515,S,CN,G,N,N,N,Y,N,H,B,L,P,4,M,N, ,Y,N,Y,Y,Y, , , , ,Y,Y, ,Y,Y,Y,Y,Y,Y,Y,Y, , , ,Y,Y, ,N, , , , , , , ,N,Y,N,Y,Y,Y,Y,Y,Y,Y,Y,C, , 
1168854.65332937,8270994.76738222,1839,23750,20620,HORTEN,NO,59.416667,10.5,59,25,N,10,30,E,193,43386,M,CN,G,N,Y,N,Y,Y,K,K,M, ,1,M,Y, ,Y,N,Y,Y,Y, , , ,Y, ,Y,Y,Y,Y,Y, ,Y,Y,Y,Y, , , ,Y,Y, , , ,Y,Y, ,Y,Y,Y,Y, , , , , ,Y,Y, ,Y,Y,A,M,M
-13820314.7819849,6320230.87609413,1840,18518,18080,NANOOSE HARBOR,CA,49.266667,-124.15,49,16,N,124,9,W,154,18401,V,CN,E, , , , , , ,A,D, ,14,M,Y,Y,N,N,N, , , , , , , , , ,Y, , , , ,Y, ,Y, , , , , , ,N, , , , , , , , , , , , , , , , , , , , , 
3372980.57103619,8384910.2240276,1841,28370,28250,SANKT-PETERBURG,RU,59.933333,30.3,59,56,N,30,18,E,195,44361,L,CB,G,N,N,N,Y,Y,O,C,M,N,1,M,Y,Y,Y,Y,Y,Y,Y, , , ,Y, ,Y,Y, , ,Y, ,Y,Y,Y,Y, , , ,Y,Y, ,Y,Y,Y,Y,Y,Y,Y,Y,Y,Y,Y,Y,Y,Y,Y,Y, ,Y,Y,A, ,M
3313610.17594644,8381207.96501294,1842,28390,28250,LOMONOSOV,RU,59.916667,29.766667,59,55,N,29,46,E,195,44361/19,V,CN,F,N,N,Y,Y,Y,N,P,N, ,0,M,Y, ,Y,N, ,Y, , , , , , , , ,Y,Y,Y, ,Y,Y,Y, , , , , , , ,N,Y,Y, , , ,Y,Y, , , , , , , , , , , ,B, ,M
3315465.500793,8396028.17453326,1843,28400,28250,KRONSHTADT,RU,59.983333,29.783333,59,59,N,29,47,E,195,44361,S,CB,G,N,Y,Y,Y, ,M,L,O, ,0,L,Y, ,Y,N,Y,Y, , ,Y, , , , , ,Y,Y,Y, , , ,Y, , , , ,Y, , ,N,Y, ,Y, , , , , , , , , ,Y,Y,Y, , , ,A,L, 
3152196.9142962,8325895.89918672,1844,28410,28250,REKA LUGA,RU,59.666667,28.316667,59,40,N,28,19,E,195,44360,V,RN,F,N,N,Y,Y, ,O,M,G, ,0,M,Y, ,Y,N, ,Y,Y, , , ,Y, , , , , , , , , , ,Y, , , , , , ,N, , , , , , , , , , , , , , , , , , ,D, , 
2953677.15571486,8296564.61215887,1845,28440,28420,KUNDA,EE,59.533333,26.533333,59,32,N,26,32,E,195,44360,V,OR,P,N,N,Y,Y,Y,L,J,M, ,0,M,Y,Y,Y,N,Y, ,Y, , , , , , , ,Y,Y,Y, , ,Y, ,Y, , , ,Y,Y, ,N, ,Y, , , , ,Y,Y, , , , ,Y,Y, ,Y, , ,D, , 
2757012.72198008,8278291.43211808,1846,28480,28420,TALLINN,EE,59.45,24.766667,59,27,N,24,46,E,195,44352,L,CB,G,N,N, ,Y,Y,M,C,O,N,0,M,Y, ,Y,Y,Y,Y,Y, , , ,Y, ,Y, ,Y,Y,Y, ,Y, ,Y,Y, , , ,Y,Y, ,Y,Y,Y,Y,Y,Y,Y,Y, ,Y,Y,Y,Y,Y,Y, ,Y,Y,Y,C,M, 
2675378.42873167,8256422.95889111,1847,28505,28420,PALDISKI,EE,59.35,24.033333,59,21,N,24,2,E,195,44340,V,CB,F,N,N, ,Y,Y,K,L,J, ,0,M,Y, ,Y,Y,Y,Y,Y, , , , , , , , , ,Y, , ,Y,Y, , , , ,Y,N, ,N,Y,Y, , , ,Y,Y, , , , , ,Y,Y,Y, , , ,C, ,S
2601165.43486949,8245512.86824601,1848,28510,28420,OSMUSSAAR,EE,59.3,23.366667,59,18,N,23,22,E,195,44340,V,CN,G, , ,Y, , ,O,H,O, ,0,M,Y, ,Y,N, ,Y,Y, , , , , , , , , , , , , ,Y, , , , , , , ,N, , , , , , , , , , , , , , , , , , ,D, , 
2727327.5244352,8048278.70463361,1849,28550,28420,PARNU,EE,58.383333,24.5,58,23,N,24,30,E,194,44400,S,RN,G,N,N,Y,Y, ,N,N,N, ,2,M,Y, ,Y, ,Y,Y,Y, , , ,Y, , , , , ,Y, ,Y,Y,Y, ,Y, , , ,Y, ,N,Y, , , , , ,Y, , , , , ,Y,Y,Y, , , ,C, ,S
2682799.72811789,7749905.96596118,1850,28610,28600,RIGA,LV,56.95,24.1,56,57,N,24,6,E,194,44401,L,RN,F,N,N, ,Y,Y,H,B,K,M,2,L,Y,Y,Y,Y,Y,Y,Y, ,Y, ,Y, , ,Y, , ,Y, ,Y, ,Y, , , , ,Y,Y, ,Y,Y,Y, , ,Y,Y,Y,Y, , , , , ,Y,Y, ,Y, ,C, , 
2397079.70174849,7842318.50181369,1851,28620,28600,VENTSPILS,LV,57.4,21.533333,57,24,N,21,32,E,194,44444,M,CB,G,Y,N,N,Y,Y,J,L,N,N,1,M,Y,Y,Y,N,Y,Y,Y, ,Y, ,Y,Y, ,Y,N,Y,Y,Y, ,Y,Y, ,Y, , ,Y, , ,Y,Y,Y,Y, ,Y,Y, ,Y, , ,Y,Y,Y,Y,Y,Y,Y,Y,C,M,S
2339564.6315053,7661964.51138375,1852,28640,28600,LIEPAJA,LV,56.516667,21.016667,56,31,N,21,1,E,194,44420,M,CB,G,N,N,N,Y,Y,J,E,L,O,0,M, ,Y, , ,Y,Y, , ,Y, ,Y, ,Y,Y, , ,Y, ,Y, ,Y, , , , ,Y,Y, ,Y,Y,Y, , , ,Y,Y,Y, , , , ,Y,Y,Y, , , ,C,L, 
2350696.58058463,7502217.529622,1853,28660,28650,KLAIPEDA,LT,55.716667,21.116667,55,43,N,21,7,E,194,44444,M,RN,G,Y,N,N,Y,Y,K,A,M,H,1,M,Y, ,Y,N,Y,Y,Y, ,Y, ,Y, ,Y,Y, , ,Y, ,Y,Y,Y,Y,Y, , ,Y,Y, ,Y, ,Y,Y, ,Y,Y,Y,Y,Y,Y,Y,Y, ,Y,Y, ,Y,Y,B, ,M
2215257.86678614,7291026.33601852,1854,28680,28670,BALTIYSK,RU,54.633333,19.9,54,38,N,19,54,E,194,44461,S,CB,F,N,N,Y,Y,Y,K,G,L,M,0,L, ,Y, , ,Y,Y, , ,Y, , , , , ,Y,Y,Y, ,Y,Y,Y, , , , ,Y, , , ,Y,Y,Y,Y, , ,Y, , , , , ,Y,Y,Y, , , ,C,S, 
2280194.23641555,7303858.57970746,1855,28690,28670,KALININGRAD,RU,54.7,20.483333,54,42,N,20,29,E,194,44430,M,RB,E,N,N, ,Y,Y,L,G,M,M,0,M, ,Y,Y, ,Y,Y,Y, ,Y, , , , ,Y, , ,Y, , ,Y,Y,Y, , , ,Y,Y, ,Y,Y,Y,Y, , , ,Y,Y,Y,Y,Y,Y,Y,Y,Y,Y,Y,Y,A,S,L
40817.1466242003,6405964.25070969,1856,35830,35720,FECAMP,FR,49.766667,0.366667,49,46,N,0,22,E,191,37115,S,LC,F,Y,Y,N,Y,Y,Q,J,M,M,6,M, , ,Y,N,Y,Y,Y, , ,N,Y,Y,Y, ,Y, ,Y, ,Y,Y,Y, , , , ,Y,Y, ,N,Y,Y, ,Y, ,Y,Y,Y, , , , , ,Y,Y,Y, , ,C, ,S
2077963.82814111,7236722.75307758,1857,28710,28700,GDANSK,PL,54.35,18.666667,54,21,N,18,40,E,194,44465,L,LC,E,N,N,Y,Y,Y,M,K,M,K,0,L,Y,Y,Y,N,Y,Y,Y,Y, , ,Y, , ,Y,Y,Y,Y,Y,Y,Y,Y, ,Y, , ,Y,Y,Y,Y,Y,Y,Y, ,Y,Y, ,Y,Y,Y,Y,Y,Y,Y,Y,Y,Y,Y,A,L,M
2083529.80268077,7246278.44153413,1858,28715,28700,PORT POLNOCHNY,PL,54.4,18.716667,54,24,N,18,43,E,194,44462,M,CB,F,N,N,Y,Y,N,E,F,G,K,0,M,Y,Y,Y,N,Y,Y,Y, , , ,Y,Y,Y, , , ,Y, ,Y,Y,Y, , , , ,Y,Y, ,Y, , , , , , , ,Y,Y,Y,Y,Y,Y,Y,Y,Y,N,N,N, ,M
24119.2230052093,6345859.02550461,1859,35860,35720,HONFLEUR,FR,49.416667,0.216667,49,25,N,0,13,E,191,37258,V,RT,G,Y,N,N,Y, ,O,H,L,K,7,M,Y,Y,Y,N,Y,Y,Y, ,Y,N,Y,Y, , ,Y, ,Y, ,Y,Y,Y, , , , ,Y, , ,N,Y,Y, , , , ,Y, , , , , , ,Y,Y,Y, , ,B, , 
2077963.82814111,7249466.25920666,1860,28720,28700,NOWY PORT,PL,54.416667,18.666667,54,25,N,18,40,E,194,44462,S,LC,E,N,N,Y,Y,Y,J,K,N, ,0,M,Y,Y,Y,N,Y,Y,Y, , , ,Y, , , ,Y, ,Y,Y,Y,Y,Y, , , , ,Y,Y, ,N, ,Y,Y, ,Y,Y, , , , , , ,Y,Y,Y,Y,Y,Y,A,L,S
2064976.55421522,7271817.35354091,1861,28740,28700,GDYNIA,PL,54.533333,18.55,54,32,N,18,33,E,194,44463,L,CB,G,N,N, ,Y, ,G,K,M,K,0,M,Y,Y,Y,N,Y,Y, , ,Y, ,Y, ,Y, , , ,Y, ,Y,Y,Y,Y, , , ,Y,Y, ,Y,Y,Y,Y, ,Y,Y,Y,Y,Y,Y,Y,Y,Y,Y,Y, ,Y,Y,A,L,L
-181821.834962347,6385881.20257608,1862,35950,35720,RADE DE CHERBOURG,FR,49.65,-1.633333,49,39,N,1,38,W,191,37281,L,CT,G,Y,N,N,Y,Y,K,J,H,L,5,M, ,Y,Y, ,Y,Y, , ,Y, ,Y,Y,Y,Y, , ,Y, ,Y,Y,Y, , , , ,Y,Y,Y,Y,Y,Y, ,Y,Y,Y,Y,Y, , ,Y,Y,Y,Y,Y,Y,Y,Y,A,M,L
1875733.41986666,7281415.95145047,1863,28770,28700,USTKA,PL,54.583333,16.85,54,35,N,16,51,E,194,44481,S,RN,F,N,Y,Y,Y,Y,N,H,N, ,0,M,Y,Y,Y,N,Y,Y,Y, , , ,Y, , , ,Y,Y,Y, , ,Y, ,Y, , , ,Y,Y, ,Y, ,Y, , , , ,Y, , , , , , ,Y,Y, , , ,C, ,S
771815.136166697,7044895.16044764,1864,30990,30980,DELFZIJL,NL,53.333333,6.933333,53,20,N,6,56,E,192,37224,S,CT,G,Y,N,N,Y,Y,M,L,M,O,3,M, ,Y,Y,N,Y,Y, , ,Y, ,Y, ,Y, ,Y,Y,Y,Y,Y,Y,Y, , , , ,Y,Y, ,Y,Y,Y, , , , ,Y,Y, , , , ,Y,Y,Y,Y,Y,Y,C,M,S
1827494.97385624,7252655.37317602,1865,28790,28700,DARLOWO,PL,54.433333,16.416667,54,26,N,16,25,E,194,44481,V,RB,F,N,N,Y,Y,Y,M,F,N, ,1,M,Y, ,Y,N,Y,Y, , , ,Y,Y, , , ,Y,Y,Y, ,Y,Y,Y, , , , ,Y, , ,Y, ,Y, , , , ,Y, , , , , , ,Y,Y, , , ,C, ,S
-402605.491702339,6507111.76723892,1866,35390,35220,DARTMOUTH HARBOUR,GB,50.35,-3.616667,50,21,N,3,37,W,191,UK2253,S,RN,E,N,N,N,Y,N,M,K,M, ,4,M, , ,Y,N,Y,Y, , , ,N,Y,Y, , ,Y,Y,Y, ,Y,Y, , , , , ,Y,Y, ,N, ,Y, , , , ,Y, , , , , ,Y,Y,Y,Y,Y,Y,B,S, 
1731018.0818354,7211297.62567766,1867,28800,28700,KOLOBRZEG,PL,54.216667,15.55,54,13,N,15,33,E,194,44120,V,RN,F,N,N,Y,Y,Y,N,J,N, ,1,M,Y,Y,Y,N,Y,Y,Y, , ,N,N, ,Y, ,Y,Y,Y, , ,Y,Y, , , , ,Y,Y, ,N, ,Y, , , , ,Y,Y, , , , ,Y,Y,Y,Y, , ,C, ,S
-554742.129119813,6803139.56266957,1868,34850,34710,FISHGUARD,GB,52.016667,-4.983333,52,1,N,4,59,W,142,36004,S,CB,G,Y,N,N,Y,Y,H,G,L, ,4,L, , ,Y,N,Y,Y,Y,Y, ,N,Y, ,Y, ,Y, ,Y, ,Y,Y,Y, , , , ,Y,Y, ,N,Y, , , , ,Y,Y,N,Y, ,Y,Y,Y,Y,Y,Y, , ,C, ,S
602980.575130232,7016981.88626605,1869,31010,30980,HARLINGEN,NL,53.183333,5.416667,53,11,N,5,25,E,192,37223,V,CT,F,N,N,Y,Y,Y,O,O,O,N,2,M, , ,N,N,Y,Y,Y, ,Y,N,Y, ,Y, ,Y,Y,Y, , ,Y,Y, , , , ,Y, , ,Y,Y,Y,Y, , , ,Y,Y, , , , ,Y,Y,Y,Y,Y,Y,C,M,S
1588158.0686507,7154389.72865747,1870,28820,28700,SWINOUJSCIE,PL,53.916667,14.266667,53,55,N,14,16,E,194,44083,S,RN,G,N,N, ,Y,Y,G,M,M,K,2,M, ,Y,Y,N,Y,Y,Y, ,Y, ,Y, ,Y,Y, , ,Y, , ,Y,Y,Y, , , ,Y,Y, ,Y,Y,Y,Y, ,Y, ,Y,Y,Y,Y,Y,Y,Y,Y,Y,Y,Y,Y,B,M,M
-560308.103659477,6749056.39536264,1871,34880,34710,MILFORD HAVEN,GB,51.716667,-5.033333,51,43,N,5,2,W,142,36036,M,RN,F,Y,Y,N,Y,N,K,K, ,N,4,L, ,Y,Y,N,Y,Y,Y, ,Y, , , ,Y,Y,Y, ,Y,Y,Y,Y,Y,Y,N,N,N,Y,Y, ,Y, ,Y, , , ,Y,Y, ,Y, ,Y,Y,Y,Y,Y,Y,Y,Y,A,S, 
532478.230961159,6976834.5344571,1872,31020,30980,DEN HELDER,NL,52.966667,4.783333,52,58,N,4,47,E,192,37238,S,RB,G,Y,N,Y,Y,Y,L,F,N,N,2,M, , ,N,N,Y,Y,Y, ,Y,N,Y, ,Y, ,Y,Y,Y,Y,Y,Y,Y,Y, , , ,Y,Y, ,Y,Y,Y,Y,Y,Y,Y,Y, , , , , ,Y,Y,Y,Y, , ,B,S,S
-439711.988633431,6731108.44628715,1873,34950,34710,SWANSEA,GB,51.616667,-3.95,51,37,N,3,57,W,142,36038,S,RT,E,Y,N,N,Y,Y,O,K,K,K,6,L, ,Y,Y,N,Y,Y,Y, , , ,Y, ,Y,Y,Y, ,Y,Y,Y,Y,Y, , , , ,Y,Y, ,Y,Y,Y, , , ,Y,Y,Y,Y, ,Y,Y,Y,Y,Y,Y,Y,Y,A,M,M
1619698.59104213,7060444.96767482,1874,28823,28700,SZCZECIN,PL,53.416667,14.55,53,25,N,14,33,E,194,44084,M,RN,G,N,N,N,Y,Y,L,M,P,N,0,M,Y,Y,Y,N,Y,Y,Y, , ,Y,Y, ,Y,Y, , ,Y, ,Y,Y,Y, , , , ,Y,Y, ,Y,Y,Y,Y,Y,Y,Y,Y,Y,Y, ,Y,Y,Y,Y,Y,Y,Y,Y,B,S,M
-426724.714707549,6734097.02172004,1875,34970,34710,NEATH,GB,51.633333,-3.833333,51,38,N,3,50,W,142,36038,V,CN,G,Y,N,N,Y,Y,O,D,N,N,6, , , , , ,Y,Y,Y, , ,N,Y, ,Y,Y, , ,Y, ,Y,Y,Y, , , , ,Y, , ,N, , , , , , , , , , , , ,Y,Y,Y,Y, , ,N, , 
510214.332802504,6884948.62443561,1876,31040,30980,IJMUIDEN,NL,52.466667,4.583333,52,28,N,4,35,E,192,37163/2,S,CT,G,N,N, ,Y,Y,G,G,K, ,2,M, ,Y,Y,N,Y,Y,Y, ,Y, ,Y, ,Y, ,Y,Y,Y,Y,Y, ,Y,Y, , , ,Y,Y, ,Y,Y,Y,Y, ,Y,Y,Y, , , , , , ,Y,Y, , ,Y,C, ,S
-424869.389860994,6725134.58623346,1877,34980,34710,PORT TALBOT,GB,51.583333,-3.816667,51,35,N,3,49,W,142,36038,S,CB,G,Y,Y,N,Y,Y,J,B,G, ,6,M, ,Y, ,N,Y,Y,Y,Y,Y, ,Y, ,Y,Y, , ,Y, ,Y,Y,Y, ,Y, , ,Y,Y, ,Y,Y,Y, , , ,Y, ,Y,Y,Y,Y,Y,Y,Y,Y,Y,Y,Y,A, , 
538044.205500822,6878860.13737479,1878,31050,30980,ZAANDAM,NL,52.433333,4.833333,52,26,N,4,50,E,192,37163,S,LC,E,N,N,N,Y,Y,L,G,L, ,4,M, , ,Y,Y,Y,N,Y, ,Y, ,Y, ,Y,Y,Y,Y,Y,Y,Y,Y,Y, , , , ,Y, , ,N, ,Y, , , , ,Y,Y, , , , ,Y,Y,Y,Y, , ,C, , 
-14738700.5810294,7466070.93224578,1879,19220,19080,KASAAN,US,55.533333,-132.4,55,32,N,132,24,W,CP08,17426,V,CN,E,N,N,N, , , , ,K, ,13, , , , , , , ,Y, , , , , , , , , , ,Y, , ,Y,Y, , , ,N,N, , , , , , , , , ,N,N,N,N,N,N,Y,N,N,N,N, , , 
-363643.669924694,6692356.43526254,1880,34990,34710,BARRY,GB,51.4,-3.266667,51,24,N,3,16,W,142,36041,M,CT,E,N,N,N,Y,Y,P,K,L,L,10,M, , ,N,Y,Y,Y,Y,Y,Y, ,Y,Y,Y, ,Y,Y,Y, ,Y,Y,Y, , , , ,Y,Y, ,Y,Y,Y,Y, ,Y,Y,Y,Y,Y, ,Y,Y, ,Y,Y,Y,Y,Y,A, , 
545465.504887041,6866696.96432068,1881,31060,30980,AMSTERDAM,NL,52.366667,4.9,52,22,N,4,54,E,192,37163,L,LC,E,N,N,N,Y,Y,H,G,K,L,2,M, ,Y,Y,Y,Y,Y, , ,Y, ,Y, ,Y,Y, ,Y,Y,Y,Y,Y,Y, , , , ,Y,Y, ,Y,Y,Y,Y,Y,Y,Y,Y,Y,Y, ,Y,Y,Y,Y,Y,Y,Y,Y,A,M,S
1534353.64810062,7179631.38818729,1882,28828,28826,WOLGAST,DE,54.05,13.783333,54,3,N,13,47,E,194,44120,V,RN,G,N,N,Y,Y, ,N,L,N, ,0,M,N, ,Y,N,Y,Y,Y, , , ,Y, , , ,Y,Y,Y,Y,Y,Y,Y, , , , ,Y, , ,N,Y,Y, , , , ,Y, , , , , ,Y,Y,Y,Y, , ,B, ,S
-14801781.6258123,7352168.17333372,1883,19230,19080,ROSE INLET,US,54.95,-132.966667,54,57,N,132,58,W,CP08,17408,V,CN,G,N,N,N, , , , ,L, ,11, , , , , , , ,Y, , , , , , , , , , , , , ,Y, , , , , , , , , , , , , , , , , , , , ,N,Y,N,N,N,N, , , 
-352511.720845366,6701282.86877362,1884,35010,34710,CARDIFF,GB,51.45,-3.166667,51,27,N,3,10,W,142,36041,M,CT,E,Y,Y,N,Y,Y,Q,K,J,L,11,M,Y,Y,Y,Y,Y,Y,Y, ,Y, ,Y, ,Y,Y,Y,Y,Y, ,Y,Y,Y, , , , ,Y,Y, ,Y,Y,Y,Y, , ,Y,Y,Y,Y, ,Y,Y, ,Y,Y,Y,Y,Y,A, ,S
1519511.04932818,7268620.43390624,1885,28840,28826,SASSNITZ,DE,54.516667,13.65,54,31,N,13,39,E,194,44081,V,OR,G,N,N,N,Y, ,K,J,O, ,15,L,Y, ,Y,N, ,Y,Y, , , ,Y, ,Y, ,Y,Y,Y,Y,Y,Y,Y, , , , ,Y, , ,N,Y, ,Y, , ,Y,Y, , , , , ,Y,Y,Y,Y, , ,C, ,S
474963.160717967,6818226.97232817,1886,31070,30980,SCHEVENINGEN,NL,52.1,4.266667,52,6,N,4,16,E,192,37241,V,CB,F,Y,N,N,Y, , ,K,M, ,2,M, ,Y,N,N,Y,N,Y,Y,Y, ,Y, ,Y,Y,Y, ,Y,Y,Y,Y,Y, , , , ,Y,Y, ,Y, , , , , , , , , , , , ,Y,Y,Y, , , ,C,S, 
2608586.73425571,8396028.17453326,1887,28170,27380,EKENAS,FI,59.983333,23.433333,59,59,N,23,26,E,195,44340,S,CN,G,N,N,Y,Y,Y,N,N,O, ,5,M, , ,Y, ,Y,Y, , , , , ,Y,Y, , , ,Y,Y, ,Y,Y, , , , ,Y,Y, ,N,Y,Y, , ,Y,Y, ,Y, , , ,Y, ,Y,Y,N, , ,C, , 
460120.561945531,6791089.85724533,1888,31080,30980,HOEK VAN HOLLAND,NL,51.95,4.133333,51,57,N,4,8,E,192,37241/2,V,RB,G,Y,Y,N,Y, ,E,G,M, ,1, , , ,N,Y,Y,Y, , ,Y, , , ,Y, ,Y,Y,Y,Y,Y,Y,Y, , , , , , , ,N,Y,Y, , , , ,Y,Y, , , , , ,Y,Y,Y, , ,C, ,S
-332103.147533266,6719165.10688216,1889,35015,34710,NEWPORT,GB,51.55,-2.983333,51,33,N,2,59,W,142,36042,M,RT,E,Y,N,N,Y,Y,K,E,M, ,29,L, , ,Y, ,Y,N,Y,Y, , ,Y,Y, , ,Y,Y,Y,Y,Y,Y,Y, , , , ,Y,Y, ,Y,Y,Y, , , ,Y,Y,Y,Y, ,Y,Y, ,Y,Y,Y,Y,Y,A,M, 
-14786939.0270398,7400779.18915312,1890,19240,19080,HYDABURG,US,55.2,-132.833333,55,12,N,132,50,W,CP08,17407,V,CN,F,N,N,N, , , , ,M, ,11, , , , , , , ,Y, , , , , , , ,Y, ,Y,Y,Y, ,Y, , , , ,Y,N, , , , , , , , , ,N,Y, ,N,N,Y,Y,Y,Y,Y,Y,C, , 
2623429.33302815,8362724.50550382,1891,28180,27380,JUSSARO,FI,59.833333,23.566667,59,50,N,23,34,E,195,44340,V,CN,G,N,N,Y,Y, ,N,A, , ,0, ,Y, ,N,N,Y,Y, , , ,N,N, , , , , , , , , , ,Y, , , ,Y, , ,N, , , , , , , , , , , , ,Y,Y, , , , ,D, , 
458265.237098976,6791089.85724533,1892,31085,30980,EUROPOORT,NL,51.95,4.116667,51,57,N,4,7,E,192,37241/2,M,LC,G,N,N,N,Y, ,C,J,J,H,1,L, , ,Y, ,Y,Y,Y, , , ,Y, ,Y,Y, , ,Y,Y, ,Y,Y,Y, , , , , , ,N, ,Y,Y, , ,Y,Y, , , , , , ,Y,Y, , , , , ,M
473107.835871413,6785071.72131778,1893,31100,30980,MAASSLUIS,NL,51.916667,4.25,51,55,N,4,15,E,192,37243,V,LC,G,N,N,N,Y,Y,H,J,N,C,5,M, , ,Y,Y,Y,Y,Y, , , ,Y, ,Y,Y, , ,Y,Y, ,Y,Y, , , , , ,Y, ,N, , , , , , , ,Y, , , , , ,Y,Y,Y, , ,C, ,M
-276443.402136629,6749056.39536264,1894,35040,35030,SHARPNESS,GB,51.716667,-2.483333,51,43,N,2,29,W,142,UK1166,S,LC,G,Y,Y,N,Y,Y,P,M,M, ,5,L,Y,Y, ,N,Y,Y,Y,Y,Y,N,N, , , ,Y, ,Y, , ,Y,Y, , , , ,Y,Y, ,Y,Y,Y,Y, , , ,Y,Y, , , , , ,Y,Y,Y,Y,Y,B,S, 
2714340.25050932,8418314.55352199,1895,28185,27380,PORKKALA,FI,60.083333,24.383333,60,5,N,24,23,E,195,44340,V,CN,G,N,N,Y,Y, ,L, ,N,L,0,M, , ,N,N,Y,Y,Y, ,Y, , ,Y,Y, , , ,Y,Y,Y,Y,Y, ,Y, ,Y,Y,Y, ,Y, , ,N, , , ,Y,Y,Y, , , , ,Y,Y, , , ,C, , 
2591888.81063672,9822321.37557974,1896,27280,24975,KARLSBORG,SE,65.8,23.283333,65,48,N,23,17,E,195,44285,M,CN,G,N,N,Y,Y,Y,M,H,N,L,0,L,Y, ,N,N,Y,Y,Y, ,Y, ,Y, , , ,Y,Y,Y, , ,Y,Y,Y, , , ,Y, , ,Y, ,Y, , , , ,Y,Y, , , , ,Y,Y,Y, , ,Y,C, ,S
484239.78495074,6782064.32874942,1897,31120,30980,VLAARDINGEN,NL,51.9,4.35,51,54,N,4,21,E,192,37243,V,RB,G,N,N,N,Y, ,J,J,J,J,2,M, , ,Y, ,Y,Y,Y, , , ,Y, ,Y,Y, , ,Y, ,Y,Y,Y, , , , ,Y, , ,Y, ,Y,Y, , , ,Y,Y, , , , , ,Y,Y,Y, ,Y,B,S,S
-14831466.8233571,7420309.04808307,1898,19250,19080,WATERFALL,US,55.3,-133.233333,55,18,N,133,14,W,CP08,17407,V,OR,P,N,N,N, , , ,A,M,L,8, , , , , , , ,Y, , , , , , , , , , ,Y, , ,Y,Y, , , , , , , , , , , , , , , , , , , , , ,Y, , , , , , 
-302417.949988393,6710219.08322074,1899,35060,35030,AVONMOUTH,GB,51.5,-2.716667,51,30,N,2,43,W,142,36043,S,RT,E,Y,N,N,Y,Y,M,K,L,K,9,M,Y,Y,Y, ,Y,Y,Y,Y,Y, ,Y, ,Y,Y, , ,Y, , ,Y,Y, , , , ,Y,Y, ,Y, ,Y, , , , ,Y,Y,Y, ,Y,Y,Y,Y,Y,Y,Y,Y,A,L,S
2645693.2311868,9804240.6383738,1900,27330,24975,SANDVIK,SE,65.733333,23.766667,65,44,N,23,46,E,195,44280,V,CN,F,N,N,Y,Y, ,O,N,N, ,0,M,Y, ,N,N,Y,Y,Y, ,Y, ,Y, , , , , , , , , ,Y, ,Y, , , , , ,N, , , , , , , , , , , , ,Y,Y,Y, , , ,D, , 
-293141.32575562,6704260.51875775,1901,35070,35030,BRISTOL,GB,51.466667,-2.633333,51,28,N,2,38,W,142,36043,M,RT,E,Y,N,N,Y,Y,M,M,G,G,9,M,Y, ,N, ,Y,Y,Y,Y,Y, ,Y, ,Y,Y, , ,Y, ,Y, ,Y, , , , ,Y,Y, ,N,Y,Y, , ,Y,Y,Y,Y,Y, ,Y,Y,Y,Y,Y,Y,Y,Y,A,M,S
-14822190.1991244,7452968.49605489,1902,19260,19080,CRAIG,US,55.466667,-133.15,55,28,N,133,9,W,CP08,17405,V,CN,G,N,N,N, , , , ,N,O,8, , , , , , , , , , , , , , , ,Y, ,Y,Y,Y, ,Y, , , , ,N,N, , , , , , , , , ,N,Y,N,N,N,Y,Y,Y,Y,N,N,C, , 
489805.759490404,6782064.32874942,1903,31130,30980,SCHIEDAM,NL,51.9,4.4,51,54,N,4,24,E,192,37243,V,RB,G,N,N,N,Y, ,K,J,M, ,2,M, , ,Y, ,Y,Y,Y, ,Y, ,Y, ,Y, ,Y, ,Y, ,Y,Y,Y, , , , ,Y, , ,Y,N,N,Y, , , , ,Y, , ,Y,Y, ,Y,Y,Y, ,Y,A,M,S
2690221.02750411,9813275.16463817,1904,27400,27380,TORINA,FI,65.766667,24.166667,65,46,N,24,10,E,195,44280,S,RN,F,N,N,Y,Y, ,L,L,M,L,0,M,Y, ,N,N,Y,Y,Y,Y, , ,Y,Y,Y, , , ,Y, ,Y,Y,Y, , , , ,Y,Y, ,N, ,Y,Y,Y,Y,Y, ,Y, , , , , ,Y,Y, , , ,C, ,S
-14816624.2245847,7469350.01088756,1905,19270,19080,KLAWOCK,US,55.55,-133.1,55,33,N,133,6,W,CP08,17405,V,CN,G,N, ,N,Y, , , ,N, ,8, , , , , , , , , , , , , , , , , , ,Y, , ,Y,Y, , , , , , , , , , , , , , , , , , , , , , , , , , , , 
2734748.82382142,9804240.6383738,1906,27410,27380,KEMI,FI,65.733333,24.566667,65,44,N,24,34,E,195,44282,S,CN,F,N,N,Y,Y, ,K,F,M,K,1,M,Y, ,N,N,Y,Y,Y, ,Y, ,Y,Y,Y, ,Y,Y,Y, ,Y,Y,Y,Y, , , ,Y,Y, ,Y, ,Y, , , , ,Y, , , , , , ,Y,Y, , , ,C, ,S
-333958.472379821,6644912.82078925,1907,35100,35030,BRIDGWATER,GB,51.133333,-3,51,8,N,3,0,W,142,36039,V,RN,G,Y,N,N,Y,Y,P,M,K, ,9,M,Y, ,Y,N,Y,Y,Y,Y,Y,N,N, ,Y,Y, , ,Y, , ,Y,Y, , , , ,Y,Y, ,Y, ,Y, , , , ,Y, ,Y, ,Y,Y, ,Y,Y,Y, , ,B,S, 
914675.149351398,7699046.87140219,1908,30460,30020,THYBORON,DK,56.7,8.216667,56,42,N,8,13,E,192,37200,V,CB,G,N,N, ,Y,Y,N,N,N, ,1,M, , , , ,Y,Y,Y, ,Y, , , , , ,Y,Y,Y, , ,Y,Y, , , , , , , ,N,Y, , , , , ,Y, , , , , ,Y,Y,Y, , , ,C,S, 
-14875994.6196745,7466070.93224578,1909,19280,19080,STEAMBOAT BAY,US,55.533333,-133.633333,55,32,N,133,38,W,CP08,17406,V,CN,G,N,Y,N, , , ,A,N,O,8, ,Y, , , , , ,Y, , , , , , , , , , ,Y, , ,Y,Y, , , , , , , , , , , , , , , , , , , , ,Y, ,Y, , , , , 
2827515.06614915,9612762.95244401,1910,27520,27380,OULU,FI,65.016667,25.4,65,1,N,25,24,E,195,44284,L,RN,F,N,N, ,Y,Y,M,J,M,K,0,M,Y, ,Y,N,Y,Y, , ,Y, ,Y,Y,Y, ,Y,Y,Y,Y,Y,Y,Y,N, , ,Y,Y,Y, ,N, ,Y, , ,Y, ,Y,Y, , ,Y, ,Y,Y,Y, ,Y,Y,C,S,M
-371064.969310912,6653787.56247813,1911,35110,35030,WATCHET HARBOR,GB,51.183333,-3.333333,51,11,N,3,20,W,142,36039,V,CB,F,Y,N,N,Y, ,P,M,N, ,7,M, , ,Y,N,Y,Y,Y,Y,Y,N,N, ,Y,Y,Y, ,Y,Y,Y,Y, , , , , , ,Y, ,N,Y,Y, , , , ,Y,Y, , , , , ,Y,Y,Y, , ,C, , 
1295016.74289508,7323146.54457674,1912,29660,29650,SAKSKOBING,DK,54.8,11.633333,54,48,N,11,38,E,194,44064,S,CN,E,N,N,N,Y, ,P,P,P, ,0,M, , , , ,Y,Y,Y, ,Y,N,Y, ,Y,Y, , ,Y,Y, ,Y,Y, , , , ,Y, , ,N,Y,Y, , , ,Y,Y,Y, , , , , ,Y,Y,Y,Y,Y,C,S, 
2718050.90020243,9525450.154318,1913,27530,27380,RAAHE,FI,64.683333,24.416667,64,41,N,24,25,E,195,44260,S,CB,G,N,N,Y,Y, ,L,G,L,L,0,M,Y,Y,Y,N,Y,Y, , ,Y,N,Y, ,Y, ,Y, ,Y, ,Y,Y,Y,Y, , , ,Y,Y, ,Y, ,Y, , ,Y,Y,Y,Y, , , , , ,Y,Y, , , ,C, ,L
-467541.861331749,6627192.12285988,1914,35150,35030,BIDEFORD,GB,51.033333,-4.2,51,2,N,4,12,W,142,36047,S,RN,G,Y,Y,N,Y,Y,P,H,N,O,5,M, , ,Y,N,Y,Y,Y,Y,Y,N,Y, ,Y,Y,Y, ,Y, ,Y, ,Y, , , , ,Y,Y, ,Y, ,Y, , , , ,Y,Y, , , , , ,Y,Y,Y,Y,Y,C,S, 
-14894547.86814,7551782.79192023,1915,19290,19080,FISHERMANS HARBOR,US,55.966667,-133.8,55,58,N,133,48,W,CP08,17402,V,CN,G,N,N,N, , ,O,O,N, ,9, , , , , , , ,Y, , , ,Y, , , , , , ,Y, , ,Y, , , , , , , , , , , , , , , , , , , , , ,Y, , , , , , , 
1280174.14412265,7329586.46955149,1916,29670,29650,BANDHOLM,DK,54.833333,11.5,54,50,N,11,30,E,194,44064,S,CB,E,N,N,N,Y, ,N,J,O, ,1,M, ,Y,Y,N,Y,N,Y, ,Y,N,N, , ,Y, , ,Y, ,Y,Y,Y, , , , ,Y,Y, ,Y, ,Y, ,Y, , ,Y,Y, , , , ,Y,Y,Y,Y,Y,Y,C, ,M
-549176.15458015,6542076.66005057,1917,35170,35030,PADSTOW,GB,50.55,-4.933333,50,33,N,4,56,W,142,UK1168,V,RN,E,Y,Y,N,Y, ,P,G,O, ,6,M,Y, ,Y,N,Y,Y,Y,Y,Y,N,N, , , ,Y, ,Y, ,Y,Y, , , , , ,Y,Y, ,Y,N,N,N,N,N,N,N, , , , , ,Y,Y,Y,Y, , ,C, , 
-14799926.3009657,7722738.8810442,1918,19300,19080,PETERSBURG,US,56.816667,-132.95,56,49,N,132,57,W,CP08,17375,S,CN,G,N,N,N, , ,M,M,M,M,14,M, , ,Y, , , ,Y, , , ,Y,Y, , ,Y,Y,Y,Y,Y, ,Y,Y, , , ,Y,Y, , , , , , , , , ,Y,Y,N,Y,Y,Y,Y,Y,Y,Y,Y,C, , 
-602980.575130232,6478086.69050416,1919,35200,35030,HAYLE,GB,50.183333,-5.416667,50,11,N,5,25,W,142,36180,V,RB,G,Y,N,N,Y, ,P,H,P, ,15,M, , ,Y,N,Y,Y, , , ,N,N, , , ,Y, , , ,Y,Y, , , , , , , , , ,Y,Y, , , , ,Y, , , , , ,Y,Y,Y, ,Y,Y,C, ,S
1239356.99749845,7329586.46955149,1920,29700,29650,NAKSKOV,DK,54.833333,11.133333,54,50,N,11,8,E,194,44064,S,CN,E,N,N,N,Y,Y,N,N,M, ,1,L, ,Y,Y,N,Y,N,Y,Y,Y,N,Y, ,Y,Y, , ,Y, , ,Y,Y, , , , ,Y,Y, ,Y,Y,Y, ,Y,Y,Y,Y,Y, , , , , ,Y,Y,Y, , ,C,M,M
-617823.173902668,6463612.12425767,1921,35240,35220,NEWLYN,GB,50.1,-5.55,50,6,N,5,33,W,191,36049,V,CB,G,Y,N,N,Y,Y,G,G,N, ,5,L, , , , ,Y, ,Y, , ,N,Y, , , , , ,Y, ,Y,Y,Y, , , , ,Y,Y, ,N,N,Y,N,N,N,N,N,Y,Y, ,Y,Y, ,Y,Y,Y, , ,C, ,S
-564018.753352586,6472293.83765489,1922,35290,35220,FALMOUTH HARBOUR,GB,50.15,-5.066667,50,9,N,5,4,W,191,37003,M,CN,G,Y,N,N,Y, ,G,A,L,L,5,L,Y,Y,Y,N,Y,Y,Y,Y,Y, ,Y, ,Y, ,Y, ,Y, ,Y,Y,Y, , , , ,Y,Y, ,Y,Y,Y, , , ,Y,Y, ,Y, ,Y,Y,Y,Y,Y,Y,Y,Y,B,M,S
1263476.22050366,7294232.42307169,1923,29710,29650,RODBY HAVN,DK,54.65,11.35,54,39,N,11,21,E,194,44064/69,V,CB,F,N,N,N,Y, ,N,K,O,O,2,M, , , ,N,Y,N,Y,Y, ,N,N, ,Y,Y, , ,Y,Y,Y,Y,Y, , , , ,Y,Y, ,N, ,Y,Y, , ,Y,Y,Y, , , , , ,Y,Y,Y, , ,C, , 
-14909390.4669124,7753308.67848455,1924,19310,19080,KAKE,US,56.966667,-133.933333,56,58,N,133,56,W,CP08,17368,V,OR,F,N,N,N, , , , ,M,M,11, ,Y, , , , , ,Y, , , , , , , , , , ,Y, , ,Y,Y, , , , , , , , , , , , , , , , , , , , ,Y, , , , , , , 
-528767.58126805,6504204.68286007,1925,35320,35220,CHARLESTOWN,GB,50.333333,-4.75,50,20,N,4,45,W,191,37003,V,CT,G,Y,N,N,Y, , ,K,N, ,4,M,Y, ,Y, ,Y,Y,Y, , ,N,N, ,Y,Y,Y, ,Y, ,Y,Y, , , , , ,Y,Y, ,Y, ,Y, , , ,Y,Y, , , , , ,Y,Y,Y,Y, , ,C, , 
1306148.69197441,7297439.82513672,1926,29720,29650,NYSTED,DK,54.666667,11.733333,54,40,N,11,44,E,194,44069,V,CB,F,N,N,N,Y,Y,O,O,O, ,0,M, , , , , , ,Y,Y,Y,N,N, , , , , , , , ,Y, , , , , , , , ,Y, , , , , , , , , , , , ,Y,Y, , , , ,C, ,S
1192973.87633458,7352168.17333372,1927,29760,29730,RUDKOBING,DK,54.95,10.716667,54,57,N,10,43,E,194,44064,S,CB,G,N,N,Y,Y,Y,P,J,O, ,1,M,Y, , ,N,Y,N,Y, ,Y,N,Y, ,Y,Y, , ,Y,Y,Y, , , , , , ,Y, , ,N,Y,Y, , , ,Y,Y,Y, , , , , ,Y,Y,Y, , ,C, , 
-523201.606728386,6507111.76723892,1928,35330,35220,PAR,GB,50.35,-4.7,50,21,N,4,42,W,191,37003,V,CB,G,Y,N,N,Y,Y,Q,K,N, ,4,M,N,Y, , ,Y,Y,Y, ,Y,N,N, ,Y, , ,Y,Y,Y, ,Y,Y, , , , ,Y,Y, ,Y, ,Y, , , , ,Y,Y, , ,Y,Y,Y,Y,Y,Y, , ,C,S, 
-14955773.5880763,7705808.51036745,1929,19320,19080,WASHINGTON BAY,US,56.733333,-134.35,56,44,N,134,21,W,CP08,17370,V,CN,G,N,N,N, , , , ,L, ,0, , , , , , , ,Y, , , , , , , , , , , ,Y, ,Y, , , , , , , , , , , , , , , , , , , , , ,Y, , , , , , , 
1150301.40486383,7345709.58058992,1930,29790,29780,MARSTAL,DK,54.916667,10.333333,54,55,N,10,20,E,194,44067,S,CB,G,N,N,Y,Y, ,B,O,O, ,1,M, , ,Y,N,Y,N,Y,N,Y,N,Y, , , ,Y, ,Y,Y,Y,Y, , , , , , , , ,N, ,Y, , , , ,Y, , , , , ,Y,Y,Y,Y, , ,C,S,M
-515780.307342168,7041788.84576557,1931,34770,34710,HOLYHEAD,GB,53.316667,-4.633333,53,19,N,4,38,W,142,36026,S,CB,G,N,N,N,Y, ,O,J,H, ,5,M,Y, ,Y,Y,Y,Y,Y, ,Y, ,Y, ,Y,Y,Y, ,Y, ,Y,Y,Y, , , , ,Y,Y, ,N, ,Y, , , ,Y, ,N, , , , ,Y,Y,Y,Y, , ,B,S,S
-14942786.3141504,7678797.81864406,1932,19330,19080,BAY OF PILLARS,US,56.6,-134.233333,56,36,N,134,14,W,CP08,17370,V,CN,G,N,N,N, , , ,B,K, ,10, , , , , , , ,Y, , , , , , , , , , , , , ,Y,Y, , , , , , , , , , , , , , , , , , , , , , , , , , , , 
1159578.0290966,7339256.33526018,1933,29800,29780,AEROSKOBING,DK,54.883333,10.416667,54,53,N,10,25,E,194,44067,V,CB,G,Y,N,Y,Y, ,O,M,N, ,0,M, , ,N,N,N, ,Y,Y,Y, ,Y, ,Y,Y,Y, ,Y,Y,Y, ,Y, , , , , , , ,Y,Y, , , , , ,Y, , , , , ,Y,Y,Y,Y, , ,C,S, 
-14998446.0595471,7635108.04068269,1934,19370,19080,BIG PORT WALTER,US,56.383333,-134.733333,56,23,N,134,44,W,CP08,17333,V,CN,G,N,N,Y,Y, ,A, ,J, ,9, , , , , , , ,Y, , , , , , , , , , ,Y,Y, ,Y, , , , , , , , , , , , , , , , , , , , , ,Y, , , , , , , 
-14987314.1104677,7635108.04068269,1935,19375,19080,LITTLE PORT WALTER,US,56.383333,-134.633333,56,23,N,134,38,W,CP08,17333,V,CN,G,N,N, ,Y, ,N,G,M, ,9, ,Y, , , , , ,Y, , , , , , , , , , , , , ,Y,Y, , , , , , , , , , , , , , , , , , , , , , , , , , , , 
1181841.92725525,7374815.51877076,1936,29830,29820,SVENDBORG,DK,55.066667,10.616667,55,4,N,10,37,E,194,44064/61,S,CN,E,Y,N,Y,Y,Y,O,M,O,N,1,M, , ,Y,N,Y,N,Y,Y,N,N,Y,Y, , , , ,Y,Y,Y,Y,Y, , , , ,Y,Y, ,Y, ,Y, , , ,Y,Y, , , , , ,Y,Y,Y,Y, , ,B,S,S
-14991024.7601608,7618370.45225023,1937,19380,19080,PORT ARMSTRONG,US,56.3,-134.666667,56,18,N,134,40,W,CP08,17331,V,CN,G,N,N,N, , , ,A,M, ,9, , , , , , , ,Y, , , , , , , , , , , ,Y, ,Y,Y, , , , , , , , , , , , , , , , , , , , ,Y,Y,Y, , , , , 
1202250.50056735,7423568.8082057,1938,29860,29820,NYBORG,DK,55.316667,10.8,55,19,N,10,48,E,194,44064,S,CB,G,N,N,Y,Y, ,M,K,N,N,1,M, , ,Y,N,Y,Y, , ,N,N,Y, ,Y,Y, , ,Y,Y,Y,Y,Y, , , , ,Y,Y, ,Y, ,Y, , , ,Y, ,Y,Y, , , ,Y,Y,Y,Y, , ,C,S,S
1155867.37940349,7443156.20061532,1939,29880,29820,ODENSE,DK,55.416667,10.383333,55,25,N,10,23,E,194,44061,S,LC,E,N,N,Y,Y,Y,M,K,M,N,1,M,Y,Y,Y,N,Y,Y,Y, ,Y, ,Y,Y,Y, ,Y,Y,Y, ,Y,Y,Y, , , , ,Y, , ,Y,Y,Y, , , ,Y,Y, ,Y, , , , ,Y,Y,Y,Y,Y,B, ,M
1083509.71038786,7459516.94137967,1940,29910,29820,MIDDELFART,DK,55.5,9.733333,55,30,N,9,44,E,194,44062,S,CB,G,N,Y,Y,Y, ,N,E,N, ,1,M,Y,Y,N,N,Y,N,Y, , , ,Y, ,Y,Y,Y, ,Y,Y,Y, ,Y, , , , ,Y, , ,N,Y,Y, , , ,Y,Y,Y, , , , , ,Y,Y,Y, , ,C, ,S
1146590.75517072,8285595.29266894,1941,23760,20620,HOLMESTRAND,NO,59.483333,10.3,59,29,N,10,18,E,193,43370,V,CB,G,N,N,N,Y, ,C,C,O, ,0,M, , ,Y, ,Y,N,Y, , , ,Y, ,Y, , , ,Y,Y, ,Y,Y,Y, , , ,Y, , , , , , , , , , ,Y, , , , ,Y,Y,Y, , , ,C, ,S
-14992880.0850074,7608345.41353765,1942,19390,19080,PORT CONCLUSION,US,56.25,-134.683333,56,15,N,134,41,W,CP08,17331,V,CN,G,N,N,N, , , ,O,M, ,9, ,N, , , , , ,Y, , , , , , , , , , , ,Y, ,Y,Y, , , , , , , , , , , , , , , , , , , , , , , , , , , , 
1157722.70425005,8314883.02751359,1943,23770,20620,SVELVIK,NO,59.616667,10.4,59,37,N,10,24,E,193,43371,V,CN,G,N,N,N,Y,Y,K,M,O, ,0, , , , ,N,Y,N,Y, , , ,Y, ,Y, , ,Y,Y,Y,Y,Y,Y,Y, ,Y, , , , ,N, ,Y, , , , , ,Y, , , , , ,Y,Y, , , ,C, ,S
-13796195.5589797,6303188.70234715,1944,18520,18080,NANAIMO,CA,49.166667,-123.933333,49,10,N,123,56,W,154,17499,S,CN,G,N,N,N,Y,N,E,A,J,H,5, ,Y, ,Y,N,Y,Y,Y, ,Y, ,Y,Y, , ,Y,Y,Y,Y,Y,Y,Y,Y, , , ,Y,Y, ,Y,Y,Y, , ,Y,Y, ,Y,Y,N,Y,Y,Y,Y,Y,Y,Y,Y,C, ,S
-14989169.4353143,7608345.41353765,1945,19400,19080,PORT ALEXANDER,US,56.25,-134.65,56,15,N,134,39,W,CP08,17331,V,CN,G,N,N,N, , ,O,H,O,O,9, , , , , , , ,Y, , , , , , , , , , ,Y, , ,Y,Y, , , , , , , , , , , , , , , , , , , ,Y,Y, , , , ,C, , 
-13786918.9347469,6297515.62802731,1946,18525,18080,HARMAC,CA,49.133333,-123.85,49,8,N,123,51,W,154,18402,V,CN,F,Y,N,N,Y,Y, ,M,H,K,10,L, , ,N,N,N, ,Y, , , , , , , ,Y, , ,Y, ,Y,Y, , , , , , , ,N, , , , , , , ,Y,Y, , , , ,Y, , , , , , , 
-15065237.754023,7770345.1127669,1947,19410,19080,SITKA,US,57.05,-135.333333,57,3,N,135,20,W,CP08,17327,S,CN,G,N,Y,N,Y, ,L,A,J, ,8, ,Y, ,Y,N,Y,Y,Y, , , ,Y,Y, , ,Y,Y,Y,Y,Y, ,Y,Y, , , ,Y,Y, ,N, , , , , , , ,Y,Y,N,Y,Y,Y,Y,Y,Y,Y,Y,C, ,S
1141024.78063105,8340605.30637586,1948,23780,20620,DRAMMEN,NO,59.733333,10.25,59,44,N,10,15,E,193,43378,M,CB,G,N,N,Y,Y,Y,K,B,M,L,0,L,Y, ,Y,N,Y,N,Y, ,Y, ,Y,Y, , ,Y, ,Y,Y,Y,Y,Y,Y,Y, , ,Y,Y, ,Y, ,Y,Y, ,Y,Y,Y,Y,Y,Y,Y,Y,Y,Y,Y,Y, , ,B, ,L
-15152438.0218111,7901087.88556283,1949,19430,19080,KIMSHAN COVE,US,57.683333,-136.116667,57,41,N,136,7,W,CP08,17322,V,CN,G,N,N,N, , ,J,J,P, ,8, ,Y, , , , , ,Y, , , , , , , , , , , , , ,Y,Y, , , , , , , , , , , , , , , , , , , , , , , , , , , , 
1179986.6024087,8359033.36551918,1950,23790,20620,STORSTEILENE,NO,59.816667,10.6,59,49,N,10,36,E,193,43374,V,CN,G,N,N,N,Y, , ,A, ,H,0, ,Y, , , ,Y,N,N, ,Y, ,Y, , , , , ,Y, , , ,Y,Y, , , , , , ,N, , , , , , , , , , , , ,Y,Y, , , , , , , 
-13772076.3359745,6263557.01680918,1951,18560,18080,CHEMAINUS,CA,48.933333,-123.716667,48,56,N,123,43,W,154,18413,V,CN,F, , , , , ,K,B,F, ,2,L,N,Y,Y,N,Y,Y,Y, ,Y, ,Y,Y,Y, ,Y,Y,Y,Y,Y,Y,Y, , , , ,Y, , ,N,Y, , , , , ,Y,Y,N,N,Y,Y,Y,Y,Y,Y,N,N,C, , 
-15165425.295737,7960318.4997891,1952,19440,19080,PELICAN,US,57.966667,-136.233333,57,58,N,136,14,W,CP08,17303,V,CN,G,N,N,N, , ,A, ,N,N,8, , , ,Y, , , ,Y, , , , , , , ,Y,Y,Y,Y,Y, ,Y,Y, , , ,Y,N, , , , , , , , , ,Y,Y,N,Y,Y,Y,Y,Y,Y,Y,Y,C, , 
1196684.52602769,8381207.96501294,1953,23810,20620,OSLO,NO,59.916667,10.75,59,55,N,10,45,E,193,43372,L,CN,G,N,N,N,Y, ,J,E,N,N,1,L,Y,Y,Y,Y,Y,Y,Y, ,Y, ,Y, ,Y,Y,Y,Y,Y,Y,Y,Y,Y,Y, , , ,Y,Y, ,Y,Y,Y,Y,Y,Y,Y,Y,Y,Y,Y,Y,Y,Y,Y,Y,Y,Y,Y,A, ,L
-15178412.5696629,8009449.16390865,1954,19450,19080,ELFIN COVE,US,58.2,-136.35,58,12,N,136,21,W,CP08,17302,V,CN,G,N,N,N,Y, ,P, , , ,0, , , , , , , , , , , , , , , , , , ,Y,Y, ,Y,Y, , , , , , , , , , , , , , , , , , , , , , , , , , , , 
1185552.57694836,8325895.89918672,1955,23820,20620,DROBAK,NO,59.666667,10.65,59,40,N,10,39,E,193,43374/1,V,CB,G,N,N,N,Y, ,J,G,O, ,1, , , ,Y, , ,N,Y, ,Y, ,Y, , , ,Y,Y, , , , ,Y,Y, , , ,Y, , ,N, , , , , , , , , , , , ,Y,Y, , , , , , , 
-13762799.7117417,6252267.72511076,1956,18570,18080,CROFTON,CA,48.866667,-123.633333,48,52,N,123,38,W,154,18413,V,CN,F,N,N,N,Y,N, ,A,J, ,4,L,Y,Y,Y,N,Y,Y,Y,Y, , ,Y,Y,Y, ,Y,Y, ,Y, ,Y,Y,Y, , , ,Y,Y, ,N,N,N,N, , , , ,Y,N,N,Y,Y,Y,Y,N,Y,N,N,C, , 
-15078225.0279489,7991865.59403439,1957,19460,19080,HOONAH,US,58.116667,-135.45,58,7,N,135,27,W,CP08,17302,V,CN,G,N,N,N, , , ,B,O,N,13, ,Y, , , , , ,Y, , , , , , , ,Y, ,Y,Y,Y, ,Y,Y, , , ,N,Y, , , , , , , , , ,Y,Y,N,N,N,Y,Y,Y,Y,Y,Y,C, , 
-13760944.3868952,6232547.59747765,1958,18580,18080,COWICHAN BAY,CA,48.75,-123.616667,48,45,N,123,37,W,154,18414,V,CN,F,N,N,N,Y,N,K,A,L, ,2,L,Y,Y,Y,N,Y,Y,Y, , , ,Y,Y,Y, ,Y, ,Y, , ,Y,Y,Y, , , ,Y,Y, ,N, , , , , , , ,Y, , , , ,Y,Y,Y,Y, , ,C, , 
601125.250283677,8333246.94164196,1959,23310,20620,MOSTERHAMN,NO,59.7,5.4,59,42,N,5,24,E,182,43324,V,CN,G,N,Y,N,Y,N,G,G,O, ,0,M, , ,N,N,Y, , , , , , , , , ,Y, , , , , ,Y,Y, ,Y, , , , ,N, , , , , , , , , , , , , ,Y,Y, , , , , , 
-13746101.7881227,6249447.75279128,1960,18600,18080,GANGES,CA,48.85,-123.483333,48,51,N,123,29,W,154,18414,V,CN,F,N,N,N,Y,N,J,M,N, ,8,M,Y, , , , , ,Y, , ,Y, , , , ,Y, , , ,Y, ,Y,Y, , , ,Y,Y, ,N, , , , , , ,Y, , , , , ,Y,Y, ,Y, , ,C, ,S
599269.925437123,8347971.01048573,1961,23330,20620,SAGVAG,NO,59.766667,5.383333,59,46,N,5,23,E,182,43323,V,CN,G,Y,Y,N,Y,N,L,K,J, ,0,M, , ,N,N,Y, , ,Y,Y, , , , , ,Y, , , , , ,Y,Y, , , , , , ,N, , , , , , , , , , , , , ,Y, , , , ,C, ,S
-15050395.1552506,7921939.69509893,1962,19470,19080,TENAKEE SPRINGS,US,57.783333,-135.2,57,47,N,135,12,W,CP08,17300,V,CN,F,N,N, , , , , ,M, ,12, , , , , , , ,Y, , , , , , , , , , ,Y,Y, ,Y,Y, , , , , , , , , , , , , , ,N,N,N,N,N, , , , , , , , , 
-13694152.6924192,6196045.61739593,1963,17920,16000,FRIDAY HARBOR,US,48.533333,-123.016667,48,32,N,123,1,W,CP07,18434,V,CN,E,N,N,N, , , ,J,N,N,5, , , ,Y, , ,Y, , , , , , , , ,Y,Y, ,Y,Y, ,Y,Y, , , ,Y,Y, , ,Y,Y, , ,Y, , ,N,N,N,Y,N,Y,Y,Y,Y,Y,Y,C, ,S
612257.199363005,8351656.62016492,1964,23340,20620,LEIRVIK,NO,59.783333,5.5,59,47,N,5,30,E,182,43323,V,CN,G,N,N,N,Y,Y, ,A,N,P,1,M, , ,N,N,Y,N,Y, , , ,Y, ,Y, ,Y,Y,Y,Y,Y, ,Y,Y, , , ,Y,Y, ,N, , , , , , , , , , , , , ,Y, , , , ,C,S,S
-15020709.9577057,7866462.35420751,1965,19480,19080,CHATHAM,US,57.516667,-134.933333,57,31,N,134,56,W,CP08,17338,V,CN,F,N,N,Y, , , ,E,K,N,11, , , , , , , , , , , , , , , , , , ,Y,Y, ,Y,Y, , , , , , , , , , , , , , , , , , , ,Y,Y,Y,Y,N,Y, , , 
1469417.27847121,9831379.30453182,1966,22920,20620,MOSJOEN,NO,65.833333,13.2,65,50,N,13,12,E,182,43202,V,RN,E,Y,N,N,Y,Y,N,K,N,N,2,M,Y, ,Y,N,Y, ,Y, , , ,Y,Y,Y, ,Y,Y,Y, ,Y,Y,Y,Y, ,Y, ,Y,Y, ,N,Y,Y,N,N,N,Y,Y,Y,Y, , , ,Y,Y,Y,Y,Y,Y,C, ,S
-15033697.2316316,7856105.55303394,1967,19490,19080,TODD,US,57.466667,-135.05,57,28,N,135,3,W,CP08,17338,V,CN,F, , , , , , , ,L, ,12, , , , , , , ,Y, , , , , , , , , , , , , ,Y,Y, , , , , , , , , , , , , , , , , , , , , , , , , , , , 
-13734969.8390434,5801741.78584796,1968,16880,16000,WESTPORT,US,46.133333,-123.383333,46,8,N,123,23,W,CP07,18523,V,RN,E,N,N,N,Y,Y,L, , , ,7, , , , , ,Y, ,Y, , , , , , , ,Y, ,Y, , , ,Y, , , , , , , , , , , , , , , , , , , , ,Y,Y,Y,Y, , , , , 
1384072.3355297,9831379.30453182,1969,22940,20620,TJOTTA,NO,65.833333,12.433333,65,50,N,12,26,E,182,43202,V,CN,F,N,N,N,Y,N,N,N,M, ,0,M, , ,N,N,Y, , ,Y,Y, , , , , ,Y, , , , , ,Y,Y, ,Y, , , , ,N, , , , , , , , , , , , , , , , , , , , , 
-13684876.0681864,5793713.51668036,1970,16890,16000,RAINIER,US,46.083333,-122.933333,46,5,N,122,56,W,CP07,18524,V,RN,E,N,N,N,Y,Y,L, ,M, ,0, , , , , ,Y, ,Y, , , , , , , ,Y, , ,Y, ,Y,Y, , , , ,N,Y, , , , , , , , , ,Y,Y,N,N,N,Y,Y,Y,Y,N,N,C, ,S
1358097.78767794,9732381.12146966,1971,22990,20620,BRONNOYSUND,NO,65.466667,12.2,65,28,N,12,12,E,182,43204,V,CN,G,N,N,N,Y,Y, ,J,N,O,2,M, , ,Y,N,Y,N,Y, ,Y, ,Y,Y,Y, ,Y,Y,Y, ,Y, ,Y,Y, ,Y, ,Y, , ,N,Y, , , , , ,Y, , , , , ,Y,Y,Y, ,Y,Y,C, , 
-13684876.0681864,5801741.78584796,1972,16900,16000,LONGVIEW,US,46.133333,-122.933333,46,8,N,122,56,W,CP07,18524,S,RN,E,N,N,N,Y,Y,J, ,K,L,3,L, , ,Y,N,Y, ,Y, ,Y, ,Y, , , ,Y, , ,Y, ,Y,Y, , , , ,Y,N, ,Y,Y,Y, ,Y,Y, , ,Y,Y,N,N,N,Y,Y,Y,Y,Y,Y,C, , 
-13675599.4439537,5783020.46765154,1973,16920,16000,KALAMA,US,46.016667,-122.85,46,1,N,122,51,W,CP07,18524,V,RN,E, , , ,Y,Y,J, , , ,3,L, , , , , , ,Y, , , , , , , ,Y, , , , ,Y,Y, , , , ,N,N, , , , , , , , , ,Y,Y,N,N,N,Y,Y, , , , , , , 
1358097.78767794,9705622.64037299,1974,23020,20620,BERG,NO,65.366667,12.2,65,22,N,12,12,E,182,43204,V,CN,F,N,N,N,Y,N,N,N,K, ,0, , , , ,N,Y, , , , , , , , , , , , , , , ,Y, , , , , , , ,N, , , , , , , , , , , , ,Y,Y,Y,Y,N,N,N, , 
-13670033.469414,5759008.1443025,1975,16930,16000,ST HELENS,US,45.866667,-122.8,45,52,N,122,48,W,CP07,18524,V,RN,E,N,N,N,Y,Y,M, ,L, ,2, , , , , , , ,Y, , , , , , , , , , , , , ,Y, , , , , , , , , , , , , , , , , , , , ,Y,Y,Y,Y, , , , , 
1252344.27142433,9573338.24177263,1976,23040,20620,RORVIK,NO,64.866667,11.25,64,52,N,11,15,E,182,43220,V,CN,G,Y,Y,N,Y,N, ,J,L, ,5,M, , ,N,N,Y, ,Y, , , ,Y, , , ,Y, ,Y, , , ,Y,Y, ,Y, ,Y, , ,N,Y, , , , , ,Y, , , , , ,Y,Y,Y,Y, , ,C, , 
1320991.29074685,9555886.73203673,1977,23046,20620,SALSBRUKET,NO,64.8,11.866667,64,48,N,11,52,E,182,43220,S,CN,G,Y,Y,N,Y,N, ,A,M, ,0,M, , ,N,N,Y,N, , , ,N,N, , , , , , , , , ,Y, , , , , , , ,N, , , , , , , , , , ,N,N,N,N, , , , , , , 
-13655190.8706416,5703230.15000693,1978,16940,16000,PORTLAND,US,45.516667,-122.666667,45,31,N,122,40,W,CP07,18526,L,RN,E,Y,N,N,Y,Y,J,L,H,H,4,L, ,Y,Y,Y,Y,Y,Y, ,Y,Y,Y,Y,Y, ,Y,Y,Y,Y,Y,Y,Y,Y, , , ,Y,Y, ,N,Y,Y,Y,Y, , , , ,Y,Y,Y,Y,Y,Y,Y,Y,Y,Y,A,M,L
-13657046.1954881,5721784.07042305,1979,16950,16000,VANCOUVER,US,45.633333,-122.683333,45,38,N,122,41,W,CP07,18526,M,RN,E,N,N,N,Y,Y,H,J,J, ,1,L, ,Y,Y,Y,Y,N,Y, ,Y, ,Y,Y, , ,Y,Y,Y,Y,Y,Y,Y,Y, , , ,Y,Y, ,N,Y,Y, , ,Y, ,Y,Y,Y,N,Y,Y,Y,Y,Y,Y,N,N,B, ,S
1280174.14412265,9469270.97542107,1980,23050,20620,NAMSOS,NO,64.466667,11.5,64,28,N,11,30,E,182,43223,S,CN,G,Y,Y,Y,Y,Y,E,E,K,N,2,M,Y, ,Y,N,Y, ,Y, ,Y,N,Y, ,Y,Y,Y,Y,Y, ,Y,Y,Y,Y, , , ,Y,Y, ,Y, ,Y, , ,Y, , ,Y, , , , ,Y,Y,Y, , , ,C, ,S
-13625505.6730967,5713827.66965509,1981,16960,16000,CAMAS,US,45.583333,-122.4,45,35,N,122,24,W,CP07,18526,V,RN,E,N,N,Y,Y,Y, , , , ,0, , , , , , , ,Y, , , , , , , ,Y, , , , , , , , , , , , , , , , , , , , , , , , , , ,Y,Y, ,Y, , , , , 
1250488.94657777,9366713.66429228,1982,23053,20620,MALM,NO,64.066667,11.233333,64,4,N,11,14,E,182,43244,V,RN,G,Y,N,N,Y,N,J,A,P, ,4,M, , ,Y,N,Y,N,Y, , ,N,N,Y,Y, ,Y,Y,Y, , , ,Y, , , , ,Y, , ,N, , , , , , , ,Y, , , , ,Y,Y,N,N,N,N,N, , 
-13619939.698557,5713827.66965509,1983,16970,16000,WASHOUGAL,US,45.583333,-122.35,45,35,N,122,21,W,CP07,18523,V,RN,E,N,N,N,Y,Y, , , , ,1, , , , , , , ,Y, , , , , , , ,Y, , , , , , , , , , , , , , , , , , , , , , , , , , ,Y,Y, ,Y, , ,C, , 
-13490066.9592982,5716479.01532683,1984,16980,16000,THE DALLES,US,45.6,-121.183333,45,36,N,121,11,W,CP07,18531,V,RN,E,N,N,N,Y,Y,N, ,N, ,0, , , , , , , ,Y, , , , , , , ,Y, , , , , ,Y, , , , , , , , , , , , , , , , , , , , ,Y,Y,Y,Y, , , , , 
1280174.14412265,9353997.7519561,1985,23055,20620,STEINKJER,NO,64.016667,11.5,64,1,N,11,30,E,182,43244,V,CN,G,N,N,N,Y,Y,L,A,M,O,0,M, , ,Y,N,Y,Y,Y, , , ,Y,Y,Y, ,Y,Y,Y, ,Y,Y,Y,Y, , , ,Y, , ,N, ,Y, , , ,Y,Y, , , , , ,Y,Y,Y,Y, , , , , 
1274608.16958298,9294956.1453859,1986,23058,20620,DJUPVIKEN,NO,63.783333,11.45,63,47,N,11,27,E,182,43244,S,CN,G,N,N,N,Y,N,K,B,N, ,0,M, , ,Y,N,Y,N,N,N,N,N,N, , , , , , ,Y, ,Y,Y, , , , ,Y, , ,N, , , , , , , , , , , , ,Y,Y,Y,Y,N,N,C, , 
-13807327.508059,5860839.8299478,1987,17000,16000,NAHCOTTA,US,46.5,-124.033333,46,30,N,124,2,W,CP07,18504,V,CN,E,N,N,N, , ,P, , , ,8, , , , , , , ,Y, , , , , , , ,Y, , , , , , , , , , ,N,N, , , , , , , , , ,N,Y,N,N,N,N,Y,N,N,N,N, , , 
1257910.24596399,9286561.53688126,1988,23060,20620,LEVANGER,NO,63.75,11.3,63,45,N,11,18,E,182,43244,V,RN,G,N,N,N,Y,Y,O,L,O, ,0, ,Y, ,N,N,Y,Y,Y, , , , , , , ,Y,Y, , , ,Y,Y,Y, , , ,Y, , ,N, , , , , , , , , , , , ,Y,Y,Y, , , ,C, , 
1213382.44964668,9232236.66991058,1989,23070,20620,LANGSTEIN,NO,63.533333,10.9,63,32,N,10,54,E,182,43244,V,CN,G,N,N,N,Y,N, ,M,M, ,0, , , ,N,N,Y, , , , , , , , , ,Y,Y, , , ,Y,Y,Y, , , , , , ,N, , , , , , , , , , , , , , , , , , , , ,S
-13779497.6353607,5887834.3026699,1990,17010,16000,SOUTH BEND,US,46.666667,-123.783333,46,40,N,123,47,W,CP07,18504,S,RN,E,N,N,N,Y, ,L,L,L, ,8, ,Y,Y, , , ,Y, , , , , , , , ,Y, , , , , ,Y,Y, , , , , , , , , , , , , , , , , , , ,Y,Y,Y,Y, , ,C, ,S
1207816.47510702,9207302.72573376,1991,23075,20620,MURUVIK,NO,63.433333,10.85,63,26,N,10,51,E,182,43244,V,CN,G,N,N,N,Y,N, ,B,L,J,0,M,Y,Y, ,N,Y,N,N, , ,N,N, , , , , ,Y,Y, , ,Y, ,Y, , , , , ,N, , , , , , , , , , , , ,Y,Y,N,N,N,N,N, , 
1202250.50056735,9203155.53329709,1992,23080,20620,HOMMELVIK,NO,63.416667,10.8,63,25,N,10,48,E,182,43244,V,CN,G,N,N,N,Y,N, ,A,N, ,0,M,Y, ,N,N,N, , , , , , , , , ,Y,Y, , , ,Y,Y,Y, , , ,Y, , , ,Y,Y, , , , ,Y, , , , , ,Y,Y,Y, , , ,C, ,S
-13773931.6608211,5890538.32243386,1993,17020,16000,RAYMOND,US,46.683333,-123.733333,46,41,N,123,44,W,CP07,18504,S,RN,E,N,N,N,Y, ,L,L,L, ,8, ,Y,Y,Y, , ,Y, , ,Y, ,Y,Y, , ,Y,Y,Y, ,Y,Y,Y,Y, , , ,Y,Y, , , , , , , , , , , , , , ,Y,Y,Y,Y,Y,Y,C, ,S
-13775786.9856676,5890538.32243386,1994,17030,16000,WILLAPA HARBOR,US,46.683333,-123.75,46,41,N,123,45,W,CP07,18504,V,RN,E,N,N,N,Y, ,L, ,M, ,8, , ,Y,Y, , ,Y, , ,Y, , ,Y, , ,Y,Y,Y, ,Y,Y,Y,Y, , , ,Y,Y, ,N,Y, , , , ,Y, ,Y,Y,N,N,N,Y,Y,Y,Y,Y,Y,C, ,S
1157722.70425005,9207302.72573376,1995,23090,20620,TRONDHEIM,NO,63.433333,10.4,63,26,N,10,24,E,182,43245,M,CN,E,N,N,N,Y,Y,M,A,L,N,2,M,Y, ,Y,N,Y,N,Y, ,Y,N,Y,Y,Y,Y,Y,Y,Y, ,Y,Y,Y,Y, , , ,Y,Y, ,Y,Y,Y,Y,Y,Y,Y,Y,Y, , , , ,Y,Y,Y,Y, , ,C,L,L
-13816604.1322918,5928482.54319652,1996,17040,16000,WESTHAVEN COVE,US,46.916667,-124.116667,46,55,N,124,7,W,CP07,18502,V,RN,E,N,N,N,Y, ,O, ,N, ,8, , , , , , ,Y, , , , ,Y, , , ,Y, ,Y,Y, , ,Y, , , , ,N,Y, , ,Y, , , ,Y,Y, , ,Y,N,N,Y, ,Y,Y,N,Y,N,B, , 
1100207.63400685,9178322.88105037,1997,23095,20620,THAMSHAMM,NO,63.316667,9.883333,63,19,N,9,53,E,182,43246,S,CN,G,N,N,N,Y, ,A,L,L, ,0,L,Y, ,Y,N,Y,Y,Y, , ,N,N,Y,Y, ,N,N,Y, ,Y,Y,Y,Y, ,Y, ,Y, , ,N,Y,Y, ,Y,Y,Y,Y,Y, , , , ,Y,Y,N,N,N,N,C, , 
-13811038.1577521,5920337.76955584,1998,17050,16000,BAY CITY,US,46.866667,-124.066667,46,52,N,124,4,W,CP07,18502,V,RN,E,N,N,N,Y,Y, , , , ,7, , , , , , , , , , , , , , , , , , , , , , , , , , , , , , , , , , , , , , , , , , , , , , , , , , , 
-13783208.2850538,5939354.0724032,1999,17060,16000,ABERDEEN,US,46.983333,-123.816667,46,59,N,123,49,W,CP07,18502,S,RN,E,N,N,N,Y,Y,L, ,K,L,8, , , ,Y, , ,Y, , ,Y, , ,Y, , ,Y,Y,Y,Y,Y,Y, , , , , ,Y,Y, , ,Y,Y, , , ,Y, ,Y,N,N,N,Y,Y,Y,Y,Y,Y,Y,C, ,M
-13792484.9092866,5936634.92022371,2000,17080,16000,HOQUIAM,US,46.966667,-123.9,46,58,N,123,54,W,CP07,18502,S,RN,E,N,N,N,Y,Y,L, ,K, ,8, , , ,Y, , ,Y, , ,Y, , ,Y, , ,Y,Y,Y,Y,Y,Y, , , , , , , , , ,Y,Y, , , ,Y, , ,Y, , ,Y,Y,Y,Y,Y,Y,Y,C, ,M
-7912960.4705552,2060971.52570318,2001,11070,10950,SANTA CRUZ DE BARAHONA,DO,18.2,-71.083333,18,12,N,71,5,W,147,25842,S,CN,G,N,N,N,Y,Y,K,H,K, ,1,L,Y,Y,Y,N,Y,Y,Y,Y,Y, ,Y,Y, ,Y,Y, ,Y, ,Y,Y,Y,Y, , , ,Y, , ,N,Y,Y, , , , ,Y,Y, , , , , ,Y, ,Y, , ,C, ,M
-7976041.51533805,2027796.82539913,2002,11075,10950,CABO ROJO,DO,17.916667,-71.65,17,55,N,71,39,W,147,26210,V,OR,P,N,Y,N,Y,Y,K,N,K, ,1,L,N,Y,Y,N,Y,Y,Y,Y,Y,N,N, ,N,Y, , ,Y,Y,N, ,Y, , , , ,N, , ,N, , , , , , , ,Y, , , , , ,Y,N,N, , ,N, , 
-8076229.057052,5836615.46584879,2003,2210,1930,TROIS RIVIERES,CA,46.35,-72.55,46,21,N,72,33,W,145,14223,M,RN,G,N,N,Y,Y,Y,J,J,K,N,0,L,Y,Y,Y,N,Y,Y, ,Y,Y, ,Y,Y,Y, ,Y,Y,Y,Y,Y,Y,Y, , , , ,Y,Y, ,Y,Y,Y, ,Y, , ,Y,Y,N,N,Y, ,Y,Y,Y,Y,Y,Y,C, , 
-7475103.80676832,2088332.35653598,2004,11090,11080,AGUADILLA,PR,18.433333,-67.15,18,26,N,67,9,W,CP05,25671,V,OR,F,N,Y,N,Y, ,C,F,J,L,1,L, , ,Y,N,Y,Y,Y, , , ,Y,Y, , , , ,Y,Y,Y, , ,Y, , , ,Y, , ,Y, , , , , , , ,Y, , , , , , ,Y,Y, , , ,S, 
-7425010.03591135,2094200.20786211,2005,11100,11080,ARECIBO,PR,18.483333,-66.7,18,29,N,66,42,W,CP05,25668,V,CB,G, , , ,Y, ,M,G,M,P,1, , ,Y,N, , ,Y,Y, , , , , , , , , ,Y,Y,Y, ,Y,Y, , , ,Y, , ,Y, , , , , , , ,Y, , , , , ,Y,Y, , , , , , 
-8187548.54784527,5703230.15000693,2006,2235,1930,MONTREAL,CA,45.516667,-73.55,45,31,N,73,33,W,145,14206,L,RN,G,N,N,Y, ,Y,J,J,K,K,0,L,Y,Y,Y,Y,Y,Y,Y,Y,Y, ,Y,Y,Y, ,Y,Y,Y,Y,Y,Y,Y, ,Y, , ,Y,Y, ,Y,Y,Y,Y,Y,Y,Y,Y,Y,Y, , , ,Y,Y,Y,Y,Y,Y,A,M, 
-7360073.66628194,2092244.06747397,2007,11110,11080,SAN JUAN,PR,18.466667,-66.116667,18,28,N,66,7,W,CP05,25670,S,OR,E,Y,N,N,Y, ,K,J,L,N,0,L,Y,Y,Y,N,Y,Y,Y,Y,Y, ,Y,Y, ,Y,Y,Y,Y,Y,Y, ,Y,Y, , , ,Y,Y, ,Y,Y,Y,Y,Y,Y,Y,Y,Y,Y,Y, ,Y,Y,Y,Y,Y,Y,Y,A,S,S
-8241352.96839535,5684714.65721987,2008,2300,2270,VAUDREUIL,CA,45.4,-74.033333,45,24,N,74,2,W,SCOR,1510,V,RN,E, , ,Y, , ,P,P,P, ,0, , , , , , , , , , , , , , , , , , , , ,Y,Y, , , , , , , , , , , , , , , , , , , , , , , , , , , , , 
-7306269.24573186,2076601.76786829,2009,11160,11080,BAHIA DE FAJARDO,PR,18.333333,-65.633333,18,20,N,65,38,W,CP05,25667,V,CB,F,N,N,N, , ,N,N,P, ,1, ,Y, ,Y, ,Y,Y,Y, , , , ,Y,Y,Y, , ,Y,Y,Y, ,Y,Y, , , ,Y, , , , , , , , , , ,Y, , , , , ,Y, , , , ,C, , 
-8143020.75152796,-4453054.67886608,2010,14380,14070,LOTA,CL,-37.1,-73.15,37,6,S,73,9,W,125,22312,V,CN,P,N,N,N,Y,N,J,J,L, ,1,M,Y, , ,N,Y,Y,Y, , , ,N,Y, ,Y,Y,Y,Y,Y,Y,Y,Y, , , , ,Y, , ,N, , , , , , , , , , , , ,Y,Y,N,N, , ,C, ,S
-13323087.7231083,4031040.17187283,2011,16130,16000,PRISONERS,US,34.016667,-119.683333,34,1,N,119,41,W,CP07,18729,V,OR,P,N,Y,N,Y, ,O,O,N, ,3, , , ,Y, , , , , , , , , , , , , ,Y,Y, , , , , , , , , , , , , , , , , , , , , , , , , , , , , , , , 
-8246918.94293502,5695290.24714939,2012,2310,2270,OKA SUR LE LAC,CA,45.466667,-74.083333,45,28,N,74,5,W,SCOR,1510,V,RN,E, , ,Y, , ,P,P,P, ,0, , , , , , , , , , , , , , , , , , , , ,Y,Y, , , , , , , , , , , , , , , , , , , , , , , , , , , , , 
-13278559.926791,4066910.51684625,2013,16140,16000,VENTURA,US,34.283333,-119.283333,34,17,N,119,17,W,CP07,18725,V,OR,P,N,N,N,N, ,O,J,N, ,4,L, , , , , ,Y, , , , , , , , ,Y, , ,Y, , ,Y,Y, , , , , , , , , , , , , , ,N,N,N,Y,Y,Y,Y, ,Y, , , , , 
-8252484.91747468,5695290.24714939,2014,2320,2270,HUDSON,CA,45.466667,-74.133333,45,28,N,74,8,W,SCOR,1510,V,RN,E, , ,Y, , ,P,P,P, ,0, , , , , , , , , , , , , , , , , , , , ,Y,Y, , , , , , , , , , , , , , , , , , , , , , , , , , , , , 
-7306269.24573186,2064877.96150333,2015,11170,11080,ENSENADA HONDA,PR,18.233333,-65.633333,18,14,N,65,38,W,CP05,25664,M,CB,F,Y,Y,N,Y, ,L,K,K,K,0,L,Y,Y, , ,Y, , , ,Y, , ,Y,Y,Y, , , , , , ,Y, , , , ,Y,N,N,Y,Y,Y, , , , ,Y, , , , , ,Y,Y,Y, , , , , , 
-7651359.667191,5524956.81011068,2016,6860,6585,CASTINE,US,44.383333,-68.733333,44,23,N,68,44,W,CP01,13309,V,CN,G,Y,N,N,Y,N,H,E,L, ,10,M,Y,Y,Y,N,Y,Y, , , ,N,N,Y,N, ,Y, , , , , ,Y, , , , , , , ,N, , , , , , , , , , , , ,Y,Y, ,Y,Y,Y,C, ,S
-8259906.2168609,5705878.35184408,2017,2330,2270,ST PLACIDE,CA,45.533333,-74.2,45,32,N,74,12,W,SCOR,1510,V,RN,E, , ,Y, , ,P,P,Q, ,0, , , , , , , , , , , , , , , , , , , , , ,Y, , , , , , , , , , , , , , , , , , , , , , , , , , , , , 
-7319256.51965774,2057065.83704824,2018,11190,11080,PLAYA DE HUMACAO,PR,18.166667,-65.75,18,10,N,65,45,W,CP05,25665,V,OR,F,N,Y,N,N, ,J,M,O, ,0,M,Y, ,Y, ,Y,Y, , , , , ,Y,Y,Y, , ,Y, , , , ,Y, , , , , , , , , , , , , , , ,Y, ,Y,Y,Y,Y,Y, ,Y,Y,B, , 
-13304534.4746427,4080391.20475095,2019,16145,16000,CARPINTERIA,US,34.383333,-119.516667,34,23,N,119,31,W,CP07,18725,V,CN,P,N,N,N,N, , , , ,F,4,L, , , , , , , , , , , , , , , , , , , , , , , , , , , , , , , , , , , , , , , , , , , , , , , , , , 
-7328533.14389051,2043401.78733386,2020,11205,11080,PUERTO YABUCOA,PR,18.05,-65.833333,18,3,N,65,50,W,CP05,25661,V,OR,F, , , , ,Y,G,E,H,H,1,L,Y,Y, ,N,Y,Y,Y, , ,Y,Y, , ,Y, , ,Y,Y,Y, , , , , , ,Y,N, ,N, , , , , , , , , , ,Y, , ,Y,Y,Y, , ,N, , 
-7660636.29142378,5545748.80068163,2021,6870,6585,SANDYPOINT,US,44.516667,-68.816667,44,31,N,68,49,W,CP01,13309,V,RN,F,Y,N,N,Y,Y,O,O,L, ,11,M, , ,Y,N,Y,Y, , , ,N,N,Y,N, ,Y, , , , , ,Y, , , , , , , ,N, , , , , , , , , , , , , , ,Y,Y,Y,Y, , , 
-6404581.37030634,-4584135.76568303,2022,13780,13310,MAR DEL PLATA,AR,-38.033333,-57.533333,38,2,S,57,32,W,124,23142,S,CB,G,Y,Y,N,Y, ,M,H,J,M,1,L,Y, ,Y,N,Y,Y, ,Y,Y, ,Y,Y, , ,Y,Y,Y,Y,Y,Y,Y, , , , ,Y,Y, ,Y,Y,Y,Y, ,Y, ,Y,Y,Y,Y,Y,Y,Y,Y,Y,Y,Y,Y,C, ,M
-8274748.81563334,5711177.11097807,2023,2340,2270,ST ANDREWS EAST,CA,45.566667,-74.333333,45,34,N,74,20,W,SCOR,1510,V,RN,E, , ,Y, , ,P,P,P, ,0, , , , , , , , , , , , , , , , , , , , ,Y,Y, , , , , , , , , , , , , , , , , , , , , , , , , , , , , 
-7354507.69174227,2033647.30526609,2024,11230,11080,ARROYO,PR,17.966667,-66.066667,17,58,N,66,4,W,CP05,25689,S,OR,P,N,N,N,Y, ,L,M,P, ,1, , , , , , ,Y, ,Y,Y, , , , , , , , , , , , ,Y, , , ,Y, , , , , , , , , , , , , , , ,Y,Y,Y, , ,Y,C, , 
-13323087.7231083,4084888.34338976,2025,16150,16000,SANTA BARBARA,US,34.416667,-119.683333,34,25,N,119,41,W,CP07,18725,V,CB,F,N,N,N,N, ,O,J,N, ,4, , , , , , ,Y, , , , , , , , ,Y,Y,Y,Y,Y,Y,Y,Y, , , ,Y,Y, , , , , , , , , ,N,Y,N,Y,Y,Y,Y,Y,Y,Y,Y,C, , 
-8278459.46532644,5711177.11097807,2026,2350,2270,CARILLON,CA,45.566667,-74.366667,45,34,N,74,22,W,SCOR,1510,V,RN,E, , ,Y, ,Y,P,K,P, ,0, , , , , , , , , , , , , , , , , , , , , ,Y, , , , , , , , , , , , , , , , , , , , , , , , , , , , , 
-5413837.9022462,-3113064.2025715,2027,13020,12700,ITAJAI,BR,-26.916667,-48.633333,26,55,S,48,38,W,124,24131,M,RN,G,N,N,N,Y, ,K,K,H,N,1,L,Y,Y,Y,N,Y,Y,Y,Y,Y,N,Y,Y, ,Y,Y, ,Y, ,Y, ,Y, ,Y, , ,Y,Y, ,N, ,Y,Y, ,Y, ,Y,Y, , , , ,N,Y,N,N,Y,Y,B, , 
-7656925.64173067,5553558.05904002,2028,6880,6585,BUCKSPORT,US,44.566667,-68.783333,44,34,N,68,47,W,CP01,13309,V,RN,G,Y,N,N,Y,Y,K,O,K,K,11,M, , ,Y,N,Y,Y, , ,Y,N,Y,Y,N, ,Y, ,Y,Y,Y,Y,Y, , , , ,Y, , ,N, , , , , , , , , , , , ,Y,Y,Y,Y,Y,Y,C, ,S
-8289591.41440577,5713827.66965509,2029,2370,2270,CHUTE A BLONDEAU,CA,45.583333,-74.466667,45,35,N,74,28,W,SCOR,1511,V,RN,E, , ,Y, ,Y,P,P,P, ,0, , , , , , , , , , , , , , , , , , , , , ,Y, , , , , , , , , , , , , , , , , , , , , , , , , , , , , 
-7367494.96566816,2031696.9615955,2030,11240,11080,BAHIA DE JOBOS,PR,17.95,-66.183333,17,57,N,66,11,W,CP05,25687,V,CB,F,N,N,N,Y, ,O,N,L, ,1,L,Y,Y,Y,N,Y,Y,Y, , ,N,Y,Y,Y,Y, , ,Y,Y, ,Y,Y, , , , ,Y,Y, ,Y, , , , , , , ,Y, , , , , ,Y,N,N, , ,N, , 
-5430535.8258652,-3312159.85981844,2031,13050,12700,LAGUNA,BR,-28.5,-48.783333,28,30,S,48,47,W,124,24120,V,RN,F, , , ,Y, ,O,N,N, ,1, , , , , , ,Y,Y, ,Y, , ,Y, ,Y, , ,Y, ,Y,Y,Y,Y, , , ,Y, , , ,Y,Y, , , , ,Y, , , , , ,Y,Y, , , , ,C, ,S
-13349062.2709601,4087137.58486725,2032,16160,16000,ELLWOOD,US,34.433333,-119.916667,34,26,N,119,55,W,CP07,18721,V,OR,F,N,N,N,Y, ,J,L, ,E,4, , , , , , ,Y, , , , , , , , , , , , , , ,Y,Y, , , , , , , , , , , , , , , , , , , , , ,Y, , , , , , 
-7664346.94111688,5563980.85278592,2033,6890,6585,WINTERPORT,US,44.633333,-68.85,44,38,N,68,51,W,CP01,13309,V,RN,F,Y,N,N,Y,Y,O,M,M, ,12,M, , ,Y,N,Y, , , , ,N,N,Y,N, ,Y, , , , , ,Y, , , , , , , ,N, , , , , ,Y,Y, ,Y, , , ,Y,Y,Y,Y,Y,Y,C, ,S
-8304434.01317821,5721784.07042305,2034,2380,2270,GRENVILLE,CA,45.633333,-74.6,45,38,N,74,36,W,SCOR,1511,V,RN,E, , ,Y, , ,P,P,P, ,0, , , , , , , , , , , , , , , , , , , , , ,Y, , , , , , , , , , , , , , , , , , , , , , , , , , , , , 
-5580817.13843612,-3501407.67875222,2035,13055,12700,TRAMANDAI,BR,-29.983333,-50.133333,29,59,S,50,8,W,124,24110,S,OR,P,Y,Y,N,Y, ,C,C, ,C,1,L,Y,Y, ,N, ,Y,N,Y,Y,N,Y,Y, ,Y, ,Y,Y, , ,Y, ,Y,Y, , ,Y, , ,N,N,N,N,N,N,N,N,Y, , ,Y,Y,Y,N, , ,N,N,C, ,S
-7655070.31688411,5590090.34152731,2036,6900,6585,BANGOR,US,44.8,-68.766667,44,48,N,68,46,W,CP01,13309,S,RN,G,Y,N,Y,Y,Y,O,N,M,M,13,L,Y,Y,Y,N,Y,Y, , , ,N,Y,Y,N, ,Y, , , ,Y,Y,Y, , , , ,Y, , ,N, , , , , , , ,Y, , ,Y,Y,Y,Y,Y,Y,Y,Y,C, , 
-7365639.6408216,2031696.9615955,2037,11250,11080,LAS MAREAS,PR,17.95,-66.166667,17,57,N,66,10,W,CP05,25677,V,OR,P,N,N,N, , ,K,J, ,J,1,L, , ,Y,N,Y, ,Y, , , ,Y, , ,Y, , ,Y,Y, , ,Y, , , , ,Y, , ,Y, , , , , , , , , , , , , , ,Y, , , , , , 
-13380602.7933515,4091637.41398396,2038,16170,16000,GAVIOTA,US,34.466667,-120.2,34,28,N,120,12,W,CP07,18721,V,OR,F,N,N,N,Y, ,J,L,M,E,4, , , , , , , , , , , , , , , ,Y, , , , , ,Y,Y, , , ,N,Y, , , , , , , , , ,N,N,N,N,N,Y,Y,N,N,N,N, , , 
-8306289.33802476,5719131.14868524,2039,2390,2270,HAWKESBURY,CA,45.616667,-74.616667,45,37,N,74,37,W,SCOR,1511,V,RN,E, , ,Y, , ,P,P,P, ,0, , , , , , , , , , , , , , , , , , , , , ,Y, , , , , , , , , , , , , , , , , , , , , , , , , , , , , 
-7415733.41167857,2035597.83291786,2040,11260,11080,PLAYA DE PONCE,PR,17.983333,-66.616667,17,59,N,66,37,W,CP05,25683,M,CB,F,N,Y,N,Y, ,K,L,L, ,0, ,Y,Y,Y, , ,Y,Y, ,Y, ,Y,Y, , , , ,Y,Y, , ,Y, , , , ,Y,Y, ,Y, ,Y, ,Y, ,Y, ,Y,Y,N,N,N, ,Y,Y,Y,Y,Y,C, , 
-7671768.2405031,5535346.87226347,2041,6910,6585,SEARSPORT,US,44.45,-68.916667,44,27,N,68,55,W,CP01,13309,S,RN,G,Y,N,N,N,Y,K,K,H,J,10,L,Y, ,Y,N,Y, , , , ,N,Y,Y, , ,Y, , ,Y,Y,Y,Y, , , , ,Y, , ,N, , , , , , , ,Y, , , , ,Y,Y,Y,Y, , ,C, ,S
-7432431.33529757,2039499.44096419,2042,11270,11080,PLAYA DE GUAYANILLA,PR,18.016667,-66.766667,18,1,N,66,46,W,CP05,25681,M,CB,F,N, , ,Y, ,K,J, ,J,1,L,Y, ,Y,N,Y,Y,Y, , ,N,Y,Y,Y,Y, , ,Y,Y, , ,Y,Y, , , ,Y, , ,Y, , , , , , , ,Y, , , ,Y, ,Y, ,Y, ,Y,N,S, 
-8334119.21072308,5724437.7812337,2043,2400,2270,FASSETT,CA,45.65,-74.866667,45,39,N,74,52,W,SCOR,CA1511,V,RN,E, , ,Y, , ,P,P,P, ,0, , , , , , , , , , , , , , , , , , , , , ,Y, , , , , , , , , , , , , , , , , , , , , , , , , , , , , 
-5797890.145483,-3769875.69508189,2044,13060,12700,RIO GRANDE,BR,-32.05,-52.083333,32,3,S,52,5,W,124,24092,L,RN,G,N,N,N,Y, ,H,M,J,K,0,L, ,Y,Y,N,Y,Y,Y, ,Y, ,Y,Y,Y,Y,Y, ,Y, ,Y,Y,Y,Y, , , ,Y,Y, ,Y,Y,Y, , ,Y,Y, ,Y, , , , ,Y,Y,Y, , , ,C, ,M
-7681044.86473588,5530150.36047528,2045,6920,6585,BELFAST,US,44.416667,-69,44,25,N,69,0,W,CP01,13309,V,RN,F,Y,N,Y,Y,Y,O,L,O, ,10,M,Y, ,Y,N,Y,Y, , , ,N,Y,Y,N, ,Y, , , , ,Y,Y, , , , ,Y, , ,N, , , , , , , ,Y, , , , ,Y,Y,Y,Y,Y,Y,C, , 
-13430696.5642085,4182015.40636637,2046,16190,16000,PISMO BEACH,US,35.133333,-120.65,35,8,N,120,39,W,CP07,18700,V,OR,F,N,N,N,N, ,J,K,O, ,4, , , , , , ,Y, , , , , , , , , , , , , , ,Y,Y, , , , , , , , , , , , , , , , , , , , , , , , , , , , 
-7449129.25891656,2033647.30526609,2047,11280,11080,PLAYA DE GUANICA,PR,17.966667,-66.916667,17,58,N,66,55,W,CP05,25679,S,OR,G,N,N,N, ,Y,K,L,L, ,1,L,Y, ,Y,N,Y,Y,Y, , ,N,Y,Y,Y,Y, , ,Y,Y, , ,Y, , , , ,Y,N, ,Y,Y, , , , , ,Y,Y, ,N,N, , ,Y,Y,N, , ,C, , 
-8341540.5101093,5724437.7812337,2048,2420,2270,MONTEBELLO,CA,45.65,-74.933333,45,39,N,74,56,W,SCOR,CA1511,V,RN,E, , ,Y, , ,P,P,P, ,0, , , , , , , , , , , , , , , , , , , , , ,Y, , , , , , , , , , , , , , , , , , , , , , , , , , , , , 
-7688466.16412209,5499033.30049321,2049,6940,6585,CAMDEN,US,44.216667,-69.066667,44,13,N,69,4,W,CP01,13307,V,CN,F,Y,N,Y,Y,N,N,K,O, ,10,M,Y,Y,Y,N,Y,Y,Y, , ,N,N,Y,N, ,Y, , , , , ,Y, , , , ,Y, , ,N, , , , , , ,Y, ,Y, ,Y,Y,Y,Y,Y,Y,Y,Y,C, ,S
-5825720.01818132,-3734903.24234027,2050,13070,12700,PELOTAS,BR,-31.783333,-52.333333,31,47,S,52,20,W,124,24091,V,RN,G, , , ,Y,Y,N, ,N, ,1, , , , , ,Y,Y, , ,Y, ,Y,Y, ,Y, , ,Y, ,Y,Y,Y, , , , ,Y, , ,Y,Y,Y, , , , ,Y,Y, , , , , ,Y,Y,N, , ,C, ,S
-7475103.80676832,2060971.52570318,2051,11290,11080,MAYAGUEZ,PR,18.2,-67.15,18,12,N,67,9,W,CP05,25673,S,OR,E,Y,Y,N, , ,L,N,L, ,1,L,Y, ,Y,N,Y,Y,Y, ,N,N,N, , , , , ,Y,Y, , ,Y, , , , ,Y, , ,Y,Y, , , , , ,Y,Y, , , , , ,Y, , , , ,C, , 
-13441828.5132878,4186553.60804411,2052,16200,16000,PORT SAN LUIS,US,35.166667,-120.75,35,10,N,120,45,W,CP07,18704,V,CN,G,N,Y,N,N, , ,M,K,K,4,L, , ,Y,N,Y,Y, , , , , ,Y, , ,Y,Y,Y,Y,Y,Y,Y,Y, , , ,Y,N,N,Y, , ,Y, ,Y, , ,Y,Y,N,Y,Y,Y,Y,Y,Y,N,N,C, , 
-8350817.13434207,5719131.14868524,2053,2430,2270,PAPINEAUVILLE,CA,45.616667,-75.016667,45,37,N,75,1,W,SCOR,CA1511,V,RN,E, , ,Y, , ,P,P,P, ,0, , , , , , , , , , , , , , , , , , , , ,Y,Y, , , , , , , , , , , , , , , , , , , , , , , , , , , , , 
-7688466.16412209,5493857.411331,2054,6950,6585,ROCKPORT,US,44.183333,-69.066667,44,11,N,69,4,W,CP01,13307,V,CN,G,Y,N,N,Y,N,G,D,P, ,10,M,Y,Y,Y,N,Y,Y,Y, , ,N,N,Y,N, ,Y, , , , , ,Y, , , , ,Y, , ,N, , , , , , , , , , , ,Y,Y,Y,Y,Y,Y,Y,C, ,S
-5703268.57830872,-3507835.25269522,2055,13080,12700,PORTO ALEGRE,BR,-30.033333,-51.233333,30,2,S,51,14,W,124,24103,M,RN,E, ,N,N,Y,Y,N,M,N,N,1,L, ,Y,Y,Y,Y,Y,Y, ,Y, ,Y,Y, ,Y,Y,Y,Y, ,Y,Y,Y,Y, , , ,Y,N,N,Y,Y, , , ,N, ,Y,Y, , , , ,Y,Y,Y,Y, , ,C,S,S
-7692176.8138152,5480930.4774991,2056,6960,6585,ROCKLAND,US,44.1,-69.1,44,6,N,69,6,W,CP01,13307,V,CB,G,Y,N,N,Y,N,O,M,N,O,10,M,Y,Y,Y,N,Y,Y,Y, ,Y,N,N,Y,N, ,Y, , , ,Y,Y,Y, , , , ,Y, , ,N,Y, , , ,Y, , , , , , , ,Y,Y,Y,Y,Y,Y,C, ,L
-7228345.60217656,2078556.39380959,2057,11310,11305,CHARLOTTE AMALIE,VI,18.35,-64.933333,18,21,N,64,56,W,CP05,25649,S,OR,G,N,N,N,N,Y,K,N,L,O,0,L,Y,Y,Y, ,Y,Y,Y, , , ,Y,Y,Y,Y, , ,Y, ,Y, ,Y,Y, , , ,Y,Y, ,N,Y,Y, , ,Y,Y,Y,Y,Y,N,N, ,Y,Y,Y,Y,Y,Y,C,S,M
-8374936.35734728,5716479.01532683,2058,2460,2270,THURSO,CA,45.6,-75.233333,45,36,N,75,14,W,SCOR,CA1511,V,RN,E, , ,Y, , ,P,P,Q, ,0, , , , , , , , , , , , , , , , , , , , ,Y,Y, , , , , , , , , , , , , , , , , , , , , , , , , , , , , 
-6027950.42645576,-4116418.68120598,2059,13100,13090,LA PALOMA,UY,-34.65,-54.15,34,39,S,54,9,W,124,24060,V,CN,G, , , ,Y, ,O,N,N, ,0, , , , , ,Y,Y,Y, , , , ,Y, ,Y,Y,Y,Y, , ,Y, , , , , , , , , , ,Y, , , , ,Y, , , , , ,Y,Y, , , , , , , 
-13452960.4623671,4213821.99711229,2060,16210,16000,MORRO BAY,US,35.366667,-120.85,35,22,N,120,51,W,CP07,18703,V,CB,E,N,Y,N,Y, ,N,Q,N, ,3, , , , , ,Y,Y,Y, , , , , , , ,Y,Y,Y, , , ,Y,Y, , , ,Y,Y,N,N, , , , , , , ,N,Y,N,Y,Y, ,Y,Y,Y,Y,Y,C, , 
-7213503.00340413,2076601.76786829,2061,11320,11315,CRUZ BAY,VI,18.333333,-64.8,18,20,N,64,48,W,CP05,25647,S,CN,P, , , , , ,O,O,O, ,1, , , ,Y,Y,Y, , , , , , ,Y,Y,Y,Y, , ,Y, , , , , , , ,Y, , , , , , , , , , , , , , , ,Y,Y,Y,Y, , , , , 
-6009397.17799022,5991179.92465176,2062,1710,1680,ARGENTIA,CA,47.3,-53.983333,47,18,N,53,59,W,146,14351,M,CN,F,N,N,Y,Y,N,J,B,J,H,2,M,N,N,Y,N,Y,N,Y,N,Y,N,N,Y,N, ,Y,Y,Y,Y,Y, ,Y, , , , ,Y, , ,N,Y, , , , ,Y, ,Y, , , , ,Y,Y,Y,Y, , ,C,M, 
-6395304.74607357,-4087137.58486725,2063,13130,13090,PUERTO SAUCE,UY,-34.433333,-57.45,34,26,S,57,27,W,124,24055,V,OR,F, , , , , ,O,O,O, ,2, , , , ,N,N,Y,Y, , ,N,N,Y,Y, ,Y, , , , ,Y, , , , , ,Y,Y, , ,Y, , , , , ,Y, , , , , , , , , , , , , , 
-13567990.6028535,4385808.9076577,2064,16240,16000,MONTEREY,US,36.616667,-121.883333,36,37,N,121,53,W,CP07,18685,S,CN,G,N,Y,N,Y, ,N, ,M, ,4, , , , , , ,Y, , , , , ,Y, , ,Y,Y,Y,Y,Y,Y,Y,Y, , , ,Y,N,N,N, , , , , , , ,N,Y,N,Y,Y,Y,Y, ,Y,Y,Y,C, ,S
-8382357.6567335,5708527.33860456,2065,2470,2270,ROCKLAND,CA,45.55,-75.3,45,33,N,75,18,W,SCOR,CA1511,V,RN,E, , ,Y, , ,P,P,Q, ,0, , , , , , , , , , , , , , , , , , , , , ,Y, , , , , , , , , , , , , , , , , , , , , , , , , , , , , 
-7716296.03682041,5429404.0304396,2066,6970,6585,MONHEGAN,US,43.766667,-69.316667,43,46,N,69,19,W,CP01,13301,V,CN,P,Y,N,N,Y,N,O,O,O, ,9,M,N, ,Y,N,Y,N,Y, , ,N,N,Y,N, ,Y, , , , , ,Y, , , , , , , ,N, , , , , , , , , , , , ,Y, , , , , , , , 
-7222779.6276369,2004411.35655585,2067,11330,11325,FREDERIKSTED,VI,17.716667,-64.883333,17,43,N,64,53,W,CP05,25644,S,OR,P, , , , , ,J,L,K,F,0,L,N, ,Y, ,Y,Y,Y,Y,Y,N,N,Y, , , , ,Y, ,Y, ,Y,N, , , ,Y,Y, ,N, ,Y, , , , ,Y,Y,Y, , , ,Y,Y,Y, , , ,C, , 
-13556858.6537742,4411265.91026269,2068,16260,16000,MOSS LANDING,US,36.8,-121.783333,36,48,N,121,47,W,CP07,18685,V,CN,G,N,N,N,N, ,O,L,O,H,4, ,Y,Y, , , ,Y, , , , , , , , ,Y, , , , , ,Y,Y, , , ,N,N,N,N, , , , , , , ,N,Y,N,Y,Y,Y,Y, ,Y,Y,Y, , ,S
-6701433.34575507,7449696.34934758,2069,1290,1230,HOPEDALE HARBOR,CA,55.45,-60.2,55,27,N,60,12,W,146,15083,V,CN,F,N,N,Y,Y, ,M,D,N, ,4,M,Y,N,N,N,N,N,N,Y,Y,N,N,Y,N, , , , ,Y,Y, ,Y,Y, , , ,Y, , ,N, , , , , , , , , , , , ,N,Y,N,N, , , , , 
-6491781.6380944,-3910799.77039279,2070,13160,13090,FRAY BENTOS,UY,-33.116667,-58.316667,33,7,S,58,19,W,124,UK3549,V,RN,G, , , ,Y,Y,N,M,O, ,1,M, , , ,N,Y,Y,Y, ,Y, ,N,Y, ,Y,Y,Y,Y, ,Y,Y,Y,Y, , , ,Y,Y, ,Y,Y, , , , , ,Y,Y, , , , ,Y,Y,N,N, , ,C, ,S
-7708874.7374342,5452555.20153171,2071,6980,6585,PORT CLYDE,US,43.916667,-69.25,43,55,N,69,15,W,CP01,13301,V,CN,G,Y,N,Y,Y,N,O,K,N, ,9,M,Y,Y,N,N,Y,N,Y, , ,N,N,Y,N, ,Y, , , , , ,Y, , , , , , , ,N, , , , , , , , , , , , ,Y,Y, ,Y,Y,Y,C, ,L
-7207937.02886446,2002463.74868734,2072,11335,11325,LIMETREE BAY,VI,17.7,-64.75,17,42,N,64,45,W,CP05,25641,V,OR,F, , , ,Y,N,H, ,N,K,1,L,N,Y, , ,Y,Y,Y,Y,Y, ,Y,Y, ,Y,Y,Y,Y,Y,Y, ,Y, , , , ,Y,Y, ,Y, , , , , , , ,Y, , , , ,Y,Y,Y, , , ,D, , 
-6502913.58717373,7204954.17536439,2073,1310,1230,RIGOLET,CA,54.183333,-58.416667,54,11,N,58,25,W,146,15069,V,CN,F,N,N,Y,Y, ,K,H,N, ,1,M,N, ,N,N,Y,N,Y, , ,N,N,Y,N, , , , ,Y, , ,Y, , , , , , , ,N, , , , , , , , , , , , , , , , , , , , , 
-13582833.2016259,4434461.56835045,2074,16270,16000,SANTA CRUZ,US,36.966667,-122.016667,36,58,N,122,1,W,CP07,18685,V,CN,F,N,Y,N,Y,Y,P,L,L, ,4, , ,Y, , , ,Y, , , , , , , , ,Y, , , , , , , , , , ,Y,Y, , , ,Y, , , ,Y, ,N,Y,N,Y,Y,Y,Y,N,Y,N,N, , , 
-7202371.0543248,2008307.11547566,2075,11340,11325,CHRISTIANSTED,VI,17.75,-64.7,17,45,N,64,42,W,CP05,25645,V,CN,F, , , ,Y, ,O,P,N, ,1,M, ,Y,Y, ,Y,Y,Y,Y,Y, ,Y, , ,Y, , ,Y, ,Y, ,Y, , , , ,Y,Y, ,N, ,Y, , , , ,Y,Y, , , , , ,Y,Y, ,Y,Y,C, ,S
-6463951.76539609,-3804950.20430192,2076,13170,13090,PAYSANDU,UY,-32.316667,-58.066667,32,19,S,58,4,W,124,24052,S,RN,G, , , ,Y, ,O, ,M, ,1,M, , , ,N,Y,Y, , , , ,N, , , ,Y,Y,Y, ,Y,Y,Y, , , , ,Y, , ,N,Y, , , , , ,Y, , , , , ,Y,Y,N,N, , ,C, , 
-6348921.6249097,7113543.37942064,2077,1350,1230,CARTWRIGHT HARBOR,CA,53.7,-57.033333,53,42,N,57,2,W,146,15064,S,CN,F,N,N,Y,Y, ,A,A,N, ,4,M,Y, ,N,N,N,N,Y, ,Y,N,N,Y,N, , , ,Y,Y,Y, , , , , , ,Y,N, ,N,Y, , , , , ,Y, , , , , ,Y,Y, , , , ,C, ,S
-7701453.43804798,5475764.80634805,2078,6990,6585,THOMASTON,US,44.066667,-69.183333,44,4,N,69,11,W,CP01,13301,V,RN,G,Y,N,Y,Y,Y,N,N,O, ,9,M, , ,N,N,N,N,Y, , ,N,N,Y,N, ,Y, ,Y,Y, ,Y,Y, , , , ,Y, , ,N, , , , , , , , , , , ,Y,Y,Y, ,Y,Y,Y,B, ,S
-7193094.43009203,2086376.78558147,2079,11350,11345,ROAD HARBOR,VG,18.416667,-64.616667,18,25,N,64,37,W,147,25611,M,CN,G,N,Y,N,Y,Y,M,B,K,L,1,L,N,Y,Y, ,Y,Y,Y, , , ,N,Y,Y, , , ,Y, ,Y, ,Y,Y, , , ,Y,Y, ,N, ,Y, , , , ,Y, , , , , ,Y,Y,Y, , , ,C, ,S
-6738539.84268616,-3726175.91746554,2080,13570,13310,PARANA,AR,-31.716667,-60.533333,31,43,S,60,32,W,124,24052,V,RN,E, , , ,Y, ,O, ,O, ,0, , , , , , , ,Y, ,Y, ,Y, , , ,Y,Y,Y,Y,Y,Y,Y, , , , ,Y,Y, , ,Y, , , , , ,Y,Y,Y,N,Y,Y,Y,Y,Y,Y,Y,Y,C, ,S
-7022404.54420901,2045353.23789015,2081,11360,11355,BAIE DU MARIGOT,FR,18.066667,-63.083333,18,4,N,63,5,W,147,25608,V,OR,G,N,N,N,Y,N,M,M,N, ,2,M,Y, ,Y,Y,Y, , , , , , , , , , , ,Y, ,Y, , ,Y, , , ,Y, , ,N, , , , , , , , , , , , , , , , , , , , , 
-13603241.774938,4441430.16033216,2082,16280,16000,DAVENPORT,US,37.016667,-122.2,37,1,N,122,12,W,CP07,18680,V,OR,P,N,N,N,N, , ,J,G,G,4, , , , , , ,Y, , , , , , , , , , , , , , ,Y, , , , , , , , , , , , , , , , , , , , , , ,Y, , , , , , 
-6207916.93657156,7057332.57100439,2083,1370,1230,BATEAU HARBOR,CA,53.4,-55.766667,53,24,N,55,46,W,146,15046,V,CN,F,N,N,Y,Y, ,M,M,P, ,0,M, , ,N,N,N,N, , , ,N,N,Y,N, , , , , , , ,Y, , , , , , , ,N, , , , , , , , , , , , , , , , , , , , , 
-7718151.36166697,5460285.22142306,2084,7000,6585,FRIENDSHIP,US,43.966667,-69.333333,43,58,N,69,20,W,CP01,13301,V,CN,G,Y,N,Y,Y,N,M,L,O, ,9,M, , ,N,N,N,N, , , ,N,N,Y,Y, ,Y, , , , , ,Y, , , , , , , ,N, , , , , , , , , , , , ,Y,Y, ,Y,Y,Y,C, ,S
-6751527.11661204,-3772064.84792635,2085,13580,13310,DIAMANTE,AR,-32.066667,-60.65,32,4,S,60,39,W,124,24052,V,RN,E, , , , ,N,M, ,M, ,0,L, , , ,N,Y,N,Y, , ,N,N,Y, , ,Y,Y,Y,Y,Y,Y,Y, , , , ,Y,Y, , ,Y, , , , , ,Y,Y, , , , ,Y,Y,Y,N, , ,C, , 
-6187508.36325946,6848486.57258366,2086,1390,1230,BATTLE HARBOR,CA,52.266667,-55.583333,52,16,N,55,35,W,146,15043,V,CN,P,N,N,Y,Y, ,K, ,O, ,1,M, , ,N,N,N,N,Y,Y,N,N,N,Y,N, , , ,Y, , , ,Y, , , , , , , ,N, , , , , , , , , , , , ,Y, , ,Y, , , , , 
-6996429.99635724,2025847.0324742,2087,11380,11375,GUSTAVIA,GP,17.9,-62.85,17,54,N,62,51,W,147,25608,V,CN,E,N,N,N,Y,N,J,L,N, ,0,M,Y,Y,Y,N,Y,Y,Y, ,Y,N,Y,Y, ,Y,Y, ,Y, ,Y, ,Y,Y,Y, , ,Y,Y, , ,N,N,N, , , , ,Y, , , , , ,Y, , , , ,N, , 
-13874119.202535,6090234.49270567,2088,17090,16000,LA PUSH,US,47.9,-124.633333,47,54,N,124,38,W,CP07,18480,V,RN,G,N,N,N,Y,Y,P, ,P, ,6, , , , , , , , , , , , , , , ,Y, , ,Y, , ,Y, , , , ,N,Y, , , , , , , , , ,N,N,N,N,Y,Y,Y,Y,Y,Y,Y, , , 
-11124527.7799411,1903371.12350001,2089,15760,15700,ACAPULCO,MX,16.85,-99.933333,16,51,N,99,56,W,153,21401,M,CN,E, , , ,Y, , ,A,J,N,0,L,Y, ,Y,N,Y,Y,Y, , ,N,N,Y, ,Y, , ,Y,Y,Y,Y,Y,Y, , , ,Y,Y, ,N,Y, , , , , ,Y,Y,Y,N,N,N,Y,Y, ,Y, , ,C, ,S
-7734849.28528596,5444831.67424156,2090,7010,6585,NEW HARBOR,US,43.866667,-69.483333,43,52,N,69,29,W,CP01,13301,V,CN,F,Y,N,N,N,N,M,M,P, ,9, , , ,N,N,N,N,Y, , ,N,N,Y,Y, ,Y, , , , , ,Y, , , , , , , ,N, , , , , , , , , , , , ,Y,Y, ,Y,Y,Y,C, , 
-6760803.74084482,-3857756.30712425,2091,13600,13310,PUERTO SAN MARTIN,AR,-32.716667,-60.733333,32,43,S,60,44,W,124,24052,V,RN,E,N,N,N,Y,N,N, ,O,K,0,L, , ,Y,N,Y,Y,Y, , , ,Y, , , ,Y, , , ,Y,Y,Y, , , , ,Y,N, , , , ,Y, , , , ,Y, , , , ,Y,Y,Y,Y, , ,C, ,S
-13872263.8776884,6168073.33305925,2092,17100,16000,NEAH BAY,US,48.366667,-124.616667,48,22,N,124,37,W,CP07,18484,V,CB,G,N,N,N, , ,N,M,N, ,6, ,Y, ,Y, , ,Y, , , , , , , , ,Y, , ,Y, , ,Y,Y, , , , , , , , , , , , , , ,N,N,N,N,N,Y,Y, ,Y,Y,Y, , ,S
-7011272.59512968,1977161.22676439,2093,11390,11385,ORANJESTAD,BQ,17.483333,-62.983333,17,29,N,62,59,W,147,25607,S,OR,F,N,Y,N,Y,N,L,E,O,D,1,L,Y,Y, ,N,Y,Y,Y, ,Y, ,Y,Y, , ,Y,Y,Y,Y,Y, ,Y,Y, , , ,Y, , ,Y,Y, , , ,Y, , , , , , , ,Y,N,Y,Y, , ,C, , 
-6187508.36325946,6686410.89952602,2094,1420,1410,ST ANTHONY HARBOR,CA,51.366667,-55.583333,51,22,N,55,35,W,146,14402,S,CN,G,N,N,Y,Y,N,E,J,N,N,1,M,Y, ,Y,N,N,N,Y, , ,N,N,Y,N, , ,Y,Y, , , ,Y,Y,Y, , ,Y, , ,N, , , , , , , , , , , , ,Y,Y, , , , ,C, ,M
-7740415.25982562,5444831.67424156,2095,7020,6585,PEMAQUID BEACH,US,43.866667,-69.533333,43,52,N,69,32,W,CP01,13293,V,CN,F,Y,N,N,Y,N,H,J,P, ,9,M,Y, ,N,N,N,N, , , ,N,N,Y,Y, ,Y, , , , , ,Y, , , , , , , ,N, , , , , , , , , , , , ,Y,Y,Y,Y,Y,Y, , , 
-6248734.08319576,6597742.40254476,2096,1431,1410,RODDICKTON,CA,50.866667,-56.133333,50,52,N,56,8,W,146,14404,S,CN,F,N,N,Y,Y,N,A,B,M, ,0, ,Y, ,N,N,N,N,Y, , ,N,N,Y,N, , , , , , , ,Y,Y, , , ,Y, , ,N, , , , , , , , ,Y, , , ,Y,Y,Y,Y, , ,N, , 
-6716275.94452751,-3926316.17321136,2097,13640,13310,VILLA CONSTITUCION,AR,-33.233333,-60.333333,33,14,S,60,20,W,124,24052,V,RN,E,N,N,N,Y, ,M, ,N, ,0,L, , , ,N,Y,Y,Y, , , ,Y,Y,Y,Y,Y,Y,Y,Y, ,Y,Y, , , , ,Y, , , ,Y, ,Y, , , ,Y,Y, , , , ,Y,Y,N,N, , ,C, , 
-7742270.58467218,5444831.67424156,2098,7030,6585,SOUTH BRISTOL,US,43.866667,-69.55,43,52,N,69,33,W,CP01,13293,V,CN,F,Y,N,N,Y,N,N,H,O, ,9,M, , ,N,N,N,N, , , ,N,N,Y,Y, ,Y, , , , , ,Y, , , , , , , ,N, , , , , , , , , , , ,Y,Y,Y, ,Y,Y,Y,C, ,S
-6302538.50374584,6408837.20058448,2099,1460,1410,WESTPORT COVE,CA,49.783333,-56.616667,49,47,N,56,37,W,146,14380,V,CN,P,N,N,Y,Y,Y,A,C,N, ,3,M, , ,N,N,N,N,Y, , ,N,N,Y,N, , , , , , , ,Y,N, , , , , , ,N, , , , , , , , , , , , , , , , , , , , , 
-6705143.99544818,-3939632.43008147,2100,13650,13310,SAN NICOLAS,AR,-33.333333,-60.233333,33,20,S,60,14,W,124,24052,V,RN,E,N,N,N,N,Y,K,K,K,K,0,L, , , ,N,Y,Y,Y, , ,N,Y,Y,Y,Y,Y,Y,Y,Y, ,Y,Y,Y, , , ,Y,Y, ,Y,Y,Y, ,Y, ,Y,Y, ,Y, , , ,Y,Y,Y,Y, , ,C, , 
-7745981.23436529,5444831.67424156,2101,7040,6585,BOOTHBAY HARBOR,US,43.866667,-69.583333,43,52,N,69,35,W,CP01,13293,V,CN,F,Y,N,Y,Y,N,N,H,O, ,9,M, , ,N,N,N,N,N, , ,N,Y,Y,Y, ,Y, , , , , ,Y, , , , , , , ,N, ,Y, , , , ,Y, , , , , ,Y,Y, ,Y,Y,Y,B, ,S
-6681024.77244297,-3959635.51684606,2102,13660,13310,RAMALLO,AR,-33.483333,-60.016667,33,29,S,60,1,W,124,24052,V,RN,E,N,N,N,Y, ,M, ,M, ,0, , , , ,N,Y, ,N, , ,N,N, , , ,Y,Y,Y,N, , ,Y, , , , ,Y,Y, , , , , , , , , , , , , , ,Y,Y,N,N, , ,N, , 
-7762679.15798428,5442258.60504521,2103,7070,6585,ROBINHOOD,US,43.85,-69.733333,43,51,N,69,44,W,CP01,13296,V,RN,G,Y,N,N,Y,N,H,C,P, ,9,M,Y, ,N,N,N,N,N, , ,N,Y,Y,Y, ,Y, , , , , ,Y, , , , , , , ,N,Y, , , , ,Y,Y, , , , ,Y,Y,Y,Y,Y,Y,Y,B,S,S
-6571560.60649625,-4039997.15302555,2104,13700,13310,ZARATE,AR,-34.083333,-59.033333,34,5,S,59,2,W,124,24052,S,RN,G,N,N,N,Y,Y,K,K,K,L,0,L, , , ,N,Y,Y,Y, , ,N,Y,Y,Y,Y,Y,Y,Y,Y,Y,Y,Y, , , , ,Y,N, , ,Y,Y, , , , ,Y,Y, , , , ,Y,Y,N,N, , ,C, , 
-7771955.78221705,5452555.20153171,2105,7080,6585,BATH,US,43.916667,-69.816667,43,55,N,69,49,W,CP01,13296,S,RN,G,Y,N,N,Y,N,L,L,L, ,6,M, , ,N,N,N,Y, , ,Y,N,Y,Y,Y, ,Y, , , ,Y,Y,Y, , , , ,Y, , ,N,Y,Y,Y,Y, , , , , , ,Y,Y,Y,Y,Y,Y,Y,Y,A,M,S
-6564139.30711003,-4048961.18870881,2106,13710,13310,CAMPANA,AR,-34.15,-58.966667,34,9,S,58,58,W,124,24052,S,RN,G,Y,N,N,Y, ,O,J,L,K,0,L,Y,Y, ,N,Y,Y, , , ,Y,Y,Y,Y,Y,Y,Y,Y,Y, ,Y,Y, , , , ,Y,N, ,N,Y,Y, , , , ,Y,Y, , , , ,Y,Y,Y,Y, , ,C, , 
-8232076.34416258,5116146.29455727,2107,7670,6585,POUGHKEEPSIE,US,41.7,-73.95,41,42,N,73,57,W,CP02,12347,V,RN,G,N,N,N,Y, ,M,J,M, ,3,M, , ,N,N,N,Y, , , , ,Y,Y,Y, ,Y, , , , ,Y,Y, , , , ,Y, , ,N, , , , , , , , , , , , ,Y,Y,Y,Y,Y,Y,C, , 
-11373141.3093794,2029746.80170638,2108,15765,15700,LAZARO CARDENAS,MX,17.933333,-102.166667,17,56,N,102,10,W,153,21384,S,RB,G, ,Y, , ,Y,K,A,H,G,0,L,Y,Y,N,N,Y,Y,Y, , ,N,Y,Y,N, ,Y,Y, , , ,Y,Y,Y, , , ,Y,Y, ,N, ,Y, , , ,Y, ,Y, , , , , ,Y,Y,Y,N,N,C, ,M
-13837012.7056039,6151333.88324155,2109,17110,16000,SEKIU,US,48.266667,-124.3,48,16,N,124,18,W,CP07,18460,V,CN,F,Y,N,N,Y, ,M, ,O, ,0, , , , , , , , , , , , , , , , , , , , , ,Y, , , , , , , , , , , , , , , , , , , , , ,Y, , , , , , , 
-8233931.66900914,5150998.32598283,2110,7680,6585,KINGSTON,US,41.933333,-73.966667,41,56,N,73,58,W,CP02,12347,S,RN,G,N,N,N,Y,Y,O,J,N, ,4,M, , ,N,N,N,Y, , , , ,Y,Y,Y, ,Y, , , , ,Y,Y, , , , ,Y, , ,N, , , , , , , , , , , , ,Y,Y,Y,Y,Y,Y,B, ,M
-11612478.214585,2160823.49021837,2111,15770,15700,MANZANILLO,MX,19.05,-104.316667,19,3,N,104,19,W,153,21342,M,CB,G,N,N,N,N,N,F,F,G,H,1,L,Y,Y,Y,N,Y,Y,Y, ,Y, ,Y,Y,Y,Y,Y,Y,Y,Y,Y,Y,Y,Y, , , ,Y,Y, ,N,Y,Y, ,Y,Y, ,Y,Y,Y,N,Y,Y,Y,Y,Y,Y,N,N,B,S,M
-6460241.11570298,-3684806.44242203,2112,13720,13310,CONCORDIA,AR,-31.4,-58.033333,31,24,S,58,2,W,124,24052,V,RN,E,Y,N,N,Y, ,O, ,P, ,0, , , , , ,Y,Y,Y, , , , , , , ,Y,Y, , , ,Y,Y, , , , ,Y, , , , , , , , , , , , , , , ,Y,Y,Y,Y, , , , , 
-13740535.8135831,6126286.00423495,2113,17120,16000,PORT ANGELES,US,48.116667,-123.433333,48,7,N,123,26,W,CP07,18468,S,CN,G,N,N,N, , ,D,H,G, ,4, ,Y,Y,Y,N,Y,Y, , ,Y, ,Y,Y, , ,Y,Y,Y,Y,Y,Y,Y,Y, , , ,Y,N, ,N, ,Y, , , , ,Y,Y,Y,N,Y,Y,Y,Y,Y,Y,Y,Y,C, ,S
-7766389.80767739,5501622.34381059,2114,7100,6585,GARDINER,US,44.233333,-69.766667,44,14,N,69,46,W,CP01,13298,V,RN,G,N,N,Y,Y,Y,O,O,O, ,5,M, , ,N,N,N,Y, , , ,N,N,Y,Y, ,Y, , , , , ,Y, , , , , , , ,N, , , , , , , , , , , , ,Y, , , , , , , , 
-6471373.0647823,-3791785.21752748,2115,13730,13310,COLON,AR,-32.216667,-58.133333,32,13,S,58,8,W,124,24052,V,RN,E,Y,N,N,Y, ,O, ,L, ,0, , , , , ,Y,Y,Y, ,Y,Y, , , , ,Y,Y, , ,Y,Y,Y, , , , ,Y, , , ,Y, , , , , ,Y, , , , , ,Y,Y, ,Y, , ,C, , 
-7766389.80767739,5514578.57314597,2116,7120,6585,AUGUSTA,US,44.316667,-69.766667,44,19,N,69,46,W,CP01,13298,V,RN,G,N,N,Y,Y,Y,P,P,Q, ,4,M, , ,N,N,N,Y, , , ,N,N,Y,Y, ,Y, , , , , ,Y, , , , ,Y, , ,N, , , , , , , , , , , , ,Y, ,Y,Y,Y, ,C, ,S
-8220944.39508325,5193490.51775485,2117,7690,6585,CATSKILL,US,42.216667,-73.85,42,13,N,73,51,W,CP02,12347,V,RN,G,N,N,N,Y,Y,P,J,N, ,4,M, , ,N,N,N,Y, , , , ,Y,Y,Y, ,Y, , , , ,Y,Y, , , , ,Y, , ,N, , , , , , , , , , , ,Y,Y,Y,Y,Y,Y,Y,A,S, 
-9048419.27664659,-495870.515510415,2118,15200,14830,CALETA LOBITOS,PE,-4.45,-81.283333,4,27,S,81,17,W,125,22121/6,V,OR,P,Y,Y,N,Y,N,H,E,M,K,1, , , ,N,N,Y,Y, ,Y, , ,Y,Y,Y,Y,Y,Y, , , , ,Y,Y, , , ,Y,N, ,N,Y,Y, , , , ,Y,Y,Y, , , , ,Y, , , , ,C, ,S
-13664467.4948743,6126286.00423495,2119,17160,16000,PORT TOWNSEND,US,48.116667,-122.75,48,7,N,122,45,W,CP07,18464,S,CN,G,N,N,N, , ,P,G,N, ,5, , , ,Y, , ,Y,Y, , , , ,Y, , ,Y,Y,Y,Y,Y,Y,Y,Y, , , ,Y,Y, , , ,Y, , , , ,Y,Y,Y,N,Y,Y,Y,Y,Y,Y,Y,Y,C, , 
-6443543.19208399,-4141254.81298622,2120,13770,13310,LA PLATA,AR,-34.833333,-57.883333,34,50,S,57,53,W,124,24052,M,RB,E,N,N,N,Y,Y,L,L,M,L,1,L,N,Y, ,N,Y,Y,Y, ,Y, ,Y,Y,Y,Y,Y,Y,Y,Y, ,Y,Y,Y, , , ,Y,Y, ,Y,Y,Y, ,Y, ,Y,Y,Y,Y,Y,Y,Y,Y,Y,Y,Y,Y,Y,B,M, 
-7781232.40644982,5431973.5112379,2121,7130,6585,CUNDY HARBOR,US,43.783333,-69.9,43,47,N,69,54,W,CP01,13290,V,CN,F,Y,N,Y,N, ,O,M,P, ,9,M,Y, ,N,N,N, ,Y, , ,N,N,Y,Y, ,Y, , , , , ,Y, , , , , , , ,N, , , , , , , , , , , , ,Y,Y, ,Y, , ,C, ,S
-9176436.69105885,5311971.84694547,2122,4350,4300,PORT HURON,US,43,-82.433333,43,0,N,82,26,W,CP06,14852,V,RN,E,N,N,Y,Y,Y,M,L,M,L,0,L,Y,N,Y,N,Y,Y, , , ,N,Y,Y,Y, , , ,Y,Y,Y,Y,Y, , , , ,Y, , ,N, ,Y, , , ,Y,Y,Y,Y,Y,Y,Y,Y,Y,Y,Y,Y,Y,C, , 
-5818298.7187951,540545.450456068,2123,12455,12440,DEGRAD DES CANNES,GF,4.85,-52.266667,4,51,N,52,16,W,124,24355,V,RN,F,Y, , ,Y,Y,O,L,N, ,2,L, ,Y,Y,N,Y,Y,Y, , , ,N, , ,Y,Y,Y,Y,Y, , ,Y, , , , ,Y, , ,N, ,Y, , ,Y, , ,Y, , , , , ,Y,Y,Y, , ,C, , 
-7794219.6803757,5424267.21570873,2124,7140,6585,SOUTH HARPSWELL,US,43.733333,-70.016667,43,44,N,70,1,W,CP01,13290,V,CN,F,N,N,N,Y, ,O,H,P, ,9,M, , ,N,N,N, ,Y, , ,N,N,Y,Y, ,Y, , , , , ,Y, , , , , , , ,N, , , , , , , , , , , , ,Y,Y,Y,Y,Y,Y, , , 
-5697702.60376905,-5565.97524611888,2125,12485,12470,PORTO SANTANA,BR,-0.05,-51.183333,0,3,S,51,11,W,124,24311/9,V,RN,G,N,N,N,Y, ,K,B,K,M,3,L,Y,Y,Y,N,Y,Y,Y, , ,N,N,Y, , , , ,Y,Y,Y,Y,Y, , , , ,Y, , ,N, ,Y, ,Y,Y, , , ,Y, , , , ,Y, , , , ,C, , 
-9200555.91406406,5442258.60504521,2126,4370,4300,HARBOR BEACH,US,43.85,-82.65,43,51,N,82,39,W,CP06,14862,V,CB,G,N,N,Y,Y,Y,M,M,O, ,0,M,Y,Y,Y,N,N,Y, , , ,N,N,Y,Y, , , , , , , ,Y, , , , ,Y, , ,N, , , , , , , , , , , , ,Y, , , , , , , , 
-7820194.22822747,5414002.15648514,2127,7150,6585,PORTLAND,US,43.666667,-70.25,43,40,N,70,15,W,CP01,13292,M,CN,E,Y,N,N,N,Y,K,G,J,G,9,L,Y,Y,Y,N,Y,Y, , , ,Y,Y,Y,Y, ,Y,Y,Y,Y,Y,Y,Y, , , , ,Y,Y, ,Y,Y,Y,Y,Y, , , ,Y,Y, ,Y,Y,Y,Y,Y,Y,Y,Y,A,M,M
-9180147.34075196,5284108.14638928,2128,3670,3640,COURTRIGHT,CA,42.816667,-82.466667,42,49,N,82,28,W,C304,14852,V,RN,E,N,N,Y,N,N,M,M,O, ,0,M,N,N,N,N,N,Y, , , ,N,N,N,N, , , , ,N,N,Y,Y, , , , ,N, , ,N, , , , , , , , , , , , ,N,Y,N,N,N,N,N, , 
-13668178.1445674,6120729.74639001,2129,17170,16000,GLEN COVE,US,48.083333,-122.783333,48,5,N,122,47,W,CP07,18464,V,CN,G,N,N,N, , , , ,L, ,5, , , , , , , ,Y, , , , , , , , , , , , , ,Y,Y, , , , , , , , , , , , , , , , , , , ,Y,Y, , , , , , , 
-8209812.44600393,5258849.10939568,2130,7720,6585,ALBANY,US,42.65,-73.75,42,39,N,73,45,W,CP02,12348,M,RN,G,Y,N,N,Y,Y,K,J,L,L,5,L,Y,Y,Y,Y, ,Y, , , , ,Y,Y,Y, ,Y,Y,Y,Y,Y,Y,Y,Y, , , ,Y, , ,N,Y, , ,Y, , , ,Y,Y, ,Y,Y,Y,Y,Y,Y,Y,Y,C, , 
-9042853.30210692,-473542.285488955,2131,15210,14830,PUERTO CABO BLANCO,PE,-4.25,-81.233333,4,15,S,81,14,W,125,22121,V,OR,P,N,N,N,Y,N, ,F, ,G,1,L,Y, , , ,Y,Y, , , , ,Y,Y,Y, ,Y,Y,Y, , ,Y,Y,Y, , , ,Y,N, ,N, ,Y, ,Y, , , , , ,Y, ,Y, ,Y,Y, , , , ,M, 
-8569745.46623551,5352649.71721306,2132,3190,3120,SODUS BAY,US,43.266667,-76.983333,43,16,N,76,59,W,CP06,14814,V,CN,E,N,N,Y,N, ,O,O,O, ,0, ,Y, ,N, ,N,Y, , , ,N, ,Y,Y, ,Y, , , , ,Y,Y, , , , , , , ,N, , ,Y, ,Y, , , ,Y, , ,Y, ,Y,Y,Y,Y,Y,C, , 
-13707139.9663451,6010351.85960535,2133,17190,16000,HOODSPORT,US,47.416667,-123.133333,47,25,N,123,8,W,CP07,18476,V,CN,E,N,N,N, , , , ,M, ,0, , , , , , , ,Y, , , , , , , ,Y, , , , , ,Y, , , , , , , , , , , , , , , , , , , , ,Y,Y, ,Y, , , , , 
-8209812.44600393,5258849.10939568,2134,7730,6585,RENSSELAER,US,42.65,-73.75,42,39,N,73,45,W,CP02,12348,V,RN,G,N,N,N,Y,Y,N,J,L,K,5,M, , ,N,N,N,Y, , , , ,Y,Y,Y, ,Y, , , ,Y,Y,Y, , , , ,Y, , ,N, , , , , , , , , , , , , , , , , , , , , 
-8905559.26346189,-363840.840579566,2135,15250,15240,PUERTO BOLIVAR,EC,-3.266667,-80,3,16,S,80,0,W,125,22115,V,RN,G,Y,N,N,Y,N,K,J,K, ,2, ,Y, ,Y, ,Y,Y,Y,Y, , ,Y, ,Y,Y, ,Y,Y,Y,Y,Y,Y,Y, , , ,Y, , ,N, ,Y, , , ,Y,Y,Y, , , ,Y,Y,Y, ,N, , ,N, ,S
-9567910.23368187,1795074.30772541,2136,9680,9630,TRUJILLO,HN,15.916667,-85.95,15,55,N,85,57,W,148,28142,V,OR,F,N,N,N, ,N,H,L,N, ,1,L, ,Y,Y,N,Y,N,N,N,Y,N,N,Y, , ,Y,Y,Y,Y, , , ,Y, , , ,Y, , ,N, , , , , , , , , , , , ,Y,Y,N, , , ,N, , 
-13645914.2464088,6081936.35982088,2137,17230,16000,PORT GAMBLE,US,47.85,-122.583333,47,51,N,122,35,W,CP07,18477,V,CN,E,Y,N,N,Y, ,M,M,J, ,7, , , , , , , , , , , , , , , , , , , , , , , , , , , , , , , , , , , , , , , , , , , , , , , , , , , 
-8204246.47146426,5271470.14282501,2138,7740,6585,TROY,US,42.733333,-73.7,42,44,N,73,42,W,CP02,12348,V,RN,G,N,N,N,Y,Y,O,O,O,O,5,M, , ,N,N,N,Y, , , , ,Y,Y,Y, ,Y, , , ,Y,Y, , , , , ,Y, , ,N, , , , , , , , , , , , ,Y,Y,Y,Y, , ,C, ,M
-8894427.31438256,-254246.810186,2139,15275,15240,PUERTO MARITIMO DE GUAYAQUIL,EC,-2.283333,-79.9,2,17,S,79,54,W,125,22113,S,RN,E,Y,Y,N,Y,N,K,L,L,K,2,L,N, , ,Y,Y,Y, ,Y, , ,Y,Y,Y,Y,Y,Y,Y,Y,Y,Y,Y,Y, , , ,Y, , ,N,Y, , , ,Y, , , , , , , ,Y,Y,Y,Y, , ,C,M,M
-8638392.48555803,5352649.71721306,2140,3200,3120,ROCHESTER,US,43.266667,-77.6,43,16,N,77,36,W,CP06,14815,S,RN,E,N,N,Y,Y,Y,N,N,N, ,0,M,Y,Y,Y, ,Y,Y, , , , ,N,Y,Y,Y,Y, , ,Y,Y,Y,Y, , , , , , , ,N, , ,Y, , ,Y,Y,Y, , ,Y,Y,Y,Y,Y,Y,Y,Y,C, , 
-13653335.545795,6062605.10943267,2141,17250,16000,POULSBO,US,47.733333,-122.65,47,44,N,122,39,W,CP07,18446,V,CN,E,N,N,N, ,Y, , ,O, ,8, , , , , , , ,Y, , , , , , , ,Y, , , , , ,Y, , , , , , , , , , , , , , , , , , , , ,Y, , ,Y, , , , , 
-8235786.99385569,4985337.5318364,2142,7750,6585,EDGEWATER,US,40.816667,-73.983333,40,49,N,73,59,W,CP02,12341,V,RN,G,Y,N,N,Y,Y,K,K,M,K,4,L, , ,Y,N,N,Y, , , , ,Y,Y,Y, ,Y,Y,Y,Y,Y,Y,Y, , , , ,Y, , ,N,Y, ,Y,Y,Y, , ,Y,Y,Y,Y,Y,Y,Y,Y,Y,Y,Y,B, , 
-9007602.13002239,-246819.784412138,2143,15290,15240,LA LIBERTAD,EC,-2.216667,-80.916667,2,13,S,80,55,W,125,22103,V,OR,F,N,Y,N,Y, , ,K,N,J,2,L, ,Y,Y,Y,Y,Y, ,Y,Y, ,Y,Y,Y,Y,Y,Y,Y,Y,N,Y,Y,Y, , , ,Y, , ,N,Y, , , ,Y, ,Y,Y, , , , ,Y,N,Y,Y, , ,C, ,S
-13649624.8961019,6057089.85293781,2144,17260,16000,KEYPORT,US,47.7,-122.616667,47,42,N,122,37,W,CP07,18446,V,CN,E,N,N,N, ,Y, , ,L, ,7, ,Y, , , , , ,Y, , , , , , , ,Y, , , , , ,Y,Y, , , , , , , , , , , , , , , , , , , , , , , , , , , ,S
-8239497.6435488,4977985.73170289,2145,7760,6585,WEEHAWKEN,US,40.766667,-74.016667,40,46,N,74,1,W,CP02,12335,S,RN,G,N,N,N, , ,H,H,K, ,4,L, , ,Y,N,N,Y, , , , ,Y,Y,Y, ,Y,Y,Y,Y,Y,Y,Y, , , , ,Y, , ,N,Y, ,Y,Y,Y, , ,Y,Y,Y,Y,Y,Y,Y,Y,Y,Y,Y,A,L, 
-8985338.23186373,-105758.36216381,2146,15310,15240,MANTA,EC,-0.95,-80.716667,0,57,S,80,43,W,125,22101,V,CB,P,N,Y,N,Y,N,K,E,J,N,2,L,Y, ,Y,Y,Y,Y,Y, ,Y,N,Y,Y,Y,Y,Y,Y,Y,Y,Y,Y,Y,Y, , , ,Y,Y, ,N,Y,Y, , ,Y,Y,Y,Y,N,N,N,N,Y,Y,Y,Y,Y,Y,C, , 
-13638492.9470226,6043317.12022041,2147,17320,16000,WINSLOW,US,47.616667,-122.516667,47,37,N,122,31,W,CP07,18449,V,CN,E,N,N,N, , , ,L,J, ,8, ,Y, , , , , ,Y, , , , , , , ,Y, , , , , ,Y,Y, , , , , , , , , , , , , , , , , , , , ,Y, , , , ,C, , 
-8239497.6435488,4975536.36106925,2148,7770,6585,HOBOKEN,US,40.75,-74.016667,40,45,N,74,1,W,CP02,12335,M,RN,G,N,N,N, , ,H,H,K, ,4,L,Y,Y,Y,N,Y,Y, , , , ,Y,Y,Y, ,Y,Y,Y,Y,Y,Y,Y, , , , ,Y,Y, ,N,Y,Y,Y,Y,Y,Y,Y,Y,Y,Y,Y,Y,Y,Y,Y,Y,Y,Y,B,M, 
-8866597.44168424,111325.142866385,2149,15330,15240,ESMERALDAS,EC,1,-79.65,1,0,N,79,39,W,125,22084,V,RN,F,Y,Y,N,Y,N,K,J,J,N,2,L, , ,N,N,Y,Y,Y,Y,Y,N,Y,Y,Y,Y,Y,Y,Y,Y,Y, , ,Y, , , ,Y,N, ,N, ,Y, , ,Y,Y,Y,Y,N,N,N,N,Y,Y,Y,Y,Y,Y, , , 
-13636637.622176,6043317.12022041,2150,17330,16000,CREOSOTE,US,47.616667,-122.5,47,37,N,122,30,W,CP07,18449,V,CN,E,N,N,N, , , ,K,K, ,8, , , , , , , ,Y, , , , , , , ,Y, , , , , ,Y,Y, , , , , , , , , , , , , , , , , , , ,Y,Y, , , , , , , 
-8766409.89997029,202264.30124296,2151,15360,15350,TUMACO,CO,1.816667,-78.75,1,49,N,78,45,W,125,22082,V,OR,P,Y,N,N,Y, ,M,K,M,A,1,L, ,Y,Y,N,Y,Y,Y, , ,N,Y,N, ,Y, ,Y,Y,Y,Y, ,Y,Y,Y, , ,Y,Y, ,N,Y,Y,Y, , , ,Y,Y, ,N,N,N, ,Y,Y,N,N,N, , , 
-8241352.96839535,4970639.46082636,2152,7780,6585,JERSEY CITY,US,40.716667,-74.033333,40,43,N,74,2,W,CP02,12335,M,RN,G,N,N,N,Y, ,H,H,K,K,4,L,Y,Y,Y,N,Y,Y, , , , ,Y,Y, ,Y,Y,Y,Y,Y,Y,Y,Y, , , , ,Y, , ,N,Y,Y,Y, , ,Y,Y,Y,Y,Y, ,Y,Y,Y,Y,Y,Y,Y, , , 
-13638492.9470226,6037814.17385794,2153,17350,16000,FORT WARD,US,47.583333,-122.516667,47,35,N,122,31,W,CP07,18449,V,CN,E,N,N,N,Y, , , ,N, ,0, , , , , , , ,Y, , , , , , , , , , , , , ,Y, , , , , , , , , , , , , , , , , , , , , , , , , , , , , 
-8579022.09046828,432622.039910022,2154,15370,15350,BUENAVENTURA,CO,3.883333,-77.066667,3,53,N,77,4,W,125,22052,S,CN,F,Y,N,N,Y,Y,L,N,K,L,4,L,Y, , ,N,Y,Y,Y, ,Y, ,Y,N, ,Y, ,Y,Y,Y,Y,Y,Y, , , , ,Y, , ,Y,Y,Y,Y,Y,Y,Y,Y,Y,Y,Y,Y,Y,Y,Y,Y, ,Y,Y,A, ,S
-9781272.59103564,6018581.40559849,2155,5350,5230,COPPER HARBOR,US,47.466667,-87.866667,47,28,N,87,52,W,CP06,14964,V,CN,F,N,N,Y,Y,N,O,N,O, ,0,M,Y,N, ,N,N,Y, , , ,N,N,Y,Y, ,Y, , , , , ,Y, , , , ,Y, , ,N, , , , , , , , , , , , ,Y,Y,Y, , , ,C, , 
-8248774.26778157,4965745.01185379,2156,7790,6585,BAYONNE,US,40.683333,-74.1,40,41,N,74,6,W,CP02,12333,M,RN,G,N,N,N,Y,Y,K,H,H,K,5,L,Y,Y,Y,N,Y,Y, , , , ,Y,Y,Y, ,Y,Y,Y,Y,Y,Y,Y, , , , ,Y,Y, ,Y,Y,Y,Y,Y, , ,Y,Y,Y,Y,Y,Y,Y,Y,Y,Y,Y,Y,A, ,M
-13649624.8961019,6035064.01466324,2157,17380,16000,EAST BREMERTON,US,47.566667,-122.616667,47,34,N,122,37,W,CP07,18452,V,CN,E,N,N,N,Y, , , , , ,8, , , , , , , ,Y, , , , , , , , , , , , , , , , , , , , , , , , , , , , , , , , , , , , , , , , , , , 
-9571620.88337497,1804722.76625729,2158,9690,9630,PUERTO CASTILLA,HN,16,-85.983333,16,0,N,85,59,W,148,28142,V,OR,F,N,Y,N,Y,N,H,A,K, ,0,L,Y,N,Y,N,Y,Y,Y, , ,N,N, , ,Y,Y,Y,Y,Y, , ,Y,Y, , , ,Y,N, ,N,N,N,N,N,N,N,N,Y, , , , , ,Y,N,N, , ,C, , 
-8799805.74720827,5350102.14346067,2159,3220,3120,YOUNGSTOWN,US,43.25,-79.05,43,15,N,79,3,W,CP06,14816,V,RN,E,N,N,Y,Y, ,O,O,O, ,0,M, ,N,Y, ,N,Y, , , ,N,N,Y,Y, ,Y, , , , , ,Y, , , , , , , ,N, , , , , , ,Y, , , , , , ,Y,Y,Y,Y,Y,C, , 
-8254340.24232124,4968191.93018821,2160,7810,6585,NEWARK,US,40.7,-74.15,40,42,N,74,9,W,CP02,12337,M,RB,G,N,N,N,Y, ,L,J,J,M,5,L,Y,Y,Y,N,Y,Y, , , , ,Y,Y,Y, ,Y,Y,Y,Y,Y,Y,Y, , , , ,Y,Y, ,N,Y,Y,Y,Y, , ,Y,Y,Y,Y,Y,Y,Y,Y,Y,Y,Y,Y,B, , 
-9814668.43827362,6018581.40559849,2161,5360,5230,EAGLE HARBOR,US,47.466667,-88.166667,47,28,N,88,10,W,CP06,14964,V,CN,P,N,N,Y,Y,N,N,O,P, ,0,M,N,N, ,N,N,Y,N, , ,N,N,Y,Y, ,Y, , , , , ,Y, , , , ,Y, , ,N, , , , , , , , , , , , ,Y,Y,Y, , , ,C, , 
-10458466.1600281,3503549.84350437,2162,9100,8650,PORT NECHES,US,30,-93.95,30,0,N,93,57,W,CP05,11343,S,RN,G,N,N,N, ,Y,J,L,J,J,0,L, , ,Y,N,Y,Y,Y, ,Y, ,Y, ,Y, ,Y, , ,Y,Y,Y,Y, , , , ,Y, , , , ,N, , , , , , , , , , ,Y,Y,Y,Y,Y,Y,C,S, 
-13658901.5203347,6048823.57582363,2163,17410,16000,SILVERDALE,US,47.65,-122.7,47,39,N,122,42,W,CP07,18449,V,CN,E,N,N,N, ,Y, , , , ,9, , , , , , , ,Y, , , , , , , ,Y, , , , , , , , , , ,Y,N, , , , , , , , , ,N,N,N,N,Y,Y,Y,N,N,N,N, , , 
-8258050.89201435,4960853.01004374,2164,7820,6585,ELIZABETHPORT,US,40.65,-74.183333,40,39,N,74,11,W,CP02,12333,S,CN,G,N,N,N,Y,Y,J,J,K,L,5,L,Y,Y,Y,N,Y,Y, , , , ,Y,N,Y, ,Y,Y,Y,Y,Y,Y,Y, , , , ,Y,Y, ,N,Y,Y,Y,Y, , ,Y,Y,Y,Y,Y,Y,Y,Y,Y,Y,Y,Y,B, , 
-8822069.64536693,5294230.81644811,2165,3250,3240,PORT COLBORNE,CA,42.883333,-79.25,42,53,N,79,15,W,C303,14820,S,LC,E,N,N,Y,Y,Y,L,A,L,L,0,L, , ,Y,N,Y,Y, , , ,N,Y,Y, , , , , ,Y,Y,Y,Y, , , , ,Y, , ,N, ,Y, , , ,Y, , ,Y, , ,Y,Y,Y,Y,Y,Y,Y,B,L, 
-13653335.545795,6035064.01466324,2166,17430,16000,BREMERTON,US,47.566667,-122.65,47,34,N,122,39,W,CP07,18452,M,CN,E,N,N,N,Y,Y,H,H,H, ,8,L,Y, ,Y, , ,Y, , ,Y, ,Y,Y, ,Y,Y,Y,Y,Y,Y,Y,Y,Y, , , ,Y,Y, , ,Y,Y,Y,Y, , , ,Y,Y,Y,Y,Y,Y,Y,Y,Y,Y,Y,A,L, 
-8245063.61808846,4958407.92554311,2167,7830,6585,STAPLETON SI,US,40.633333,-74.066667,40,38,N,74,4,W,CP02,12333,S,CN,G,N,N,N,Y,Y,H,H,J,H,5,L,Y,Y,Y,N,Y,Y, , , , ,Y,Y,Y, ,Y,Y,Y,Y,Y,Y,Y, , , , ,Y,Y, ,N,Y, ,Y, , ,Y,Y,Y,Y,Y,Y,Y,Y,Y,Y,Y,Y,Y,B, , 
-13651480.2209484,6029566.32029732,2168,17440,16000,PORT ORCHARD,US,47.533333,-122.633333,47,32,N,122,38,W,CP07,18452,V,CN,E,N,N,N,Y, ,K,K,K, ,8, , , , , , , ,Y, , , , , , , ,Y, , , , , ,Y,Y,Y, , ,Y,Y, , , , ,Y, , ,Y, ,N,Y,N,N,N,Y,Y,N,Y,N,N,C, ,S
-8245063.61808846,4958407.92554311,2169,7840,6585,TOMPKINSVILLE SI,US,40.633333,-74.066667,40,38,N,74,4,W,CP02,12333,M,CN,G,N,N,N,Y,Y,H,H,J, ,5, ,Y,Y,Y,N,Y,Y, , , , ,Y,Y,Y, ,Y,Y,Y,Y,Y,Y,Y, , , , ,Y,Y, ,N,Y, ,Y, , ,Y,Y,Y,Y,Y,Y,Y,Y,Y,Y,Y,Y,Y,B, , 
-13632926.9724829,6004869.83625777,2170,17550,16000,QUARTERMASTER HARBOR,US,47.383333,-122.466667,47,23,N,122,28,W,CP07,18474,V,CN,E,N,N,N, , ,P,L, , ,8, ,Y, , , , , ,Y, , , , , , , ,Y, , , , , , ,Y, , , , , , , , , , , , , , , , , , , , , , , , , , , , 
-8252484.91747468,4960853.01004374,2171,7850,6585,PORT RICHMOND SI,US,40.65,-74.133333,40,39,N,74,8,W,CP02,12333,S,CN,G,N,N,N,Y,Y,J,J,L, ,5, ,Y,Y,Y,N,Y,Y, , , , ,Y,Y,Y, ,Y,Y,Y,Y,Y,Y,Y, , , , ,Y,Y, ,N,Y, ,Y, , ,Y,Y,Y,Y,Y,Y,Y,Y,Y,Y,Y,Y,Y,B, , 
-13703429.316652,5977511.57360212,2172,17650,16000,SHELTON,US,47.216667,-123.1,47,13,N,123,6,W,CP07,18457,V,CN,E,N,N,N, , , , , , ,11, , , , , , , ,Y, , , , , , , ,Y, , , , ,Y,Y, , , , , , , , , , , , , , , , , , , , ,Y,Y,Y,Y, , , , , 
-8256195.56716779,4958407.92554311,2173,7860,6585,MARINERS HARBOR SI,US,40.633333,-74.166667,40,38,N,74,10,W,CP02,12333,S,CN,G,N,N,N,Y,Y,J,J,K, ,5, ,Y,Y,Y,N,Y,Y, , , , ,Y,Y,Y, ,Y,Y,Y,Y,Y,Y,Y, , , , ,Y,Y, ,N,Y, ,Y, , ,Y,Y,Y,Y,Y,Y,Y,Y,Y,Y,Y,Y,Y,A,L, 
-13681165.4184933,5950239.16720148,2174,17660,16000,OLYMPIA,US,47.05,-122.9,47,3,N,122,54,W,CP07,18456,S,CN,E,N,N,N,Y, ,L,L,K, ,11,L,Y,Y,Y,N,Y,Y, , ,Y, ,Y,Y, , ,Y,Y,Y,Y,Y,Y,Y,Y, , , ,Y,Y, ,Y,Y,Y, , , ,Y,Y,Y,Y,Y,Y,Y,Y,Y,Y,Y,N,N,C, ,S
-8259906.2168609,4958407.92554311,2175,7870,6585,GULFPORT SI,US,40.633333,-74.2,40,38,N,74,12,W,CP02,12333,S,RN,G,N,N,N,Y,Y,J,J,K,K,5,L,Y,Y,Y,N,Y,Y, , , , ,Y,Y,Y, ,Y,Y,Y,Y,Y,Y,Y, , , , ,Y,Y, ,N,Y, ,Y, , ,Y,Y,Y,Y,Y,Y,Y,Y,Y,Y,Y,Y,Y,C, , 
-9859196.23459093,5961137.8762619,2176,5370,5230,HOUGHTON,US,47.116667,-88.566667,47,7,N,88,34,W,CP06,14972,S,LC,E,N,N,Y, ,Y,M,L,M, ,0,M,N,N, ,N,N,Y, , , ,N,N,Y,Y, ,Y, , , , , ,Y, , , , ,Y, , ,N, , , , , , , , , , , , ,Y,Y,Y,Y, , ,C, , 
-10473308.7588005,3514266.07023452,2177,9140,8650,BEAUMONT,US,30.083333,-94.083333,30,5,N,94,5,W,CP05,11343,M,RN,G,Y,N,Y,Y,Y,J,L,L,L,0,L, ,Y,Y, ,Y,Y,Y, ,Y, ,Y,Y, , ,Y,Y, ,Y,Y,Y,Y, , , , ,Y,Y, ,N, ,Y,Y, ,Y,Y,Y,Y,Y,Y,Y,Y,Y,Y,Y,Y,Y,Y,A,S,S
-8859176.14229802,5289168.11568134,2178,3260,3240,PORT MAITLAND,CA,42.85,-79.583333,42,51,N,79,35,W,C303,14820,S,RB,E,N,N,Y,Y,N,M,K,M, ,0,M, , ,N,N,N,Y, , , ,N,N, , , , , , , , , ,Y, , , , ,Y, , ,N, , , ,Y, , , , , , , , ,Y,Y,Y,Y, , ,C, , 
-13664467.4948743,5961137.8762619,2179,17670,16000,NISQUALLY HEAD,US,47.116667,-122.75,47,7,N,122,45,W,CP07,18448,V,CN,E,N,N,N, , , , ,M, ,10, , , , , , , ,Y, , , , , , , , , , , , , ,Y, , , , , , , , , , , , , , , , , , , , , , , , , , , , , 
-9944541.17753244,5923051.85054025,2180,5380,5230,ONTONAGON,US,46.883333,-89.333333,46,53,N,89,20,W,CP06,14965,V,RN,G,N,N,Y, ,Y,N,M,N, ,0,M,N,N, ,N,N,N,N, , ,N,N,Y,Y, ,Y, , , , , ,Y, , , , ,Y, , ,N, , , , , , , , , , , , ,Y,Y,Y, , , ,C, , 
-10551232.4023558,3416012.67677646,2181,9150,8650,GALVESTON,US,29.316667,-94.783333,29,19,N,94,47,W,CP05,11324,L,CN,G,N,N,N,Y,Y,J,L,L,M,0,L, ,Y,Y,N,Y,Y,Y, ,Y, ,Y,Y,Y, ,Y,Y,Y,Y,Y,Y,Y,Y, , , ,Y,Y, ,Y,Y,Y,Y,Y,Y,Y,Y,Y,Y,Y,Y,Y,Y,Y,Y,Y,Y,Y,A,S,S
-8265472.19140056,4946191.64662776,2182,7890,6585,PORT SOCONY,US,40.55,-74.25,40,33,N,74,15,W,CP02,12331,S,RN,G,N,N,N,Y,Y,K,K,L,K,5,L,Y,Y,Y,N,Y,Y, , , , ,Y,Y,Y, ,Y,Y,Y,Y,Y,Y,Y, , , , ,Y,Y, ,N,Y, , , , ,Y,Y,Y,Y,Y,Y,Y,Y,Y,Y,Y,Y,Y,C, , 
-10115231.0634155,5877026.55203768,2183,5390,5230,ASHLAND,US,46.6,-90.866667,46,36,N,90,52,W,CP06,14974,S,CN,G,N,N,Y,Y,Y,M,L,M, ,0,M,N,N, ,Y,N,Y, , , ,Y,N,Y,Y, ,Y,Y, , ,Y, ,Y, , , , ,Y, , ,N, , , , , , , , , , , , ,Y,Y,Y,Y,Y,Y,C, , 
-13627360.9979432,5988444.53269733,2184,17700,16000,TACOMA,US,47.283333,-122.416667,47,17,N,122,25,W,CP07,18453,M,CN,E,N,N,N,Y,Y,A,A,G,J,8,L, ,Y,Y, ,Y,Y,Y, ,Y,Y,Y,Y,Y,Y,Y,Y,Y,Y,Y,Y,Y,Y, , , ,Y,Y, ,N,Y,Y, ,Y, , , ,Y, , , ,Y,Y,Y,Y,Y,Y,Y,A,M,M
-9089236.42327079,3544319.68038553,2185,8580,6585,JACKSONVILLE,US,30.316667,-81.65,30,19,N,81,39,W,CP04,11491,M,RN,E,Y,N,N,Y,Y,J,J,J,J,1,L,Y,Y,Y,N,Y,Y, , , , ,Y,Y,Y, ,Y,Y,Y,Y,Y,Y,Y, , , , ,Y,Y, ,N,Y,Y,Y, ,Y,Y,Y,Y,Y,Y,Y,Y,Y,Y,Y,Y,Y,Y,A,S,M
-8927823.16162054,5279050.90391531,2186,3270,3240,PORT DOVER,CA,42.783333,-80.2,42,47,N,80,12,W,C303,14830,V,RN,E,N,Y,Y,Y,Y,P,P,P, ,0,M, ,Y,Y,N, ,Y, , , ,N,N,Y, , , , , , , ,Y,Y, , , , , , , ,N, , , , , , , , ,Y, , , ,Y,Y,Y,Y,Y,Y,C, ,S
-10117086.388262,5887834.3026699,2187,5400,5230,WASHBURN,US,46.666667,-90.883333,46,40,N,90,53,W,CP06,14974,V,CN,F,N,N,Y,Y,N,M,L,N, ,0,M,N,N, ,N,N,Y, , , ,N,N,Y,Y, ,Y, , , , , ,Y, , , , ,Y, , ,N, , , , , , , , , , , , ,Y,Y,Y,Y,Y,Y,C, , 
-8259906.2168609,4958407.92554311,2188,7895,6585,BAYWAY,US,40.633333,-74.2,40,38,N,74,12,W,CP02,12333,V,RN,G,N,N,N,Y,Y,K,K,L,J,5,L,Y,Y,Y,N,Y,Y, , , , ,Y,Y, , ,Y,Y,Y,Y,Y,Y,Y, , , , ,Y,Y, ,N,Y, , , , ,Y,Y,Y,Y,Y,Y, ,Y,Y,Y,Y,Y,Y,C, , 
-9052129.9263397,3490702.24134962,2189,8590,6585,ST AUGUSTINE,US,29.9,-81.316667,29,54,N,81,19,W,CP04,11488,V,CN,E,Y,N,N,Y,Y,O,M,N, ,5,M,Y, ,Y,N,N,N, , ,Y, , ,Y,Y, ,Y, , , , , ,Y, , , , ,Y, , ,N, , , , , , , , ,Y, , ,Y,Y,Y, ,Y,Y,Y,C, ,S
-9039142.65241381,5261371.9619387,2190,3310,3240,PORT STANLEY,CA,42.666667,-81.2,42,40,N,81,12,W,C303,14830,V,RN,G,N,N,Y,N,Y,N,M,N, ,0,M, ,Y,Y,N,Y,Y, , , ,N,N,Y, , ,Y,Y, ,Y, ,Y,Y, , , , ,Y, , ,N, , , , ,Y, , ,Y, , , , ,Y,Y,Y,Y,Y,Y,B,S,S
-13618084.3737105,6040565.20878006,2191,17730,16000,SEATTLE,US,47.6,-122.333333,47,36,N,122,20,W,CP07,18450,L,CN,E,N,N,N,Y,Y,K,A,A,H,8,L,Y,Y,Y,Y,Y,Y,Y, ,Y, ,Y,Y,Y,Y,Y,Y,Y,Y,Y,Y,Y,Y, , , ,Y,Y, ,Y,Y,Y,Y,Y, , , ,Y,Y,Y,Y,Y,Y,Y,Y,Y,Y,Y,A,S,L
-8259906.2168609,4955963.45129622,2192,7900,6585,GRASSELLI,US,40.616667,-74.2,40,37,N,74,12,W,CP02,12333,S,RN,G,N,N,N,Y,Y,K,K,K, ,5, , , ,Y,N,Y,Y, , , , ,Y,Y,N, ,Y, , , ,Y,Y,Y, , , , ,Y, , ,N, , , , , , , , , ,Y,Y, ,Y,Y, , , , , , , 
-10109665.0888758,5909489.86367709,2193,5410,5230,BAYFIELD,US,46.8,-90.816667,46,48,N,90,49,W,CP06,14973,V,CN,P,N,N,Y,Y,N,P,H,N, ,0,M,N,N, ,N,N,Y, , , ,N,N,Y,Y, ,Y, , , , , ,Y, , , , ,Y, , ,N, , , , , , , , , , , , ,Y,Y,Y,Y,Y,Y,C, , 
-8974206.2827844,3337517.88702984,2194,8595,6585,CANAVERAL HARBOR,US,28.7,-80.616667,28,42,N,80,37,W,CP04,11478,V,CN,E,Y,N,N,Y, ,H,H,H,J,4,L,Y,Y,Y,N,Y,Y, , , , ,Y,Y,Y, ,Y, , ,Y,Y,Y,Y, , , , ,Y,Y, ,N, , , , , , , ,Y, , , , ,Y,Y,Y,Y,N,N,N, , 
-9117066.29596911,5201008.89595191,2195,3320,3240,RONDEAU,CA,42.266667,-81.9,42,16,N,81,54,W,C303,14830,S,CN,F,N,N,Y,Y,N,O,M,M, ,0,M, , ,Y,N,Y,Y, , , ,N,N,Y, , ,Y,Y, , , ,Y,Y, , , , ,Y, , ,N, , , , , , , ,Y, , , , ,Y,Y,Y,Y,Y,Y,B, ,S
-8940810.43554642,3181897.54699284,2196,8600,6585,FORT PIERCE,US,27.466667,-80.316667,27,28,N,80,19,W,CP04,11475,V,CN,E,N,N,N,Y, ,L,M,M, ,1,M, ,Y,Y,N,Y,Y, , , , ,Y, , , ,Y, ,Y,Y,Y,Y,Y, , , , ,Y, , ,N, , , , , , , , , , , , ,Y,Y,Y,Y,Y,Y,C, ,S
-8261761.54170745,4951076.33151904,2197,7910,6585,CARTERET,US,40.583333,-74.216667,40,35,N,74,13,W,CP02,12333,S,RN,G,N,N,N,Y,Y,K,K,K,L,5,L, , ,Y,N,Y,Y, , , , ,Y,Y,N, ,Y, , , ,Y,Y,Y, , , , ,Y, , ,N, , , , , , , ,Y, ,Y,Y, ,Y,Y,Y,Y,Y,Y,C, , 
-10105954.4391827,5906779.98796641,2198,5420,5230,LA POINTE,US,46.783333,-90.783333,46,47,N,90,47,W,CP06,14973,V,CN,P,N,N,Y,Y,N,P,H,P, ,0,M,N,N, ,N,N,Y, , , ,N,N,Y,Y, ,Y, , , , , ,Y, , , , ,Y, , ,N, , , , , , , , , , , , ,Y,Y, ,Y, , , , , 
-9202411.23891062,5133556.43815376,2199,3330,3240,PELEE I NORTH WHARF,CA,41.816667,-82.666667,41,49,N,82,40,W,C303,14844,V,CN,F,N,N,Y,Y,N,O,N,O, ,0,M, , ,Y,N,Y,Y, , , ,N,N,Y, , , , , , ,Y, ,Y, , , , , , , ,N, , , , , , , , , , , , , , , , , , , , , 
-13625505.6730967,6070884.61775585,2200,17750,16000,POINT WELLS,US,47.783333,-122.4,47,47,N,122,24,W,CP07,18446,V,CN,G,N,N,N,Y, , , ,J,H,8, , , , , , ,Y, , , , , , , , ,Y,Y, ,Y,Y,Y,Y, , , , ,Y,Y, ,Y, , , , , , , ,Y,Y,Y,Y,Y,Y,Y,Y,Y,Y,Y, , , 
-8911125.23800155,3094349.9556422,2201,8610,6585,PALM BEACH,US,26.766667,-80.05,26,46,N,80,3,W,CP04,11466,V,CN,E,Y,N,N,N, ,K,A,K,K,3,L, ,Y,Y, ,Y,Y, , , , ,Y,Y, , ,Y,Y, , ,Y,Y,Y, , , , ,Y,Y, ,N,Y, , ,Y, , , ,Y,Y, , , ,Y,Y,Y,Y,Y,Y,C, ,S
-9747876.74379765,5488684.44791228,2202,4900,4570,TWO RIVERS,US,44.15,-87.566667,44,9,N,87,34,W,CP06,14903,V,CB,F,N,N,Y,Y,Y,P,H,P, ,0,M,Y,Y,N,N, ,Y, ,N, ,N,N,Y,Y, ,Y, ,Y,Y, ,Y,Y, , , , ,Y, , ,N, , , , , , ,Y,Y, , , ,Y,Y,Y,Y,Y,Y,Y,B, , 
-9204266.56375717,5126091.07194063,2203,3340,3240,PELEE I WEST DOCK,CA,41.766667,-82.683333,41,46,N,82,41,W,C303,14844,V,OR,P,N,N,Y,Y,N,O,N,O, ,0,M, , ,Y,N,Y,Y, , , ,N,N,Y, , , , , , ,Y, ,Y, , , , , , , ,N, , , , , , , , , , , , , , , , , , , , , 
-8918546.53738777,3011471.65247819,2204,8630,6585,PORT EVERGLADES,US,26.1,-80.116667,26,6,N,80,7,W,CP04,11470,M,CN,E,Y,N,N,Y, ,H,A, ,J,3,L,Y,Y,Y,N,Y,Y, , , , ,Y,Y,Y, ,Y,Y,Y,Y,Y,Y,Y, , , , ,Y,Y, ,Y,Y,Y, ,Y, , , ,Y,Y, ,Y,Y,Y,Y,Y,Y,Y,Y,B,S,S
-9740455.44441144,5537946.24029726,2205,4910,4570,KEWAUNEE,US,44.466667,-87.5,44,28,N,87,30,W,CP06,14903,V,CB,F,N,N,Y,Y,Y,P,K,P, ,0,M,Y,Y,N,N,N,Y,N, , ,N,N,Y,Y, ,Y, ,Y,Y, ,Y,Y, , , , ,Y, , ,N, , , , , , ,Y, , , , ,Y,Y,Y,Y,Y,Y,Y,C, ,S
-8261761.54170745,4948633.68496764,2206,7920,6585,CHROME,US,40.566667,-74.216667,40,34,N,74,13,W,CP02,12331,S,RN,G,N,N,N,Y,Y,K,K,L, ,5,M, , ,Y,N,Y,Y, , , , ,Y,Y,N, ,Y, , , ,Y,Y,Y, , , , ,Y, , ,N, , , , , , , ,Y, ,Y,Y, ,Y,Y,Y,Y,Y,Y,C, , 
-9194989.9395244,5165973.92425982,2207,3350,3240,LEAMINGTON,CA,42.033333,-82.6,42,2,N,82,36,W,C303,14830,V,OR,P,N,N,Y,Y,N,N,L,N, ,0,M, , ,Y,N,Y,Y, , , ,N,N,Y, , ,Y,Y, , , , ,Y, , , , ,Y, , ,N,Y, , , , , ,Y, ,Y, , ,Y,Y,Y,Y,Y, , ,C, , 
-8925967.83677399,2972270.50205856,2208,8640,6585,MIAMI,US,25.783333,-80.183333,25,47,N,80,11,W,CP04,11468,S,CN,E,N,N,N,Y, ,H,A,H,K,3,L,Y,Y,Y,N,Y,Y, , , ,Y,Y,Y,Y, ,Y,Y,Y,Y,Y,Y,Y,Y, , , ,Y,Y, ,N,Y,Y,Y,Y,Y,Y,Y,Y,Y, ,Y,Y,Y,Y,Y,Y,Y,Y,B,S,M
-13625505.6730967,6073646.22335063,2209,17760,16000,EDWARDS POINT,US,47.8,-122.4,47,48,N,122,24,W,CP07,18446,V,CN,G,N,N,N, , , , , ,J,8, , , , , , ,Y, , , , , , , , ,Y, , , , , ,Y, , , , , , , , , , , , , , , , , , , , ,Y,Y,Y,Y,Y,Y,C, , 
-9733034.14502522,5558767.96099888,2210,4920,4570,ALGOMA,US,44.6,-87.433333,44,36,N,87,26,W,CP06,14910,V,RN,F,N,N,Y,Y,Y,P,L,P, ,0,M,N,N,N,N,N,Y,N, , ,N,N,Y,Y, ,Y, ,Y,Y, , ,Y, , , , ,Y, , ,N, , , , , , , ,Y, , , , ,Y,Y,Y,Y,Y,Y,C, ,S
-8263616.86655401,4948633.68496764,2211,7930,6585,PORT READING,US,40.566667,-74.233333,40,34,N,74,14,W,CP02,12331,S,RN,G,N,N,N,Y,Y,K,K,K,J,5,M, , ,Y,N,Y,Y, , , , ,Y,Y,N, ,Y, , , ,Y,Y,Y, , , , ,Y, , ,N, , , , , , , ,Y, ,Y,Y, ,Y,Y,Y,Y,Y,Y,C, , 
-9209832.53829683,5163476.35692871,2212,3360,3240,KINGSVILLE,CA,42.016667,-82.733333,42,1,N,82,44,W,C303,14830,V,CB,G,N,N,Y,Y, ,P,O,P, ,0,M, , ,N,N, ,Y, , , ,N,N,Y, , ,Y,Y, , , ,Y,Y, , , , , , , ,N, , , , , , , , , , , , ,Y, ,Y,Y, , ,C, , 
-9107789.67173633,2820572.66556868,2213,8660,8650,KEY WEST,US,24.55,-81.816667,24,33,N,81,49,W,CP04,11447,S,CN,G,N,N,N,Y, ,K,N,K, ,1,L, ,Y,Y,N,Y,Y, , , , ,Y,Y, , ,Y,Y,Y,Y,Y, ,Y, , , , ,Y,Y, ,N, ,Y, , , ,Y,Y,Y,Y, , , ,Y,Y,Y,Y,Y,Y,C, ,M
-9250649.68492103,5175970.74920631,2214,3380,3240,AMHERSTBURG,CA,42.1,-83.1,42,6,N,83,6,W,C304,14848,S,RN,E,N,N,Y,Y,N,N,M,N,M,0,M, , ,Y, , ,Y, , ,Y,Y,N,Y, , ,Y,Y, , ,Y,Y,Y, , , , ,Y, , ,N,Y,Y, ,Y,Y,Y,Y,Y, , , , ,Y,Y, , , , ,C, , 
-9343415.92724876,5378163.92273972,2215,4410,4300,SAGINAW,US,43.433333,-83.933333,43,26,N,83,56,W,CP06,14867,S,RN,E,N,N,Y,Y,Y,L,M,M,N,0,M,Y,Y,Y,N,N,Y, , , ,N,N,Y,Y, , , , , ,Y, ,Y, , , , ,Y, , ,N,Y,Y, , , ,Y, , ,Y, , , ,Y,Y,Y,Y,Y,Y,A, ,M
-8265472.19140056,4946191.64662776,2216,7940,6585,SEWAREN,US,40.55,-74.25,40,33,N,74,15,W,CP02,12331,V,RN,G,N,N,N,Y,Y,J,J,K,K,5,L, , , , , ,Y, , , , , , , , ,Y, , , ,Y,Y,Y, , , , ,Y, , ,N, , , , , , , ,Y,Y, , , ,Y,Y,Y,Y,Y,Y,A, , 
-9165304.74197952,3086040.45132919,2217,8665,8650,BOCA GRANDE,US,26.7,-82.333333,26,42,N,82,20,W,CP05,11426,V,CN,E,N,N,N,Y, ,K,M,K,L,1,L,Y, ,Y,N,Y,Y,Y, , , ,Y,Y, , ,Y, ,Y,Y, , ,Y, , , , ,Y, , ,N, , , , , , , ,Y, , , , ,Y,Y,Y,Y,Y,Y,C, ,M
-9243228.38553482,5208533.23961398,2218,3390,3240,WINDSOR,CA,42.316667,-83.033333,42,19,N,83,2,W,C304,14848,M,RN,E,N,N,Y, ,Y,M,K,M,M,0,M, , ,Y,Y,Y,Y, , , ,N,Y,Y, , ,Y,Y,Y,Y,Y,Y,Y, , , , ,Y,N, ,N,Y, , , , , ,Y,Y, , , , ,Y,Y,Y,Y, , ,C, , 
-9300743.45577801,5493857.411331,2219,4420,4300,ALABASTER,US,44.183333,-83.55,44,11,N,83,33,W,CP06,14863,V,OR,P,N,N,Y,Y,Y,N,L,M, ,0,M,Y,Y,Y,N,N,Y, , , ,N,N,Y,Y, , , , , , , ,Y, , , , , , , ,N, , , , , , , , , , , , ,Y,Y, ,Y,Y,Y,C, , 
-9191279.28983129,3202823.67005249,2220,8667,8650,PORT MANATEE,US,27.633333,-82.566667,27,38,N,82,34,W,CP05,11414,S,CT, , , , , , ,J, , , ,0, , ,Y,Y,Y, , ,Y,Y, , , , , ,Y,Y, ,Y, , ,Y,Y,Y, , , , , , , , ,Y,Y,Y, , , , ,Y, , , , ,Y, , , ,Y,C,S, 
-8781252.49874273,5317046.89722639,2221,3420,3400,TONAWANDA,US,43.033333,-78.883333,43,2,N,78,53,W,CP06,14832,S,RN,E,N,N,N,Y,Y,O,O,O, ,0,M, , , , , ,Y, , , ,N,N,Y,Y, ,Y,Y, , ,Y,Y,Y, , , , ,Y, , ,N, , , , , ,Y, , , , , , ,Y,Y,Y,Y,Y,Y,C, , 
-9295177.48123834,5506802.63108863,2222,4430,4300,TAWAS CITY,US,44.266667,-83.5,44,16,N,83,30,W,CP06,14863,V,CN,P,N,N,Y,Y,Y,Q,M,P, ,0,M,Y,N,N,N,N,Y, , , ,N,N,Y,Y, , , , , , , ,Y, , , , ,Y, , ,N, , , , , , , , , , , ,Y,Y,Y, , , , , , , 
-9178292.01590541,3238471.41959969,2223,8670,8650,TAMPA,US,27.916667,-82.45,27,55,N,82,27,W,CP05,11413,M,CN,E,N,N,N,Y,Y,H,G,J,K,2,L,Y,Y,Y,N,Y,Y, , , , ,Y,Y,Y, ,Y,Y,Y,Y,Y,Y,Y, , , , ,Y,Y, ,Y,Y,Y,Y,Y,Y, ,Y,Y,Y, ,Y,Y,Y,Y,Y,Y,Y,Y,A,M, 
-8781252.49874273,5294230.81644811,2224,3430,3400,BUFFALO,US,42.883333,-78.883333,42,53,N,78,53,W,CP06,14833,L,CB,E,N,N,Y,Y,Y,L,L,M, ,0,L,Y,Y,Y, ,Y,Y, , , , ,Y,Y,Y, ,Y,Y,Y,Y,Y,Y,Y, , , , ,Y,Y, ,Y,Y,Y, , ,Y, , ,Y,Y, ,Y,Y,Y,Y,Y,Y,Y,Y,A,L, 
-9274768.90792624,5527553.21543586,2225,4450,4300,AU SABLE,US,44.4,-83.316667,44,24,N,83,19,W,CP06,14863,V,RN,E,N,N,Y,Y,Y,Q,N,Q, ,0,M,Y,N,N,N,N,Y, , , ,N,N,Y,Y, , , , , , , ,Y, , , , , , , ,N, , , , , , , , , , , , ,Y,Y, ,Y,Y,Y,C, , 
-9196845.26437095,3219587.51783285,2226,8680,8650,ST PETERSBURG,US,27.766667,-82.616667,27,46,N,82,37,W,CP05,11413,S,CN,G,N,N,N,N,Y,N,M,N, ,2,L, ,Y,Y,N,Y,Y, , , , ,Y,Y, , ,Y, , ,Y,Y,Y,Y, , , , ,Y, , ,Y, ,Y, , , , , ,Y,Y, , , ,Y,Y,Y,Y,Y,Y,C, ,S
-8831346.2695997,5233657.66474073,2227,3440,3400,DUNKIRK,US,42.483333,-79.333333,42,29,N,79,20,W,CP06,14823,V,CB,F,N,N,Y,Y,Y,P,P,P, ,0,M,N,Y,N, , ,Y, , , , ,N, , , ,Y,Y, , , , ,Y, , , , ,Y, , ,N, , , , , , , , , , , , ,Y,Y,Y,Y,Y,Y,C, ,S
-9274768.90792624,5530150.36047528,2228,4460,4300,OSCODA,US,44.416667,-83.316667,44,25,N,83,19,W,CP06,14863,V,RN,E,N,N,Y,Y,Y,Q,N,Q, ,0,M,Y,N,N,N,N,Y, , , ,N,N,Y,Y, , , , , , , ,Y, , , , , , , ,N, , , , , , , , , , , , ,Y,Y, ,Y,Y,Y, , , 
-8916691.21254121,5183475.26689433,2229,3450,3400,ERIE,US,42.15,-80.1,42,9,N,80,6,W,CP06,14835,S,CN,E,N,N,Y,Y,N,L,M,L,L,0,L,Y,Y, , ,N,Y, , , , ,N,Y, , ,Y,Y,Y,Y,Y,Y,Y, , , , ,Y, , ,N,Y,Y,Y,Y,Y,Y,Y,Y,Y, ,Y,Y,Y,Y,Y,Y,Y,Y,B,L, 
-9285900.85700557,5632022.90146597,2230,4470,4300,ALPENA,US,45.066667,-83.416667,45,4,N,83,25,W,CP06,14864,S,CN,G,N,N,Y,Y,Y,M,H,M, ,0,M,Y,N,Y,N,N,Y, , , ,N,N,Y,Y, ,Y,Y,Y,Y,Y, ,Y, , , , ,Y, , ,N, , , , , , , , ,Y, , , ,Y,Y, ,Y,Y,Y,C, , 
-9213543.18798994,3267898.55428422,2231,8700,8650,TARPON SPRINGS,US,28.15,-82.766667,28,9,N,82,46,W,CP05,11411SC,V,CN,N,N,N,Y, ,Y,P,P,P, ,2,M, , ,N,N,N,N, , , , , , , , ,Y,N,Y,Y, ,Y,Y, , , , ,Y, , ,N, , , , , , , , ,Y, , ,Y,Y,Y, ,Y,Y,Y,C, ,S
-9282190.20731246,5653062.5386325,2232,4480,4300,ROCKPORT,US,45.2,-83.383333,45,12,N,83,23,W,CP06,14869,V,OR,P,N,N,Y,Y,Y,M,K,M, ,0,M,Y,N,N,N,N,Y, , , ,N,N,Y,Y, , , , , , , ,Y, , , , , , , ,N, , , , , , , , , , , , , , , , , , , , , 
-9425050.22049716,3484283.27714862,2233,8720,8650,CARRABELLE,US,29.85,-84.666667,29,51,N,84,40,W,CP05,11404SC,V,RN,N,N,N, , ,Y,N,N,P, ,2,M,Y,Y,Y, , , ,Y, , , , , , , ,Y, , , , ,Y,Y, , , , ,Y, , , , , , , , , , , , , , , ,Y,Y, ,Y,Y,Y,C, ,S
-8966784.98339819,5155987.57943276,2234,3460,3400,CONNEAUT,US,41.966667,-80.55,41,58,N,80,33,W,CP06,14824,S,RN,E,N,N,Y,N,Y,M,L,M, ,0,M,N,N, , , ,Y, , , , ,Y,Y, , ,Y,Y,Y,Y,Y,Y,Y, , , , ,Y, , ,N,Y, , , , , ,Y,Y, , ,Y,Y,Y,Y,Y,Y,Y,Y,B, , 
-9326718.00362977,5687357.38384337,2235,4490,4300,CALCITE,US,45.416667,-83.783333,45,25,N,83,47,W,CP06,14864,V,CB,P,N,N,Y,Y, ,M, ,M, ,0,L,N,N,N,N,N,Y, , , ,N,Y,Y,Y, , , , ,Y, , ,Y, , , , ,Y, , ,N, , , , , , , , , , , , , , , , , , , , , 
-9330428.65332288,5692645.17812324,2236,4500,4300,ROGERS CITY,US,45.45,-83.816667,45,27,N,83,49,W,CP06,14864,V,OR,P,N,Y,Y,Y,Y,P,P,P, ,0,M,Y,N,Y,N,N,Y, , , ,N,N,Y,Y, , , , , ,Y, ,Y, , , , ,Y, , ,N, , , , , , , , , , , , , ,Y,Y,Y,Y,Y,C, , 
-8994614.8560965,5146011.67928278,2237,3470,3400,ASHTABULA,US,41.9,-80.8,41,54,N,80,48,W,CP06,14836,S,RB,E,N,N,Y,N,Y,M,M,M,M,0,M,Y,Y, , ,N,Y, , , , ,Y,Y, , ,Y,Y,Y,Y,Y,Y,Y, , , , ,Y, , ,Y,Y, ,Y,Y, , ,Y,Y,Y, , , ,Y,Y,Y,Y,Y,Y,A,L, 
-9460301.3925817,3467181.72900569,2238,8730,8650,APALACHICOLA,US,29.716667,-84.983333,29,43,N,84,59,W,CP05,11401,V,RN,N,N,N,N,Y, ,P,P,Q, ,1,M,Y,Y,N, , ,N,Y, , , , ,Y, , ,Y, ,Y,Y,Y,Y,Y, , , , ,Y, , ,Y,N, , , , , ,N, ,Y, , ,Y,Y,Y,Y,Y,Y,Y,C, ,S
-9050274.60149314,5126091.07194063,2239,3480,3400,FAIRPORT,US,41.766667,-81.3,41,46,N,81,18,W,CP06,14837,S,RN,E,N,N,Y,Y,Y,N,N,N, ,0,M, ,Y, , ,N,Y, , , ,N,Y,Y, , ,Y,Y,Y,Y, ,Y,Y, , , , ,Y, , ,N, , , , , , ,Y, , , , , ,Y,Y,Y,Y,Y,Y,C, , 
-9497407.88951279,3480005.75360326,2240,8740,8650,PORT ST JOE,US,29.816667,-85.316667,29,49,N,85,19,W,CP05,11389,S,CN,N,N,N,N,Y, ,K,M,K,K,1,M,Y,Y,Y,N,Y,Y, , ,Y,N,Y, , , ,Y,Y, ,Y,Y,Y,Y, , , , ,Y, , ,N, , , , ,Y,Y,Y, ,Y, , , ,Y,Y,Y,Y,Y,Y,N, ,S
-9402786.32233851,5724437.7812337,2241,4510,4300,CHEBOYGAN,US,45.65,-84.466667,45,39,N,84,28,W,CP06,14881,S,RN,E,N,N,Y,Y, ,M,N,M,M,0,M, ,Y,Y,N,N,Y, , , , , ,Y,Y, , , , ,Y, , ,Y, , , , ,Y, , ,N, , , , , , , ,Y, , , , ,Y,Y,Y,Y,Y,Y,C, , 
-9430616.19503683,5745695.95780618,2242,4520,4300,MACKINAW CITY,US,45.783333,-84.716667,45,47,N,84,43,W,CP06,14881,V,LC,P,N,N,Y,Y,Y,N,N,M, ,0,M, , ,Y,N,Y,Y, , , ,N,N,Y,Y, , , , , , ,Y,Y, , , , , , , ,N,Y, , , , , ,Y, , , , , ,Y,Y,Y,Y,Y,Y,C, , 
-9096657.72265701,5086373.64928736,2243,3490,3400,CLEVELAND,US,41.5,-81.716667,41,30,N,81,43,W,CP06,14839,L,CB,E,N,N,Y,Y,N,L,L,L,L,0,L,Y,Y,N, ,Y,Y, , , ,Y,Y,Y, ,Y,Y,Y,Y,Y,Y,Y,Y, , , , ,Y,Y, ,Y, ,Y, ,Y,Y, , ,Y,Y, ,Y,Y,Y,Y,Y,Y,Y,Y,A,M,S
-9534514.38644388,3520700.13954776,2244,8750,8650,PANAMA CITY,US,30.133333,-85.65,30,8,N,85,39,W,CP05,11391,S,CN,N,N,N, , ,Y,K,K,K,L,1,M, ,Y,Y,N,Y,Y, , ,Y,Y,Y,Y, , ,Y,Y, ,Y,Y,Y,Y, , , , ,Y,Y, ,N, , ,Y, ,Y, , ,Y,Y, ,Y,Y,Y,Y,N,Y,Y,Y,C, ,S
-9419484.2459575,5756344.11209558,2245,4530,4300,MACKINAC ISLAND,US,45.85,-84.616667,45,51,N,84,37,W,CP06,14881,V,CB,F,N,N,Y,Y,Y,L,L,O, ,0,M,Y,Y,Y,N,Y,Y, , , ,N,N,Y,Y, , , , , , , ,Y, , , , , , , ,N, , , , , , , , , , , , ,Y,Y,Y,Y,Y, , , , 
-9708914.92202001,3555070.43383735,2246,8760,8650,PENSACOLA,US,30.4,-87.216667,30,24,N,87,13,W,CP05,11383,S,CN,N,N,N,N,Y, ,J,O,K,K,1,L,Y,Y,Y, ,Y,Y, , , , ,Y,Y, , ,Y,Y, ,Y,Y,Y,Y, , , , ,Y,Y, ,Y, , , , , , , , ,Y, , ,Y,Y,Y,Y,Y,Y,Y,B, ,S
-9430616.19503683,5756344.11209558,2247,4540,4300,ST IGNACE,US,45.85,-84.716667,45,51,N,84,43,W,CP06,14881,V,CN,F,N,N,Y,Y,Y,M,J,M, ,0,M,Y, ,N,N,Y,Y, , , ,N,N,Y,Y, , , , , ,Y,Y,Y, , , , , , , ,N, , , , , , , , , , , , ,Y,Y,Y,Y,Y,Y, , , 
-9809102.46373396,3591691.87539055,2248,8770,8650,MOBILE,US,30.683333,-88.116667,30,41,N,88,7,W,CP05,11376,L,RN,E,N,N,N,N, ,J,B,J,J,2,L,Y,Y,Y, ,Y,Y, , , , ,Y,Y,Y, ,Y,Y,Y,Y,Y,Y,Y, , , , ,Y,Y, ,Y,Y,Y,Y,Y,Y,Y,Y,Y,Y,Y,Y,Y,Y,Y,Y,Y,Y,Y,A,M, 
-9859196.23459093,3548618.88289875,2249,8780,8650,PASCAGOULA,US,30.35,-88.566667,30,21,N,88,34,W,CP05,11375,S,RN,E,N,N,N,Y,Y,K,M,J,J,2,L,Y,Y,Y,N,Y,Y,Y, ,Y, ,Y,Y, , ,N, , ,Y,Y,Y,Y, , , , ,Y,Y, ,Y, ,Y, ,Y, , , ,Y,Y,Y,Y,Y,Y,Y,Y,Y,Y,Y,A,M,L
-9389799.04841262,5860839.8299478,2250,4560,4300,SAULT STE MARIE,US,46.5,-84.35,46,30,N,84,21,W,CP06,14884,S,RN,E,N,N,Y,Y,Y,L,L,N,M,0,M,Y,Y,Y,N,Y,Y, , , ,N,Y,Y, , ,Y,Y, ,Y,Y, ,Y, , , , ,Y, , ,N, , , ,Y, ,Y,Y, ,Y, , , ,Y,Y,Y,Y,Y,Y,B, , 
-6981587.39758481,1955774.94370358,2251,11400,11392,BASSETERRE,KN,17.3,-62.716667,17,18,N,62,43,W,147,25608,V,OR,F,Y,Y,N,N,N,B,B,L,N,0,L,Y,Y,Y,N,Y,Y,Y, ,Y,N,Y,Y, ,Y,Y, ,Y, ,Y,Y,Y, , , , ,Y,Y, ,Y,Y,Y, ,Y,Y,Y,Y,Y, , , , , ,Y,Y, ,Y,Y,C, ,S
-6885110.50556397,1934409.96402839,2252,11430,11426,ST JOHNS,AG,17.116667,-61.85,17,7,N,61,51,W,147,25575,M,OR,F,N,Y,N,Y,N,K,F,G,H,0,L,Y,Y,Y,Y,Y,Y,Y,Y, , ,Y,Y, , ,Y, ,Y, ,Y, ,Y, , , , ,Y,Y, ,Y,Y,Y, ,Y,Y, ,Y,Y, , , , ,Y,Y,Y,Y,Y, ,C, , 
-8619839.23709248,2290808.9779104,2253,10420,10310,MEDIA LUNA,CU,20.15,-77.433333,20,9,N,77,26,W,147,27206,V,OR,P,Y,Y,N,Y,N,K,M,M, ,1,L,N,Y, ,N, ,Y,Y, , , ,Y,Y, ,Y, , ,Y, , ,Y, ,Y,Y, , ,Y, , ,N, , , , , , , ,Y, , , , , ,N,N,N, , ,N, ,S
-8606851.9631666,2298715.80925039,2254,10430,10310,CEIBA HUECA,CU,20.216667,-77.316667,20,13,N,77,19,W,147,27206,V,OR,P,N,N,N,Y,N,K,K,L,N,1,M, ,Y, ,N, ,Y,Y, , , , ,Y, ,Y, , ,Y, , , ,Y,Y, , , ,Y, , ,N, , , , , , , , , , , , , ,Y,N,N, , ,N, , 
-6276563.95589408,6434738.34362662,2255,1470,1410,SEAL COVE,CA,49.933333,-56.383333,49,56,N,56,23,W,146,14380,V,CN,G,N,N,Y,Y,N,A,A,N, ,3,M,Y, ,N,N,N,N,N,Y, ,N,N,Y,N, , , , , , , ,Y,N, , , , , , ,N, , , , , , , , , , , , ,Y, , , , , , , , 
-8584588.06500795,2314539.65169333,2256,10460,10310,MANZANILLO,CU,20.35,-77.116667,20,21,N,77,7,W,147,27206,V,OR,P,N,N,N,Y,N,K,L,K,L,1,L,Y,Y, ,N,Y,Y,Y, , , ,Y,Y, ,Y, , ,Y, ,Y,Y, ,Y, , , ,Y, , ,Y,N,N,N, , , , ,Y, , , , , ,Y,N,N, ,Y,C, , 
-8777541.84904962,2465563.24133161,2257,10500,10310,JUCARO,CU,21.616667,-78.85,21,37,N,78,51,W,147,27202/1,V,OR,P,N,N,N,N,N,L,K,K, ,1,L,Y,Y,Y,N,Y,Y,Y, ,Y, ,Y,Y, ,Y, , ,Y, ,Y,Y, ,Y, , , ,Y, , ,N, , , , , , , ,Y, , , , ,Y,N,N,N,N,N,N, , 
-6191219.01295257,6440505.09484754,2258,1475,1410,LA SCIE HARBOR,CA,49.966667,-55.616667,49,58,N,55,37,W,146,BA280,V,CN,F,N,N,Y,Y,N,A,A,N, ,1,M,N, ,N,N,N,N,N, , ,N,N,Y,N, , , , , , , ,Y,N, , , , , , ,N, , , , , , , , , , , , , , , , , , , , , 
-8855465.49260491,2467559.03885306,2259,10520,10310,TUNAS DE ZAZA,CU,21.633333,-79.55,21,38,N,79,33,W,147,27186,V,OR,P,N,N,N,Y,N,M,L,L, ,1,M, ,Y, ,N,Y,Y,Y, , , , ,Y, ,Y, , ,Y, , ,Y, ,Y, , , , , , ,N, , , , , , , ,Y, , , , , ,N,N,N, , ,N, , 
-6233891.48442332,6380152.0330312,2260,1510,1410,LITTLE BAY,CA,49.616667,-56,49,37,N,56,0,W,146,14380,V,CN,G,N,N,Y,Y,N,O,M,Q, ,3,M, , ,N,N,N,N,N, , ,N,N,Y,N, , ,Y, , , , ,Y,N, , , , , , ,N, , , , , , , , , , , , , , , , , , , , , 
-6159678.49056114,6300351.688077,2261,1530,1410,BOTWOOD HARBOR,CA,49.15,-55.333333,49,9,N,55,20,W,146,14382,S,CN,G,N,N,Y,Y,N,A,A,L,M,3,L,N, ,Y,N,Y,Y,Y, , ,N,N,Y,N, ,Y,Y, , ,Y, ,Y, ,Y, , ,Y, , ,N, ,Y, , , , ,Y, , ,Y, , ,Y,Y,N,Y, , ,C,S,S
-8903703.93861533,2481536.08127368,2262,10530,10310,CASILDA,CU,21.75,-79.983333,21,45,N,79,59,W,147,27183,M,CN,F,N,N,N,Y,N,M,J,M,M,1,L, ,Y, ,N,Y,Y,Y, ,Y,N,N,Y, ,Y, , ,Y, , ,Y,Y, , , , , , , ,N, , , , , , , ,Y,Y, , , , ,Y,N,N, , ,N, ,S
-6096597.44577828,6388747.25863504,2263,1580,1410,TWILLINGATE HARBOR,CA,49.666667,-54.766667,49,40,N,54,46,W,146,14380,V,CN,P,N,N,Y,Y,N,K,J,K, ,0,M,N,N,Y,N,Y,N,Y, , , ,N, , , , , ,Y, ,Y, ,Y, ,Y, , ,Y, , ,N, , , , , , , , , , , , ,Y,Y,Y,Y, , ,N, , 
-8955653.03431886,2529544.07747785,2264,10540,10310,CIENFUEGOS,CU,22.15,-80.45,22,9,N,80,27,W,147,27163,L,CN,E,Y,N,N,Y,N,J,K,K,J,1,L,Y,Y,Y,N,Y,Y,Y, ,Y,N,Y,Y, ,Y, , ,Y, ,Y,Y,Y, , , , ,Y, , ,N,Y, ,Y, ,Y,Y,Y,Y, , , , , ,Y,Y, ,N,N,C, ,M
-5912920.28596938,6215681.04290064,2265,1595,1410,BONAVISTA HARBOR,CA,48.65,-53.116667,48,39,N,53,7,W,146,14360,V,CB,G,N,N,Y,Y,N,N,H,N, ,0, ,N,N,N,N,N, ,Y,Y, ,N,N,Y,N, ,Y,Y,Y, , , ,Y, ,Y, , , , , ,N, , , , , , , , , , , , ,Y, , , , , , , ,S
-8701473.53034088,2090288.11709939,2266,10600,10590,LUCEA,JM,18.45,-78.166667,18,27,N,78,10,W,147,26130,V,OR,E,N,Y,N,Y,N,M,L,K, ,0,L,Y,Y,N,N,Y,Y,Y, , ,N,N, , , , , ,Y, ,Y, ,Y,Y, , , ,Y,N, ,N, , , , , , , ,Y, , , , ,Y,Y,Y, , , ,C, , 
-5909209.63627627,6190443.80913545,2267,1600,1410,CATALINA HARBOR,CA,48.5,-53.083333,48,30,N,53,5,W,146,14360,S,CN,G,N,N,Y,Y,N,L,L,N,N,1,M,Y, ,Y,N,N,N,Y, , ,N,N,Y, , ,Y,Y,Y,Y, , ,Y, , , , ,Y, , ,N, , , , , , , , ,Y, , , ,Y,Y, , , , , , , 
-8675498.98248912,2092244.06747397,2268,10610,10590,MONTEGO BAY,JM,18.466667,-77.933333,18,28,N,77,56,W,147,26122,S,CB,E,N,Y,N,Y,N,K,L,K,L,0,L, ,Y,Y,Y,Y,Y,Y, , , , ,Y, , , , ,Y, ,Y,Y,Y, , , , ,Y,Y, ,Y,Y, , , , , ,Y,Y,Y, , , , ,Y,Y,Y,N,N,C, , 
-5909209.63627627,6190443.80913545,2269,1605,1410,PORT UNION,CA,48.5,-53.083333,48,30,N,53,5,W,146,14360,V,CN,G,N,N,Y,N,N,L,L,N, ,0,M,N,N,N,N,N,N,Y, , ,N,N,Y,N, ,Y, ,Y,Y, , ,Y, , , , ,Y, , ,N, , , , , , , , ,Y, , , , ,Y,Y, , , , , , 
-8643958.46009769,2094200.20786211,2270,10620,10590,FALMOUTH,JM,18.483333,-77.65,18,29,N,77,39,W,147,26130,V,OR,P,N,N,N,Y,N,H,J,J, ,0,M, , ,N,N,Y,Y,Y,Y, , , , , ,Y,Y,Y, , , , ,Y,Y, , , ,Y, , ,N,Y, , , , , ,Y, , , , , ,Y,Y,Y, , , ,C, , 
-6005686.52829711,6131845.86803904,2271,1611,1410,CLARENVILLE,CA,48.15,-53.95,48,9,N,53,57,W,146,14360,S,CN,G,N,N,Y,N,N,A,H,L,M,1,M,Y,Y,N,N,Y,N,Y, , ,N,N,N, , ,Y,Y,Y, ,Y, ,Y,Y, , , ,Y, , ,N,Y, , , , , ,Y,Y,Y, , , ,Y,Y,Y,Y, , ,D, , 
-8623549.88678559,2092244.06747397,2272,10630,10590,RIO BUENO,JM,18.466667,-77.466667,18,28,N,77,28,W,147,26122,V,OR,F,N,N,N,Y,N,A,A,L, ,0,M, ,Y,N,N,Y,Y, , , , , , , , , ,Y,Y, ,Y, ,Y,Y,Y, , ,Y, , ,N,Y, , ,Y, , , , , , , , ,Y,Y,N,N, , ,C, , 
-5924052.23504871,6062605.10943267,2273,1620,1410,CARBONEAR BAY,CA,47.733333,-53.216667,47,44,N,53,13,W,146,14360,V,CN,F,N,N,Y,N,N,G,F,N,L,0,M,Y,Y,Y,N,N,N,Y,Y, ,N,N,Y,N, ,Y,Y, ,Y, , ,Y, , , , ,Y, , ,N, , , , , , , , , , , , ,Y,Y,N, , , , , , 
-8584588.06500795,2086376.78558147,2274,10660,10590,OCHO RIOS,JM,18.416667,-77.116667,18,25,N,77,7,W,147,26130,V,CN,P,N,N,N,Y,N,G,H,J, ,1,L, ,Y,Y,N,Y,Y, , , ,N,N, , , , , ,Y,Y,Y, ,Y, , , , , ,N, ,N,Y, , , , , ,Y,Y,Y,N,N,N,Y,Y,Y,Y,N,N,C, , 
-5924052.23504871,6054333.54701227,2275,1630,1410,HARBOR GRACE,CA,47.683333,-53.216667,47,41,N,53,13,W,146,14360,S,CN,G,N,N,Y,N,N,M,F,M, ,1,M, ,Y,Y,N,Y,N,Y, , ,N,N,Y, , ,Y,Y, ,Y,Y, ,Y, ,Y, , ,Y, , ,N, , , , , , , ,Y, , , , ,Y,Y,Y,Y,Y,Y,C, ,M
-5929618.20958837,6037814.17385794,2276,1640,1410,BAY ROBERTS HARBOR,CA,47.583333,-53.266667,47,35,N,53,16,W,146,14360,V,CN,G,N,N,Y,N,N,A,L,L, ,3,L,Y, ,N,N,N,N,N, , ,N,N,Y,N, ,Y,Y, ,Y,Y, ,Y, ,Y, , ,Y, , ,N, , , , , , , , ,Y, , , ,Y,Y,Y,Y, , , , , 
-8510375.07114577,2059018.58808304,2277,10710,10590,PORT ANTONIO,JM,18.183333,-76.45,18,11,N,76,27,W,147,26129,S,CN,G,N,N,N,Y,N,L,A,L, ,1,L,Y, , ,N,Y,Y,Y, , ,N,N, , ,Y, , ,Y, ,Y, ,Y, , , , ,Y,N, ,N,N,N,N, , , , ,Y, , , , ,Y,Y,Y,Y, , ,C, , 
-5866537.16480552,6035064.01466324,2278,1670,1410,ST JOHN'S,CA,47.566667,-52.7,47,34,N,52,42,W,146,14365,S,CN,E,N,N,Y,Y,N,J,G,E,F,1,L,Y,Y,Y,N,Y,Y, , , , ,Y,Y,Y, ,Y,Y,Y,Y,Y,Y,Y, , , , ,Y, , ,N,Y,Y,Y, ,Y, , ,Y,Y, ,Y,Y,Y,Y,Y,Y,Y,Y,A,M,L
-5944460.80836081,5898655.39066796,2279,1690,1680,TREPASSEY HARBOR,CA,46.733333,-53.4,46,44,N,53,24,W,146,14360,V,CN,G,Y,N,Y,N,N,J,J,O, ,6,M,Y,N,N,N,N,N,N, , ,N,N,Y,N, , ,Y, , , , ,Y, , , , , , , ,N, , , , , , , , , , , , ,Y,Y, ,Y, , , , , 
-8586443.3898545,2023897.42273216,2280,10772,10730,PORT ESQUIVEL,JM,17.883333,-77.133333,17,53,N,77,8,W,147,26125,V,OR,F,N,N,N,Y,Y,J,J,J,H,0,L,Y,Y,Y,N,Y,Y,Y, , ,N,Y,Y, , , , ,Y, ,Y, ,Y, , , , ,Y,N, ,N, ,Y, , ,Y, ,Y,Y, , , , , ,Y, , , , ,C, , 
-2510254.51738832,9349764.17414691,2281,70,60,KEFLAVIK,IS,64,-22.55,64,0,N,22,33,W,181,38604,V,OR,F,N,N,Y,Y, ,A,A,H, ,5, ,Y,Y,N,N,Y,Y,Y, , ,N,Y,Y, , ,Y,Y,Y,Y,Y, ,Y,Y, , , ,Y, ,N,N, ,Y, , , , ,Y,Y, , , , ,Y,Y,Y,Y,Y,Y,C, ,S
-8638392.48555803,2021947.99597366,2282,10775,10730,PORT KAISER,JM,17.866667,-77.6,17,52,N,77,36,W,147,26124,V,OR,F,N,N,N,Y,N, ,B,J,J,0,L, ,Y,Y,N,Y,Y,Y, , ,N,Y,Y, , , , ,Y, ,Y,Y,Y, , , , , ,N, ,N, ,Y, , , , , ,Y, , , , ,Y,Y,Y,N, , ,C, ,S
-2443462.82291236,9366713.66429228,2283,80,60,HAFNARFJORDUR,IS,64.066667,-21.95,64,4,N,21,57,W,181,38604,V,CN,F,N,Y,N,N, ,L,J,L,J,4,L,Y, ,Y, ,Y,Y,Y, , , ,Y,Y, , ,Y,Y,Y,Y,Y, ,Y,Y, , , ,Y,Y, ,Y, ,Y, , , , ,Y,Y,Y, ,Y,Y,Y,Y,Y,Y,Y,Y,B, ,M
-8697762.88064777,2060971.52570318,2284,10800,10730,SAVANNAH LA MAR,JM,18.2,-78.133333,18,12,N,78,8,W,147,26124,V,OR,P,N,N,N,Y,N,G,M,P, ,1,M,Y,N, ,N,Y,Y,Y, , ,N,N,Y, ,Y,Y,Y,Y, ,Y, , ,Y, , , ,Y, , ,N, , , , , , , ,Y, , , , ,Y,N,N,N,N,N,N, , 
-2441607.4980658,9387957.65138565,2285,100,60,REYKJAVIK,IS,64.15,-21.933333,64,9,N,21,56,W,181,38603,M,CB,G,Y,N,N,Y, ,L,G,L,H,4,L,Y,Y,Y,Y,Y,Y,Y, ,Y,N,Y,Y,Y, ,Y,Y,Y,Y,Y, ,Y, , , , ,Y,Y, ,Y, ,Y,Y,Y,Y, ,Y,Y,Y, ,Y,Y,Y,Y,Y,Y,Y,Y,B,L,L
-8074373.73220544,2064877.96150333,2286,10820,10810,JACMEL,HT,18.233333,-72.533333,18,14,N,72,32,W,147,26206,V,OR,P,N,Y,N,Y,N,M,M,N, ,2,M, , ,Y,N,N, ,Y, , , , ,Y, , , , , , ,Y, , ,Y, , , ,Y, , ,N, , , , , , , , ,Y, , ,Y,Y,Y, , , , ,C, , 
-2627139.98272126,9790710.68516705,2287,160,60,BILDUDALUR,IS,65.683333,-23.6,65,41,N,23,36,W,181,38030,V,CN,F,N,Y,Y,Y,N,N,J,N, ,3, ,Y, ,N,N,N, , , , , , , , , ,Y, , , , , ,Y, , , , ,Y, ,N,N, , , , , , ,Y, ,Y, , , ,Y,Y,N,N,N,N,C, , 
-8135599.45214174,2090288.11709939,2288,10860,10810,MIRAGOANE,HT,18.45,-73.083333,18,27,N,73,5,W,147,26188,V,OR,G,N,N,Y,Y,N,H,G,K, ,1,M, , ,N,N,N,Y,Y, , , ,Y, , , , ,Y, , , , , ,Y, , , ,Y, , ,N, , , , , , , , , , , , , ,Y, , , , , , , 
-8111480.22913653,2088332.35653598,2289,10870,10810,PETIT GOAVE,HT,18.433333,-72.866667,18,26,N,72,52,W,147,26188,V,OR,G,N,N,N,Y,N,C,H,P, ,1,M,Y,Y,N,N,N,Y,Y, , , , , , , , ,Y, , , , , ,Y, , , ,Y, , ,N, , , , , , , , , , , , ,Y,Y, , , , , , , 
-2259785.66310345,9786206.50722709,2290,230,200,BLONDUOS,IS,65.666667,-20.3,65,40,N,20,18,W,181,38683,V,OR,P,N,N,N,N,N,A,A,N, ,3, ,Y, ,N,N,N, , , , , , , , , ,Y, , , , , ,Y, , , , ,Y, ,N,N, , , , , , ,Y, , , , , ,Y,Y, , , , , , , 
-2105793.70083943,9918020.52128756,2291,260,200,SIGLUFJORHURD,IS,66.15,-18.916667,66,9,N,18,55,W,181,38681,V,CN,F,N,Y,Y,Y,N,L,A,L, ,2, ,Y,Y,N,N,Y,Y,Y, , ,N,Y, , , ,Y,Y,Y, ,Y, ,Y, , , , ,Y, , ,N,N,N,N,N,N,N,N, , , , , ,Y,Y,Y,Y,Y,Y,B, ,S
-8053965.15889334,2102026.67360115,2292,10880,10810,PORT AU PRINCE,HT,18.55,-72.35,18,33,N,72,21,W,147,26186,M,OR,G,N,N,N,Y,N,H,G,K,K,1,L,Y, ,Y,Y,Y,Y,Y,Y,Y,N,Y, , ,Y, , ,Y, ,Y, ,Y, ,Y, , ,Y,Y, ,N,Y,Y, , , ,Y,Y,Y,Y,N,N,N,Y,Y,Y, ,N,N,N, ,S
-5398995.30347377,-161430.494148645,2293,12490,12470,BELEM,BR,-1.45,-48.5,1,27,S,48,30,W,124,24294,M,RN,G, , , ,Y, ,O,J,M,K,3,L,Y,Y,Y,Y,Y,Y,Y,Y,Y,N,Y,Y, , ,Y,Y,Y,N,Y,Y,Y,Y, , , ,Y,Y, ,N,Y,Y,Y,Y,Y,Y,Y,Y,Y,Y,N,N, ,Y,Y,Y,Y,Y,B,M,S
-2074253.178448,9899690.68457634,2294,270,200,OLAFSFJORDHUR,IS,66.083333,-18.633333,66,5,N,18,38,W,181,38670,V,CN,P,N,N,Y,Y,N,M,L,N, ,2, ,Y, ,Y,N,N,N, , , ,N,N, , , ,Y, , , , , ,Y, , , , ,Y, , ,N, , , , , , , , ,Y, , , , , , , , , , , ,S
-8441728.05182325,2275005.42700455,2295,10370,10310,SANTIAGO DE CUBA,CU,20.016667,-75.833333,20,1,N,75,50,W,147,26224,M,CN,E,Y,Y,N,Y,Y,L,L,L,J,1,L, ,Y,Y,N,Y,Y,Y, ,Y, ,Y,Y, ,Y, ,N,Y,Y,Y,Y,Y, , , , ,Y, , ,Y, ,Y,Y, , ,Y,Y,Y,Y, , , ,Y,Y,Y,Y, , ,C, ,S
-5510314.79426704,-250533.254857219,2296,12500,12470,CAMETA,BR,-2.25,-49.5,2,15,S,49,30,W,124,24020,V,TH,G, , , , , ,L,G, , ,3, , , , , , , ,Y, , , , , , , ,Y,Y, , ,Y, , ,Y, , , ,Y,Y, , , , , , , , , ,Y,Y,N,N,N,Y, ,Y,Y,N,N, , , 
-9282190.20731246,1576128.74060539,2297,9760,9740,PUERTO CABEZAS,NI,14.016667,-83.383333,14,1,N,83,23,W,148,28104,V,OR,P,N,N,N,Y,N,K,N,M,M,1,M,Y,Y,Y,N,Y,Y,Y, , ,N,N,Y, , , , ,Y,Y, ,Y,Y,Y, , , ,Y,N, ,N, ,Y, , , , ,Y,Y, , , , , ,Y, ,Y, , ,C, ,S
-2013027.4585117,9790710.68516705,2298,310,200,AKUREYRI,IS,65.683333,-18.083333,65,41,N,18,5,W,181,38681,V,CN,F,N,N,Y,Y,N,A,A,J, ,2, ,Y, ,N,N,Y,N,Y, , ,N,Y,Y,Y, ,Y,Y, , ,Y, ,Y, , , , ,Y, , ,N,Y,N,N, , , ,Y, , , , , ,Y,Y,Y,Y, , ,C,M,S
-9241373.06068826,1117006.07692201,2299,9810,9800,PUERTO LIMON,CR,9.983333,-83.016667,9,59,N,83,1,W,148,2804951,V,CB,G,N,Y,N,Y,N,G,H,J, ,1,L,Y, ,Y,N, ,Y,Y, ,Y, ,Y,Y, , ,Y, ,Y,Y,Y,Y,Y, , , , ,Y,Y, ,Y, ,Y, , , ,Y,Y,Y,Y, , ,Y,Y,Y,Y, , , ,C, ,S
-1831205.62354935,9954825.39306927,2300,330,200,KOPASKER,IS,66.283333,-16.45,66,17,N,16,27,W,181,38670,V,CN,P,N,N,Y,Y,N,N,N,O, ,1, ,Y, ,N,N,N, ,Y, , ,N,N, , , ,Y, , , , , ,Y, , , , ,Y, , ,N,N,N,N, , , , , , , , , , , , , , , , , , 
-6091031.47123862,-269101.905557169,2301,12510,12470,SANTAREM,BR,-2.416667,-54.716667,2,25,S,54,43,W,124,UK2229,V,TH,G, , , ,Y,Y,K,G,K, ,2,L,Y,Y,Y,N,Y,Y,Y, , , ,N,Y, ,Y, , ,Y,Y,Y,Y,Y, , , , ,Y,Y, ,N,Y,Y, , , , ,Y,Y, , , , , ,Y,Y, , , ,C, , 
-1651239.11343356,9808756.44299931,2302,380,360,VOPNAFJORDHUR,IS,65.75,-14.833333,65,45,N,14,50,W,181,38650,V,CN,F,N,N,Y,Y,N,A,H,M, ,2, ,N,N,N,N, , , ,Y,Y,N,N, , , ,Y, , , , , ,Y, , , , ,Y, , ,N,Y, , , , , ,Y, , , , , ,Y,Y,Y,Y, , ,N, , 
-1558472.87110583,9678965.81634021,2303,400,360,SEYDHISFJORDHUR,IS,65.266667,-14,65,16,N,14,0,W,181,38641,S,CN,F,N,N,N,N,N,A,J,M, ,2, ,Y,Y,Y,N,N, ,Y, , ,N,N,Y,Y, ,Y,Y,Y,Y,Y, ,Y,Y, , , ,Y,Y,N,N,Y,Y, , , , ,Y, ,Y, , , ,Y,Y,Y,Y, , ,B, ,S
-6506624.23686684,-350833.176634999,2304,12540,12470,ITACOATIARA,BR,-3.15,-58.45,3,9,S,58,27,W,124,24294,V,RN,E, , , ,Y, ,J, ,K, ,0, , , , , , , ,Y, , ,N,N, , , ,Y,Y,Y, ,Y, ,Y,Y, , , ,Y,N, , , , , , , , , ,Y,N,N,N,N,Y, ,Y, ,Y,Y,C, ,S
-6681024.77244297,-348975.059178247,2305,12560,12470,MANAUS,BR,-3.133333,-60.016667,3,8,S,60,1,W,124,24294,S,RN,E,Y,N,N,Y, ,M,C,A,L,11,L,Y,Y,Y,Y,Y,Y,Y, , ,N,Y,Y, ,Y,Y,Y,Y, ,Y,Y,Y,Y, , , ,Y,Y, ,Y,Y,Y,Y, ,Y,Y,Y,Y,N,N,N,N,Y,Y,Y,Y,N,N,B, ,S
-4706959.13570892,-309961.183895511,2306,12600,12575,TUTOIA,BR,-2.783333,-42.283333,2,47,S,42,17,W,124,24260,V,RN,E,Y, , , , ,N,K,N, ,3, , , , , , ,Y,Y,Y,Y, , , , , , ,Y, , ,Y, ,Y,Y, , , , , , , , , , , , , , , , , , , ,Y,Y,Y,Y, , ,D, , 
-4545545.87405867,-322964.449558882,2307,12630,12575,CAMOCIM,BR,-2.9,-40.833333,2,54,S,40,50,W,124,24263,V,RN,G,Y, , ,Y,Y,P,L, , ,3,M, , , , ,Y,Y,Y,Y, , , , , , , ,Y, , ,Y,Y, , , , , ,Y, , , , , , , , , , , , , , , ,Y,Y, ,Y, , ,C, , 
-3877628.92929903,-777443.831473384,2308,12710,12700,CABEDELO,BR,-6.966667,-34.833333,6,58,S,34,50,W,124,24231,S,RN,F,N,N,N,Y, ,O,N,J,N,2,L, , ,Y,N,Y,Y,Y, , ,N,Y,Y, , ,Y, ,Y, ,Y,Y,Y, , , , ,Y, , ,N,Y,Y, ,N,N,N,Y,Y,N,N,N,N, ,Y,Y, , , ,C, ,M
-3881339.57899214,-899084.770986284,2309,12730,12700,RECIFE,BR,-8.05,-34.866667,8,3,S,34,52,W,124,24223,M,CB,F,Y,Y,N,Y,Y,L,L,K,K,2,L, ,Y,Y,Y,Y,Y,Y, , , ,Y,Y, ,Y,Y, ,Y, ,Y,Y,Y, , , , ,Y,Y, ,Y,Y,Y, ,Y, ,Y,Y,Y,Y,Y,Y,Y, ,Y,Y,Y,Y,Y,A, ,M
-8857320.81745147,1000386.09634121,2310,15410,15380,BALBOA,PA,8.95,-79.566667,8,57,N,79,34,W,153,21602/3,M,LC,G,N,N,N,N,Y,H,J,F,K,5,L,Y,Y,Y,Y,Y,Y,Y, ,Y, ,Y,Y,Y,Y,Y,Y,Y,Y,Y,Y,Y,N,N,N,N,Y,Y, ,Y,Y,Y, ,Y, , , ,Y, ,N,Y,Y,Y,Y,Y,Y,Y,Y,A,L,M
-7842458.12638612,5388389.27281933,2311,7160,6585,SACO,US,43.5,-70.45,43,30,N,70,27,W,CP01,13287,V,RN,F,Y,N,Y,Y,N,P,P,P, ,9,M, , ,N,N,N, ,Y, , ,N,N,Y,Y, ,Y, , , , , ,Y, , , , , , , ,N, , , , , , , , , , , , ,Y,Y,Y,Y,Y,Y,C, , 
-3977816.47101298,-1081230.15097762,2312,12750,12700,PORTO DE MACEIO,BR,-9.666667,-35.733333,9,40,S,35,44,W,124,24221,S,CB,F,N,Y,N,Y, ,L,G,K,K,3,L,Y,Y,Y,Y,Y,Y,Y, , ,N,Y,Y, ,Y,Y, ,Y, ,Y,Y,Y,Y, , , ,Y,N, ,N, , ,Y, , , ,Y,Y, , , , , ,Y, ,Y, , ,C, ,L
-7844313.45123268,5367949.83071297,2313,7170,6585,KENNEBUNKPORT,US,43.366667,-70.466667,43,22,N,70,28,W,CP01,13286,V,RN,F,Y,N,Y,Y,N,P,P,P, ,9,M, , ,N,N,N, , , , ,N,N,Y,Y, ,Y, , , , , ,Y, , , , , , , , , , , , , , , , , , , , ,Y, , , ,Y,Y,C, ,S
-9176436.69105885,932825.616571512,2314,15445,15380,PEDREGAL,PA,8.35,-82.433333,8,21,N,82,26,W,153,21581,S,RN,G,Y,N,N,Y, ,O,C,N, ,3,M, , , , ,Y,N,Y,Y,Y,N,N, , ,Y, , ,Y, ,Y,Y,Y,Y, , , ,Y, , ,N,N,N,N,N,N,N,N, , , , , , ,Y,Y, , , ,N, ,S
-7875853.97362411,5324664.64397436,2315,7180,6585,PORTSMOUTH,US,43.083333,-70.75,43,5,N,70,45,W,CP01,13283,S,RN,G,N,N,N,Y,Y,K,C,K,K,8,L,Y,Y,Y,N,Y,Y, , , ,Y,Y,Y, , ,Y,Y,Y,Y,Y,Y,Y, , , , ,Y, , ,N, ,Y, ,Y,Y,Y,Y, , , , , ,Y,Y,Y,Y,Y,Y,C, ,S
-4285800.39554103,-1434989.35446842,2316,12772,12700,ARATU,BR,-12.783333,-38.5,12,47,S,38,30,W,124,24202,S,OR,F,N,N,N,Y, ,E, ,J,J,3,L, ,Y,N,N,Y,Y,Y, , ,N,Y,Y,N, ,Y, ,Y,N,Y,Y,Y,Y,Y,N, ,Y, , , , , , ,N,N,Y,N, , , , , ,N,Y,Y, , , ,C,L,S
-9222819.81222272,923450.59863715,2317,15460,15380,PUERTO ARMUELLES,PA,8.266667,-82.85,8,16,N,82,51,W,153,21581,S,OR,G,N,Y,N,Y, , ,A,J, ,3,M, , , ,N,Y,Y,Y,Y,Y, , ,Y, , , , ,Y, , ,Y,Y,Y, , , ,Y, , , , ,Y, , , , ,Y,Y, , , , ,Y,Y,N,N,N,N,B, ,M
-7566014.72424949,5527553.21543586,2318,6670,6585,COREA,US,44.4,-67.966667,44,24,N,67,58,W,CP01,13324,V,CN,F,Y,Y,Y,Y,N,P,P,P, ,11,M,Y,Y,N,N,Y,N,Y, , ,N,N,Y,Y, ,Y, , , , , ,Y, , , , , , , ,N, , , , , , , , , , , , ,Y,Y,Y,Y, , , , , 
-4298787.66946691,-1431184.64499812,2319,12775,12700,MADRE DE DEUS,BR,-12.75,-38.616667,12,45,S,38,37,W,124,24202,V,OR,G, , , ,Y, ,J, ,O,B,2,L, , , , ,Y,Y,Y, , , ,Y, , , , , ,Y, , , ,Y, , , , ,Y, , ,Y, , , , , , , , , , , , ,Y,Y,Y, ,Y,Y,C, , 
-6862846.60740532,5650429.89156117,2320,6170,6070,GOLDSBORO,CA,45.183333,-61.65,45,11,N,61,39,W,145,14100,V,CN,G,N,N,Y,Y, ,M,M,N, ,4,M,Y,Y,N,N,N,N,N, , ,N,N,Y,Y, , , , , , , ,Y, , , , , , , ,N, , , , , , , , , , , , ,Y,Y, ,Y, , , , , 
-9258070.98430725,964715.773128734,2321,15480,15470,GOLFITO,CR,8.633333,-83.166667,8,38,N,83,10,W,153,21563,S,CN,G,N,N,N,N,N,L,H,L,L,3,L,Y,Y,Y,N,Y,N,Y, , ,N,N, , , ,Y,Y,Y,Y,Y,Y,Y, , , , ,Y,Y, ,Y,N,N,N, , , , ,Y, , , , , ,Y,Y,Y,Y,Y,B, ,M
-4343315.46578422,-1664242.66517404,2322,12810,12700,PORT OF ILHEUS,BR,-14.783333,-39.016667,14,47,S,39,1,W,124,24192,S,CB,F,Y, , ,Y, ,K,J,L,M,2,L,Y,Y, , ,Y,Y,Y, ,Y, ,Y,Y, ,Y,Y, ,Y,Y,Y,Y,Y,Y, , , ,Y,N, ,N, ,Y, , , ,Y,Y,Y, , , , ,Y,Y,Y, , , ,C, ,S
-4649444.06546573,-2555605.25749987,2323,12890,12700,MACAE,BR,-22.366667,-41.766667,22,22,S,41,46,W,124,24160,V,RN,F, , , ,Y, ,P,O, ,N,3, , , , , ,Y, ,Y, , , , , , , , ,Y, , , ,Y, , , , , , , , , , , , , , , , , , , , , ,Y,Y, , , , , , , 
-6870267.90679153,5655695.95698789,2324,6190,6070,STORMONT,CA,45.216667,-61.716667,45,13,N,61,43,W,145,14100,V,CN,G,N,N,Y,Y, ,E,L,N, ,6, ,Y,Y,N,N,N,N,N, , ,N,N,Y,Y, , ,Y, , , , ,Y, , , , , , , ,N, , , , , , , , , , , , , , , , , , , , , 
-9369390.47510052,1054890.54874411,2325,15490,15470,PUERTO QUEPOS,CR,9.433333,-84.166667,9,26,N,84,10,W,153,21561,V,CN,P, ,Y, ,Y, , ,A,L, ,2,M, ,Y,Y,Y,Y,N,Y,Y,Y, , , , , , , ,Y, ,Y,Y,Y,Y, , , ,Y, , , ,Y,Y, , , , ,Y,Y, , , , , ,Y,Y,Y, , ,C, , 
-4677273.93816404,-2627988.03221543,2326,12910,12700,PORTO DO FORNO,BR,-22.966667,-42.016667,22,58,S,42,1,W,124,24160,V,CN,F, , , ,Y, ,J,F,N, ,2,L, ,Y, , ,Y,Y,Y, , ,N,N,Y, ,Y, , ,Y, ,Y, , , , , , , ,Y, , ,Y, ,Y, , , ,Y, , , , , , ,Y,Y, , , ,N, , 
-6892531.80495019,5632022.90146597,2327,6220,6070,SONORA,CA,45.066667,-61.916667,45,4,N,61,55,W,145,14100,V,RN,E,N,N,Y,Y, ,O,O,O, ,4,M,Y,N,N,N,N,N,N, , ,N,N,Y,Y, ,Y,Y, , , , ,Y, , , , , , , ,N, , , , , , , , , , , , ,Y,Y, , , , , , , 
-9430616.19503683,1109471.44809597,2328,15500,15470,PUERTO CALDERA,CR,9.916667,-84.716667,9,55,N,84,43,W,153,21546/4,V,CN,F,N,N,N,N,N,J,H,L,K,3,L, , , ,N,Y,Y,Y, , , ,Y,Y,Y,Y,Y,Y,Y,Y,Y,Y,Y, , , , ,Y,N, , , ,Y, ,Y,Y,Y,Y,Y, , , , , ,Y,Y, , , ,C, , 
-4933308.76698857,-2634034.31346043,2329,12940,12700,ANGRA DOS REIS,BR,-23.016667,-44.316667,23,1,S,44,19,W,124,24154,S,CN,G,N,N,N,Y,N,K,M,M, ,1,M,Y,Y, ,N,Y,Y,Y, ,Y,N,Y,Y, ,Y, , ,Y, , ,Y,Y,Y, , , ,Y, , , ,Y,Y,Y, , ,Y,Y,Y, , , , , ,Y,Y, ,N,N,B, ,S
-7029825.84359523,5587476.0046331,2330,6330,6070,MUSQUODOBOIT HARBOUR,CA,44.783333,-63.15,44,47,N,63,9,W,145,14083,V,CN,E,N,Y,N,Y, ,P, ,N, ,4,M,Y,N,N,N,N,N,N, , ,N,N,Y, , ,Y,Y, , , ,Y,Y, , , , , , , ,N, , , , , , , , , , , , ,Y, , , , , , , , 
-5053904.88201462,-2729056.10763308,2331,12960,12700,SAO SEBASTIAO,BR,-23.8,-45.4,23,48,S,45,24,W,124,24149,S,OR,P,N,N,N,Y,Y,K,C,L,D,1,L,Y,Y,Y,N,Y,Y,Y, , , ,Y,Y,Y,Y,Y,Y,Y, ,Y, ,Y,Y, , , ,Y,Y,N,Y, ,Y, , , , ,Y,Y, , , , , ,Y,Y,Y,N,N,C, , 
-7078064.28960565,5566588.42148956,2332,6340,6070,HALIFAX,CA,44.65,-63.583333,44,39,N,63,35,W,145,14089,L,CN,E,N,N,N,N,Y,C,H,F,G,2,L,Y,Y,Y,Y,Y,Y, , ,Y, ,Y,Y,Y, ,Y,Y,Y,Y,Y,Y,Y, , , , ,Y, , ,Y,Y,Y,Y,Y,Y,Y,Y,Y,Y, ,Y,Y,Y,Y,Y,Y,Y,Y,A,M,L
-5154092.42372857,-2747316.57424721,2333,12970,12700,SANTOS,BR,-23.95,-46.3,23,57,S,46,18,W,124,24142/51,L,CN,G,Y,N,N,Y,Y,H,K,J,J,1,L,Y,Y,Y,Y,Y,Y,Y, ,Y,Y,Y,Y,Y,Y,Y, ,Y, ,Y,Y,Y, ,Y, , ,Y,Y, ,Y,Y,Y, , ,Y,Y,Y,Y,Y,Y,Y,Y,Y,Y,Y,Y,N,N,A,M,L
-7079919.6144522,5537946.24029726,2334,6350,6070,SAMBRO,CA,44.466667,-63.6,44,28,N,63,36,W,145,14087,V,CN,P,N,N,N,Y, ,J,J,O, ,0,M,Y,Y,N,N,Y,N,Y, , ,N,N,Y,Y, ,Y, , , , , ,Y, , , , , , , ,N, , , , , , , , , , , , ,Y, , , , , , , , 
-9443603.46896271,1117006.07692201,2335,15510,15470,PUNTARENAS,CR,9.983333,-84.833333,9,59,N,84,50,W,153,21546/4,V,OR,F,N,Y,N,Y,N,K,L,L,M,3,L,N, ,Y,N,Y,Y,Y, , , ,Y,Y,Y,Y,Y,Y,Y,Y,Y,Y,Y,Y, , , ,Y,Y, ,N, ,Y, , , , ,Y,Y, , , , ,Y,Y, , , , ,B, ,S
-6057635.62400064,628112.594875729,2336,12420,12395,MOENGO,SR,5.633333,-54.416667,5,38,N,54,25,W,124,24028,V,RN,E,Y,N,N,Y,N,P, ,M,M,1,L,Y,Y, , ,Y,Y, , , , ,Y,Y, ,Y, , ,Y, ,Y, ,Y, , , , ,Y,N, ,N, , ,Y, , ,Y, , , , , , , ,Y,Y, , , ,N, , 
-7159698.58285405,5524956.81011068,2337,6390,6070,LUNENBURG,CA,44.383333,-64.316667,44,23,N,64,19,W,145,14085,S,CN,E,N,N,N,Y, ,M,N,N, ,0,M,N,N,Y,N,Y,N,Y, ,Y,N,Y,Y,Y, ,Y,Y, , , ,Y,Y, , , , ,Y, , ,N,Y, , , , ,Y, , ,Y, ,Y,Y,Y,Y,Y,Y,Y,Y,B, ,L
-7970475.54079839,1190551.25068037,2338,11960,11950,MARACAIBO,VE,10.633333,-71.6,10,38,N,71,36,W,148,24484,M,OR,E,Y,Y,N,Y,N,K,A,K, ,0,L,Y,Y,Y,Y,Y,Y,Y, ,Y,N,Y,Y, ,Y, , ,Y,Y,Y, ,Y,Y,Y, , ,Y,Y, ,Y,Y,Y,Y,Y, , ,Y,Y,Y,N,N,Y,Y,Y,Y,Y,N,N,C, ,L
-9658821.15116304,1366580.05555546,2339,15545,15520,PUERTO SANDINO,NI,12.183333,-86.766667,12,11,N,86,46,W,153,21542,V,OR,P,N,N,N,Y, ,K,H,O,G,1,L,Y, ,Y,N,Y,N,Y, ,Y,N,Y,Y, , , , ,Y, ,N, , ,Y, , , ,Y,N, , , ,Y, , , , ,Y,Y, ,N,N, ,N,Y,Y,Y,N,N,N, , 
-7248754.17548866,5419133.25936227,2340,6420,6070,LOCKEPORT,CA,43.7,-65.116667,43,42,N,65,7,W,145,14068,V,CB,G,N,Y,N,Y, ,O,N,N, ,0, ,Y,N,N,N,Y,N,Y, , ,N,N,Y,Y, , , , , , , ,Y, , , , ,Y, , ,N, , , , , , , , , , , , , ,Y,Y, , , , , , 
-7911105.14570864,1094406.77727121,2341,11980,11950,SAN LORENZO,VE,9.783333,-71.066667,9,47,N,71,4,W,148,24481,V,LC,F,N,N,N,Y,Y,J,K, ,K,1,L, ,Y, , ,Y,Y, , , , ,Y,Y, ,Y, , ,Y, , , ,Y, , , , , , , ,Y,Y, , , , , ,Y,Y, , ,Y,Y, ,Y, , , , ,C, , 
-7321111.84450429,5561374.03283915,2342,6470,6070,DIGBY,CA,44.616667,-65.766667,44,37,N,65,46,W,145,14042,S,CN,E,Y,N,N,Y, ,J,J,B, ,7,M,N, ,Y,N,Y,N,Y, ,Y,Y,N,Y, , ,Y,Y,Y,Y, ,Y,Y, , , , ,Y, , ,N, ,Y, , , , , ,Y,Y, , , ,Y,Y,Y,Y, , ,C, , 
-9703348.94748035,1400764.87998169,2343,15550,15520,CORINTO,NI,12.483333,-87.166667,12,29,N,87,10,W,153,21525,S,RN,G,Y,Y,N,Y, ,H,L,H,H,1,L,Y, ,Y,N,Y,Y,Y, ,Y, ,Y,Y, , , , ,Y, ,N,Y,Y,Y,Y, , ,Y,N, , , ,Y, , , ,Y,Y,Y, ,N,N, ,Y,Y,N,N,N,N,C, ,M
-7968620.21595183,1207545.11425329,2344,12032,11950,PUNTA DE PALMAS,VE,10.783333,-71.583333,10,47,N,71,35,W,148,24484/2,V,LC,F,N,N,N,Y,N,H, , ,H,1,L, ,Y, , ,Y,Y,Y, , , ,Y,Y, , , , ,Y,Y,Y, ,Y,Y,Y, , , , , ,N, , , , , , , ,Y, , , , , ,Y,Y,Y, , ,C,S, 
-7293281.97180597,5582249.59411092,2345,6480,6070,ANNAPOLIS ROYAL,CA,44.75,-65.516667,44,45,N,65,31,W,145,14042,V,RN,E,Y,N,N,Y, ,L,K,K, ,26,M,N,N,Y,N,Y,N,Y,Y, ,N,N,Y,Y, ,Y, , , , ,Y,Y, , , , ,Y, , ,N, , , , , , , ,Y, , , , , , , , , , , ,M,M
-9734889.46987177,1505468.57179593,2346,15570,15560,PUERTO DE SAN LORENZO,HN,13.4,-87.45,13,24,N,87,27,W,153,21526,V,RN,F, , , ,N, ,L,M,K,K,2,L, , , ,N,Y,N,Y,Y, , ,Y, , ,Y,Y,Y,Y, , , ,Y,Y, , , ,Y,N, ,N, , , , , , , ,Y, , , , , ,Y,N,N, , ,C, , 
-7141145.3343885,5621521.48619207,2347,6500,6070,WINDSOR,CA,45,-64.15,45,0,N,64,9,W,145,14040,V,RN,E,Y,N,N,Y, ,M, ,M, ,0,M,N,N,Y,N,Y,N,Y, ,Y,N,N,Y,Y, , ,Y, , , ,Y,Y, , , , ,Y, , ,N, , , , , , , ,Y, , , , ,Y,Y,Y,Y, , ,C, , 
-9777561.94134253,1497840.63525467,2348,15600,15590,LA UNION,SV,13.333333,-87.833333,13,20,N,87,50,W,153,21521/9,V,CN,G,Y,N,N,Y,Y,N,J,G,M,2,L, , ,Y,N,Y,N,Y,Y,Y,N,N, , , ,Y,Y,Y, , ,Y,Y,Y, , , ,Y,Y, ,N, , , , , , , ,Y, , , , ,Y,Y,Y,Y, , ,C, ,S
-7974186.1904915,1177339.58100847,2349,12034,11950,BAJO GRANDE,VE,10.516667,-71.633333,10,31,N,71,38,W,148,24482,V,LC,F,N,N,N,Y,N,H, , ,H,1,L, ,Y, , ,Y,Y,Y,Y,Y, ,Y,Y, ,Y, , ,Y,Y,Y, ,Y,Y, , , , , , ,Y, , , , , , , ,Y, , , , , ,Y,Y, , , ,C, , 
-7352652.36689572,5663600.84651225,2350,6550,6070,ST JOHN,CA,45.266667,-66.05,45,16,N,66,3,W,145,14044,M,CB,E,N,N,Y,Y,N,L,K,J,A,9,L,Y,Y,Y,Y,Y,Y,Y, , , ,Y,Y,Y, ,Y,Y,Y,Y,Y,Y,Y, , , , ,Y,Y, ,N, ,Y,Y,Y,Y,Y, ,Y,Y, ,Y,Y,Y,Y,Y,Y,Y,Y,A,L, 
-7818338.90338091,1304007.45364199,2351,12050,11950,PUNTA CARDON,VE,11.633333,-70.233333,11,38,N,70,14,W,148,24471,S,OR,P,N, ,N, ,N, ,E,L,B,0,L,Y,Y, ,Y,Y,Y,Y, , , ,Y,Y, ,Y, , ,Y,Y,Y, ,Y, , , , ,Y, , ,Y, , , , , , , ,Y, , , , ,Y,Y,Y,Y,N,N,D, , 
-7473248.48192177,5645166.90857427,2352,6575,6070,PORT BAYSIDE NB,CA,45.15,-67.133333,45,9,N,67,8,W,145,13398,V,RN, , , , , ,N, ,L, , ,0, , , , , , , ,Y, , , , , , , ,Y, , , , ,Y, ,Y, , , , , , , ,Y, , ,Y, , , ,Y, , , , , ,Y, , , , , , , 
-7818338.90338091,1317269.89523635,2353,12070,11950,AMUAY (BAHIA DE AMUAY),VE,11.75,-70.233333,11,45,N,70,14,W,148,24471,S,OR,F,N,N,N,Y,N,J,M, ,H,0,L,Y,Y,Y,N,Y,Y,Y, , , ,Y,Y, ,Y, , ,Y,Y,Y, ,Y, , , , ,Y, , ,Y, ,Y,Y, ,Y,Y, , , , ,Y,Y,Y,Y,Y,Y, , ,D, , 
-10000200.9229291,1526456.33602617,2354,15640,15590,ACAJUTLA,SV,13.583333,-89.833333,13,35,N,89,50,W,153,21524,V,CB,P,N,N,N,N,N, ,C,J,H,2,L,Y, ,Y,N,Y,Y,Y, ,Y,N,Y, ,N,Y,Y,Y,Y,Y,N,Y,Y, , , , ,Y,Y, ,N,Y,Y, , ,Y,Y, ,Y,N,N,N,N,Y,Y,Y, , , ,C, ,S
-7456550.55830277,5605792.24720735,2355,6600,6585,EASTPORT,US,44.9,-66.983333,44,54,N,66,59,W,CP01,13396,V,CN,F,N,N,N,Y,N,H,H,M, ,18,L,N, ,Y,Y,Y,Y, , , ,N,Y,Y, , ,Y, , , ,Y,N,Y, , , , ,Y, , ,N,Y, , , , , ,Y, ,Y, , , ,Y,Y,Y,Y, , ,C, , 
-7456550.55830277,5600555.24866905,2356,6610,6585,LUBEC,US,44.866667,-66.983333,44,52,N,66,59,W,CP01,13396,V,CN,G,N,N,N,Y,N,J,A,J, ,18,M, ,N,Y,N,N,N,N, , ,N,N, , , ,Y, , , ,N,N,Y, , , , ,Y, , ,N,Y, , , , , ,Y, , , , , ,Y,Y, ,Y,N,N,C, ,S
-10107809.7640292,1564657.66250136,2357,15660,15650,PUERTO QUETZAL,GT,13.916667,-90.8,13,55,N,90,48,W,153,21483,V,CB,F,Y,Y,N,Y,Y,G,A,G,H,2,L,Y,Y,Y,N,Y,Y,Y, , , ,Y,Y, , ,Y,Y,Y,Y,Y,N,Y, , , , ,Y,Y, ,Y,Y,Y, , , ,Y,Y,Y, , , , ,Y,Y,Y, , , ,C, , 
-7502933.67946664,5574415.62665529,2358,6620,6585,MACHIASPORT,US,44.7,-67.4,44,42,N,67,24,W,CP01,13326,V,CN,G,N,N,N,Y,N,M,K,P, ,13,M, , ,Y,N,N,N,N, , ,N,N, , , ,Y, , , , , ,Y, , , , , , , ,N, , , , , , , , , , , , ,Y, , ,Y, , ,C, ,S
-7510354.97885286,5577026.19690347,2359,6630,6585,MACHIAS,US,44.716667,-67.466667,44,43,N,67,28,W,CP01,13326,V,RN,G,Y,N,Y,N,N,P,J,Q, ,13,M,Y,Y,N,N,N,N,Y, , ,N,N,Y,Y, ,Y, , , , , ,Y, , , , ,Y, , ,N,Y, , , , , ,Y, , , , , ,Y,Y, ,Y, , ,C, ,S
-10291486.9238381,1654650.28731549,2360,15710,15700,PUERTO MADERO,MX,14.7,-92.45,14,42,N,92,27,W,153,21478,V,RB,F,N,N,N,Y,Y,L,J,F,M,1,M,Y,Y,Y,N,Y,Y,Y, , ,N,Y,Y, ,Y, , ,Y,Y,Y,Y, ,Y, , , , ,Y, , ,N,N,N, , , , ,Y, , , , ,Y,Y,Y,N, , ,C,S,S
-7527052.90247185,5548351.14172033,2361,6640,6585,JONESPORT,US,44.533333,-67.616667,44,32,N,67,37,W,CP01,13326,V,CN,G,N,N,Y,Y,N,P,O,P, ,12,M,Y,Y,Y,N,Y,N,Y, , ,N,N,Y,Y, ,Y, , , , , ,Y, , , , ,Y, , ,N, , , , , , , , , , , , ,Y,Y,Y,Y,Y,Y,C, ,S
-10597615.5235196,1824031.78143291,2362,15730,15700,SALINA CRUZ,MX,16.166667,-95.2,16,10,N,95,12,W,153,21441,S,CB,G,Y,N,N,Y, ,J,M,K,K,2,L,Y,Y,Y, ,Y,Y,Y, , ,N,Y,Y, ,Y, , ,Y,Y,N,Y,Y, , , , ,Y,Y, , , ,Y, , , , ,Y,Y, , , , , ,Y,Y,Y, , ,C,M,M
-7554882.77517017,5545748.80068163,2363,6650,6585,WYMAN,US,44.516667,-67.866667,44,31,N,67,52,W,CP01,13324,V,CN,G,N,N,Y,Y,N,P,P,P, ,11,M,Y,Y,N,N,Y,N,Y, , ,N,N,Y,Y, ,Y, , , , , ,Y, , , , , ,Y, ,N, , , , , , , , , , , , ,Y,Y,Y,Y, , , , , 
-9029866.02818104,-566617.912505072,2364,15170,14830,PAITA,PE,-5.083333,-81.116667,5,5,S,81,7,W,125,22124,V,OR,G,Y,N,N,Y, ,K,D,G,K,4,L,Y,Y,Y,N,Y,Y,Y, ,Y, ,Y,Y, , ,Y,Y,Y, ,Y,Y,Y,Y, , , ,Y,Y, ,N,Y,Y, , , , ,Y,Y,Y,N,Y,Y,Y,Y, , ,N,N,C, , 
-7556738.10001672,5548351.14172033,2365,6660,6585,MILBRIDGE,US,44.533333,-67.883333,44,32,N,67,53,W,CP01,13324,V,RN,G,N,Y,Y,Y,Y,P,O,P, ,11,M, , ,N,N,Y,N,Y, , ,N,N,Y,Y, ,Y, , , , , ,Y, , , , ,Y, , ,N, , , , , , , , , , , , ,Y,Y, ,Y, , , , , 
-6790488.93838969,5674151.53822234,2366,6100,6070,CANSO,CA,45.333333,-61,45,20,N,61,0,W,145,14111,V,CN,G,N,N,Y,Y, ,J,L,N, ,2,M, , ,Y,N,N,N,N,N,Y,N,N,Y,Y, ,Y,Y,Y,Y, , ,Y, , , , ,Y, , ,N, , , , , , , ,Y,Y, , , ,Y,Y,Y,Y,Y,Y, , , 
-9048419.27664659,-510759.35543172,2367,15190,14830,TALARA,PE,-4.583333,-81.283333,4,35,S,81,17,W,125,22121,S,CN,F,Y,N,N,Y, ,E,O,J,J,5,L,Y, ,N,N,Y,Y,Y, ,Y,N,Y,Y,Y,Y,Y,Y,Y, ,Y,Y,Y,Y, , , ,Y,Y, ,N,Y,Y, , , , ,Y,Y,Y,Y, , ,Y,Y,Y,Y, , ,A, ,L
-8144876.07637452,-4402001.7883975,2368,14415,14070,BAHIA SAN VICENTE,CL,-36.733333,-73.166667,36,44,S,73,10,W,125,22314,V,CN,F,N,N,N, , ,A,D,J,H,1,L,Y, , ,N,Y,Y,Y, , , ,Y,Y, ,Y,Y,Y,Y,Y,Y,Y,Y,Y, , , ,Y, , ,Y,Y,Y,Y,Y, ,Y, , ,Y, , , ,Y,Y,Y,Y,Y,Y,B,L,M
-8137454.7769883,-4397372.74446224,2369,14420,14070,TALCAHUANO,CL,-36.7,-73.1,36,42,S,73,6,W,125,22311,S,CN,G,N,N,N,N,N,A,H,L,L,1,L,Y,Y, , ,Y,Y,Y, ,Y, ,Y,Y, ,Y,Y,Y,Y,Y,Y,Y,Y,Y,Y, , ,Y, , ,N,Y,Y,Y,Y,Y,Y,Y,Y,N,N,Y,Y,Y,Y,Y,Y,Y,Y,A,M,M
-13614373.7240174,6098540.6437777,2370,17780,16000,MUKILTEO,US,47.95,-122.3,47,57,N,122,18,W,CP07,18443,V,CN,E, , , , , ,J,J,J, ,7, , , ,Y, , ,Y, , ,Y, , ,Y, , ,Y,Y,Y,Y,Y,Y,Y,Y, , , ,Y,Y, , , ,Y, , ,Y, , ,Y,Y,Y,Y,Y,Y,Y,Y,Y,Y,Y,C, ,S
-8265472.19140056,4943750.21599007,2371,7950,6585,MAURER,US,40.533333,-74.25,40,32,N,74,15,W,CP02,12331,V,RN,G,N,N,N,Y,Y,J,J,J, ,5, , , ,Y,N,Y,Y, , , , ,Y,Y,N, ,Y, , , ,Y,Y,Y, , , , ,Y, , ,N, , , , , , , , ,Y,Y, , ,Y,Y,Y,Y,Y,Y,B, , 
-8124467.50306242,-4399687.01535857,2372,14425,14070,LIRQUEN,CL,-36.716667,-72.983333,36,43,S,72,59,W,125,22311,V,CN,G,N,N,N,Y,N, ,G,H, ,1,M, , , ,Y,Y,Y,Y, , , ,Y,Y, ,Y,Y, ,Y, , ,Y,Y,Y, , , ,Y, , ,Y,N,Y,N,N,N,N,N, , , , , ,Y,Y,Y, ,Y,Y,B, ,M
-13605097.0997846,6106854.83488507,2373,17790,16000,EVERETT,US,48,-122.216667,48,0,N,122,13,W,CP07,18444,S,CN,E,N,N,N, ,Y,M,K,J, ,7,L, , ,Y, , ,Y, , ,Y, ,Y,Y, , ,Y,Y,Y,Y,Y,Y,Y,Y, , , ,Y,Y, ,N, ,Y, , ,Y, , ,Y,Y,Y,Y,Y,Y,Y,Y,Y,Y,Y,C, ,S
-8267327.51624712,4938869.1757863,2374,7960,6585,PERTH AMBOY,US,40.5,-74.266667,40,30,N,74,16,W,CP02,12331,S,RN,G,N,N,N,Y,Y,J,L,L,J,5,L,Y, ,Y,N,Y,Y, , , , ,Y,Y,N, ,Y, , , ,Y,Y,Y, , , , ,Y, , ,N, , , , , , , , , ,Y,Y, ,Y,Y,Y,Y,Y,Y,A,S, 
-8126322.82790897,-4399687.01535857,2375,14440,14070,PENCO,CL,-36.716667,-73,36,43,S,73,0,W,125,22311,V,CN,G,N,N,N,Y,N, ,J,K, ,4,L, , ,N,N,Y,Y,Y, , , , , , , , , , , , , ,Y,Y, , , , , , ,N, , , , , , , , , , , , , , , , , , , , , 
-8278459.46532644,4933990.56029121,2376,7970,6585,SAYREVILLE,US,40.466667,-74.366667,40,28,N,74,22,W,CP02,12332,V,CN,G,N,N,N,Y,Y,O,O,O, ,5,M, , , , , ,Y, , , ,N,N,Y,N, ,Y, , , , , ,Y, , , , ,Y, , ,N, , , , , , , , , , , , ,Y,Y, , , , ,C, , 
-7972330.86564494,-3972990.15311531,2377,14470,14070,PUERTO SAN ANTONIO,CL,-33.583333,-71.616667,33,35,S,71,37,W,125,22294,S,CB,G,Y,Y,N,Y,N,A,A,J,K,4,L,Y,Y,Y,N,Y,Y,Y, ,Y, ,Y,Y, ,Y,Y,Y,Y,Y, ,Y,Y,Y, , , ,Y, , ,N,Y,Y, , ,Y, , , , , , , ,Y,Y,Y,Y, , ,B, ,M
-13657046.1954881,6145761.34675904,2378,17840,16000,COUPEVILLE,US,48.233333,-122.683333,48,14,N,122,41,W,CP07,18441,V,CN,E,N,N,N,Y, , , ,O, ,8, , , , , , ,Y, , , , , , , , ,Y, , , , , ,Y, , , , , , , , , , , , , , , , , , , , , , , ,Y, , , , , 
-13681165.4184933,6182047.99917679,2379,17900,16000,RICHARDSON,US,48.45,-122.9,48,27,N,122,54,W,CP07,18434,V,CN,E,N,N,N, ,Y, , , ,N,4, , , , , , ,Y, , , , , , , , ,Y, , , , , ,Y, , , , , , , , , , , , , , , , , , , , ,Y,Y, ,Y, , , , , 
-7972330.86564494,-3899729.24214017,2380,14500,14070,BAHIA DE VALPARAISO,CL,-33.033333,-71.616667,33,2,S,71,37,W,125,22293,M,CB,F,N,N,N,N,N,A,A,J,G,1,L,Y, ,Y,Y,Y,Y,Y, ,Y, ,Y,Y,Y, ,Y,Y,Y,Y,Y,Y,Y, , , , ,Y,N, ,N,Y,Y,Y,Y,Y,Y,Y,Y,Y,Y,Y,Y,Y,Y,Y,Y,Y,Y,A,S, 
-8267327.51624712,4936429.56520393,2381,7980,6585,SOUTH AMBOY,US,40.483333,-74.266667,40,29,N,74,16,W,CP02,12332,S,CN,G,N,N,N,Y,Y,K,K,L, ,5,M, , ,N,N,N,Y, , , ,Y,N,Y,N, ,Y, , , , , ,Y, , , , ,Y, , ,N, , , , , , , , , , , , ,Y,Y, , ,Y,Y,C, , 
-7963054.24141217,-3864373.66276605,2382,14510,14070,BAHIA QUINTERO (VENTANAS),CL,-32.766667,-71.533333,32,46,S,71,32,W,125,22293,V,OR,F,N,N,N,Y,Y, ,D,G,A,1,L,N,Y, ,N,Y,Y,Y, , ,N,Y,Y, ,Y, ,Y,Y, ,Y,Y,Y,Y, , , ,Y,N, ,N, ,Y, , , , ,Y,Y, , , , ,Y,Y,Y,N, , ,C, , 
-8245063.61808846,4929114.36544742,2383,7990,6585,LEONARDO,US,40.433333,-74.066667,40,26,N,74,4,W,CP02,12330,S,CN,F,N,N,N,Y,N,K,J,J, ,5,M, ,Y,N,N, ,Y, , , , , ,Y, , ,Y, , , , ,Y,Y, , , , ,Y, , ,N, , , , , , ,Y, , , , ,Y, ,Y, ,Y, , , , ,S
-13794340.2341332,5807098.01525977,2384,16840,16000,WARRENTON,US,46.166667,-123.916667,46,10,N,123,55,W,CP07,18521,V,RN,E, , ,N,N,Y,P, , , ,7, , ,Y, , ,Y, ,Y, , , , , , , ,Y, , , ,Y,Y,Y,Y, , , ,Y,Y, , , , , , , , , ,N,Y,N,Y, ,Y,Y, , , , ,C, ,S
-7944500.99294662,-3499265.87349281,2385,14560,14070,BAHIA HERRADURA GUAYACAN,CL,-29.966667,-71.366667,29,58,S,71,22,W,125,22282,V,OR,G,N,N,N,Y,N,F,H,K,F,2,L,Y, ,Y,N,Y,Y,Y, ,N,N,N,Y, ,Y, ,Y,Y, ,Y,Y,Y,Y, , , ,Y,N, ,N, , , , , , , , , , , , ,Y,Y,Y,Y, , ,C, , 
-8248774.26778157,4832092.62419225,2386,8000,6585,BARNEGAT,US,39.766667,-74.1,39,46,N,74,6,W,CP03,12324SC,V,CN,G,N,N,N,Y,Y,P,P,P, ,3,M, , ,N,N, , , ,Y,Y,N,N,Y, , ,Y, , , , ,Y,Y, , , , ,Y, , ,N, , , , , , , , , , , , ,Y,Y,Y,Y, , ,C, ,S
-13785063.6099004,5812457.49134197,2387,16850,16000,ASTORIA,US,46.2,-123.833333,46,12,N,123,50,W,CP07,18521,S,RN,E, , ,N,N,Y,H, ,K,E,7,L, ,Y,Y, ,Y,N,Y, ,Y, ,Y,Y, , ,Y,Y,Y,Y,Y,Y,Y, , , , ,Y,Y, ,N,Y, , ,Y, , , ,Y,Y,Y,Y,Y,Y,Y,Y,Y,Y,Y,B, ,M
-8284025.43986611,4774330.34987147,2388,8020,6585,ATLANTIC CITY,US,39.366667,-74.416667,39,22,N,74,25,W,CP03,12316SC,V,CN,G,N,N,N,Y,Y,P,O,J, ,4,M, , ,N,N, ,Y, , , , , ,Y, , ,Y, , , ,Y,Y,Y, , , , ,Y, , ,N, , , , , , , , , , , , ,Y,Y,Y,Y, , ,C, , 
-8402766.2300456,4817620.76512138,2389,8025,6585,SALEM NJ,US,39.666667,-75.483333,39,40,N,75,29,W,CP03,12311,V,RN,E,N,N,N,Y,Y,D,K,D,D,6,M,Y,Y,Y,Y,Y,Y, , , ,Y, ,Y, , ,Y, , ,Y,Y,Y,Y, , , , ,Y,Y, , ,Y,Y,Y,Y,Y,Y,Y,Y,Y, ,Y,Y,Y,Y,Y,Y,Y,Y,A, ,S
-13775786.9856676,5812457.49134197,2390,16870,16000,TONGUE POINT,US,46.2,-123.75,46,12,N,123,45,W,CP07,18521,V,RN,E,N,N,N,Y,Y,K, ,N, ,7, , ,Y, , , , ,Y, ,Y, ,Y, , , ,Y, ,Y, ,Y,Y,Y, , , , , , , , , , , , , , , , , , , , ,Y,Y,Y,Y,Y,Y,B, , 
-8412042.85427837,4815210.82627579,2391,8030,6585,NEW CASTLE,US,39.65,-75.566667,39,39,N,75,34,W,CP03,12311,V,RN,G,N,N,N,Y,Y,L,P,O, ,5,L, , ,N,N, ,Y, , , , , ,Y, , ,Y, , , , , ,Y, , , , ,Y, , ,N, , , , , , ,Y, , , , , , , , , , , , , , 
-13627360.9979432,4553559.23640091,2392,16300,16000,SAN FRANCISCO,US,37.816667,-122.416667,37,49,N,122,25,W,CP07,18650,L,CN,E,N,N,N,Y,Y,K,L,J,J,4,L, ,Y,Y,Y,Y,Y,Y, ,Y,Y,Y,Y,Y,Y,Y,Y,Y,Y,Y,Y,Y,Y, , , ,Y,Y,Y,Y,Y,Y,Y,Y, , , ,Y,Y,Y,Y,Y,Y,Y,Y,Y,Y,Y,A,M,L
-8406476.87973871,4822442.38744278,2393,8040,6585,DEEPWATER POINT,US,39.7,-75.516667,39,42,N,75,31,W,CP03,12311,V,RN,G,N,N,N,Y,Y,M,M,L, ,6,L, , ,N,N, ,Y, , , , , ,Y, , ,Y, , , , ,Y,Y, , , , ,Y, , ,N, , , , , , , , , , , , , , , , , , , , , 
-8410187.52943182,4827266.33917101,2394,8050,6585,WILMINGTON,US,39.733333,-75.55,39,44,N,75,33,W,CP03,12311,M,RN,G,N,N,N,Y,Y,M,M,H,J,6,L, , ,Y,N,Y,Y, , , ,Y,Y,Y, , ,Y,Y,Y,Y,Y,Y,Y, , , , ,Y,Y, ,N,Y,Y, ,Y,Y,Y,Y,Y,Y, ,Y,Y,Y,Y,Y,Y,Y,Y,A, ,M
-13621795.0234036,4553559.23640091,2395,16310,16000,YERBABUENA ISLAND,US,37.816667,-122.366667,37,49,N,122,22,W,CP07,18650,V,CN,E,N,N,N,Y,Y,M,K, , ,4, , , , , , ,Y, , ,Y, , , , , ,Y,Y,Y,Y, , , , , , , , , , , , , , , , , , , , , , , ,Y,Y,Y,Y,Y,Y, , , 
-8395344.93065938,4839336.4351672,2396,8070,6585,MARCUS HOOK,US,39.816667,-75.416667,39,49,N,75,25,W,CP03,12312,S,RN,G,N,N,N,Y,Y,J,J,K,J,6,L, , ,Y,N,Y,Y, , , , , ,Y, , ,Y,Y,Y,Y, ,Y,Y, , , , ,Y,Y, ,N, , , , , , , , ,Y, ,Y,Y, , ,Y,Y,Y,Y,C, , 
-8387923.63127316,4844168.57047028,2397,8080,6585,CHESTER,US,39.85,-75.35,39,51,N,75,21,W,CP03,12312,L,RN,G,N,N,N,Y,Y,J,J,K, ,6,L, , ,Y,N, ,Y, , , , , ,Y, , ,Y, , ,Y,Y,Y,Y, , , , ,Y,Y, ,N,Y, , , ,Y, ,Y, ,Y, , , ,Y,Y,Y,Y,Y,Y,A,M, 
-13603241.774938,4513709.60920217,2398,16320,16000,REDWOOD CITY,US,37.533333,-122.2,37,32,N,122,12,W,CP07,18651,V,RN,E,N,N,N,Y,Y,L, ,J,J,6,M, ,Y, ,N, ,Y,Y, ,Y, , ,Y, , ,Y,Y,Y,Y, ,Y,Y, , , , ,Y,N, , , , , , , , , ,Y,Y,N,N,N,Y,Y,Y,Y,Y,Y, , , 
-8213523.09569703,4990241.81061555,2399,7625,6585,CITY ISLAND,US,40.85,-73.783333,40,51,N,73,47,W,CP02,12366,V,CN,G,N,N,Y,Y, ,J,L,O, ,7, , , ,N,N,N,Y, ,Y,N, ,Y, , , ,Y, , , , , ,Y, , , , ,Y, , ,N, , , , , , , , ,Y, , , ,Y,Y, ,Y,Y,Y,B, ,M
-13610663.0743243,4548863.13278796,2400,16330,16000,ALAMEDA,US,37.783333,-122.266667,37,47,N,122,16,W,CP07,18650,S,CN,E,N,N,N,Y,Y, , ,L, ,5, , , , ,N, ,Y,Y, , , , ,Y, , ,Y,Y,Y,Y,Y,Y,Y, , , , ,Y,Y, , ,Y,Y,Y, , ,Y, ,Y,Y,Y, , ,Y,Y,Y,Y,Y,Y,A,M,M
-7866577.34939133,5251284.60497738,2401,7210,6585,GLOUCESTER,US,42.6,-70.666667,42,36,N,70,40,W,CP01,13281,S,CN,G,Y,N,N,Y,N,N,L,M, ,9,M,Y,Y,Y,N,Y,Y, , , ,N,Y,Y,Y, ,Y, , , ,Y,Y,Y, , , , ,Y, , ,N, ,Y, , , , ,Y, , , , ,Y,Y,Y,Y,Y,Y,Y,C, ,M
-13618084.3737105,4553559.23640091,2402,16340,16000,OAKLAND,US,37.816667,-122.333333,37,49,N,122,20,W,CP07,18650,L,CN,E,N,N,N,Y,Y,L, ,L,L,5,L, ,Y,Y,N,Y,Y,Y, ,Y, ,Y,Y,Y, ,Y,Y,Y,Y,Y,Y,Y,Y, , , ,Y,Y, ,N,Y,Y,Y,Y, , , ,Y,Y,Y,Y,Y,Y,Y,Y,Y,Y,Y,A,L,L
-13614373.7240174,4560607.36974005,2403,16360,16000,BERKELEY,US,37.866667,-122.3,37,52,N,122,18,W,CP07,18653,V,CN,E,N,N,N,Y,Y,P, , , ,4, , , , ,N, ,Y,Y, , , , , , , ,Y,Y,Y, ,Y,Y,Y, , , , , , , , , , , , , , , , , , , , , ,Y, ,Y, , , , , 
-7890696.57239654,5241208.03513462,2404,7220,6585,BEVERLY,US,42.533333,-70.883333,42,32,N,70,53,W,CP01,13276,V,CN,G,Y,N,N,Y,N,M,M,M, ,9,M,Y, ,N,N,Y,Y, , , , ,Y,Y,Y, ,Y, , , , ,Y,Y, , , , , , , ,N, ,Y, , , , ,Y, , , , ,Y,Y,Y,Y,Y, , ,C, ,S
-13621795.0234036,4567660.28711484,2405,16370,16000,POINT RICHMOND,US,37.916667,-122.366667,37,55,N,122,22,W,CP07,18653,S,CN,E,N,N,N,Y,Y,K, ,K,G,4,L, ,Y, , ,Y,Y,Y, ,Y, ,Y, , , ,Y,Y,Y,Y,Y,Y,Y, , , , ,Y,Y, ,N, , , , , ,Y,Y,Y,Y,Y,Y,Y,Y,Y,Y,Y,Y,Y,A,M,S
-7890696.57239654,5238690.57386197,2406,7225,6585,SALEM,US,42.516667,-70.883333,42,31,N,70,53,W,CP01,13276,S,CN,G,Y,N,N,Y,N,L,M,L,K,9,L,Y, ,Y,N,Y,Y, , , , ,Y,Y,Y, ,Y, , , ,Y,Y,Y, , , , ,Y, , ,N, , , , , , , , , , , , ,Y,Y,Y,Y, , ,C, ,S
-13629216.3227898,4574718.00040258,2407,16380,16000,POINT SAN PABLO,US,37.966667,-122.433333,37,58,N,122,26,W,CP07,18653,V,CN,E,N,N,N,N,Y,P,L,L, ,4, , , , , , ,Y,Y, , , , , , , ,Y, , , , , ,Y,Y, , , ,N,N, , , , , , , , , ,N,Y,N,N,N, ,Y, ,Y, , , , ,S
-13634782.2973295,4558257.46098645,2408,16385,16000,SAUSALITO,US,37.85,-122.483333,37,51,N,122,29,W,CP07,18653,V,CN,G,N,N,N,N,Y,N, , , ,4, , , , , , , , , , , , , , , ,Y,Y,Y, , , ,Y, , , , , , , , , , , , , , , , , , , , ,Y,Y,Y,Y,Y,Y,B, ,M
-7886985.92270343,5236173.78392094,2409,7230,6585,MARBLEHEAD,US,42.5,-70.85,42,30,N,70,51,W,CP01,13276,V,CN,G,Y,N,N,Y,N,M,M,M, ,9,M, , ,N,N,Y,N,Y, , ,N,N,Y,Y, ,Y, , , ,Y,Y,Y, , , , ,Y, , ,N, ,Y, , ,Y, ,Y, , , , , ,Y,Y, ,Y, , ,C, ,S
-13621795.0234036,4581780.52151212,2410,16390,16000,PINOLE POINT,US,38.016667,-122.366667,38,1,N,122,22,W,CP07,18654,V,CN,G,N,N,N,N, , , , ,K,4, , , , , , ,Y,Y, , , , , , , , , , , , , ,Y, , , , , , , , , , , , , , , , , , , , , , , , , , , , , 
-7898117.87178276,5228627.43638241,2411,7240,6585,LYNN,US,42.45,-70.95,42,27,N,70,57,W,CP01,13275,V,CN,G,Y,N,N,Y,N,N,N,N, ,9,M,Y,Y,N,N,N,N,N, , ,N,N,Y,Y, ,Y, , , ,Y,Y,Y, , , , ,Y, , ,N, , , , , , , , , , , , ,Y,Y, ,Y, , ,C, ,S
-13610663.0743243,4586491.54582585,2412,16400,16000,OLEUM,US,38.05,-122.266667,38,3,N,122,16,W,CP07,18654,V,CN,E,N,N,N,N, , ,M,K,K,4, , , , , , ,Y,Y, , , , , , , , , , , , , ,Y,Y, , , , , , , , , , , , , , , , , , , ,Y,Y,Y,Y, , , , , 
-7909249.82086209,5213552.79038016,2413,7250,6585,BOSTON,US,42.35,-71.05,42,21,N,71,3,W,CP01,13270,L,CN,E,N,N,N,N,Y,J,H,H,J,10,L,Y,Y,Y,Y,Y,Y, , , , ,Y,Y,Y, ,Y,Y,Y,Y,Y,Y,Y, , , , ,Y,Y,Y,N,Y,Y,Y,Y, , ,Y,Y,Y,Y,Y,Y,Y,Y,Y,Y,Y,Y,A,L,L
-13610663.0743243,4593562.106522,2414,16410,16000,MARE ISLAND,US,38.1,-122.266667,38,6,N,122,16,W,CP07,18655,S,CN,E,N,N,N,Y,Y,L,L,L, ,4, , , , , ,Y,Y,Y, ,Y, , , , , ,Y,Y,Y,Y,Y,Y,Y,Y, , , ,Y,Y, , ,Y,Y,Y,Y, , , ,N,Y,Y,Y,Y,Y,Y,Y,Y,Y,Y,A,L,L
-7899973.19662932,5198502.10780675,2415,7260,6585,QUINCY,US,42.25,-70.966667,42,15,N,70,58,W,CP01,13270,S,RN,E,Y,N,N,Y,Y,P,L,K, ,10,M, , ,N,N,Y,Y, , , ,N,Y,Y,Y, ,Y, , , ,Y, ,Y, , , , ,Y, , ,N, , , , , , , , , , , , ,Y,Y,Y,Y,Y,Y,B,M,M
-13608807.7494777,4591204.71580132,2416,16420,16000,SOUTH VALLEJO,US,38.083333,-122.25,38,5,N,122,15,W,CP07,18655,S,CN,E,N,N,N,Y,Y,L,M,L, ,4, , , , , , ,Y,Y, , , , , , , , , , , , , ,Y,Y, , , , , , , , , , , , , , , , , , , ,Y,Y,Y,Y, , , , , 
-7872143.323931,5190985.71472511,2417,7270,6585,SCITUATE,US,42.2,-70.716667,42,12,N,70,43,W,CP01,13269,V,CB,G,N,N,N,Y,Y,P,O,P, ,9,M, , ,N,N,Y, , , , ,N,N,Y,Y, ,Y, , , , , ,Y, , , , , , , ,N, , , , , , , , , , , ,Y,Y,Y,Y,Y, , , , ,S
-13605097.0997846,4586491.54582585,2418,16440,16000,CROCKETT,US,38.05,-122.216667,38,3,N,122,13,W,CP07,18655,V,CN,E,N,N,N,N,Y,K,M, ,K,4, , , , , , ,Y,Y, , , , , , , , , , , , , ,Y,Y, , , , , , , ,Y, , , , , , , , , , , ,Y,Y,Y,Y, , , , , 
-7866577.34939133,5153492.62658819,2419,7280,6585,PLYMOUTH,US,41.95,-70.666667,41,57,N,70,40,W,CP01,13253,V,CN,F,Y,N,Y,Y,N,N,O,O, ,9,M, , ,Y,N,Y,Y, ,Y, ,N,Y,Y,Y, ,Y, , , ,Y,Y,Y, , , , ,Y, , ,N,Y,Y, , , , ,Y, , , , , ,Y,Y,Y,Y, , ,C, ,S
-9141185.51897431,1000386.09634121,2420,9825,9820,CHIRIQUI GRANDE,PA,8.95,-82.116667,8,57,N,82,7,W,148,28042,V,OR,F,Y,Y,N,N,Y,L,A,J,C,1,L,Y,Y, , ,Y, ,Y,Y, , ,N,Y, ,Y, , ,Y, , ,Y,Y, ,Y, , ,Y,N, ,N, , , , ,Y, , ,N,N,N,N,N, ,Y,Y, , , ,N, ,S
-13601386.4500915,4586491.54582585,2421,16450,16000,PORT COSTA,US,38.05,-122.183333,38,3,N,122,11,W,CP07,18657,V,CN,E,N,N,N,N,Y,K, , ,H,4, , , , ,N, ,Y,Y, , , , , , , , , , , , , ,Y, , , , , , , , , , , , , , , , , , , , ,Y,Y,Y, , , , , , 
-7812772.92884125,5168472.14659771,2422,7290,6585,PROVINCETOWN,US,42.05,-70.183333,42,3,N,70,11,W,CP01,13249,V,CN,E,Y,N,N,Y,N,O,F,O, ,9,M,Y, ,Y,N,Y,Y, , , ,N,N,Y,Y, ,Y, ,Y,Y, ,Y,Y, , , , ,Y, , ,N, , , , , , , , ,Y, , , ,Y,Y,Y,Y, , ,C, ,S
-13597675.8003984,4586491.54582585,2423,16470,16000,BENICIA,US,38.05,-122.15,38,3,N,122,9,W,CP07,18657,V,CN,E,N,N,N,Y,Y,K, ,K, ,4, , , , ,N,Y,Y,Y, , ,N,Y, , , ,Y,Y, , ,Y,Y,Y, , , , ,Y,Y, , , , , , , , , ,Y,Y,N,Y,Y,Y,Y,Y,Y,Y,Y, ,M, 
-9172726.04136574,1039847.37602658,2424,9830,9820,ALMIRANTE,PA,9.3,-82.4,9,18,N,82,24,W,148,28053/4,V,CN,G,N,N,N,Y,N,K,E,L, ,0,L,Y,Y,Y,N,Y,Y,Y, ,Y,N,N, ,Y,Y, , ,Y, ,Y,Y,Y, , , , ,Y, , ,N, ,Y, , , , ,Y,Y, , , , , ,Y,N,N, , ,C,S, 
-7823904.87792058,5108694.47561503,2425,7310,6585,HYANNIS,US,41.65,-70.283333,41,39,N,70,17,W,CP02,13229,V,CN,E,N,N,N,Y,N,O,O,O, ,3,M,Y, ,N,N,N,N, , , ,N,N,Y,Y, ,Y, , , , ,Y,Y, , , , , , , ,N, , , , , , ,Y, , , , , ,Y,Y, ,Y, , ,C, ,S
-13595820.4755518,4584135.76568303,2426,16480,16000,MARTINEZ,US,38.033333,-122.133333,38,2,N,122,8,W,CP07,18657,V,CN,E,N,N,N,N, ,K, , ,K,4,L, , , ,N, ,Y,Y, , , , , , , , , , , , , ,Y,Y, , , , , , , , , , , , , , , , , , , ,Y, ,Y, , , , , , 
-13567990.6028535,4584135.76568303,2427,16510,16000,PITTSBURG,US,38.033333,-121.883333,38,2,N,121,53,W,CP07,18659,V,RN,E,N,N,N,Y,Y, , ,K, ,3, , , , ,N, ,Y,Y, , , , , , , ,Y,Y, , , ,Y,Y, , , , ,Y,Y, ,N, , , , , , , ,Y,N,N,N,N,Y,Y,Y,Y, , ,C, ,S
-9154172.7929002,1043607.62852138,2428,9840,9820,BOCAS DEL TORO,PA,9.333333,-82.233333,9,20,N,82,14,W,148,28052,V,OR,F,N,N,N,Y,N,L,H,M, ,0,M, ,Y,Y,N, ,Y,Y, , , ,N,Y, , , , , , ,Y, , ,Y, , , ,Y, , ,N, , , , , , , , , , , , , ,Y,Y, , , ,N, , 
-7200515.72947825,3813734.93713617,2429,9940,9930,ST GEORGE'S,BM,32.383333,-64.683333,32,23,N,64,41,W,147,26343,S,CN,G,N,N,N,Y,N,L,K,L,K,2,L,N,Y,Y,Y,Y,Y,Y, , , ,Y,Y, ,Y,Y,Y,Y,Y,Y, ,Y,Y, , , ,Y,Y, ,N, , , , , , , ,Y,Y,Y,Y,Y,Y,Y,Y,Y,Y,Y,B, ,M
-7217213.65309724,3804950.20430192,2430,9950,9930,IRELAND ISLAND,BM,32.316667,-64.833333,32,19,N,64,50,W,147,26344,M,CB,G,N,N,N,Y, ,L,J,J,L,3,L, ,Y,N,Y,Y,Y,Y, , ,N,Y,Y, ,Y,Y,Y,Y,Y,Y, ,Y, , , , ,Y,Y, ,N, , , , , , , ,Y,Y,Y,Y,Y,Y,Y,Y,Y,Y,Y,B, , 
-1560328.19595238,9625953.74941028,2431,430,360,ESKIFJORDHUR,IS,65.066667,-14.016667,65,4,N,14,1,W,181,38641,V,CN,F,N,N,Y,Y,N,A,A,L, ,2, ,Y,Y,N,N,N, ,Y, , ,N,N, , , ,Y, , , ,Y, ,Y, , , , ,Y, , ,N, ,Y, , , , ,Y, ,Y, , , , ,Y,Y, , , ,C, ,S
-7211647.67855757,3802755.03185911,2432,9960,9930,HAMILTON,BM,32.3,-64.783333,32,18,N,64,47,W,147,26345,S,CN,E,N,N,N,Y,N,L,K,L,K,2,L,N,Y,Y,Y,Y,Y,Y, , ,N,Y,Y, ,Y,Y,Y,Y,Y,Y,Y,Y, , , , ,Y,Y, ,N,Y,Y, , , ,Y,Y,Y,Y,Y,Y,Y,Y,Y,Y, ,Y,Y,C, ,S
-1695766.90975087,9413534.78178903,2433,480,360,HORNABJORDUR,IS,64.25,-15.233333,64,15,N,15,14,W,181,38630,V,CN,F,N,N,N,Y,N,N,N,N, ,4, ,Y, ,Y,N,Y,Y, , , ,N,Y,Y, , ,Y, , ,Y, , ,Y, , , , ,Y, , ,Y, ,Y, , , , , , , , , , , , ,Y,Y, , ,C, , 
-8770120.5496634,3063214.32996259,2434,9985,9980,FREEPORT,BS,26.516667,-78.783333,26,31,N,78,47,W,147,26323,S,RB,F,N,N,N,Y,N,G,A,J,A,1,L,Y,Y,Y,N,Y,Y,Y, ,Y, ,Y,Y, ,Y, , ,Y,Y,Y, ,Y,Y,Y, , ,Y,Y, ,Y, ,Y,Y, ,Y,Y,Y,Y,Y,N,Y,Y,Y,Y,Y,Y,Y,Y,A,M, 
-8707039.50488055,3075660.40523125,2435,9987,9980,SOUTH RIDING POINT,BS,26.616667,-78.216667,26,37,N,78,13,W,147,26323,V,CN,F,N,N,N,Y,N,A,H, ,A,1,L,Y,Y,Y,N,Y,Y,Y, ,Y,Y,Y,Y, , , , ,Y, ,Y, ,Y, ,Y, , ,Y,Y, ,Y,N,N,N,N,N,N,N,Y, , ,Y,Y, ,N,N,N, , ,C, , 
-5031640.98385597,8425758.36761419,2436,560,545,NANORTALIK HAVN,GL,60.116667,-45.2,60,7,N,45,12,W,181,38580,V,CN,P,N,N,Y,Y,N,A,A,O, ,3,M,Y,Y,N,N,Y, ,Y, , ,N,N, , , , , ,Y,Y,Y, ,Y,Y,Y, , ,Y,N, ,N,Y,Y, , , , ,Y, , , , , , ,Y,Y,Y, , ,C, , 
-8610562.61285971,2885983.72286171,2437,9990,9980,NASSAU,BS,25.083333,-77.35,25,5,N,77,21,W,147,26309,M,CN,G,N,N,N,N,Y,J,G,J,J,1,L,Y,Y,Y,Y,Y,Y,Y, ,Y, ,Y, , ,Y, , ,Y,Y,Y, ,Y, , , , ,Y,Y, ,Y,Y,Y,N,Y,Y,Y,Y,Y,N,N,N,N,Y,Y,Y, , , ,C,S,M
-8632826.51101837,2875744.62435224,2438,9995,9980,CLIFTON PIER,BS,25,-77.55,25,0,N,77,33,W,147,26309,V,OR,F,N,Y,N,Y,N,J,G, ,J,1,L,Y,Y,N,Y,Y, , , , , ,Y, , , ,Y, ,Y,Y,Y, ,Y, , , , , , , ,N, , , , , , , , , , , , , ,Y,Y, , , , , , 
-5126262.55103025,8561053.87671952,2439,580,545,QAQURTOQ,GL,60.716667,-46.05,60,43,N,46,3,W,181,38588,V,CN,F,N,N, ,Y,N,G,A,M, ,6,M,Y, ,N,N,N, ,Y, ,Y,N,N, , , , ,Y,Y, ,Y, ,Y, ,Y, , ,Y,N, ,N,Y,Y, ,Y, , ,Y, , , , , ,Y,Y,Y,Y, , ,C, ,S
-8202391.14661771,2385917.61978534,2440,10010,9980,MATTHEW TOWN,BS,20.95,-73.683333,20,57,N,73,41,W,147,26267,V,OR,G,N,N,N,Y,N,O,G,H, ,2,M,Y,Y,Y,N,Y,N,Y, , ,N,N,Y,Y,Y,Y, ,Y,Y,Y, ,Y,Y,N,N,N,Y, , ,N, , , , , , , ,Y, , , , ,Y,Y, ,Y, , ,C, , 
-5126262.55103025,8606713.68179969,2441,585,545,NARSAQ,GL,60.916667,-46.05,60,55,N,46,3,W,181,15020,V,CN,P,N,N,Y,Y,N,A,C,J, ,3,M,N,Y,N,N,Y,N,Y, , ,N,N, , , ,Y,Y,Y, , , ,Y,Y,Y, , ,Y,N, ,N, ,Y, , , , ,Y, , , , , ,Y,Y, ,Y, , , , , 
-7920381.76994141,2443624.60246743,2442,10020,10016,GRAND TURK,TC,21.433333,-71.15,21,26,N,71,9,W,147,26262,V,OR,G,N,N,N,Y,N,H,H,N, ,1,M,Y,Y,N,N,Y,N,Y,N,N,N,N, , , ,N,N,Y, ,Y,N, ,Y, , , ,Y,Y, ,N,Y, , , ,Y, , , , , , , , ,Y,Y,Y,N,N,C, , 
-5057615.53170773,8660347.06016124,2443,590,545,NARSARSSUAQ,GL,61.15,-45.433333,61,9,N,45,26,W,181,15020,V,CN,F,N,N,N,Y, ,A,A,K, ,3,M,N,Y,N,N,Y,N,N, , ,N,N, , , ,Y,Y,Y, ,Y, ,Y,Y, , , ,Y,N, ,N, ,Y, , , , ,Y, , , , , ,Y,Y,Y,Y, , ,C, , 
-9235807.0861486,2632018.63758642,2444,10080,10030,CABANAS,CU,23,-82.966667,23,0,N,82,58,W,147,27102,M,CN,F,N,N,N,Y,N,M,N,M, ,1,M,Y,Y,N,N,Y,Y,Y, ,N, ,Y,Y, , , , ,Y, , ,Y,Y,Y, , , ,Y, , ,N, , , , , , , ,Y, , , , ,Y,N,N,N,N,N,N, , 
-5354467.50715646,8679597.92935195,2445,605,545,GRONNEDAL (KANGILINNGUIT),GL,61.233333,-48.1,61,14,N,48,6,W,181,38582,V,CN,F,N,Y,N,Y, ,A,A,K, ,3,M,Y, , ,N,Y, , ,Y, , , , , , , , , , , , ,Y, , , , ,Y,N, , , , , , , , , , , , , , ,Y,Y,Y,Y, , ,C, , 
-9211687.86314339,2630003.21058207,2446,10090,10030,MARIEL,CU,22.983333,-82.75,22,59,N,82,45,W,147,27083,S,CB,E,N,N,N,Y,N,K,L,L,L,1,L,Y,Y,N,N,Y,Y,Y, , , ,Y,Y, , , , ,Y, ,Y,Y,Y,N, , , ,Y, , ,N, ,Y, , , , ,Y,Y, , , , , ,Y,Y,N,N,N,N, ,M
-5760783.64855191,9396473.10573639,2447,640,545,NUUK,GL,64.183333,-51.75,64,11,N,51,45,W,181,38546,S,CN,G,Y,N,Y,Y, ,D,E,K, ,10,M,Y, ,Y,Y,Y,N,Y, ,Y,N,Y, , , ,Y,Y,Y,Y,Y, ,Y, ,Y, , ,Y,N, ,N, ,Y, , , , ,Y,Y,Y,N,Y,Y,Y,Y,Y,Y,Y,Y,C, ,S
-9169015.39167263,2648151.03243883,2448,10100,10030,BAHAI DE LA HABANA,CU,23.133333,-82.366667,23,8,N,82,22,W,147,27085,L,CB,E,N,N,N,Y,N,H,K,K,J,1,L, ,Y,Y,N,Y,Y,Y, ,Y, ,Y,Y, , , , ,Y, ,Y,Y,Y,Y, , , ,Y, , , , ,Y,Y, , , ,Y,Y,Y,Y,Y,Y,Y,Y,Y,Y,Y,Y,A,M,M
-5890656.38781073,9718989.12025535,2449,670,545,MANIITSOQ,GL,65.416667,-52.916667,65,25,N,52,55,W,181,38528,V,CN,F,Y,Y,Y,Y, ,A,H,L, ,4,M, ,N,N,N,Y, ,Y, ,Y,N,N, , , ,Y,Y,Y, ,Y, ,Y,Y, , , ,Y,N, ,N, ,Y, , , , ,Y, , , , , ,Y,Y,Y,Y, , ,C, ,S
-9039142.65241381,2638066.41274581,2450,10120,10030,CARDENAS,CU,23.05,-81.2,23,3,N,81,12,W,147,27082,S,OR,G,N,N,N,Y,N,N,L,N, ,1,L,Y,Y,N,N,Y,Y,Y, ,Y, ,Y,Y, , , , ,Y, , ,Y,Y,N, , , ,Y, , , , ,Y, , , ,Y, ,Y, , , , , ,Y,N,N,N,N,C, ,M
-8905559.26346189,2625973.10225468,2451,10130,10030,ISABELA DE SAGUA,CU,22.95,-80,22,57,N,80,0,W,147,27062,S,OR,P,N,N,N,Y,N,M,O,N,N,1,L,Y,Y,Y,N,Y,Y,Y, ,Y, ,Y,Y, , , , ,Y, , ,Y,Y,Y, , , ,Y, , ,Y, , , , , , , ,Y, , , , , ,Y,Y,N,N,N,C, ,M
-5933328.85928148,9826848.87321577,2452,680,545,KANGAMIUT,GL,65.816667,-53.3,65,49,N,53,18,W,181,38528,V,CN,G,N,N,Y,Y, ,K,A,O, ,12,M,Y, ,N,N, , ,Y, , ,N,N, , , , , ,Y, , , ,Y, ,Y, , , ,N, ,N, , , , , , , , , , , , , ,Y, , , , ,C, , 
-8601285.98862694,2457582.34942492,2453,10150,10030,NUEVITAS BAY,CU,21.55,-77.266667,21,33,N,77,16,W,147,27044/41,L,CN,F,Y,N,N,Y,N,K,K,N,K,1,L,Y,Y, ,N,Y,Y,Y, , , ,Y,Y, ,Y, , ,Y, , ,Y,Y,Y, , , ,Y, , ,N,Y, , , , , ,Y,Y, , , , , ,Y,Y,N,N,N,C, ,M
-9148606.81836053,5081420.49228705,2454,3500,3400,LORAIN,US,41.466667,-82.183333,41,28,N,82,11,W,CP06,14841,S,RN,E,N,N,Y,Y,Y,M,J,L, ,0,L,Y, ,Y, ,N,Y, , , ,N,Y,Y, , ,Y,Y,Y,Y,Y,Y,Y, , , , ,Y, , ,N,Y, , , , , , ,Y,Y, ,Y,Y,Y,Y,Y,Y,Y,Y,A,M, 
-5977856.65559879,10132357.5887032,2455,690,545,SISIMIUT,GL,66.916667,-53.7,66,55,N,53,42,W,181,38501,S,CN,F,N,N,Y,Y, ,A,A,J, ,4,M,Y, ,N,N,Y,N,Y, ,Y, ,Y, , , , ,Y,Y,Y,Y, ,Y,Y,Y, , ,Y,N, ,N,Y,Y, , , , ,Y, , , , , ,Y,Y, ,Y, , ,B, ,S
-8430596.10274392,2372016.42786411,2456,10230,10030,ANTILLA,CU,20.833333,-75.733333,20,50,N,75,44,W,147,26259,L,CN,E,N,N,N,Y,N,H,N,M,N,1,L,Y,Y,Y,N,Y,Y,Y, ,Y, ,Y,Y, ,Y, , ,Y, ,Y,Y,Y,Y, , , ,Y, , ,N, , , , , , , ,Y, , , , , ,Y, , , , ,N, ,M
-5671728.05591729,10146568.5409554,2457,695,545,KANGERLUSUAQ,GL,66.966667,-50.95,66,58,N,50,57,W,181,38502,V,CN,F,N,N,Y,Y, ,A,A,L, ,10,M,Y, ,N,N,Y,N,N,Y,Y,Y,Y, , , , , ,Y,Y,Y, ,Y,Y,Y, , ,Y,N, ,N, ,Y, , , , , , , , , , ,Y,Y, ,Y, , , , , 
-8415753.50397148,2360109.69302778,2458,10250,10030,FELTON,CU,20.733333,-75.6,20,44,N,75,36,W,147,26259,S,CN,E,N,N,N,Y,N,N,J,L, ,1,L,Y,Y, ,N,Y,Y,Y, , , ,Y,Y, ,Y, , ,Y, ,Y,Y, ,Y,Y, , ,Y, , ,N, ,Y, ,Y, , , ,Y, , , , , ,Y,Y,N, , , , ,M
-5885090.41327106,10658227.2411307,2459,760,545,AASIAAT,GL,68.7,-52.866667,68,42,N,52,52,W,181,38482,S,CN,G,N,N,Y,Y, ,A,A,L, ,3,M,N, ,N,N,Y,N,Y,Y,Y,N,N, , , , , ,Y, ,Y, ,Y, , , , ,Y,N, ,N, ,Y, , , , ,Y, , , , , ,Y,Y,Y, , , ,C, ,S
-8410187.52943182,2358126.00301544,2460,10260,10030,NICARO,CU,20.716667,-75.55,20,43,N,75,33,W,147,26237,S,CN,E,Y,N,N,Y,N,G,K,L,L,1,L,N,Y, ,N,Y,Y,Y, , , ,Y,Y, ,Y, , ,Y, ,Y,Y,Y,Y, , , ,Y, , ,N, ,Y, , , , ,Y,Y, , , , , ,Y,Y,N, , ,N, , 
-9169015.39167263,5076469.88109631,2461,3510,3400,VERMILION,US,41.433333,-82.366667,41,26,N,82,22,W,CP06,14826,V,RN,E,N,N,Y,Y,Y,P,P,P, ,0,M,N,N,Y, ,N,Y, , , ,N,Y,Y, , ,Y,Y,Y,Y, , ,Y, , , , ,Y, , ,N, , , , , , , , , , , , ,Y,Y, , ,Y,Y,C, ,S
-5959303.40713324,10823654.0599306,2462,840,545,QEQERTARSUAQ,GL,69.233333,-53.533333,69,14,N,53,32,W,181,38461,S,CN,G,N,N,Y,Y, ,A,A,M, ,3,M,Y, ,N,N,Y,N,N,Y,Y,N,Y, , , , , ,Y,Y,Y, ,Y, , , , ,Y,N, ,N,Y,Y, , , , ,Y, , , , , ,Y,Y,N,Y, , ,C, , 
-10566075.0011282,3424526.83872045,2463,9160,8650,TEXAS CITY,US,29.383333,-94.916667,29,23,N,94,55,W,CP05,11324,S,CN,G,N,N,N,Y, ,J,L,J,K,0,L, ,Y,Y,N,Y,Y,Y, ,Y,Y,Y,Y, , ,Y, ,Y,Y,Y,Y,Y, , , , ,Y,Y, ,Y,Y,Y, ,Y, ,Y,Y,Y,Y,Y,Y,Y,Y,Y,Y,Y,Y,Y,C, ,M
-9189423.96498473,5071521.81142561,2464,3520,3400,HURON,US,41.4,-82.55,41,24,N,82,33,W,CP06,14843,S,RN,E,N,Y,Y,Y,Y,L,L,L, ,0,L,N,Y,N, ,N,Y, , , ,N,Y,Y, , ,Y,Y,Y,Y,Y, ,Y, , , , ,Y, , ,N, , , , , , , ,Y, , , , ,Y,Y,Y,Y,Y,Y,N,L,S
-5974146.00590568,11334231.5720821,2465,870,545,NIAQORNAT,GL,70.8,-53.666667,70,48,N,53,40,W,181,38440,V,OR,F,N,N,Y,Y, ,A,A, , ,0,M,Y, ,N,N,N,N,N,N,N,N,N, , , , , , , , , , ,Y, , , , ,N, ,N, , , , , , , , , , , , , ,Y, , , , , , , 
-10577206.9502075,3469318.17797235,2466,9170,8650,BAYTOWN,US,29.733333,-95.016667,29,44,N,95,1,W,CP05,11329,V,CN,G,Y,N,N,Y,Y,G,K,J,J,1,L,Y,Y,Y, ,Y,Y, , ,Y,Y,Y,Y, , ,Y,N, ,Y, ,Y,Y, , , , ,Y,Y, ,Y, , , , , , , ,Y, , , , ,Y,Y,Y,Y,Y,Y, , ,S
-5805311.44486922,11294855.5495973,2467,890,545,UUMMANNAQ HARBOR,GL,70.683333,-52.15,70,41,N,52,9,W,181,38441,S,CN,F,N,N,Y,Y, ,L,A,O, ,0,M,Y, ,N,N,Y,N,Y,Y,Y,N,N, , , , , ,Y, ,Y, , ,Y, ,Y, ,Y,N, ,N,Y,Y, , , , ,Y, , , , , ,Y,Y,N, , , ,C, ,S
-10597615.5235196,3469318.17797235,2468,9210,8650,NORSWORTHY,US,29.733333,-95.2,29,44,N,95,12,W,CP05,11325,V,RN,G,N,N,N,Y,Y,J,K,K, ,1, , ,Y,Y,N,N,Y, , , ,N,N, , , ,Y, , ,Y, ,Y,Y, , , , ,Y, , ,N, , , , , , , , , , , , ,Y,Y,Y,Y,Y,Y, , ,M
-9207977.21345028,5078944.86873378,2469,3530,3400,SANDUSKY,US,41.45,-82.716667,41,27,N,82,43,W,CP06,14845,S,CN,E,N,N,Y,Y,Y,M,M,M, ,0,M,Y,Y,Y, ,N,Y, , , , ,Y,Y, ,Y,Y,Y,Y,Y, , ,Y, , , , ,Y, , ,N, , , , , , , , ,Y, ,Y,Y,Y,Y, ,Y,Y,Y,C, ,S
-10599470.8483662,3467181.72900569,2470,9220,8650,PASADENA,US,29.716667,-95.216667,29,43,N,95,13,W,CP05,11325,V,RN,G,N,N,N,Y,Y,J,L,L,J,1,L, ,Y,Y,N,Y,Y, , ,Y,Y,Y, , , ,Y, , ,Y, ,Y,Y, , , , ,Y, , ,N, , , , , , , , , , , , ,Y,Y,Y,Y,Y,Y, , ,M
-6181942.38871979,11807439.1621815,2471,940,545,KAJALLEQ UPERNAVIK,GL,72.15,-55.533333,72,9,N,55,32,W,181,38420,V,CN,F,N,N,Y,Y, ,A,O, , ,5, ,Y,Y, ,N, , ,N, , ,N,N, , , , , , ,Y, , , ,Y,Y, , ,Y,N, ,N, ,Y, , , , ,Y, , , , , , ,N,N,N, , ,C, , 
-6250589.40804231,12035223.3277188,2472,960,545,UPERNAVIK,GL,72.766667,-56.15,72,46,N,56,9,W,181,38400,V,CN,F,N,N,Y,Y,N,A,A,O, ,2,M,Y,Y, ,N,Y,N, ,Y,Y,N,N, , , , , ,Y,Y, , ,Y,Y, , , ,Y,N, ,N,Y, , , , , ,Y, , , , , ,Y,Y,Y,Y, , ,C, ,S
-8543770.91838375,12028963.8530992,2473,1020,1010,POND INLET,CA,72.75,-76.75,72,45,N,76,45,W,PAC1,15641,M,OR,P, , ,Y,Y, ,A,A, , ,6, ,Y, , , , , , , , , , , , , ,Y, , , ,Y, , ,Y, , , , , , , , , , , , , , , , , , , , , , , , , , , , 
-6983442.72243136,10165561.9200611,2474,1035,1010,PADLOPING ISLAND,CA,67.033333,-62.733333,67,2,N,62,44,W,PAC1,CA7180,V,CN,F, ,Y,Y, , ,A,A,P, ,0, , , , , , , , , , , , , , , , , , , , , ,Y, , , , , , , , , , , , , , , , , , , , , , , , , , , , , 
-7319256.51965774,9913433.54431779,2475,1040,1010,PANGNIRTUNG,CA,66.133333,-65.75,66,8,N,65,45,W,PAC1,CA7150,V,CN,F, , ,Y,Y, ,A,A, , ,15, , , , , , ,N, ,Y, , , , , , ,Y, , ,Y,Y, , ,Y, ,Y, ,Y, , , ,Y,Y, , , , , , , , , , , , , , , , , , , 
-9232096.43645549,5088851.18380885,2476,3540,3400,PORT CLINTON,US,41.516667,-82.933333,41,31,N,82,56,W,CP06,14842,V,RN,E,N,N,Y,Y,Y,P,P,P, ,0,M,Y, ,N, ,N,Y, , , , ,Y,Y, , ,Y,Y,Y,Y, , ,Y, , , , ,Y, , ,N, , , , , , , , , , , ,Y,Y,Y,Y,Y,Y,Y,B, ,S
-6994574.67151069,8090869.0745181,2477,1238,1230,SAGLEK BAY,CA,58.583333,-62.833333,58,35,N,62,50,W,146,15120,V,CN,F,N,N,Y,Y, ,G,A, , ,3, ,Y,Y,N,N,N,N, , , ,N,N, ,N, , , , , , , , , , , , , , , ,N, , , , , , , , , , , , , , , , , , , , , 
-9519671.78767144,5737718.19570376,2478,4580,4570,ST. JAMES HARBOR,US,45.733333,-85.516667,45,44,N,85,31,W,CP06,14911,V,CN,F,N,N,Y,Y,Y,O,K,O, ,0,M,Y,Y,N,N,N,Y, , , ,N,N,Y, , ,Y, , , ,Y, ,Y, , , , ,Y, , ,N, , , , , , , , ,Y, , , ,Y,Y,Y,Y,Y,Y,D, , 
-9894447.40667547,3552919.55015955,2479,8790,8650,BILOXI,US,30.383333,-88.883333,30,23,N,88,53,W,CP05,11373,V,CN,E,N,N,N,Y,Y,P,P,P, ,2, ,Y, ,Y,Y,Y,Y,Y, , , ,Y,Y, , ,Y, ,Y,Y,Y,Y,Y, , , , ,Y, , ,N, , , , , , , , ,Y, , , ,Y,Y,Y,Y,Y,Y,C,M,S
-9219109.16252961,5108694.47561503,2480,3550,3400,PUT IN BAY,US,41.65,-82.816667,41,39,N,82,49,W,CP06,14844,V,CN,G,N,N,Y,Y,N,P,L,O, ,0,M,Y,N,N, ,N,Y, , , , ,N,Y, , ,Y,Y,Y,Y, , ,Y, , , , ,Y, , ,N, , , , , , ,Y, , , , , ,Y,Y,Y,Y,Y,Y,N, , 
3159618.21368242,4415900.99482931,2481,44807,40345,AKSAZ LIMANI,TR,36.833333,28.383333,36,50,N,28,23,E,132,54425,S,CN, , , ,N, , ,A, , , ,0,L, ,Y, , , , ,Y, ,Y, , , , , , , , , ,Y,N,Y, ,Y, , ,Y, , , , , , , , , , , ,Y, , , ,Y,Y,Y,Y, , ,C,S, 
-9916711.30483412,3548618.88289875,2482,8800,8650,GULFPORT,US,30.35,-89.083333,30,21,N,89,5,W,CP05,11373,S,CN,E,N,N,N,Y, ,K,J,K, ,2,M,Y,Y,Y, , ,Y, , , , ,Y,Y, , ,Y, , ,Y,Y,Y,Y, , , , ,Y,Y, ,N, ,Y, , , , ,Y,Y,Y, , , ,Y,Y,Y,Y,Y,Y,C, ,S
-9291466.83154524,5116146.29455727,2483,3560,3400,TOLEDO,US,41.7,-83.466667,41,42,N,83,28,W,CP06,14847,M,RN,E,N,N,Y,Y,Y,L,M,L,M,0,L,Y,Y,Y, ,Y,Y, , , ,N,Y,Y, , ,Y,Y,Y,Y,Y,Y,Y, , , , ,Y, , ,N,Y,Y, ,Y,Y, , ,Y,Y, ,Y,Y,Y,Y,Y,Y,Y,Y,A,L, 
-9460301.3925817,5690000.89058299,2484,4590,4570,HARBOR SPRINGS,US,45.433333,-84.983333,45,26,N,84,59,W,CP06,14913,V,CN,E,N,N,Y,N,N,N,H,N, ,0,M,Y,Y,N,N,N,Y, , , ,N,N,Y, , ,Y, , , ,Y, ,Y, , , , ,Y, , ,N, , , , ,Y, , , ,Y, ,Y,Y,Y,Y,Y,Y,Y,Y,B, ,S
-9994634.94838941,3537873.61765562,2485,8810,8650,SLIDELL,US,30.266667,-89.783333,30,16,N,89,47,W,CP05,11369,V,LC,E,N,N,N, ,Y,P,P,P, ,0,M,Y,Y,Y, ,Y,Y, , ,Y, ,Y, , , ,Y, , ,Y, ,Y,Y, , , , ,Y, , ,N,Y, ,Y,Y, , ,Y, ,Y, ,Y,Y,Y,Y,Y,Y,Y,Y,B,S,S
-9276624.2327728,5143519.33208597,2486,3570,3400,MONROE,US,41.883333,-83.333333,41,53,N,83,20,W,CP06,14846,V,RN,E,N,N,Y,Y,Y,N,N,N, ,0,L,N,Y,Y, ,N,Y, , , ,N,N, , , ,Y,Y,Y,Y,Y,Y,Y, , , , ,Y, , ,N,Y, , , , , ,Y, , , , , ,Y,Y,N,Y,Y,Y,C, , 
-9458446.06773514,5679431.5415868,2487,4600,4570,PETOSKEY,US,45.366667,-84.966667,45,22,N,84,58,W,CP06,14913,V,CB,F,N,N,Y,N,Y,O,M,P, ,0,M,N,N,N,N,N,Y, , , ,N,N,Y, , ,Y, ,Y,Y,Y, ,Y, , , , ,Y, , ,N, , , , , , , , ,Y, , , ,Y,Y,Y,Y, , , , , 
-10035452.0950136,3555070.43383735,2488,8820,8650,MADISONVILLE,US,30.4,-90.15,30,24,N,90,9,W,CP05,11369,V,RN,E,N,N,N,Y,Y,P,P,P, ,0,M, , ,N,N,N,N, , , , , , , , ,Y, , , , ,Y,Y, , , , ,Y, , ,N, , , , , , , , ,Y, , , ,Y,Y,Y,Y,Y,Y,B,S,S
-9258070.98430725,5180973.10283836,2489,3580,3400,TRENTON,US,42.133333,-83.166667,42,8,N,83,10,W,CP06,14848,V,RN,E,N,N,Y,Y,Y,L,L,L,N,0,M,N,Y,N, ,N,Y, , , ,N,Y,Y,Y, ,Y,Y,Y,Y, ,Y,Y, , , , , , , ,N, , , , , , , , , , , , ,Y,Y, , ,N,N,N, , 
-9491841.91497313,5671512.70193736,2490,4610,4570,CHARLEVOIX,US,45.316667,-85.266667,45,19,N,85,16,W,CP06,14942,V,LC,G,N,N,Y,N,Y,N,H,N, ,0,M,Y,Y,N,N,N,Y, , , ,N,N,Y, , ,Y, ,Y,Y,Y, ,Y, , , , ,Y, , ,N, , , , , , ,Y, , , , , ,Y,Y,Y,Y, , ,C, ,S
-9983502.99931009,3437308.5503309,2491,8830,8650,PORT SULPHUR,US,29.483333,-89.683333,29,29,N,89,41,W,CP05,11364,V,RN,E,N,N,N,Y, ,J,J,G,K,0,L, , , ,N,Y,Y,Y, , ,N,Y, , , ,Y, , ,Y,Y, ,Y, , , , ,Y, , , ,Y, , , , , , ,N, , , , ,Y,N,Y,Y, , ,C, , 
-9256215.6594607,5190985.71472511,2492,3590,3400,WYANDOTTE,US,42.2,-83.15,42,12,N,83,9,W,CP06,14848,S,RN,E,N,N,Y,Y,Y,M,M,M, ,0,M,N,N,N, ,N,Y, , , ,N,Y,Y,Y, ,Y,Y,Y,Y,Y,Y, , , , , , , , ,N, , , , , , , , , , , , ,Y,Y, , ,N,N, , , 
-9530803.73675077,5584862.42237982,2493,4620,4570,TRAVERSE CITY,US,44.766667,-85.616667,44,46,N,85,37,W,CP06,14913,V,CN,F,N,N,Y,Y,Y,M,M,N,M,0,M,Y,Y,N,N,N,Y, , , ,N,N,Y,Y, ,Y, ,N,N,Y, ,Y, , , , ,Y, , ,N, , , , , , , , ,Y, , , ,Y,Y,Y,Y,Y,Y,C, ,S
-10026175.4707808,3492842.61165401,2494,8850,8650,GRETNA,US,29.916667,-90.066667,29,55,N,90,4,W,CP05,11368,V,RN,E,N,N,N,Y,Y,K,H,H,L,0,M, , , , , ,Y, , ,Y, , , , , ,Y,Y, , , , ,Y, , , , ,Y, , , , , , , , , , , , , , , ,Y,Y,Y,Y, , , , , 
-8297012.71379199,2759502.01171971,2495,10006,9970,COCKBURN TOWN,BS,24.05,-74.533333,24,3,N,74,32,W,147,26281,V,OR,F,N,N,N,Y,N, ,M,P, ,0, , ,Y, , , , , , , , , , , , , , , , , , ,Y,Y, , , , , , , , , , , , , , , , , , , , , , ,Y, , , , , 
-9252505.00976759,5203516.34692615,2496,3610,3400,ROUGE RIVER,US,42.283333,-83.116667,42,17,N,83,7,W,CP06,14854,S,RN,E,N,N,N,Y,Y,M,K,L,N,0,M,N,N,N, ,N,Y, , , , ,Y,Y,Y, ,Y, , , ,Y,Y,Y, , , , ,Y, , ,N, , , , , , , , , , , , ,Y,Y,Y,Y,Y,Y,A,L, 
-9547501.66036976,5624145.69348367,2497,4630,4570,LELAND,US,45.016667,-85.766667,45,1,N,85,46,W,CP06,14912,V,CB,F,N,N,Y,Y,Y,O,P,P, ,0,M,N,N,N,N,N,Y, , , ,N,N,Y,Y, ,Y, ,N,N, , ,Y, , , , ,Y, , ,N, , , , , , , , ,Y, , , ,Y,Y, ,Y,Y,Y, , , 
-10024320.1459343,3497124.42742433,2498,8860,8650,NEW ORLEANS,US,29.95,-90.05,29,57,N,90,3,W,CP05,11368,L,RN,E,N,N,N,Y,Y,J,A,J,E,0,L,Y,Y,Y,Y,Y,Y, , ,Y, ,Y,Y, , ,Y,Y,Y,Y,Y,Y,Y, , , , ,Y,Y, ,Y,Y,Y,Y,Y,Y,Y,Y,Y,Y,Y,Y,Y,Y,Y,Y,Y,Y,Y,A,S,M
-9243228.38553482,5211042.68245506,2499,3620,3400,DETROIT,US,42.333333,-83.033333,42,20,N,83,2,W,CP06,14848,L,RN,E,N,N,Y,Y,Y,M,L,L,L,0,L, ,Y,Y, ,Y,Y, , , ,N,Y,Y,Y, ,Y,Y,Y,Y,Y,Y,Y, , , , ,Y,Y, ,N,Y,Y, ,Y,Y,Y,Y,Y,Y, ,Y,Y,Y,Y,Y,Y,Y,Y,A,L,M
-8588298.71470106,2016100.81160713,2500,10773,9970,ROCKY POINT,JM,17.816667,-77.15,17,49,N,77,9,W,147,26125,V,OR,P,N,N,N,Y,N,J,K,K,K,0,L, ,Y, ,N,Y,Y,Y, , ,N,Y,Y, , , , ,Y, ,Y, ,Y, , , , , ,N, , , , , , , , , ,Y, , , , ,Y,Y,Y, , , ,N, , 
-9601306.08091985,5563980.85278592,2501,4640,4570,FRANKFORT,US,44.633333,-86.25,44,38,N,86,15,W,CP06,14907,S,CN,E,N,N,Y,Y,Y,M,M,M,N,0,M,N,N,N,N,N,Y, , , ,N,N,Y,Y, ,Y, ,N,N, , ,Y, , , , ,Y, , ,N, , , , , , , , ,Y, , , ,Y,Y,Y,Y,Y,Y,C, ,S
-10037307.4198602,4172944.57243419,2502,8870,8650,PORT OF MEMPHIS,US,35.066667,-90.166667,35,4,N,90,10,W,CP05,11368,S,RN,E, , , ,Y,Y,O, , , ,0,M, ,Y,Y,Y, ,N,Y,Y,N, , ,Y,Y, ,Y,Y,Y,Y,Y,Y,Y,Y, , , ,Y,Y, ,Y,Y,Y,Y, , , , ,Y,Y,Y,Y,Y,Y,Y,Y,Y,Y,Y,C, , 
-9185713.31529162,5253805.43149012,2503,3650,3640,WALPOLE ISLAND,CA,42.616667,-82.516667,42,37,N,82,31,W,C304,14852,V,RN,E,N,N,Y,Y, ,M,L,Q, ,0,M,N,N,Y,N,N,Y, , , ,N,N,Y,Y, , , ,N,N,Y, ,Y, , , , , , , ,N, , , , , , , , , , , , ,N,N,N,N,N,N,N, , 
-10054005.3434792,3497124.42742433,2504,8920,8650,ST ROSE,US,29.95,-90.316667,29,57,N,90,19,W,CP05,11370SC,V,RN,N, ,N,N,N,Y,K,H,K,J,0,L, , , , ,Y,Y, , ,Y, , , ,Y, ,Y, , , ,Y,Y,Y, , , , ,Y, , , , , , , , , , ,Y, , , , , ,Y, , , , , , ,S
-9608727.38030606,5504212.12046413,2505,4650,4570,MANISTEE,US,44.25,-86.316667,44,15,N,86,19,W,CP06,14938,S,RN,E,N,N,Y,Y,Y,M,E,M, ,0,M,N,Y,N,N,N,Y, , , ,N,N,Y,Y, ,Y, ,N,N,Y, ,Y, , , , ,Y, , ,N,Y, , , , ,Y,Y,N,Y, , , ,Y,Y,Y,Y,Y,Y,B, ,S
-10079979.8913309,3509978.49773859,2506,8930,8650,RESERVE,US,30.05,-90.55,30,3,N,90,33,W,CP05,11369,V,RN,N,N,N,Y,Y,Y,K,H,G,D,0,L, , , , ,Y,Y, , ,Y,Y, , ,Y, ,Y, , , ,Y,Y,Y, , , , ,Y, , , , , , , , , , ,Y, , , , , ,Y,N,N, , , , , 
-9623569.9790785,5457707.82568852,2507,4670,4570,LUDINGTON,US,43.95,-86.45,43,57,N,86,27,W,CP06,14937,S,RN,E,N,N,Y,Y,Y,L,L,L, ,0, , , ,N,N,N,Y, , , , , ,Y,Y, , , , , , , ,Y, , , , ,Y, , ,N, , , , , , ,Y, , , , , ,Y,Y,Y,Y,Y,Y,B, ,S
-9182002.66559852,5268944.58084206,2508,3660,3640,SOMBRA,CA,42.716667,-82.483333,42,43,N,82,29,W,C304,14852,V,RN,E,N,N,Y,N,Y,M,L,O, ,0,M,N,N,N,N,N,Y, , , ,N,N,N,N, , , ,N,N, , ,Y, , , , , , , ,N, , , , , , , , , , , , ,N,Y,N,N,N,N,N, , 
-10059571.3180188,3497124.42742433,2509,8940,8650,DESTREHAN,US,29.95,-90.366667,29,57,N,90,22,W,CP05,11370SC,V,RN,N,N,N,N,Y,Y,K,H,H, ,0,L, , , , ,Y,Y, , , , , , ,Y, ,Y, , , ,Y,Y,Y, , , , ,Y, , , , , ,Y, , , , , , , , , , , , , , , , , , 
-9612438.02999917,5370502.3003887,2510,4680,4570,WHITE LAKE,US,43.383333,-86.35,43,23,N,86,21,W,CP06,14935,S,RN,E,N,N,Y,Y,Y,P,P,P, ,0,M,Y,Y,N,N,N,Y, , , ,N,N,Y,Y, , , , , , , ,Y,Y, , , , , , ,N, , , , , , , , ,Y, , ,Y,Y,Y,Y,Y,Y,Y,B, ,S
-8473268.57421467,5457707.82568852,2511,3150,3120,SACKETS HARBOR,US,43.95,-76.116667,43,57,N,76,7,W,CP06,14811,V,CN,E,N,N,N,N, ,P,P,A,M,0,M,Y,N,N, ,N,Y, , , ,N,N,Y,Y, ,Y, , , , ,Y,Y, , , , , , , ,N, , , , , , ,Y, ,Y, , , ,Y,Y,Y,Y,Y,Y,C, ,S
-10150482.2355,3561525.28874754,2512,8970,8650,BATON ROUGE,US,30.45,-91.183333,30,27,N,91,11,W,CP05,11370SC,S,RN,G,N,N,N,N,Y,H,H,K,J,3,L,Y,Y,Y,N,Y,Y, , ,Y, ,Y, ,Y, ,Y,Y,Y,Y,Y,Y,Y, ,Y, , ,Y,Y, ,Y,Y,Y, ,Y,Y,Y,Y,Y,Y, ,Y,Y,Y,Y,Y,Y,Y,Y,A,S,S
-9603161.4057664,5347555.26673179,2513,4690,4570,MUSKEGON,US,43.233333,-86.266667,43,14,N,86,16,W,CP06,14934,S,RN,E,N,N,Y,Y,Y,L,L,M, ,0,M,Y,Y,Y,N,Y,Y, , , ,N,N,Y,Y, ,Y,Y,Y,Y,Y,Y,Y, , , , ,Y, , ,N,Y,Y, , , , ,Y,Y,Y, ,Y,Y,Y,Y,Y,Y,Y,Y,B, , 
-8517796.37053198,5383275.1881067,2514,3170,3120,OSWEGO,US,43.466667,-76.516667,43,28,N,76,31,W,CP06,14813,S,RN,E,N,N,Y,Y,N,M,M,M, ,0,M,Y,Y,Y, ,Y,Y, , , , , ,Y,Y, ,Y,Y,Y,Y,Y,Y,Y, , , , ,Y, , ,N, ,Y, , , , ,Y,Y,Y, ,Y,Y,Y,Y,Y,Y,Y,Y,C, , 
-10020609.4962412,3360805.34591506,2515,8980,8650,LOOP TERMINAL,US,28.883333,-90.016667,28,53,N,90,1,W,CP05,11359,L,OR,F, , , ,Y,N,A,A, ,A,1,L, ,Y,Y, ,Y,Y,Y, , ,Y,Y, ,Y, ,N,N,Y,Y,N, ,Y,Y, , , ,Y, , , , , , , , , , , , , , , , , ,N,N,N,N,C, , 
-9599450.75607329,5322124.704762,2516,4700,4570,GRAND HAVEN,US,43.066667,-86.233333,43,4,N,86,14,W,CP06,14933,S,RN,F,N,N,Y,Y,Y,N,N,N, ,0,M,Y,Y,Y,N,Y,Y, , , ,N,N,Y,Y, ,Y,Y,Y, ,Y, ,Y, , , , ,Y, , ,N, , , , ,Y,Y,Y,Y,Y, , , ,Y,Y,Y,Y,Y,Y,C, ,S
-8395344.93065938,5705878.35184408,2517,2490,2270,MASSON,CA,45.533333,-75.416667,45,32,N,75,25,W,SCOR,CA1511,V,RN,E, , ,Y, , ,P,K,P, ,0, , , , , , , , , , , , , , , , , , , , ,Y,Y, , , , , , , , , , , , , , , , , , , , , , , , , , , , , 
-9588318.80699396,5279050.90391531,2518,4710,4570,HOLLAND,US,42.783333,-86.133333,42,47,N,86,8,W,CP06,14932,S,RN,F,N,N,Y,Y,Y,M,L,M, ,0,M,Y,Y,N,N,N,Y, , , ,N, ,Y,Y, ,Y,Y, , ,Y, ,Y, , , , ,Y, , ,N, , , , ,Y,Y,Y, ,Y, , , ,Y,Y,Y,Y,Y,Y,C, ,S
-8421319.47851115,5697936.09834744,2519,2510,2270,GATINEAU,CA,45.483333,-75.65,45,29,N,75,39,W,SCOR,CA1511,V,RN,E, , ,Y, , ,Q,P,P, ,0, , , , , , , , , , , , , , , , , , , , ,Y,Y, , , , , , , , , , , , , , , , , , , , , , , , , , , , , 
-10018754.1713946,3405377.79278527,2520,8990,8650,GRAND ISLE,US,29.233333,-90,29,14,N,90,0,W,CP05,11358,V,CN,N,N,N,N,Y, ,P,P,Q, ,1,M, , , , , , ,N,Y, , , , , , ,Y, , , ,Y, ,Y, , , , ,Y, , , , ,Y,Y,Y, , ,Y, ,Y, , , ,Y,Y,Y,Y, , ,C, , 
-9595740.10638018,5261371.9619387,2521,4720,4570,SAUGATUCK,US,42.666667,-86.2,42,40,N,86,12,W,CP06,14906,V,RN,G,N,N,Y,Y,Y,P,P,P, ,0,M,N,N,N,N,N,Y, , , ,N,N,Y,Y, , , ,Y,Y, , ,Y, , , , ,Y, , ,N, , , , , ,Y, , , , , , ,Y,Y,Y,Y,Y,Y,B, ,S
-10154192.8851931,3465045.63472821,2522,9000,8650,MORGAN CITY,US,29.7,-91.216667,29,42,N,91,13,W,CP05,11351,V,RN,N,N,N,N,Y,Y,N,H,P, ,0,L,Y, ,Y, , ,Y, , ,Y, ,Y,Y, , ,Y, , ,Y, ,Y,Y, , , , ,Y, , , , ,Y,Y,Y,Y, ,Y,Y,Y, ,Y,Y,Y,Y,Y,Y,Y,Y,C,S,M
-9605016.73061295,5221087.11031379,2523,4730,4570,SOUTH HAVEN,US,42.4,-86.283333,42,24,N,86,17,W,CP06,14906,V,RN,F,N,N,Y,Y,Y,O,O,P, ,0,M,N,N,N,N,N,Y, , , ,N,N,Y,Y, ,Y, , , , ,Y,Y, , , , ,Y, , ,N, , , , , , , , ,Y, , , ,Y,Y,Y,Y,Y,Y,B, ,S
-8426885.45305081,5690000.89058299,2524,2520,2270,OTTAWA,CA,45.433333,-75.7,45,26,N,75,42,W,SCOR,CA1512,S,RN,E, , ,Y, , ,P,K,O, ,0, , , , , , , , , , , , , , , ,Y,Y,Y,Y,Y,Y,Y, , , , , , , , , , , , , , , , , , , , ,Y,Y, ,Y,Y,Y,B, , 
-10387963.815859,3520700.13954776,2525,9030,8650,HAYMARK TERMINAL,US,30.133333,-93.316667,30,8,N,93,19,W,CP05,11347SC,V,RN,N,N,N,N,Y,Y,K,K,L,N,0,M, , , , , ,Y, , , , , , , , ,Y, , , , , ,Y, , , , ,Y, , , , , , , , , , , , , , , , , ,Y,Y, , , , , 
-9627280.62877161,5178471.59712832,2526,4740,4570,ST JOSEPH,US,42.116667,-86.483333,42,7,N,86,29,W,CP06,14930,S,RN,F,N,N,Y,Y,Y,M,L,M, ,0,M,N,N,N,N,N,Y, , , ,N,N,Y,Y, ,Y, , , , , ,Y, , , , ,Y, , ,N, , , , , , ,Y, ,Y, , , ,Y,Y,Y,Y,Y,Y,B, ,S
-8426885.45305081,5690000.89058299,2527,2530,2270,HULL,CA,45.433333,-75.7,45,26,N,75,42,W,SCOR,CA1511,V,RN,E, , ,Y, , ,P,P,O, ,0, , , , , , , , , , , , , , , , , , , , , ,Y, , , , , , , , , , , , , , , , , , , , , , , , , , , , , 
-10380542.5164728,3531430.83683339,2528,9040,8650,LAKE CHARLES,US,30.216667,-93.25,30,13,N,93,15,W,CP05,11347SC,S,RN,N,N,N,N, ,Y,J,L,L,M,0,L,Y,Y,Y, ,Y,Y,Y, ,Y,N,Y,Y, , ,Y, ,Y,Y,Y,Y,Y, , , , ,Y,Y, ,Y, ,Y, , ,Y, ,Y,Y,Y, ,Y,Y,Y,Y,Y,Y,Y,Y,C, ,S
-9673663.74993547,5121117.3930349,2529,4750,4570,MICHIGAN CITY,US,41.733333,-86.9,41,44,N,86,54,W,CP06,14926,S,CB,F,N,N,Y,Y,Y,Q,Q,Q, ,0,M,N,N,N,N,N,Y, , , ,N,N,Y,Y, ,Y,Y,Y, , , ,Y, , , , ,Y, , ,N, , , , , , , , , , , , ,Y,Y,Y,Y,Y,Y,C, ,S
-8224655.04477636,5671512.70193736,2530,2550,2545,BEAUHARNOIS,CA,45.316667,-73.883333,45,19,N,73,53,W,C301,14204,V,LC,E, , ,Y, ,Y,O,H,O, ,0, , , , , , , , , , , , , , , , , , , , ,Y,Y, , , , , , , , , , , , , , , , , , , , , , , , , , , , , 
-10449189.5357953,3467181.72900569,2531,9050,8650,SABINE,US,29.716667,-93.866667,29,43,N,93,52,W,CP05,11342,V,CN,N,N,N,N,Y,Y,J,J,J,L,1,L,Y, ,Y, ,Y,Y,Y, ,Y,Y,Y, ,Y, ,Y, , ,Y,Y,Y,Y, , , , ,Y, , ,N, ,Y,Y,Y,Y, , , ,Y, , , ,Y,Y,Y,Y,Y,Y, , ,S
-9721902.19594589,5103729.80916465,2532,4760,4570,GARY,US,41.616667,-87.333333,41,37,N,87,20,W,CP06,14926,M,CB,G,N,N,Y,Y,Y,L,L,L, ,0,L,Y,Y,N,N,N,Y, , , , ,Y,Y,Y, ,Y, ,Y,Y,Y,Y,Y, , , , ,Y, , ,N, , , , , , , , ,Y, , , ,Y,Y,Y,Y,Y,Y,C, ,S
-10452900.1854884,3469318.17797235,2533,9060,8650,SABINE PASS,US,29.733333,-93.9,29,44,N,93,54,W,CP05,11342,V,CN,N,N,N,N,Y, ,J,J,J,L,1, ,Y, , , , ,Y,Y, , , , , ,Y, ,Y, , ,Y, ,Y,Y, , , , ,Y, , ,N, , , , , , , , ,Y, , , ,Y,Y,Y,Y,Y,Y,C, ,S
-9731178.82017867,5106211.82146706,2534,4770,4570,BUFFINGTON,US,41.633333,-87.416667,41,38,N,87,25,W,CP06,14929,M,CB,F,N,N,Y,Y,Y,L,L,L, ,0,L, ,Y, , , ,Y, , , , , , , , ,Y, , , , , ,Y, , , , ,Y, , ,N, , , , , , , , , , , , , , , , , , , , , 
-8259906.2168609,5660965.11025166,2535,2560,2545,COTEAU LANDING,CA,45.25,-74.2,45,15,N,74,12,W,C301,14202,V,LC,E, , ,Y, ,Y,O,O,O, ,0, , , , , , ,Y,Y, , , ,Y, , , , , , , , , ,Y, ,Y, , , , , , , , , , , , , , , , , , , , , , , , , ,M, 
-10434346.9370228,3514266.07023452,2536,9070,8650,ORANGE,US,30.083333,-93.733333,30,5,N,93,44,W,CP05,11343,V,RN,N,N,N,N,Y,Y,L,L,L, ,1,L, ,Y,Y,N,Y,Y,Y, ,Y, ,Y,Y, , ,Y, , ,Y,Y,Y,Y, , , , ,Y,Y, ,N, ,Y,Y, , , , ,Y,Y, , ,Y,Y,Y,Y,Y,Y,Y,B,S,S
-7940790.34325351,-3497124.42742433,2537,14570,14070,COQUIMBO,CL,-29.95,-71.333333,29,57,S,71,20,W,125,22282,V,CN,G,Y,Y,N,Y,N,B,L,K, ,3,L, , , ,N,Y,Y,Y, , ,N,Y,Y, ,Y,Y,Y,Y,Y,Y,Y,Y,Y, , , ,Y,Y, ,N,Y,Y, , , ,Y,Y,Y,Y,N,N,N,Y,Y,Y,Y,N,N,C, , 
-8265472.19140056,5660965.11025166,2538,2570,2545,ST ZOTIQUE,CA,45.25,-74.25,45,15,N,74,15,W,C301,14202,V,LC,E, , ,Y, , ,P,P,P, ,0, , , , , , , , , , , , , , , , , , , , , ,Y, , , , , , , , , , , , , , , , , , , , , , , , , , , , , 
-10460321.4848746,3482144.33698388,2539,9080,8650,PORT ARTHUR,US,29.833333,-93.966667,29,50,N,93,58,W,CP05,11342,M,LC,G,N,N,N,Y,Y,J,J,J,K,2,L, ,Y,Y,N,Y,Y,Y, ,Y, ,Y,Y,Y, ,Y, ,Y,Y,Y,Y,Y, ,Y, , ,Y, , ,Y, ,Y,Y,Y,Y,Y,Y,Y,Y,Y,Y,Y,Y,Y,Y,Y,Y,Y,A,S,L
-9733034.14502522,5111177.7721508,2540,4780,4570,INDIANA HARBOR,US,41.666667,-87.433333,41,40,N,87,26,W,CP06,14929,M,CB,F,N,N,Y,Y,Y,L,L,M,L,0,L,Y,Y,Y,N,Y,Y, , , , ,Y,Y,Y, ,Y,Y,Y,Y,Y,Y,Y, , , , ,Y, , ,N, , , , , , , , , , , , ,Y,Y,Y,Y,Y,Y,A, ,S
-8278459.46532644,5642536.57131227,2541,2590,2545,ST ANICET,CA,45.133333,-74.366667,45,8,N,74,22,W,C301,14201,V,RN,E, , ,Y, , ,P,O,P, ,0, , , , , , , , , , , , , , , , , , , , , ,Y, , , , , , , , , , , , , , , , , , , , , , , , , , , , , 
-9072538.4996518,3652244.85890687,2542,8550,6585,BRUNSWICK,US,31.15,-81.5,31,9,N,81,30,W,CP04,11506,S,RN,G,Y,N,N,Y,Y,K,L,L,L,8,L,Y,Y,Y,N,Y,Y, , , , ,Y,Y,Y, ,Y,Y,Y,Y,Y,Y,Y, , , , ,Y,Y, ,N,Y,Y, , ,Y, , ,Y,Y, , , ,Y,Y,Y,Y,Y,Y,C, ,M
-7931513.71902074,-3307938.20332763,2543,14610,14070,HUASCO,CL,-28.466667,-71.25,28,28,S,71,15,W,125,22262,V,OR,F,N,N,N,N,Y,A,A,B,G,1,L,Y, ,Y, ,Y,Y,Y, , ,N,Y,Y, ,Y,Y,Y,Y,Y,Y,Y,Y,Y, , , ,Y,N, ,N, , , , , ,Y, ,Y, , , , ,Y,N,N,Y, , ,C, ,S
-9742310.76925799,5121117.3930349,2544,4790,4570,CALUMET HARBOR,US,41.733333,-87.516667,41,44,N,87,31,W,CP06,14929,M,CB,E,N,N,Y,Y,Y,L,L,M,L,0,L,Y,Y,Y,N,Y,Y, , , , ,Y,Y,Y, ,Y,Y,Y,Y,Y,Y,Y, , , , ,Y, , ,N, , , , , ,Y,Y, ,Y, , , ,Y,Y,Y,Y,Y,Y,A,L, 
-8293302.06409888,5642536.57131227,2545,2600,2545,SOUTH LANCASTER,CA,45.133333,-74.5,45,8,N,74,30,W,C301,14201,V,RN,E, , ,Y, , ,P,P,P, ,0, , , , , , , , , , , , , , , , , , , , , ,Y, , , , , , , , , , , , , , , , , , , , , , , , , , , , , 
-9068827.84995869,3591691.87539055,2546,8560,6585,FERNANDINA BEACH,US,30.683333,-81.466667,30,41,N,81,28,W,CP04,11503,S,RN,G,N,N,N,Y, ,L,M,L, ,6,M,Y,Y,Y,N,Y,Y, , , , ,Y,Y, , ,Y, , ,Y, ,Y,Y, , , , ,Y, , ,N, , , , , , , ,Y,Y, , , ,Y,Y,Y,Y,Y,Y,C, ,S
-9751587.39349076,5143519.33208597,2547,4800,4570,CHICAGO,US,41.883333,-87.6,41,53,N,87,36,W,CP06,14928,M,CT,E,N,N,Y,Y,Y,L,M,M, ,0,L,Y,Y,Y,N,Y,Y, , , , ,Y,Y,Y, ,Y,Y,Y,Y,Y,Y,Y, , , , ,Y,Y, ,N,Y,Y,Y, , ,Y,Y,Y,Y, ,Y,Y,Y,Y,Y,Y,Y,Y,A,M, 
-9065117.20026558,3555070.43383735,2548,8570,6585,MAYPORT,US,30.4,-81.433333,30,24,N,81,26,W,CP04,11490,V,RN,E,N,N,N,Y,Y,H,H,H, ,5,L, ,Y,N,N,N,Y, , , , ,Y,Y,Y, ,Y, , ,Y, , ,Y, , , , ,Y, , ,N, , , , , , , , , , , , ,Y,Y,Y,Y,Y,Y, , , 
-9760864.01772354,5173470.55851498,2549,4810,4570,WILMETTE,US,42.083333,-87.683333,42,5,N,87,41,W,CP06,14926,V,CB,F,N,N,Y,Y,Y,Q,P,P, ,0,M,Y,Y,N,N,N,Y, , , ,N,N,Y,Y,N,N,N,Y,Y,Y,Y,Y, , , , , , , ,N, , , , , ,N,N,N, , ,N,N,Y,Y,Y,Y, , ,C, , 
-8376791.68219384,4844168.57047028,2550,8115,6585,PAULSBORO,US,39.85,-75.25,39,51,N,75,15,W,CP03,12312,V,RN,G,N,N,N,Y,Y,K,K,K,J,6,L, , ,N,N,N,Y, , , , , ,Y,Y, ,Y, , , , , ,Y, , , , ,Y, , ,N, , , , , , , , , , , , , , ,Y,Y, , , , , 
-9777561.94134253,5206024.46129235,2551,4820,4570,GREAT LAKES,US,42.3,-87.833333,42,18,N,87,50,W,CP06,14905,V,CB,G,N,N,Y,Y,Y,O,M,O, ,0,M,Y,Y,N,N,Y,Y, , , ,N,N,Y,Y, ,Y,Y,Y,Y,Y,Y,Y, , , , ,Y,Y, ,N, , , , ,N,N,N,N, , ,N,N, ,Y,Y,Y, , ,C, , 
-7885130.59785688,-3129719.97838599,2552,14630,14070,PUERTO CALDERA,CL,-27.05,-70.833333,27,3,S,70,50,W,125,22252,V,CN,F, , , ,Y, ,G,C,H,K,1,L, , ,Y,N,Y,Y, , , ,N,Y,Y, ,Y,Y,Y,Y,N,Y,Y,Y,Y, , , , ,N, ,N,Y, , , , , ,Y,Y, , , , ,Y,Y,N,Y, , ,C, ,S
-9775706.61649597,5216063.56395442,2553,4830,4570,WAUKEGAN,US,42.366667,-87.816667,42,22,N,87,49,W,CP06,14904,S,CB,F,N,N,Y,Y,Y,N,M,N, ,0,M,Y,Y,N,N,N,Y, , , ,N,N,Y,Y, ,Y,Y, , ,Y, ,Y, , , , ,Y, , ,N, , , , , , , ,Y, , , , ,Y,Y,Y,Y,Y,Y,C, ,S
-7888841.24754999,-3133887.01127107,2554,14635,14070,PUERTO CALDERILLA,CL,-27.083333,-70.866667,27,5,S,70,52,W,125,22252,V,CN,G,N,N,N,Y,N,A,E,G,L,3,L,Y, , , ,Y,Y, , , , , , , , , , , , ,Y,Y,Y,Y, , , , , , ,N,Y,Y, , , , ,Y, , , , , ,Y,Y,N,N, , ,C, , 
-7864722.02454478,-3042494.91790873,2555,14640,14070,PUERTO CHANARAL,CL,-26.35,-70.65,26,21,S,70,39,W,125,22225,V,CN,F,N,Y,N, ,Y,A,G,H,C,2,L,Y, ,N,N,Y,Y,Y, , ,N,Y,Y, ,Y,Y,Y,Y, ,Y,Y,Y,Y, , , ,Y,N, ,Y, , , , , , , ,Y, , , , ,N,Y,Y,Y, , ,C, ,S
-7846168.77607923,-2924956.15783727,2556,14650,14070,TALTAL,CL,-25.4,-70.483333,25,24,S,70,29,W,125,22225,V,CN,F,N,N,N,Y,N,C,A,N,G,1,L, , , ,N,Y,Y,Y, , ,N,N,Y, ,Y,Y,Y,Y, ,Y,Y,Y,Y, , , ,Y,N, ,N,Y, , , , , , , , , , , ,Y,N,N, , , ,C, ,S
-7838747.47669301,-2710816.71375927,2557,14660,14070,ANTOFAGASTA,CL,-23.65,-70.416667,23,39,S,70,25,W,125,22221,M,CB,G,N,Y,N,Y, ,K,D,J,E,3,L,N,Y,Y,Y,Y,Y,Y, ,Y,N,Y,Y, ,Y,Y,Y,Y,Y,Y,Y,Y,Y, , , ,Y,N, ,N,Y,Y,Y, ,Y, ,Y,Y,Y,N,N,N,Y,Y, ,Y,Y,Y,C, ,M
-7844313.45123268,-2644116.43400221,2558,14670,14070,MEJILLONES,CL,-23.1,-70.466667,23,6,S,70,28,W,125,22251,S,CN,G,N,N,N,N,N,C,A,H,G,1,L,Y, , ,N,Y,Y,Y, , ,N,N,Y, , ,Y,Y,Y,Y,Y,N,Y,Y, , , ,Y,N, ,N,Y, , , , ,Y, , , , , , , ,N,N,N,N, ,C, , 
-7818338.90338091,-2521533.34073591,2559,14720,14070,TOCOPILLA,CL,-22.083333,-70.233333,22,5,S,70,14,W,125,22221,S,OR,F,N,N,N, , ,A,A,J,H,3,L,Y, ,Y,N,Y,Y,Y, ,Y,N,N,Y, , ,Y,Y,Y, ,N,Y,Y,Y, , , ,Y, , ,N,Y, , , ,Y, , ,Y, , , , ,Y,Y,N,N,N,Y,C, ,S
-7810917.6039947,-2296738.78425518,2560,14760,14070,IQUIQUE,CL,-20.2,-70.166667,20,12,S,70,10,W,125,22233,S,CB,G,N,N,N,Y,Y,H,A,F,K,1,L, , ,Y,N,Y,Y,Y, ,Y,Y,Y,Y,Y,Y,Y,Y,Y,Y,Y,Y,Y,Y, , , ,Y,N, ,N,Y,Y, , ,Y, ,Y,Y,Y,Y,Y,Y,Y,Y,Y,Y,Y,Y,C,M,M
-7829470.85246024,-2092244.06747397,2561,14800,14070,RADA DE ARICA,CL,-18.466667,-70.333333,18,28,S,70,20,W,125,22221,S,OR,P,N,Y,N,Y, ,F,D,J,H,1,L, , ,Y, ,Y,Y, , ,Y, ,Y,Y,Y,Y,Y,Y,Y,Y,Y,Y,Y,Y, , , ,Y, , ,N,Y,Y, , ,Y,Y,Y,Y,Y,Y,N,N,Y,Y,Y,Y,N,N,C,S,S
-7944500.99294662,-1994675.12319422,2562,14840,14830,PUERTO ILO,PE,-17.633333,-71.366667,17,38,S,71,22,W,125,22182,V,OR,G,N,Y,N,Y, ,D,E,E,F,1,L, , ,Y,N,Y,Y,Y, , ,N,Y,Y,Y,Y,Y,Y,Y,Y,Y,Y,Y,Y, , , ,Y,Y, ,N,Y,Y, , , ,Y,Y,Y,Y,Y,Y,Y,Y,Y,N,N,Y,Y,C, ,M
-8027990.61104158,-1920825.04037747,2563,14860,14830,BAHIA DE MATARANI,PE,-17,-72.116667,17,0,S,72,7,W,125,22182,S,CB,G,N,N,N, ,Y,H,A,H,D,3,L, , , ,N,Y,Y,Y, ,Y, ,Y,Y,Y,Y,Y,Y,Y, ,Y,Y,Y,Y, , , ,Y,Y, ,N,Y, , , , , ,Y,Y,Y,N,N,N,Y,N,N,Y,N,N,C, ,S
-8374936.35734728,-1718028.69113958,2564,14895,14830,BAHIA SAN NICOLAS,PE,-15.25,-75.233333,15,15,S,75,14,W,125,22183,V,CB,G,N,Y,N,Y,Y,H,A,D,D,0,L,Y,Y,Y,N,Y,Y,Y, , , ,Y,Y,Y,Y,Y, ,Y, , , ,Y,Y, , , ,Y, , ,N,N,N,N, , , ,Y, , , , , ,Y,N,N,N, , ,D, , 
-8588298.71470106,-1351399.25866924,2565,14950,14830,PUERTO DEL CALLAO,PE,-12.05,-77.15,12,3,S,77,9,W,125,22172,M,CB,G,N,N,N,Y,N,K,A,K,K,1,L,Y,Y,Y,Y,Y,Y,Y, ,Y, ,Y,Y,Y, ,Y,Y,Y,Y,Y,Y,Y,Y, , , ,Y,Y, ,N,Y,Y,Y,N,Y,Y,Y,Y, , , , ,Y,Y,Y,Y,Y,Y,A,S, 
-8592009.36439417,-1317269.89523635,2566,14960,14830,BAHIA DE ANCON,PE,-11.75,-77.183333,11,45,S,77,11,W,125,22143,V,OR,F,N,N,N, , , ,N,H, ,2,M, , , , ,Y,Y, , , , ,Y,Y,Y, ,Y, ,Y,Y, ,Y, ,Y, , , , ,N, ,N, , , , , , , , , , , , , ,Y, , , , , , , 
-8599430.66378038,-1298325.25518748,2567,14970,14830,CHANCAY,PE,-11.583333,-77.25,11,35,S,77,15,W,125,22160,V,OR,F,N,Y,N, , , ,G,N, ,2, , , , , ,Y,N,N, , , ,Y,Y,Y,Y,Y,Y, ,Y,Y,Y,Y,Y, , , ,Y, , ,N,Y, , , , , ,Y,Y, , , , , ,N,N,N, , ,N, , 
-8640247.81040458,-1245339.78279585,2568,14980,14830,PUERTO DE HUACHO,PE,-11.116667,-77.616667,11,7,S,77,37,W,125,22143,V,OR,F,N,Y,N, , , ,J,O, ,1, ,Y, , ,N,N,N,N, , , ,Y, , , ,Y,Y, ,Y,Y,Y, ,Y, , , ,Y, , ,N,Y, , , , , ,Y, , , , , ,Y,N,N,Y, , ,C, , 
-8655090.40917702,-1209433.84221688,2569,14990,14830,PUERTO SUPE,PE,-10.8,-77.75,10,48,S,77,45,W,125,22143,V,OR,N,N,Y,N,N,N, ,F,M,G,1,L,Y,N,N,N,Y,Y,N, , , ,Y,Y, , ,Y,Y,Y,Y, ,Y, ,Y, , , ,Y, , ,N,Y, , , , , ,Y,Y, , , , ,Y,N,N,N, , ,C, , 
-8701473.53034088,-1130195.39763889,2570,15000,14830,PUNTA LOBITOS (BAHIA DE HUARMEY),PE,-10.1,-78.166667,10,6,S,78,10,W,125,22140,V,OR,F,N,Y,N, , , ,H, , ,1, , , , ,N,Y,N,N,Y, , ,Y, , , ,Y,Y,Y, ,Y, , ,Y, , , ,N,N, ,N, ,Y, , , , ,Y,Y,N,N,N,N,Y, , , , , , , , 
-8751567.30119786,-1015414.40655861,2571,15030,14830,PUERTO DE CHIMBOTE,PE,-9.083333,-78.616667,9,5,S,78,37,W,125,22142,V,CN,G,N,N,N,Y, ,B,K,H,L,2,L,Y, ,Y,N,N,Y,Y, , , ,Y,Y,Y,Y,Y,Y,Y,Y,Y,Y,Y,Y, , , ,Y,N, ,N,Y,Y,Y, ,Y, ,Y,Y,N,N,N,N,Y,Y,Y,Y,Y,Y,C, ,S
-8792384.44782206,-919701.14726765,2572,15050,14830,SALAVERRY,PE,-8.233333,-78.983333,8,14,S,78,59,W,125,22138/0,V,CB,P,N,Y,N,Y,N,L,K,L,L,3,L, ,Y,Y,Y,Y,Y,Y,Y,Y, ,Y,Y,Y,Y,Y, ,Y, ,Y, ,Y,Y, , , ,Y,N, ,N,Y,Y, , , , ,Y,Y,N,N,N,N,Y,Y,Y,Y,Y,Y,C, , 
-8898137.96407567,-762492.945095851,2573,15110,14830,PIMENTAL,PE,-6.833333,-79.933333,6,50,S,79,56,W,125,22138,V,OR,P,N,Y,N, , ,H,K,O,J,3,M, , ,Y,N,Y,N,N, , , ,Y,Y,Y,Y,Y,Y,Y,Y,Y,Y,Y,Y, , , ,Y, , ,N, ,Y, , , , ,Y,Y, , , , ,Y, ,N,N,N,N,N, , 
-9022444.72879482,-650488.43703801,2574,15140,14830,PUERTO BAYOVAR,PE,-5.833333,-81.05,5,50,S,81,3,W,125,22120/5,V,OR,P, ,Y, ,Y, , ,A,K,A,1,L, , , , ,Y,Y,Y, ,Y, ,Y,Y,Y,Y,Y, ,Y, ,N, ,Y,Y, , , ,Y,N, ,Y, , , , , , , , , , , , , ,N, , , , , , , 
-8144876.07637452,-4443754.0430613,2575,14400,14070,CORONEL,CL,-37.033333,-73.166667,37,2,S,73,10,W,125,22312,S,CN,E,N,N,N,Y,N,E,F,H,H,1,L,Y, ,Y,N,Y,Y,Y, , , ,Y,Y, ,Y,Y,Y,Y,Y,Y,Y,Y,Y, , , ,Y, , ,N,Y,Y, , ,Y, , ,Y, , , , ,Y,Y,Y,N, , ,N, , 
-7720006.68651352,1286963.90240491,2576,12090,11950,PUERTO CUMAREBO,VE,11.483333,-69.35,11,29,N,69,21,W,148,24460,V,OR,P,N,N,N,N,N, ,J,K,M,1,M,Y,Y, , ,Y,Y,Y, , , ,N,Y, ,Y, , ,Y,Y,Y, , ,Y,Y, , , , , , , , , , , , , ,Y, , , , , ,Y,Y, , , , , , 
-10601326.1732128,3467181.72900569,2577,9230,8650,SINCO,US,29.716667,-95.233333,29,43,N,95,14,W,CP05,11325,V,RN,G,N,N,N,Y,Y,J,K,K, ,1, , ,Y, , , ,Y, , , , , , , , ,Y, , ,Y, ,Y,Y, , , , ,Y, , ,N, , , , , , , , , , , , ,Y,Y,Y,Y,Y,Y, , ,M
-7582712.64786848,1173565.73790788,2578,12115,11950,EL PALITO,VE,10.483333,-68.116667,10,29,N,68,7,W,148,24453,V,OR,F,N,Y,N,N,Y,H,A, ,G,0,L, ,Y,Y,N,Y,Y,Y,Y,Y, ,Y, ,Y,Y,Y,Y,Y,Y,Y,Y,Y,Y,Y, , , , , ,Y, , , , , , , ,Y,Y, ,Y,Y,Y,N,Y,Y,N,N,D, ,S
-10606892.1477524,3471454.98192683,2579,9240,8650,HOUSTON,US,29.75,-95.283333,29,45,N,95,17,W,CP05,11325,L,RT,G,N,N,N,Y,Y,G,K,L,J,0,L,Y,Y,Y,Y,Y,Y,Y, ,Y,Y,Y,Y,Y, ,Y,Y,Y,Y,Y,Y,Y, , , , ,Y,Y, ,Y,Y,Y,Y,Y,Y,Y,Y,Y,Y,Y,Y,Y,Y,Y,Y,Y,Y,Y,A,M,M
-7569725.3739426,1173565.73790788,2580,12120,11950,PUERTO CABELLO,VE,10.483333,-68,10,29,N,68,0,W,148,24454,M,CN,E,N,N,N,Y,N,K,J,H,K,0,L,Y,Y,Y,N,Y,Y,Y,Y,Y, ,Y,Y, ,Y,Y,Y,Y, ,Y,Y,Y, , , , ,Y,Y, ,Y, ,Y,Y,Y,Y,Y, ,Y,N,Y,Y, ,Y,Y,Y, , , ,C,M,S
-10612458.1222921,3369283.69317099,2581,9250,8650,FREEPORT,US,28.95,-95.333333,28,57,N,95,20,W,CP05,11322SC,V,RN,G,N,N,N,Y,Y,J,L,L,J,0,L,Y,Y,Y,N,Y,Y,Y, ,Y,Y,Y,Y, , ,Y,Y,Y,Y,Y,Y,Y, , , , ,Y, , ,Y, ,Y,Y,Y, ,Y, ,Y,Y, ,Y,Y,Y,Y,Y,Y,Y,Y,C, ,S
-7450984.58376311,1188663.56137799,2582,12150,11950,LA GUAIRA,VE,10.616667,-66.933333,10,37,N,66,56,W,148,24452,S,CB,G,Y,Y,N,Y,N,L,C,J, ,1,M,Y,Y,Y,Y,Y,Y,Y, , , ,Y,Y, ,Y,Y,Y,Y, ,Y, ,Y, , , , ,Y, , ,Y,Y,Y,N,Y, ,Y, ,Y, ,N, , ,Y,Y,Y,Y, ,Y,C, , 
-10710790.3391595,3335402.87219108,2583,9260,8650,PALACIOS,US,28.683333,-96.216667,28,41,N,96,13,W,CP05,11317,V,CN,G,N,N,N,Y,Y,O,P,P, ,1, , ,Y,N,N,N,Y,Y, , , , , , , ,Y, , ,Y,Y,Y,Y, , , , ,Y, , ,N, , , , , , , , , , , , ,Y,Y,Y,Y,N,N,C, ,S
-10755318.1354768,3326946.1756854,2584,9270,8650,PORT LAVACA,US,28.616667,-96.616667,28,37,N,96,37,W,CP05,11317,V,CN,G,N,N,N,Y,Y,H,H,J, ,1,M, ,Y,Y,N,N,Y,Y, , , , , ,Y, ,Y, , ,Y,Y,Y,Y, , , , ,Y,Y, ,Y, , , , , , , ,Y, , , , ,Y,Y,Y,Y,Y,Y,C, ,S
-7189383.78039892,1147160.13444653,2585,12200,11950,GUANTA,VE,10.25,-64.583333,10,15,N,64,35,W,148,24435,S,OR,G,N,N,N,Y,N,J,A,M, ,0,L,Y,Y,Y,N,Y,Y, , , , ,Y,Y, ,Y, , ,Y,Y,Y, ,Y, , , , ,Y,N, ,Y, ,Y, ,Y, ,Y,Y,Y, , , , ,Y,Y,Y, , , ,C, , 
-10731198.9124716,3305827.87452617,2586,9280,8650,PORT OCONNOR,US,28.45,-96.4,28,27,N,96,24,W,CP05,11317,V,CN,G,N,N,N,Y,Y,O,P,P, ,1,M, , ,N,N,N,Y, , , , , , , , ,Y, , ,Y, , ,Y, , , , ,Y, , ,N, , , , , , , , , , , , ,Y,Y,Y,Y,Y,Y,C, ,S
-7187528.45555236,1145274.76925508,2587,12210,11950,BAHIA DE PERTIGALETE,VE,10.233333,-64.566667,10,14,N,64,34,W,148,24435,S,CN,F,N,N,N,Y,N,H,H,J,G,0,M,Y,Y, , ,Y,Y,Y, , , ,Y,Y, ,Y, , ,Y,Y, ,Y, , , , , ,Y,Y, ,N, , , , , , , ,Y, , , , , ,Y,Y, , , ,C, , 
-10803556.5814872,3251075.23755368,2588,9290,8650,ROCKPORT,US,28.016667,-97.05,28,1,N,97,3,W,CP05,11314SC,V,CN,G,N,N,N,Y,Y,P,O,O, ,0,M, ,N,N,N,N,Y, , , , , , , , ,Y, , ,Y,Y,Y,Y, , , , ,Y, , ,N, , , , , , , , , , , , ,Y,Y,Y,Y, , ,C, ,M
-10842518.4032648,3225879.25170555,2589,9300,8650,CORPUS CHRISTI,US,27.816667,-97.4,27,49,N,97,24,W,CP05,11309,M,CN,G,N,N,N,Y,Y,G,K,J,J,0,L,Y,Y,Y,N,Y,Y,Y, ,Y,Y,Y,Y, , ,Y,Y,Y,Y,Y,Y,Y, , , , ,Y,Y, ,Y,Y,Y, , , ,Y,Y,Y,Y,Y,Y,Y,Y,Y,Y,Y,Y,Y,B,M, 
-7040957.79267455,1198103.04056026,2590,12260,11950,CARUPANO,VE,10.7,-63.25,10,42,N,63,15,W,148,24430,V,CB,F,N,Y,N,Y,N,L,L,B, ,2,M,Y,Y,Y,Y,Y,Y,Y, , , ,Y,Y, ,Y, , ,Y,Y,Y, ,Y, ,Y, , ,Y, , , , ,Y, , , , ,Y,Y, , , , , ,Y, , , , ,C, , 
-10803556.5814872,3227977.13986355,2591,9310,8650,PORT ARANSAS,US,27.833333,-97.05,27,50,N,97,3,W,CP05,11309,V,CN,G,N,N,N,Y,Y,P,P,O, ,1, , ,Y,Y,N,Y,Y,Y, , , ,Y, , , ,Y, , ,Y, , ,Y, , , , ,Y, , ,N, , , , , , , , ,Y, , , ,Y,Y,Y,Y,Y,Y,C, ,S
-10818399.1802596,3225879.25170555,2592,9320,8650,PORT INGLESIDE,US,27.816667,-97.183333,27,49,N,97,11,W,CP05,11309,V,CN,G,N,N,N,Y,Y,K,K, ,K,1,L, ,Y,N,N,N,Y, , , ,N,Y, , , ,Y, , ,Y, , ,Y, , , , ,Y, , ,N, , , , , , , , ,Y, , , ,Y,Y,Y,Y,Y,Y, , , 
-10820254.5051062,3009405.79978153,2593,9330,8650,PORT ISABEL,US,26.083333,-97.2,26,5,N,97,12,W,CP05,11302SC,V,CN,G,N,N,N,Y,Y,K,K,K,K,1,L, ,Y,N,N,Y,Y, , ,Y,N,Y, , , ,Y, , , ,Y,Y,Y, , , , ,Y, , ,N, ,Y, , ,Y,Y,Y, , , , , ,Y,Y,Y,Y,Y,Y,C, ,S
-10842518.4032648,2992889.54613084,2594,9340,8650,BROWNSVILLE,US,25.95,-97.4,25,57,N,97,24,W,CP05,11302SC,S,LC,G,Y,N,N,N,Y,H,K,K,K,1,L, ,Y,Y,N,Y,Y,Y, ,Y,Y,Y,Y,Y, ,Y,Y,Y,Y,Y,Y,Y,Y, , , ,Y,Y, ,Y,Y,Y,Y,Y, ,Y,Y,Y,Y,Y,Y,Y,Y,Y,Y,Y,Y,Y,C,S,S
-7825760.20276713,5106211.82146706,2595,7315,6585,HYANNIS PORT,US,41.633333,-70.3,41,38,N,70,18,W,CP02,13229,V,CB,F,N,N,N,Y,N,P,N,P, ,3,M, , ,N,N,N,N, , , , , , , , ,Y, , , , ,Y,Y, , , , ,Y, , ,N, , , , , , , , , , , , ,Y,Y, ,Y, , , , , 
-10894467.4989684,2537558.60942986,2596,9360,9350,TAMPICO,MX,22.216667,-97.866667,22,13,N,97,52,W,148,28325,M,RN,G,N,N,N,Y,Y,J,J,L,J,1,L,Y,Y,Y,N,Y,Y,Y, ,Y, ,Y,Y, , , , ,Y,Y, ,Y,Y,Y, , , ,Y,Y, ,Y,Y,Y, , ,Y,Y,Y,Y, , , , ,Y,Y,Y,Y, , ,B,M,S
-7861011.37485167,5093808.1675846,2597,7320,6585,FALMOUTH,US,41.55,-70.616667,41,33,N,70,37,W,CP02,13229,V,CN,F,N,N,N,Y,N,P,K,P, ,1,M,Y, ,N,N,N,N,N, , ,N,N,Y,Y, ,Y, ,Y,Y, ,Y,Y, , , , , , , ,N,Y, , , , , ,Y, , , , , ,Y,Y, ,Y,Y,Y,C, ,S
-10172746.1336587,5906779.98796641,2598,5440,5230,PORT WING,US,46.783333,-91.383333,46,47,N,91,23,W,CP06,14966,V,CB,G,N,N,Y,Y,N,P,O,O, ,0,M,N,N, ,N,N,Y, , , ,N,N,Y,Y, ,Y, , , , , ,Y, , , , ,Y, , ,N, , , , , , , , , , , , ,Y,Y, , , , , , , 
-10248814.4523674,5898655.39066796,2599,5450,5230,SUPERIOR,US,46.733333,-92.066667,46,44,N,92,4,W,CP06,14975,M,CB,E,N,N,Y,Y,Y,M,L,L,L,0,L,Y,Y,Y, ,N,Y, , , , ,Y,Y,Y, ,Y,Y,Y,Y,Y,Y,Y, , , , ,Y, , ,N,Y,Y, , , , ,Y,Y,Y, ,Y,Y,Y,Y,Y,Y,Y,Y,A,L, 
-6935204.27642094,1183001.11033736,2600,12270,11950,GUIRIA,VE,10.566667,-62.3,10,34,N,62,18,W,148,24404,V,CB,F,N,N,N,N,N,N,K,N, ,2,M,Y, ,Y, ,Y,Y,Y, , , ,N,Y, , ,Y, ,Y,Y,Y, ,Y, , , , ,Y, , ,N, ,Y, , , ,Y,Y, , , , , ,Y,Y,Y, , , ,C, ,M
-13558713.9786207,4581780.52151212,2601,16515,16000,ANTIOCH,US,38.016667,-121.8,38,1,N,121,48,W,CP07,18659,V,RN,E,N,N,N, ,Y, ,K,K, ,4, , , , ,N, ,Y,Y, , , , , , , , , , , , , ,Y, , , , , , , , , , , , , , , , , , , , ,Y,Y, ,Y, , ,B, ,M
-10701513.7149267,2178496.88424124,2602,9380,9350,VERACRUZ,MX,19.2,-96.133333,19,12,N,96,8,W,148,28302,M,CB,G,Y,N,N,Y,N,G,A,J, ,1,L,Y,Y,Y,N,Y,Y,Y, ,Y,N,Y, , , , , ,Y,Y,Y,Y,Y,Y, , , ,Y,Y, ,N, , ,Y, , ,Y, ,Y,Y, ,Y,Y,Y,Y,Y, ,Y,Y,A,M,M
-7803496.30460848,5054223.52031364,2603,7330,6585,NANTUCKET,US,41.283333,-70.1,41,17,N,70,6,W,CP02,13241,V,CN,G,N,N,N,Y,N,O,O,O, ,3,M,Y, ,N,N,N,N,N, , ,N,N,Y,Y, ,Y, , , ,Y,Y,Y, , , , ,Y, , ,N, , , , , , , , , , , , ,Y,Y, ,Y, , ,C, ,S
-10252525.1020605,5904070.95106,2604,5460,5230,DULUTH,US,46.766667,-92.1,46,46,N,92,6,W,CP06,14975,M,CB,E,N,N,Y,Y,Y,M,L,L,L,0,L,Y,Y,Y, ,N,Y, , , , ,Y,Y,Y, ,Y,Y,Y,Y,Y,Y,Y, , , , ,Y, , ,N,Y,Y, ,Y, , ,Y,Y,Y, ,Y,Y,Y,Y,Y,Y,Y,Y,A,M, 
-6912940.37826229,1190551.25068037,2605,12275,11950,PUERTO DE HIERRO,VE,10.633333,-62.1,10,38,N,62,6,W,148,24414,S,OR,F,N,N,N,Y,N, ,M,N, ,0,L,Y,Y,Y,N,Y,Y,Y,Y,Y,N,N,Y, ,Y, , ,Y,Y, , ,Y, , , , ,Y, , ,N,Y,Y, ,Y,Y,Y,Y,Y,Y, , , , ,Y, , , , , , , 
-13503054.2332241,4572364.89569298,2606,16520,16000,STOCKTON,US,37.95,-121.3,37,57,N,121,18,W,CP07,18661,S,RN,E,Y,N,N,Y,Y,L,L,J,K,3,L, ,Y,Y,N,Y,Y,Y, , , ,Y,Y, , ,Y,Y,Y, ,Y,Y,Y, , , , ,Y,Y, ,N,Y,Y,Y,Y, , , ,Y,Y,Y,N,N,Y,Y,Y,Y,Y,Y,C, ,M
-10239537.8281346,2292785.36879765,2607,9395,9350,CAYO ARCAS TERMINAL,MX,20.166667,-91.983333,20,10,N,91,59,W,148,28221,V,OR,P,N,N,N,Y,Y, ,A, ,C,0,L,Y,Y, , ,Y,Y,Y, , , ,Y,Y, ,Y, , ,Y,Y, , ,Y, , , , ,N, , , , , , , , , , ,Y, , , , ,Y,Y,Y,Y, , , , , 
-7848024.10092579,5069048.72832208,2608,7340,6585,EDGARTOWN,US,41.383333,-70.5,41,23,N,70,30,W,CP02,13238,V,CN,G,N,N,N,Y,N,O,L,N, ,2,M,Y, ,N,N,N,N, , , ,N,N,Y, , ,Y,Y,Y, ,Y,Y,Y, , , , , , , ,N, , , , , , , , , , , , ,Y,Y,Y,Y,Y,Y,C, ,S
-10202431.3312035,5944794.92106662,2609,5470,5230,TWO HARBORS,US,47.016667,-91.65,47,1,N,91,39,W,CP06,14966,S,CB,G,N,N,N,Y, ,M,L,L, ,0,L,Y,Y,N,N,N,Y, , , , ,Y,Y,Y, ,Y, , , , , ,Y, , , , ,Y, , ,N, , , , , , , , , , , , ,Y,Y,Y, , , , , , 
-7016838.56966934,1135849.42497619,2610,12280,11950,CARIPITO,VE,10.15,-63.033333,10,9,N,63,2,W,148,24404,V,RN,E,Y,N,N,Y, ,K,G, ,K,4,L,Y,Y,Y,N,Y,Y,Y, , , ,Y,Y, ,Y, , ,Y,Y, ,Y,Y, , , , ,Y, , ,Y,Y,Y, ,Y,Y, ,Y,Y,Y, ,N,N, ,Y,Y,Y, , ,D, , 
-13547582.0295414,4600637.50695216,2611,16540,16000,RIO VISTA,US,38.15,-121.7,38,9,N,121,42,W,CP07,18661,V,RN,E,Y,N,N,Y,Y,L, ,M, ,4, , , , ,N, ,Y,Y, , , , , , , , , , , , , ,Y, , , , , , , , , , , , , , ,Y, , , , , ,Y,Y, ,Y, , ,C, ,S
-10055860.6683257,6065364.06159726,2612,5480,5230,GRAND MARAIS,US,47.75,-90.333333,47,45,N,90,20,W,CP06,14967,V,CN,E,N,N,Y,Y, ,O,N,P, ,0,M,Y,Y,Y,N,N,Y, , , ,N,N,Y,Y, ,Y, , , , , ,Y, , , , ,Y, , ,N, , , , , , , , , , , ,Y,Y,Y,Y,Y,Y,Y,C, , 
-7859156.05000511,5078944.86873378,2613,7350,6585,VINEYARD HAVEN,US,41.45,-70.6,41,27,N,70,36,W,CP02,13238,V,CB,G,N,N,Y,Y,N,N,M,M, ,2,M,Y, ,N,N,N,N,N, , ,Y,Y,Y,Y, ,Y, , , ,Y, ,Y, , , , ,Y, , ,N, , , , , , ,Y, , , , , ,Y,Y, ,Y, , ,C, ,S
-6977876.7478917,934700.85968351,2614,12330,11950,PALUA,VE,8.366667,-62.683333,8,22,N,62,41,W,148,24382,V,RN,P,N,Y,N,Y,Y, , ,H, ,0,L, ,Y, ,N,Y,Y,Y,Y,Y,N,Y,Y, ,Y, , ,Y,Y,Y, ,Y, ,Y, , ,Y, , , ,Y, , , , ,Y, ,Y,Y, , ,Y,Y,Y,Y, , , ,D, ,S
-10510415.2557316,2055113.27239793,2615,9405,9350,COATZACOALCOS,MX,18.15,-94.416667,18,9,N,94,25,W,148,28310,S,RN,G,N,N,N,Y,Y,G,A,K,K,0,L, ,Y,Y, ,Y,Y,Y,Y,Y,Y,Y,Y, ,Y, , ,Y,Y,Y,Y,Y,N, , , ,Y, , ,Y,N,Y,N,N,N,Y, ,Y, , , , ,Y,Y,Y, , , ,C, ,M
-9924132.60422034,6093002.31774262,2616,5490,5230,WASHINGTON HARBOR,US,47.916667,-89.15,47,55,N,89,9,W,CP06,14976,V,CN,E,N,N,Y,Y, ,N,L,N, ,0,M,Y,N,N,N,N,Y, , , ,N,N,Y,Y, ,Y, , , , , ,Y, , , , ,Y, , ,N, , , , , , , , , , , , ,Y,Y,Y, , , , , , 
-6981587.39758481,932825.616571512,2617,12335,11950,PUERTO ORDAZ,VE,8.35,-62.716667,8,21,N,62,43,W,148,24382,S,RN,F,N,N,N,Y,Y,K, ,K,J,4,L,Y,Y,Y,N,Y,Y,Y,Y,Y, ,Y,Y, ,Y, , ,Y, ,Y,Y,Y, ,Y, , ,Y,Y, ,N, ,Y, ,Y,Y,Y, ,Y, , , , ,Y,Y,Y,Y, , ,D, ,M
-7866577.34939133,5088851.18380885,2618,7360,6585,WOODS HOLE,US,41.516667,-70.666667,41,31,N,70,40,W,CP02,13235,V,CN,G,N,N,N,Y,N,O,M,L, ,2,M,N, ,N,N,N, , , , ,N,N, , , ,Y, , , , , ,Y, , , , , , , ,N, , , , , , , , , , , , ,Y,Y, ,Y, , ,C, ,S
-10528968.5041971,2025847.0324742,2619,9420,9350,MINATITLAN,MX,17.9,-94.583333,17,54,N,94,35,W,148,28282,V,RN,E,N,N,N,Y,Y,L, , ,M,0,M,N,Y,N,N,Y,Y,Y, , , ,Y,Y, ,Y, , ,Y,Y,Y, ,Y, , , , ,Y, , ,N,Y, , , , , ,Y,Y, , , , , ,Y,Y, , , ,C,S, 
-13536450.0804621,4602997.05133625,2620,16550,16000,ISLETON,US,38.166667,-121.6,38,10,N,121,36,W,CP07,18661,V,RN,E,N,N,N,Y,Y,O, , , ,4, , , , ,N, ,Y,Y, , , , , , , , , , , , , , , , , , , , , , , , , , , , , , , , , , ,Y,Y,Y,Y, , , , , 
-7894407.22208965,5106211.82146706,2621,7370,6585,NEW BEDFORD,US,41.633333,-70.916667,41,38,N,70,55,W,CP02,13229,S,CN,E,N,N,N,N,Y,L,L,L,L,4,M,Y,Y,Y,N, ,Y, , , , ,Y,Y,Y, ,Y, ,Y,Y,Y,Y,Y, , , , ,Y, , ,N, ,Y, ,Y, , , ,Y,Y, , , ,Y,Y,Y,Y,Y,Y,C,M,M
-6475083.71447541,762492.945095851,2622,12370,12350,GEORGETOWN,GY,6.833333,-58.166667,6,50,N,58,10,W,124,24388,M,RN,G,Y,N,N,Y,Y,M,N,M,M,2,L,Y, ,Y,Y,Y,Y,Y, , ,N,Y,Y, ,Y,Y,Y,Y,Y,Y,Y,Y,Y, , , ,Y, , ,N,Y,Y,N,Y,Y,Y, ,Y, , , , , ,Y, ,Y, , ,C,S,S
-13527173.4562293,4612440.62864376,2623,16560,16000,WALNUT GROVE,US,38.233333,-121.516667,38,14,N,121,31,W,CP07,18662,V,RN,E,N,N,N,Y,Y,O, , , ,2, , , , ,N, ,Y,Y, , , , , , , , , , , , , , , , , , , , , , , , , , , , , , , , , , ,Y,Y,Y,Y, , , , , 
-7940790.34325351,5086373.64928736,2624,7380,6585,NEWPORT,US,41.5,-71.333333,41,30,N,71,20,W,CP02,13223,S,CN,E,N,N,N,Y,Y,N,A,N, ,4,M,Y,Y,Y,N, ,Y, , , ,N,Y,Y,Y, ,Y,Y,Y,Y,Y,Y,Y, , , , ,Y, , ,N, , , , , , , , , , , , ,Y,Y,Y,Y,Y,Y,B, ,M
-13532739.430769,4626622.24316352,2625,16570,16000,COURTLAND,US,38.333333,-121.566667,38,20,N,121,34,W,CP07,18662,V,RN,E,N,N,N,Y,Y, , , , ,2, , , , ,N, ,Y,Y, , , , , , , , , , , , , , , , , , , , , , , , , , , , , , , , , , ,Y,Y,Y,Y, , , , , 
-7922237.09478797,5116146.29455727,2626,7400,6585,FALL RIVER,US,41.7,-71.166667,41,42,N,71,10,W,CP02,13227,V,CN,E,N,N,Y,Y,Y,K,M,K,J,4,M,Y,Y,Y,N,N,Y, , , , ,Y,Y,Y, ,Y,Y,Y, ,Y,Y,Y, , , , ,Y, , ,N, , , , , , , , ,Y, , , ,Y,Y,Y,Y,Y,Y,C, ,S
-7167119.88224026,6235361.95164318,2627,5520,5501,DOUGLASTOWN,CA,48.766667,-64.383333,48,46,N,64,23,W,145,14186,V,OR,F,N,N,Y,Y,N,P,D,M, ,0,M,Y,Y,N,N,N,N,N, , ,N,N,Y,Y, , , , , , ,Y, , , , , , , , ,N, , , , , , , , , , , , , , , , , , , , , 
-6489926.31324785,669141.057044245,2628,12380,12350,LINDEN,GY,6,-58.3,6,0,N,58,18,W,124,24028,V,RN,E,Y,N,N,Y,N,M, ,M,O,1,M, , ,Y,N,Y,Y,Y,Y,Y,N,N, , ,Y, , ,Y, , , ,Y, , , , ,Y, , ,N, , , , , , , , , , , , , ,Y,Y, , , ,C, , 
-10226550.5542087,2111814.05540415,2629,9490,9350,CIUDAD DEL CARMEN,MX,18.633333,-91.866667,18,38,N,91,52,W,148,28264/3,V,CB,E,N,N,N,Y,N,O,M,N,O,0,M,Y,Y,N,N,Y,Y, , , ,N,N,Y, ,Y, , ,Y,Y,Y, ,Y, , , , ,Y, , , , , , , , , , , , , , , , ,Y, , , , ,C, , 
-7814628.25368781,2060971.52570318,2630,11048,10950,PUNTA NIZAO OIL TERMINAL,DO,18.2,-70.2,18,12,N,70,12,W,147,25842,S,OR,F,N,N,N,N,N, ,H, ,H,1,L, ,Y,N,N,Y,Y,Y, , ,N,N, , , , , , ,Y, , , , , , , ,N, , , , , , , , , , , , , , , ,N,N,N,N, , ,N, , 
-7198660.40463169,6168073.33305925,2631,5540,5501,CHANDLER,CA,48.366667,-64.666667,48,22,N,64,40,W,145,14186,S,CB,F,N,N,Y,Y,N,L,K,L, ,2, , , ,N,N,Y, ,Y, , ,N,N,Y,Y, ,Y,Y,Y,Y, ,Y,Y, , , , ,Y, , ,N,Y, , , , , ,Y, ,Y, , , ,Y,Y,Y,Y,Y,Y,C, , 
-9981647.67446353,2425695.30487774,2632,9510,9350,PROGRESO,MX,21.283333,-89.666667,21,17,N,89,40,W,148,28223,V,OR,F,N,N,N,Y,Y,J,L,J,J,0,L,Y,Y,N,Y,Y,Y,Y, , ,N,Y, , ,Y,Y, ,Y, ,Y,Y,Y,Y,Y, , ,Y,Y, ,Y,Y,Y,Y,Y,Y,Y,Y,Y, , ,Y,Y, ,Y,Y, , , ,B, ,S
-6402726.04545979,697130.731861376,2633,12390,12350,NEW AMSTERDAM,GY,6.25,-57.516667,6,15,N,57,31,W,124,24385,V,RN,G,Y,Y,N,Y,N,Q,O,N,N,3, ,Y, ,Y,Y,Y,Y, , , ,N,N,Y, , , , ,Y,Y, ,Y,Y,Y, , , ,Y, , ,N, , , , , , ,Y,Y, , , , , ,Y,Y, , , , , ,S
-13525318.1313827,4662162.17540326,2634,16590,16000,SACRAMENTO,US,38.583333,-121.5,38,35,N,121,30,W,CP07,18662,S,RN,E,N,N,N,Y,Y,L, ,L, ,2,L, ,Y, ,N,Y,Y,Y, , , ,Y, , , ,Y,Y,Y,Y,Y,Y,Y, , , , ,Y,Y, ,N,Y,Y, , , ,Y, ,Y,Y,N,Y,Y,Y,Y,Y,Y,Y,Y,B, ,M
-7927803.06932763,5106211.82146706,2635,7405,6585,TIVERTON,US,41.633333,-71.216667,41,38,N,71,13,W,CP02,13221,S,RN,G,N,N,N,Y,Y,L,M,K,K,4,L,Y, ,Y,N,N,Y, , , ,N,Y,Y,Y, ,Y,Y, , ,Y, ,Y, , , , ,Y, , ,N, , , , , , , , ,Y, , , ,Y,Y,Y,Y,Y,Y,C, ,S
-7731138.63559285,2178496.88424124,2636,11005,10950,PUERTO BOTADO,DO,19.2,-69.45,19,12,N,69,27,W,147,25724,V,CN,F,N,N,N,Y,N,N, ,L, ,0,L, ,Y, ,N,Y,Y,Y,Y,Y,N,N, , , , , ,Y,Y,Y, ,Y, , , , ,Y, , , , ,Y, , , , , ,Y, , , , , ,Y,Y,Y, , ,N, , 
-9681085.04932169,2332357.81261933,2637,9550,9350,SAN MIGUEL DE COZUMEL,MX,20.5,-86.966667,20,30,N,86,58,W,148,28196/7,V,OR,F,Y,Y,N,Y,N,H,J,G,O,0,M,Y,Y,Y,N,Y,Y,Y, , ,N,N,Y, ,Y,Y, ,Y,Y,Y, ,Y,Y,Y, , ,Y,Y, ,N, , , , , , , ,Y, , , , ,Y, , , , , , , , 
-6345210.97521659,663544.679498521,2638,12405,12395,NIEUW NICKERIE,SR,5.95,-57,5,57,N,57,0,W,124,24380,V,RN,F,Y,N,N,Y,N,O,O,P,O,2,M, , ,Y,Y,Y,Y,Y, , , ,N,Y, ,Y,Y, ,Y,Y,Y, ,Y,Y, , , ,Y,N, ,N,N,N,N,N,N,N,N,Y, , , , ,Y,Y,Y,Y,Y,Y,N, , 
-7228345.60217656,6073646.22335063,2639,5600,5555,CARAQUET,CA,47.8,-64.933333,47,48,N,64,56,W,145,14184,S,CN,G,N,N,Y,Y, ,N,L,M, ,2,M,Y,Y,N,N,Y,Y,Y, , ,N,N,Y,Y, ,Y,Y,Y,Y,Y,Y,Y,N, , , ,Y,N,N,N,N,N,N,N,N,N,N,N,N,N,N, ,Y,Y,Y,Y, , ,C, , 
-7022404.54420901,2039499.44096419,2640,11372,11355,COLES BAY OIL TERMINAL,SX,18.016667,-63.083333,18,1,N,63,5,W,147,25613,S,OR,F,N,N,N,Y,N, ,J, ,K,1, , ,Y,N,N, ,N,Y, ,Y, , , , , , , ,Y,Y,Y, ,Y, , , , ,Y,N, ,N, , , , , , , , , , , , , ,N, , , , ,N, , 
-13697863.3421123,4626622.24316352,2641,16630,16000,BODEGA BAY,US,38.333333,-123.05,38,20,N,123,3,W,CP07,18643,V,CN,F,Y,Y,N,Y,N,P,P, , ,4, , ,Y, ,N, ,Y,Y, , , ,Y, , , , , , , , , , ,Y, , , , , , , , , , , , , , , , , , , , ,Y, ,Y,Y,Y, , ,S
-7933369.0438673,5111177.7721508,2642,7410,6585,BRISTOL,US,41.666667,-71.266667,41,40,N,71,16,W,CP02,13224,V,CN,G,N,N,N,Y, ,M,N,O, ,4,M,N,N,N,N,Y,Y, , , ,N,Y,Y,Y, ,Y, , , ,Y,Y,Y, , , , ,Y,Y, ,N, , , , , , , , , , , , ,Y,Y, ,Y, , ,C, ,S
-9862906.88428404,1773861.74919018,2643,9620,9600,PUERTO BARRIOS,GT,15.733333,-88.6,15,44,N,88,36,W,148,28165,S,OR,F,N,N,N,Y,N,K,L,L, ,1,M,N,Y,Y,N,Y,Y,Y, ,Y,N,Y, , , , , ,Y, , ,Y,Y, , , , ,Y,Y, ,N, , , , , , , ,Y, , , , , ,Y, , , , ,B, ,S
-8551192.21776997,2435653.75925157,2644,10158,10030,MANATI,CU,21.366667,-76.816667,21,22,N,76,49,W,147,27042,S,RN,G,N,N,N,Y,N,F,K,K, ,1,L,Y, , ,N,Y,Y,Y, , , ,Y,Y, ,Y, , ,Y, ,Y,Y,Y, , , , ,Y, , , , , , , , , , ,Y, , , , , , ,Y,N, , ,C, ,S
-9864762.20913059,1770006.98119144,2645,9625,9600,SANTO THOMAS DE CASTILLA,GT,15.7,-88.616667,15,42,N,88,37,W,148,28165,S,CN,G,N,N,N,Y,N,K,O,L,L,1,L,Y,Y,Y,N,Y,Y,Y, , ,Y,Y, , , , , ,Y, ,Y,Y,Y, , , , ,Y, , ,N,Y,Y, , , ,Y,Y,Y, , , , , ,Y,Y, , , ,B, ,S
-13783208.2850538,4786336.73211459,2646,16650,16000,FORT BRAGG,US,39.45,-123.816667,39,27,N,123,49,W,CP07,18626,V,CN,G,N,N,N,N, , , , , ,4, , , , ,N, , ,Y, , , , , , , ,Y,Y,Y,Y,Y,Y, , , , , ,Y,Y, , , , , , , , , ,N,Y,N,Y,Y,Y,Y,N,Y,Y,Y, , , 
-6141125.24209559,650488.43703801,2647,12410,12395,PARAMARIBO,SR,5.833333,-55.166667,5,50,N,55,10,W,124,24375/6,S,RN,E,Y,N,N,Y,Y,O,N,N,N,2,L, , ,Y,Y,Y,Y,Y, ,Y,N,Y,Y, ,Y, , ,Y,Y,Y,Y,Y,Y, , , ,Y,N, ,N, ,Y, , , , ,Y,Y, , ,Y,Y,Y,Y,Y,N, , ,C, ,S
-7202371.0543248,6065364.06159726,2648,5620,5555,SHIPPEGAN,CA,47.75,-64.7,47,45,N,64,42,W,145,14184,V,CN,G,N,N,Y,Y,Y,N,O,O, ,5,M,Y, ,N,N,N,Y,N,Y,Y,N,N,Y,Y, ,Y,Y,N,N, ,Y,Y, , , , ,Y, , ,N, , , ,N,N,N,N, ,Y, , , ,Y,N,Y,Y,Y, , , , 
-8640247.81040458,2356142.53122517,2649,10470,10310,GUAYABAL,CU,20.7,-77.616667,20,42,N,77,37,W,147,27207,S,OR,G,N,Y,N,Y,N,H,K,K, ,0,L, , , ,N,Y,Y, , , , ,Y,Y, ,Y, , ,Y, ,Y,Y,Y, , , , ,Y, , , , , , , , , , ,Y, , , , , ,Y,N,N, , ,N, ,S
-9790549.21526841,1785429.85021738,2650,9650,9630,PUERTO CORTES,HN,15.833333,-87.95,15,50,N,87,57,W,148,28170,S,OR,F,Y,Y,N,Y,N,G,L,J,H,0,L,Y,Y,Y,N,Y,Y,Y, , ,N,Y, , ,Y, , ,Y, , ,Y,Y, , , , ,Y,Y, ,N, , ,Y, , ,Y, ,Y,Y,N,N,N, ,Y,Y, , , ,C,S,S
-7948211.64263973,5131067.33563995,2651,7420,6585,PROVIDENCE,US,41.8,-71.4,41,48,N,71,24,W,CP02,13225,M,RN,G,N,N,N,Y,Y,J,K,J,J,4,M,Y,Y,Y,N,Y,Y, , , , ,Y,Y, , ,Y,Y,Y,Y,Y,Y,Y, , , , ,Y,Y,Y,N,Y,Y, , , , ,Y, , , ,Y,Y,Y,Y,Y,Y,Y,Y,C, ,S
-13827736.0813711,4970639.46082636,2652,16660,16000,FIELDS LANDING,US,40.716667,-124.216667,40,43,N,124,13,W,CP07,18622,V,CN,G,N,N,N,Y, ,L, ,N, ,5, , ,Y, ,N, ,Y,Y, , , , , , , ,Y, , , , ,Y,Y,Y, , , ,N,Y, , , , , , , , , ,Y,Y,N,N,N, ,Y,N,Y,N,N,D, ,M
-6855425.3080191,1196214.93784761,2653,11718,11705,ANSE TEMBLADORA,TT,10.683333,-61.583333,10,41,N,61,35,W,148,24406,V,OR,F,N,N,N,N,Y,J,J,L, ,1,L, ,Y,Y,N,Y,Y,Y, , , ,Y, , ,Y,N, ,Y, ,Y, ,Y, , , , ,Y,N, , , , , , , , , ,Y, , , , ,Y,Y,Y, , , ,C, , 
-7948211.64263973,5098767.70793025,2654,7430,6585,QUONSET POINT,US,41.583333,-71.4,41,35,N,71,24,W,CP02,13223,V,CN,F,N,N,N,Y,N,K,K,L, ,4,M,Y,Y,N,N,N,Y, , , ,N,Y,Y,N, ,Y, , , ,Y,Y,Y, , , , ,Y, , ,N, , , , , , , ,Y,Y, , , ,Y,Y,Y,Y, , , , , 
-9734889.46987177,1779645.08634209,2655,9660,9630,TELA,HN,15.783333,-87.45,15,47,N,87,27,W,148,28161,V,OR,G,N,Y,N,Y,N, ,J, ,M,0,L, ,Y,Y,N,Y,Y,Y, , ,N,N, , ,Y,Y,Y,Y, , ,Y,Y, ,Y, , ,Y,N, ,N, ,Y, , , , ,Y,Y, , , , , ,N,N, , , ,N, ,S
-8408332.20458526,1164132.90445278,2656,11908,11860,EL BOSQUE,CO,10.4,-75.533333,10,24,N,75,32,W,148,24509,S,CN,G,N,N,N,N,N,H,A,J, ,0,L, ,Y, , ,Y,Y,Y, ,Y, ,Y,Y, ,Y,Y, ,Y, ,Y, ,Y, , , , ,Y, , , ,Y,Y, ,Y,Y, , ,Y, , , , ,Y,Y,Y, , , ,C, , 
-13824025.431678,4982886.31657054,2657,16670,16000,EUREKA,US,40.8,-124.183333,40,48,N,124,11,W,CP07,18622,S,CN,G,N,N,N, ,Y,L,M,L,L,8,L, , , ,N,Y,Y,Y, , , ,Y,Y, , ,Y, ,Y,Y,Y,Y,Y, , , , ,Y,N, ,N, , , , , , , ,Y,Y,N,Y,Y,Y,Y,Y,Y,Y,Y,C, ,S
-6133703.94270937,626248.292898922,2658,12415,12395,PARANAM,SR,5.616667,-55.1,5,37,N,55,6,W,124,24376,V,RN,E,Y,N,N,N,Y,O,K,L, ,2,L, ,Y,Y,Y,Y,Y,Y, , ,N,N,Y, ,Y, , ,Y,Y,Y,Y,Y, , , , ,Y,N, ,N,Y, , , ,Y, , ,Y, , , , , ,Y,Y, , , ,C,M,S
-7185673.13070581,5815138.44868225,2659,5680,5555,SHEDIAC,CA,46.216667,-64.55,46,13,N,64,33,W,145,14002,V,CN,G,N,N,Y,Y, ,N,M,N, ,1,M,Y,Y,N,N,Y,Y,Y, ,N,N,N, , , ,Y,Y,Y,Y,Y,Y,Y, , , , ,Y, , ,N,Y,Y, ,N,N, ,N, , , , , ,Y,Y,Y,Y, , ,C, ,S
-7948211.64263973,5103729.80916465,2660,7440,6585,DAVISVILLE DEPOT,US,41.616667,-71.4,41,37,N,71,24,W,CP02,13223,V,CN,F,N,N,N,Y,N,K,K,K, ,4,M,Y,Y,N,N,N,Y, , , ,N,N,Y,N, ,Y, , , , , ,Y, , , , ,Y, , ,N, , , , , , , , ,Y,Y, , , , , , , , , , , 
-9662531.80085615,1779645.08634209,2661,9670,9630,LA CEIBA,HN,15.783333,-86.8,15,47,N,86,48,W,148,28144,V,OR,G,N,N,N,Y,N,N,B,K, ,0,L,Y,Y,Y,N,Y,Y,Y, , , ,N,Y, , ,Y, ,Y,Y,Y,Y,Y, , , , ,Y, , ,N, , , , , , , ,Y, , , , ,Y,Y,Y,Y, , , , ,S
-8261761.54170745,1249121.60456589,2662,11934,11860,PUERTO PRODECO,CO,11.15,-74.216667,11,9,N,74,13,W,148,24491,S,OR,F,N,N,N,Y,Y, ,C, ,E,0,L, ,Y, ,N,Y,Y,Y, , , ,Y, , ,Y, ,Y, ,Y, ,Y, ,Y, , , ,Y, , , ,Y, ,Y, , , ,Y,Y, , , , , ,N,N,N, , , , , 
6612377.75312045,2593767.81741779,2663,48240,48225,QALHAT LNG TERMINAL,OM,22.683333,59.4,22,41,N,59,24,E,172,62350,V,OR,P, , , , , , ,C, ,M,3,M,N, , , ,Y,Y, , , , ,Y, , , ,Y, ,Y,Y, , ,Y, , , , ,Y,N, ,N, , , , , , , , , , , , ,N,N,N,N, , , , , 
-6872123.23163809,1804722.76625729,2664,11460,11445,BASSE TERRE,GP,16,-61.733333,16,0,N,61,44,W,147,25567,V,OR,P,Y,Y,N,Y,Y, ,A,L, ,0,L, ,Y,Y,N,Y,Y,Y, ,Y,N,N, , ,Y, , ,Y, ,Y, ,Y,Y, , , ,Y,Y, ,N, ,Y, , , ,Y, ,Y, , , , ,Y,Y,N,Y, , , , , 
-8007582.03772948,5022179.96054842,2665,7450,6585,MONTAUK HARBOR,US,41.066667,-71.933333,41,4,N,71,56,W,CP02,13209,V,CB,G,N,N,N,Y,N,O,O,P, ,2,M,N,N,N,N,N,Y, , , ,N,N,Y,N, ,Y, , , , ,Y,Y, , , , ,Y, , ,N, , , ,Y, ,Y,Y, , , , , ,Y,Y, ,Y,Y,Y, , , 
-7131868.71015573,5909489.86367709,2666,5710,5705,ALBERTON,CA,46.8,-64.066667,46,48,N,64,4,W,145,14002,V,CN,G,N,N,Y,Y,N,P,N,N, ,1,M,Y,Y,N,N, ,N,N,Y,Y,N,N,Y,Y, , , ,Y,Y, , ,Y, , , , , , , ,N, , , ,N,N,N,N, , , , , ,N,N,N,N,N,N,N, , 
-13824025.431678,4985337.5318364,2667,16680,16000,SAMOA,US,40.816667,-124.183333,40,49,N,124,11,W,CP07,18622,V,CN,G,N,N,N,Y, ,M, ,L, ,5, , , , ,N, ,Y,Y, , , , , , , , , , , , , , , , , , , , , , , , , , , , , , , , , , ,Y,Y,Y,Y, , , , , 
-9634701.92815783,1841423.81732609,2668,9675,9630,COXEN HOLE,HN,16.316667,-86.55,16,19,N,86,33,W,148,28154,V,CN,G,N,N,N,Y,N,C,H,K, ,0,L,Y,Y,Y,N,Y,N,Y, ,Y, ,N, , ,Y,N, ,Y,Y,Y, ,Y, ,Y, , ,Y,N, ,N, , , , , , , ,N,N, , , ,Y,Y,Y,Y, , , , , 
-9317441.379397,1345708.40840911,2669,9769,9740,EL BLUFF,NI,12,-83.7,12,0,N,83,42,W,148,28082,V,CN, ,N,N,N,Y,Y,O,M,O,O,0,M, ,Y, ,N,Y,Y,Y, , , ,Y,Y,Y, ,N, ,Y,Y,Y, ,Y, , , , ,Y,N, ,N, , , , , , ,Y,Y, , , , , ,Y,Y,Y, , ,C,S, 
-8055820.4837399,5027102.84912258,2670,7460,6585,GREENPORT,US,41.1,-72.366667,41,6,N,72,22,W,CP02,12358,V,CB,G,N,N,N,Y,N,P,O,N, ,2,M,N,N,N,N,N,Y, , , ,N,N,Y,N, ,Y, , , , ,Y,Y, , , , ,Y, , ,N, , , , , , , , , , , , ,Y,Y, ,Y, , ,C, ,M
-13825880.7565246,5123603.90966161,2671,16700,16000,CRESCENT CITY,US,41.75,-124.2,41,45,N,124,12,W,CP07,18603,V,CB,F,N, ,N,Y,N,O,M,O, ,5, , , , ,N, ,Y,Y, , , , , , , ,Y,Y,Y,Y,Y, ,Y,Y, , , ,Y,Y, , , , , , , , , ,Y,Y,N,N,Y,Y,Y,Y,Y,Y,Y,C, , 
-6961178.82427271,5809777.34710771,2672,5740,5705,GEORGETOWN,CA,46.183333,-62.533333,46,11,N,62,32,W,145,14151,S,RN,G,N,N,Y,Y,N,M,L,L, ,2,L,Y,Y,N, ,N,N,Y, , ,N,N,Y,Y, ,Y,Y, ,Y,Y,Y,Y, , , , ,Y, , ,N, , , ,N,N,N, ,Y, , , , ,Y,Y,Y,Y,Y,Y,C, ,S
-10892612.1741218,2569654.97897589,2673,9355,9350,ALTAMIRA,MX,22.483333,-97.85,22,29,N,97,51,W,148,28325/3,V,RB,P,N,N,N,N,N,H,E,J,K,1,L, ,Y, ,N,Y,Y,Y, , , ,Y,Y, ,Y, , ,Y,Y,Y,Y,Y,Y, , , ,Y,N, ,Y, ,Y, , ,Y,Y,Y,Y, , , , , ,Y, , , , ,C, , 
-6849859.33347943,1853025.90711148,2674,11470,11445,PORT LOUIS,GP,16.416667,-61.533333,16,25,N,61,32,W,147,25567,V,OR,P,N,N,N,N,N, ,J,Q, ,1,L, ,Y, , , , , , , , , , , , ,Y,Y, , , , , ,Y, , , , , , ,N, , , , , , , , , , , , , , , , , , , , , 
-8003871.38803637,5061633.27952788,2675,7470,6585,STONINGTON,US,41.333333,-71.9,41,20,N,71,54,W,CP02,13214,V,RN,G,N,N,N,Y,N,O,N,O, ,3,M,N,N,N,N,N,Y, , , ,N,N,Y,N, ,Y, , , , ,Y,Y, , , , ,Y, , ,N, , , , , , , , , , , ,Y,Y,Y, ,Y,Y,Y, , ,S
-7100328.1877643,5844682.85105605,2676,5770,5705,SUMMERSIDE,CA,46.4,-63.783333,46,24,N,63,47,W,145,14164,S,CN,G,N,N,Y,Y, ,M,M,M, ,2,L,Y,N,Y,N,Y,N,Y,Y,N,N,N,Y, , ,Y,Y,Y,Y,Y,Y,Y, , , , ,Y, , ,N, , , , ,N,N,N,Y, , , , ,Y,Y,Y,Y,Y,Y,C, , 
-10842518.4032648,2385917.61978534,2677,9370,9350,TUXPAN,MX,20.95,-97.4,20,57,N,97,24,W,148,28321,M,RN,E,N,Y,N,Y,Y,O,G,J,N,1,L,Y,Y, ,N,Y,Y,Y, , , ,Y,Y, , , , ,Y,Y, , ,Y,Y,Y, , ,Y,N, ,Y,Y, , , , , , ,Y,Y, , , , ,Y,Y, , , ,C,S, 
-13859276.6037626,5271470.14282501,2678,16710,16000,PORT ORFORD,US,42.733333,-124.5,42,44,N,124,30,W,CP07,18589,V,CN,F,N,N,N, , , ,J,O, ,5, , , , ,N, ,Y,Y, , , , , , , ,Y, , , , , ,Y,Y, , , , , , , , , , , , , , , , , , , ,Y,Y,Y,Y, , ,C, , 
-10376831.8667797,2088332.35653598,2679,9425,9350,DOS BOCAS TERMINAL,MX,18.433333,-93.216667,18,26,N,93,13,W,148,28260,V,OR,P,N,N,N,Y,Y,N,A,A,A,1,L, ,Y, ,N,Y,Y,Y, , , ,Y,Y, ,Y, , ,Y,Y, , , ,Y,Y, , , , , ,N,Y,Y, , , , ,Y,Y, , , , , ,Y, , , , ,C, , 
-6981587.39758481,5727092.28181143,2680,5800,5775,PICTOU,CA,45.666667,-62.716667,45,40,N,62,43,W,145,14167,S,CN,G,N,N,Y,Y,Y,M,L,M, ,2,M,Y,Y,Y,N,Y,Y, ,Y,Y,N,N,Y, , ,Y,Y,Y,Y,Y,Y,Y, , , , ,Y, , ,N,Y,Y, , ,Y, ,Y, ,Y,Y, , ,Y,Y,Y,Y, , ,A,S,L
-6835016.734707,1723798.49898241,2681,11520,11515,ROSEAU,DM,15.3,-61.4,15,18,N,61,24,W,147,25561,V,CN,F,N,N,N,N,N,A,A,K,K,2,L, , , ,N,Y,Y,Y, , ,N,N, , ,Y, , ,Y,Y,Y, ,Y, , , , ,Y,Y, ,N, , ,Y, ,Y,Y,Y,Y, , ,Y,Y, ,Y, ,Y,N,N,C, , 
3840522.43236794,3719634.54193336,2682,45110,45060,ASHQELON,IL,31.666667,34.5,31,40,N,34,30,E,132,56067,V,OR,F,N,N,N,Y,N, ,E, ,A,0,L, ,Y, , ,Y,Y,Y, ,Y, ,Y,Y, , ,Y, ,Y,Y, ,Y,Y, , , , ,Y,Y, ,Y, , , , , , , , , , , , ,Y,N,N,N, , ,C, ,M
-8013148.01226914,5059162.72832416,2683,7480,6585,NOANK,US,41.316667,-71.983333,41,19,N,71,59,W,CP02,13214,V,CN,F,N,N,N,Y,N,P,P,P, ,2,M, , ,N,N,N,Y, , , ,N,N,Y,Y, ,Y, , , , ,Y,Y, , , , ,Y, , ,N, , , , ,Y, , , , , , ,Y,Y,Y, ,Y,Y,Y,C, ,S
1267186.87019676,4066910.51684625,2684,45377,45360,ASHTART OIL TERMINAL,TN,34.283333,11.383333,34,17,N,11,23,E,131,52161/0,S,OR,F,N,N,N,Y,N, ,A, ,A,1,L, ,Y, ,N,Y,Y,Y, , , ,Y, , ,Y, , ,Y,Y, , , ,Y, , , ,N,N, ,N, , , , , , , , , , , , ,N,N,N,N, , ,N, , 
-13849999.9795298,5329746.59624155,2685,16720,16000,BANDON,US,43.116667,-124.416667,43,7,N,124,25,W,CP07,18588,V,RN,E, ,Y,N,Y,Y, ,O,O, ,5, , , , ,N, ,Y,Y, , , , , , , , , , , , , ,Y,Y, , , ,N,N, , , , , , , , , ,Y,Y,N,N,N,N,Y,N,N,N,N, , , 
1237501.67265189,3961860.21744575,2686,45365,45360,ZARZIS,TN,33.5,11.116667,33,30,N,11,7,E,131,52160,V,CB,F,N,N,N,Y,N,H,N,K,L,1,M, ,Y, ,N, ,Y,Y, , , ,Y,Y, , , , ,Y, ,Y, ,Y, , , , ,Y,Y, , , ,Y, , , ,Y,Y, , , , , ,Y,Y,Y, , , , , , 
-8011292.68742259,5064104.46290681,2687,7490,6585,MYSTIC,US,41.35,-71.966667,41,21,N,71,58,W,CP02,13214,V,RN,E,N,N,Y,Y,Y,P,P,P, ,3,M, , ,N,N,N,Y, , , ,N,N,Y,Y, ,Y, , , , , ,Y, , , , ,Y, , ,N, , ,Y, , ,Y,Y, , , , , ,Y,Y, ,Y,Y,Y,C, ,S
-13844434.0049901,5334831.3175768,2688,16730,16000,PROSPER,US,43.15,-124.366667,43,9,N,124,22,W,CP07,18580,V,RN,E, , , , , ,P,P, , ,5, , , , ,N, ,Y,Y, , , , , , , , , , , , , , ,Y, , , , , , , , , , , , , , , , , , , , , , , , , ,B, ,S
1324701.94043996,3999745.957947,2689,45368,45360,DIDON TERMINAL,TN,33.783333,11.9,33,47,N,11,54,E,131,52160,S,OR,F,N,N,N,Y,N, ,A, ,A,0,M,Y,Y, , ,Y,Y,Y, , , ,Y, , , , , ,Y,Y, , , ,Y, , , ,Y, , ,N, , , , , , , , , , , , ,N,N,N,N, , ,N, , 
-8024279.96134847,5064104.46290681,2690,7500,6585,NEW LONDON,US,41.35,-72.083333,41,21,N,72,5,W,CP02,13213,S,RN,E,N,N,Y,N,Y,K,K,K,J,3,L,Y,Y,Y,N,Y,Y, , , , ,Y,Y,Y, ,Y,Y,Y,Y,Y,Y,Y, , , , ,Y, , ,Y,Y,Y,Y, , , ,Y, ,Y, ,Y,Y,Y,Y,Y,Y,Y,Y,A,M,L
-13835157.3807574,5373055.47188349,2691,16740,16000,EMPIRE,US,43.4,-124.283333,43,24,N,124,17,W,CP07,18587,M,CN,E, , , , ,Y,L,L,N, ,5, , , , ,N, ,Y,Y, , , , , , , , , , , , , ,Y, , , , , , , , , , , , , , , , , , , , ,Y,Y,Y,Y, , ,C, ,M
-6842438.03409322,1754594.19728702,2692,11530,11515,PORTSMOUTH,DM,15.566667,-61.466667,15,34,N,61,28,W,147,25561,V,CN,F,N,N,N,Y,N, ,K,G, ,2,L,Y, , ,N,Y,N,Y, , ,N,N, , ,Y, , ,Y,N,Y, , ,Y, , , ,Y,Y, ,N, , , , , , , ,Y, , , , ,Y,Y,Y,N, , , , , 
-6831306.08501389,5719131.14868524,2693,5870,5860,PORT HAWKESBURY,CA,45.616667,-61.366667,45,37,N,61,22,W,145,14111,V,CN,G,N,N,N,Y,Y,N,H,K,A,2,L, ,Y,Y,N,Y,Y,Y, ,N,Y,Y,Y,Y, ,Y,Y,Y,Y,Y,Y,Y,Y, , , ,Y, , ,N, , , , , , , , , , , , ,Y,Y,Y,Y,Y,Y,C,S,M
-13827736.0813711,5373055.47188349,2694,16750,16000,NORTH BEND,US,43.4,-124.216667,43,24,N,124,13,W,CP07,18587,V,CN,E,N,N,N,Y, ,L,L,L, ,5, , , , ,N, ,Y,Y, , , , , ,Y, , , , , , , , , , , , , , , , , , , , , , , , , , , , , , , , , , , , , 
1697622.23459742,4455381.11614569,2695,40245,39125,MELILLI OIL TERMINAL,IT,37.116667,15.25,37,7,N,15,15,E,131,53212,V,OR,F,N,N,N,Y,N,B,A, ,E,1,L,Y,Y, ,N,Y,Y,Y, , , ,Y, , , , , ,Y,Y,Y, ,Y, , , , , , , , , , , , , , , , , , , , , ,Y,Y,Y, , ,C, ,S
-8024279.96134847,5088851.18380885,2696,7510,6585,NORWICH,US,41.516667,-72.083333,41,31,N,72,5,W,CP02,12372,V,RN,E,N,N,Y,Y,Y,M,M,M,M,3,M, , ,N,N,N,Y, , , ,N,N,Y,Y, ,Y, , , ,Y, ,Y, , , , ,Y, , ,N, , , , , , ,Y, , , , , ,Y,Y,Y,Y,Y,Y, , , 
-6797910.23777591,1643144.26229492,2697,11550,11535,FORT DE FRANCE,MQ,14.6,-61.066667,14,36,N,61,4,W,147,25527,M,OR,G,N,N,N,Y,N,K,K,H,G,1,L,Y,Y,Y,Y,Y,Y,Y,Y,Y,Y,Y,Y, ,Y, , ,Y,Y,Y, ,Y, , , , ,Y,Y, ,N, ,Y, , , ,Y,Y,Y, , ,N,N,Y,Y,Y, , , ,C,M, 
-13827736.0813711,5367949.83071297,2698,16770,16000,COOS BAY,US,43.366667,-124.216667,43,22,N,124,13,W,CP07,18587,S,CN,E,N,Y,N,Y,Y,L,L,L,L,6,L,Y,Y,Y,N,N,Y,Y,Y,Y, ,Y,Y, , ,Y,Y,Y,Y,Y,Y,Y,Y, , , ,Y, , ,N, ,Y, , , , , , ,Y, , ,Y,Y,Y,Y,Y, , ,C,S,M
-8057675.80858645,5064104.46290681,2699,7520,6585,ESSEX,US,41.35,-72.383333,41,21,N,72,23,W,CP02,12375,V,RN,E,N,N,Y,Y,N,P,O,P, ,3,M, , ,N,N,N,Y, , , ,N,N,Y,Y, ,Y, , , , , ,Y, , , , , , , ,N,Y, , , , , ,Y, , , , , ,Y,Y,Y,Y,Y,Y,C, ,S
-6835016.734707,5724437.7812337,2700,5880,5860,PORT HASTINGS,CA,45.65,-61.4,45,39,N,61,24,W,145,14111,V,CN,E,N,N,Y,Y, ,H,E,L,L,3,L,Y,Y,N,N, ,N,N, , ,N,N,Y,Y, , ,Y, , , , ,Y, , , , , , , ,N, , , , , , , , , , , , ,Y,Y, , , , , , , 
14376912.2359513,4513709.60920217,2701,60431,60315,TONGHAE,KR,37.533333,129.15,37,32,N,129,9,E,157,95162,V,CB,F, ,Y, ,Y, ,H,C,H, ,0,M, ,Y, , , ,Y,Y, , , ,Y,Y, ,Y, , ,Y, ,Y,Y,Y,Y, , , ,Y, , ,N, ,Y, ,Y,Y,Y, , , , , ,Y,Y,Y,Y, , , ,C, , 
-13824025.431678,5416567.35154683,2702,16790,16000,WINCHESTER BAY,US,43.683333,-124.183333,43,41,N,124,11,W,CP07,18584,V,RN,E,N,N,N, , ,P, , , ,5, , , , ,N, ,Y,Y, , , , , , , ,Y, ,Y, , , ,Y, , , , ,Y,Y, , , , , , , , , ,N,Y,N,Y,Y,Y,Y,Y,Y,Y,Y, , , 
-6790488.93838969,5882428.76315259,2703,5920,5860,CHETICAMP,CA,46.633333,-61,46,38,N,61,0,W,145,14002,V,CN,P,N,N,Y,Y, ,M,M,M, ,1,M,N,N,N,N,N,N, , ,N,N,N,Y,Y, ,Y,Y, , , , ,Y, , , , ,Y, , ,N, , , , , , , ,Y, , , , ,Y, , ,Y, , , , , 
-6786778.28869658,1541730.34639309,2704,11620,11615,VIEUX FORT,LC,13.716667,-60.966667,13,43,N,60,58,W,147,25528,V,CN,G,N,Y,N,Y,N,J,D,K, ,1,L,Y,Y, ,N,Y,Y,Y, , ,N,Y, , ,Y, , ,Y, ,Y, ,Y, , , , ,Y,Y, ,N, ,Y, , , , ,Y,Y, , , , , ,Y,Y, , , ,C, , 
-8117046.2036762,5046819.43632106,2705,7550,6585,NEW HAVEN,US,41.233333,-72.916667,41,14,N,72,55,W,CP02,12371,S,CB,G,Y,N,N,Y,N,K,P,K,J,6,L,Y, ,Y,N,Y,Y, , , , ,Y,Y,Y, ,Y,Y,Y,Y,Y,Y,Y, , , , ,Y,Y, ,N,Y, , ,Y, , ,Y,Y,Y, ,Y,Y,Y,Y,Y,Y,Y,Y,B, ,M
-13814748.8074452,5421699.88054488,2706,16795,16000,GARDINER,US,43.716667,-124.1,43,43,N,124,6,W,CP07,18584,V,RN,E,N,N,N, , ,N, , , ,5, , , , ,N, ,Y,Y, , , , , , , ,Y, , , , , ,Y, , , , , , , , , , , , , , , , , , , , , , , , , , , , , 
-6805331.53716213,5775009.1383202,2707,5960,5860,WHYCOCOMAGH,CA,45.966667,-61.133333,45,58,N,61,8,W,145,14133,V,CN,E,N,N,Y,Y, ,O,M,N, ,0,M,Y,Y,Y,N,Y,Y, , , ,N,N,Y,Y, , , , , , , ,Y, , , , , , , ,N, , , , , , , , , , , , , , , , , , , , , 
-6790488.93838969,1576128.74060539,2708,11630,11615,CASTRIES,LC,14.016667,-61,14,1,N,61,0,W,147,25528,S,CN,G,N,N,N,Y,N,J,B,K,J,1,L,Y,Y,Y,N,Y,Y,Y,Y, ,N,Y,Y, , , , ,Y,Y,Y, ,Y, , , , ,Y,Y, ,N,Y,Y, ,Y, ,Y,Y,Y, , ,Y,Y,Y,Y,Y, ,N,N,C, , 
-8135599.45214174,5004969.47023038,2709,7560,6585,PORT JEFFERSON,US,40.95,-73.083333,40,57,N,73,5,W,CP02,12362,V,CB,G,N,N,Y,Y,N,M,L,M,L,7,L, , ,N,N,Y,Y, , , , ,Y,Y,Y, ,Y, , , , ,Y,Y, , , , ,Y, , ,N, , , , , , ,Y, , , , , ,Y,Y, ,Y,Y,Y,C,S, 
-13814748.8074452,5419133.25936227,2710,16800,16000,REEDSPORT,US,43.7,-124.1,43,42,N,124,6,W,CP07,18584,V,RN,E,Y,N,N, ,Y,M, ,M, ,5, , ,Y, ,N, ,Y,Y, , , , , , , ,Y,Y,Y,Y, ,Y,Y, , , , ,Y,Y, , , , , , , , , ,Y,Y,N,Y,Y,Y,Y,Y,Y, , ,C, ,S
13530884.1059224,3488562.22903105,2711,59940,59850,NINGBO,CN,29.883333,121.55,29,53,N,121,33,E,157,94208,S,RN,G,Y, , , ,Y,L,L,N,N,4,L,Y, , , ,Y,Y,Y, , , ,Y,Y, ,Y, , ,Y, ,Y,Y,Y,Y, , , ,Y, , ,Y,Y,Y, , ,Y,Y,Y,Y, , , , ,Y,Y,Y, , , ,B,S,S
-6766369.71538448,5772340.30235944,2712,5970,5860,GRAND NARROWS,CA,45.95,-60.783333,45,57,N,60,47,W,145,14133,V,CN,E,N,N,Y,Y, ,L,H,O, ,0,M,Y,Y, ,N,N,Y, , , ,N,N,Y,Y, , , , , , ,Y,Y, , , , , , , ,N, , , , , , , , , , , , , , , , , , , , , 
-8146731.40122107,5036956.12771461,2713,7570,6585,BRIDGEPORT,US,41.166667,-73.183333,41,10,N,73,11,W,CP02,12369,M,CB,E,Y,N,N,Y,N,L,G,K,K,7,L, ,Y,Y,N,Y,Y, , , , ,Y,Y,Y, ,Y,Y,Y,Y,Y,Y,Y, , , , ,Y,Y, ,N, , , , , , ,Y, , , , , ,Y,Y,Y,Y,Y,Y,C, ,S
-13816604.1322918,5460285.22142306,2714,16803,16000,FLORENCE,US,43.966667,-124.116667,43,58,N,124,7,W,CP07,18583,V,RN,E, , ,N,Y,Y,O, ,O, ,4, , ,Y, , , , ,Y, ,Y, , , , , ,Y, ,Y, , ,Y,Y, , , , , , , , , , , , , , , , , , , , ,Y,Y,Y,Y, , ,C, , 
773670.461013251,4422857.41057666,2715,45515,45470,PORT METHANIER,DZ,36.883333,6.95,36,53,N,6,57,E,131,52223,S,CB,F, ,Y, ,Y, ,E,E,K,G,0,M,Y,Y, , ,Y,Y,Y, ,Y,Y,Y,Y,Y, , , ,Y, ,Y, , ,Y,Y, , ,Y, , ,N,Y, , , , , ,Y, , , , , , , ,Y,Y, , ,N, , 
-6712565.2948344,5820502.80556371,2716,5980,5860,LITTLE BRAS D OR,CA,46.25,-60.3,46,15,N,60,18,W,145,14132,V,CN,E,N,N,Y,Y, ,O,M,O, ,3,M,N,N,Y,N,N,Y, , ,Y,N,N,Y,Y, , ,Y, , , ,Y,Y, , , , ,Y, , ,N, , , , , , , , , , , , ,Y, , ,Y,Y,Y, , , 
-13816604.1322918,5460285.22142306,2717,16805,16000,GLENADA,US,43.966667,-124.116667,43,58,N,124,7,W,CP07,18583,V,RN,E, , ,N, ,Y,O, ,O, ,4, , ,Y, , , , ,Y, ,Y, , , , , ,Y, ,Y, , ,Y,Y, , , , , , , , , , , , , , , , , , , , ,Y,Y,Y,Y, , ,C, , 
-1936959.13980296,1656568.46939464,2718,45819,45817,M BAO OIL TERMINAL,SN,14.716667,-17.4,14,43,N,17,24,W,143,51559,V,OR,P, , , ,Y, , ,D,G,K,1,M, ,Y,Y, ,Y,Y,Y, ,Y, ,Y,Y, , , , ,Y, ,N,N, ,Y, , , ,Y,Y, ,Y, , , , , , , ,Y, , , , ,N,Y,N, , , ,B, , 
-6706999.32029473,5815138.44868225,2719,5990,5860,NORTH SYDNEY,CA,46.216667,-60.25,46,13,N,60,15,W,145,14128,S,CN,E,N,N,Y,Y, ,J,J,K, ,3,L,Y,Y,Y,N,N,Y,Y, ,N,N,N,Y,Y, ,Y, , ,Y,Y,Y,Y, , , , ,Y, , ,N, , , , , , , , , , , , ,Y,Y,Y,Y, , ,C, ,M
-1799665.10115792,1593344.74323078,2720,45823,45817,LYNDIANE,SN,14.166667,-16.166667,14,10,N,16,10,W,143,51032,V,RN,F, , , ,Y, , , ,N,N,2,M, , , , ,Y, ,Y, ,Y, ,Y,Y, ,Y, , ,Y, ,Y,Y,Y, ,Y, , ,Y, , , , , , , , , , ,Y, , , , , ,Y,N,N, , ,N, ,S
-13811038.1577521,5462863.34042637,2721,16808,16000,CUSHMAN,US,43.983333,-124.066667,43,59,N,124,4,W,CP07,18583,V,RN,E, , ,N, ,Y,P, ,P, ,4, , , , , , , ,Y, ,Y, , , , , ,Y, ,Y, , ,Y,Y, , , , , , , , , , , , , , , , , , , , ,Y,Y,Y,Y, , ,C, ,S
577006.027278468,575931.77267586,2722,46161,46120,FORCADOS OIL TERMINAL,NG,5.166667,5.183333,5,10,N,5,11,E,123,57120,V,OR,P, ,Y, ,Y, ,A,A, ,A,2,L,Y, ,Y, ,Y,Y,Y, ,Y,N,N, , , , , ,Y,Y, , , ,Y,Y, , ,Y, , ,N, , , , , , , ,Y, , , , , ,N,Y,Y, , ,N, , 
-6792344.26323624,5703230.15000693,2723,6050,5860,ARICHAT,CA,45.516667,-61.016667,45,31,N,61,1,W,145,14110,V,CN,G,N,N,Y,Y, ,J,E,O, ,2,M,Y,N,Y,N,N,N,N, ,N,N,N,Y,Y, ,Y,Y, , , , ,Y, , , , ,Y, , ,N, , , , , , , ,Y, , , , ,Y,Y,Y,Y,Y,Y, , , 
-6846148.68378633,5684714.65721987,2724,6080,6070,GUYSBOROUGH,CA,45.4,-61.5,45,24,N,61,30,W,145,14110,V,CN,E,N,N,Y,Y, ,N,J,O, ,2,M,Y,N,Y,N,N,N,Y, , ,N,N,Y,Y, ,Y,Y, , , , ,Y,Y, , , ,Y, , ,N, , , , , , , , , , , , ,Y,Y, , , , , , , 
-10141205.6112672,5920337.76955584,2725,5430,5230,CORNUCOPIA,US,46.866667,-91.1,46,52,N,91,6,W,CP06,14966,V,RB,F,N,N,Y,Y,N,P,O,P, ,0,M,Y,N, ,N,N,Y, , , ,N,N,Y,Y, ,Y, , , , , ,Y, , , , ,Y, , ,N, , , , , , , , , , , , ,Y,Y, , , , , , , 
-6912940.37826229,-4704973.82473514,2726,13810,13310,PUERTO BELGRANO,AR,-38.883333,-62.1,38,53,S,62,6,W,124,23122,S,CB,G, , , ,Y, ,K,E,L, ,2,L,N,Y,Y,N,Y,Y, , ,Y, ,Y,Y,Y,Y,Y,Y, ,Y,Y,Y,Y, , , , ,Y,Y,Y, ,Y,Y,Y,Y,Y,Y,Y,N,Y,Y,Y,Y,Y,Y,Y,Y,Y,Y,A,L,M
-6931493.62672783,-4690683.28041233,2727,13815,13310,BAHIA BLANCA,AR,-38.783333,-62.266667,38,47,S,62,16,W,124,23121,V,CN,G,Y,Y,Y,Y,Y,K,K,L,H,2,L, ,Y,Y,N,Y,Y,Y, , , ,Y,Y,Y,Y, , ,Y,Y,Y, ,Y,Y, , , ,Y, , ,Y, ,Y,Y, ,Y,Y,Y,Y,Y,Y,Y,Y,Y,Y,Y,Y,Y,Y,A,M, 
-6931493.62672783,-4693063.64429579,2728,13820,13310,PUERTO INGENIERO WHITE,AR,-38.8,-62.266667,38,48,S,62,16,W,124,23122,S,CN,G,N,N,N,N, ,H,H,H,H,2,L, ,Y,Y,N,Y,Y, , ,Y,N,N,Y,Y,Y,Y,Y,Y,Y,Y,Y,Y, , , , ,Y,N, , ,Y,Y,Y, ,Y,Y,Y,Y, , , ,Y,Y,Y,Y,Y,Y,Y,B, ,M
-6933348.95157439,-4693063.64429579,2729,13830,13310,PUERTO NACIONAL,AR,-38.8,-62.283333,38,48,S,62,17,W,124,23122,V,CN,G, , , , , ,M,K,M, ,10, , , ,Y,N,Y,Y, , , , , ,Y,Y,Y,Y,Y, , ,Y,Y,Y, , , , , , , , ,Y, , , , , ,Y, , , , , , , , , , , , , ,M
-6935204.27642094,-4690683.28041233,2730,13840,13310,PUERTO GALVAN,AR,-38.783333,-62.3,38,47,S,62,18,W,124,23122,V,CN,G, , , , , ,N, ,L,H,3,L, ,Y,Y,N,Y,Y, , , ,Y,Y,Y,Y,Y,Y, ,Y,Y, ,Y,Y, , , , , , , , ,Y,Y,Y, , ,Y,Y, , , , , ,Y,Y,Y, , , ,C, ,L
-6927782.97703473,-4948633.68496764,2731,13860,13310,SAN BLAS,AR,-40.566667,-62.233333,40,34,S,62,14,W,124,23115,V,CN,F, , , , , ,N,E, , ,6, , , , , , ,Y, , , , , , , , , ,Y, , , , , ,Y, , , , , , , , , , , , , , , , , , , ,Y,Y, , , , , , , 
-7239477.55125589,-5276523.30378248,2732,13900,13310,PUERTO MADRYN,AR,-42.766667,-65.033333,42,46,S,65,2,W,124,23102,S,CN,E, , , ,Y, ,N,E,F, ,5,L,Y,Y,Y,N,Y,Y,Y, , ,N,N,Y,Y,Y,Y,Y,Y,Y,Y, ,Y,Y, , , ,Y,Y, , , ,Y, , ,Y,Y,Y,Y,Y,N,Y,Y,Y,Y,Y,Y,N,N,B,L, 
-7536329.52670462,-6328764.91666784,2733,13940,13310,PUERTO SAN JULIAN,AR,-49.316667,-67.7,49,19,S,67,42,W,124,23010,V,CN,G,Y,N,N,Y, ,Q,M,M,M,3,M,Y, , ,N,Y,Y,Y, , ,N,N,Y,Y,Y,Y,Y,Y,Y,Y, ,Y,Y, , , ,Y,Y, , ,N,N,N,N,N,N,N,Y,Y,N,Y,N,Y,Y,N,N,Y,Y,C, , 
-7627240.44418579,-6449162.71454914,2734,13950,13310,PUERTO SANTA CRUZ,AR,-50.016667,-68.516667,50,1,S,68,31,W,124,23051,V,RN,G,Y,N,N,Y, ,L,E,K, ,13,L,Y, , ,N,Y,Y,Y,Y,Y,N,N,Y,Y,Y,Y,Y,Y,Y,Y,Y,Y,Y, , , ,Y,N, , ,Y,Y, , ,Y,Y, , , , ,Y,Y,Y,Y,N,N,N,Y,C, , 
-7677334.21504277,-6731108.44628715,2735,13960,13310,PUERTO GALLEGOS,AR,-51.616667,-68.966667,51,37,S,68,58,W,124,23000,V,RN,G,Y,N,N,Y, ,P,K,N, ,12,L,Y, , ,N,Y,Y,Y, ,Y, ,Y,Y,Y,Y,Y, ,Y,Y,Y, ,Y,Y, , , ,Y, , , ,Y,Y, , , ,Y,Y, ,Y, , ,Y,Y,Y,Y,Y, , ,C, , 
-7603121.22118059,-7326365.84276153,2736,13980,13310,USHUAIA,AR,-54.816667,-68.3,54,49,S,68,18,W,125,22437/3,S,CN,F, ,Y, , , ,P,H,L,J,2,M, , ,Y,N,Y,Y, ,Y, , ,Y,Y,Y,Y,Y, ,Y,Y,Y, ,Y,Y, , , ,Y,Y, , , ,Y,Y, , ,Y,Y,Y, , , , ,Y,Y,Y,Y, , ,C, , 
-4135519.08297011,-7176471.75755858,2737,14020,14010,PRINCE OLAV HARBOR,GS,-54.033333,-37.15,54,2,S,37,9,W,124,29040,V,CN,G, ,Y, ,Y, , ,A, , ,0, ,Y, , , , , , , , , , , , , , , , , , , , ,Y, , , , , , , , , , , , , , , , , , , , , , , , , , , , 
-4085425.31211314,-7198615.83681818,2738,14040,14010,STROMNESS HARBOR,GS,-54.15,-36.7,54,9,S,36,42,W,124,29040,V,CN,F, ,Y, ,Y, , ,A, , ,2, ,N, , , , , , , , , , , , , , , , , , , , , , , , , , , , , , , , , , , , , , , , , , , , , , , , , 
-7814628.25368781,-6915460.42720505,2739,14090,14070,PUERTO SARA,CL,-52.633333,-70.2,52,38,S,70,12,W,124,22481,V,CN,F,Y, , ,Y, , ,C, ,A,17,L,Y,Y, , , ,Y,Y, ,Y, ,Y, , , , , , , , , , ,Y, , , , , , , , , , , , , , , , , , , , , , , , , , , , 
-7803496.30460848,-6964522.0056376,2740,14095,14070,CALETA CLARENCIA,CL,-52.9,-70.1,52,54,S,70,6,W,124,22481,V,CN,F, , , ,Y, ,F,O, ,K,0,L, , , , ,Y, ,Y, ,Y, ,Y, , , ,Y, , , , , , ,Y, ,Y, , , , ,Y, , , , , , , , , , , , , ,Y, , , , , , , 
-7894407.22208965,-7101017.59467797,2741,14130,14070,PORT SAN JUAN DE LA JUAN,CL,-53.633333,-70.916667,53,38,S,70,55,W,124,22410,V,CN,F, , , , , , ,G, , ,4, ,Y, , , , , , , , , , , , , , , , , , , , ,Y, , , , , , , , , , , , , , , , , , , ,Y, , , , , , , , 
-7842458.12638612,-7141799.11711035,2742,14140,14070,BAHIA HARRIS,CL,-53.85,-70.45,53,51,S,70,27,W,124,22410,V,CN,F, , , , , ,G,A,P, ,0, , , , , , , , , , , , , , , , , , , , , , , , , , , , , , , , , , , , , , , , , , , ,Y, , , , , , , 
-8003871.38803637,-6924636.62348689,2743,14175,14070,CALETA MINA ELENA,CL,-52.683333,-71.9,52,41,S,71,54,W,124,22410,V,CN,F,N,N,N,N,N, ,L, , ,0, , , , , , , , , , , , , , , , , , , , , , ,Y, , , , , , , , , , , , , , , , , , , , ,Y, , , , , , , 
-8078084.38189855,-6749056.39536264,2744,14190,14070,PUERTO NATALES,CL,-51.716667,-72.566667,51,43,S,72,34,W,125,22420,V,OR,P,N,N,Y,N,N, ,A,L, ,0, , , , , ,Y,Y, ,Y, , , ,Y, ,Y, , ,Y, , , ,Y,Y, , , , , , ,N, , , , , , , , , , , , , ,Y, , , , , , , 
-8107769.57944342,-5695290.2471494,2745,14197,14070,PUERTO CHACABUCO,CL,-45.466667,-72.833333,45,28,S,72,50,W,125,22371,V,RN,F,Y,Y,N,Y,N,P,A,K,M,3,L, ,Y, , ,Y,Y,Y, ,Y, ,Y,Y, ,Y, , , , , , ,Y,Y, , , ,Y, , ,N,Y,Y, , , ,Y,Y,Y, , , , , ,Y,Y,Y, , ,N, , 
-8211667.77085048,-5233657.66474073,2746,14220,14070,PUERTO CASTRO,CL,-42.483333,-73.766667,42,29,S,73,46,W,125,22352,V,CN,E,Y,N,N,Y,N,J,G,N,F,3,M, , , , ,Y, , , , , , ,Y, ,Y, ,Y,Y, ,Y, ,Y, , , , ,Y, , ,N, , , , , , , , , , , , ,Y,Y,Y, , , , , , 
-8180127.24845905,-5183475.26689433,2747,14250,14070,PUERTO QUEMCHI,CL,-42.15,-73.483333,42,9,S,73,29,W,125,22341,V,CN,E,Y,N,N,Y,N, ,A, , ,7,M,Y, , , , , , , , , , ,Y, ,Y,Y,Y, , , , ,Y, , , , ,Y, , ,N, , , , , , , , , , , , ,Y,Y, , , , ,C, , 
-8122612.17821586,-5083896.75229259,2748,14270,14070,PUERTO MONTT,CL,-41.483333,-72.966667,41,29,S,72,58,W,125,22345,S,CN,F,Y,N,N,Y,Y,A,A,M,J,6,L,Y,Y,Y,N,Y,Y,Y, , , ,Y,Y, ,Y,Y,Y,Y,Y,Y,Y,Y,Y, , , ,Y,Y, ,N,Y,Y, , , , ,Y, , , , , ,Y,Y,Y,Y, , ,C, , 
-8174561.27391939,-4846585.51798389,2749,14330,14070,PUERTO DE CORRAL,CL,-39.866667,-73.433333,39,52,S,73,26,W,125,22305,V,CN,F,N,N,N,Y,N,J,H,J, ,2,L,N, ,Y,N,Y,Y,Y, ,Y, , , , , , ,Y, , , , ,Y,Y, , , ,Y, , ,N, , , , , , , ,Y, , , , ,Y,Y, ,Y, , ,C, ,S
-8154152.70060729,-4836921.24639985,2750,14340,14070,BAHIA DE VALDIVIA,CL,-39.8,-73.25,39,48,S,73,15,W,125,22305,S,RN,E,Y,N,N,Y,N,O,H,N,J,3,L, ,Y, , , ,Y,Y, , , , , , , ,Y,Y,Y, ,Y,Y,Y, , , , ,Y,Y, ,N,Y, , , , , ,Y,Y,Y,N,N,N,Y,Y,Y,Y,N,N,B,S,S
-8319276.61195064,5624145.69348367,2751,2620,2545,CORNWALL,CA,45.016667,-74.733333,45,1,N,74,44,W,C301,14201,V,LC,E, , ,Y, ,Y,L, ,L, ,0,M, ,Y,Y, ,Y,Y, , ,Y, ,Y,Y, , ,Y, , ,Y,Y,Y,Y, , , , , , , ,N, , , , , , , ,Y, , , , ,Y,Y,Y,Y, , ,B, , 
-8391634.28096627,5587476.0046331,2752,2670,2545,CARDINAL,CA,44.783333,-75.383333,44,47,N,75,23,W,C301,14763,V,LC,E, , ,Y, , , , ,M, ,0, , , , , , ,Y, , , , , , , , , , , , , , ,Y, , , , , , , , , , , , , , , , , , , , , , , , , , , , , 
-8400910.90519905,5579637.51917053,2753,2680,2545,LOWER LAKES TERMINAL,CA,44.733333,-75.466667,44,44,N,75,28,W,C301,14764,S,RN,E, , , , , ,L,J,L, ,0, , , , , ,Y, ,Y, , , ,Y, , , , , , , , ,Y,Y, , , , , , , , , ,Y, , , , ,Y, , , , , , ,Y, , , , , ,L,S
-13811038.1577521,5532748.24587043,2754,16810,16000,WALDPORT,US,44.433333,-124.066667,44,26,N,124,4,W,CP07,18561,V,CN,G, , ,N,Y,Y,P, , , ,6, , , , , , , , , , , , , , , , , , , , , , , , , , , , , , , , , , , , , , , , , , ,Y,Y, , , , , , , 
-8423174.8033577,5556162.6366155,2755,2700,2545,BROCKVILLE,CA,44.583333,-75.666667,44,35,N,75,40,W,C301,14764,V,CN,E, , , , , ,P,P,P, ,0, , , ,Y, , ,Y, , , , , ,Y, , , , , ,Y, ,Y,Y, , , , ,Y, , , , , , , , , , ,N, , , , ,Y,Y,Y,Y, , ,C, , 
-13809182.8329056,5563980.85278592,2756,16820,16000,NEWPORT,US,44.633333,-124.05,44,38,N,124,3,W,CP07,18581,V,RN,E, , ,N,N,Y,L,P,N, ,6, , ,Y,Y, ,Y,Y,Y,Y,Y, ,Y,Y, , ,Y, ,Y,Y,Y,Y,Y, , , , ,Y,Y, , , , , , , , , ,Y,Y,N,Y,Y,Y,Y,Y,Y,Y,Y,C, ,S
-8452860.00090257,5524956.81011068,2757,2710,2545,ROCKPORT,CA,44.383333,-75.933333,44,23,N,75,56,W,C301,14765,V,RN,E, ,Y, , , ,O,J,O, ,0, , , , , , ,Y, , , , ,Y, , , , , , , , ,Y,Y, , , , , , , , , , , , , , , , , , , , ,Y,Y,Y,Y, , , , ,S
-13796195.5589797,5561374.03283915,2758,16830,16000,TOLEDO,US,44.616667,-123.933333,44,37,N,123,56,W,CP07,18581,V,RN,E, , ,N,N,Y,P, ,P, ,6,L, , , ,N,Y, ,Y, , , ,Y, , , ,Y,Y, , , ,Y,Y, , , , , , , , ,Y, , ,Y, ,Y,Y,Y,Y, ,N,N,N,Y,Y,Y,Y,Y,C, ,S
-8478834.54875434,5517172.0260157,2759,2720,2545,GANANOQUE,CA,44.333333,-76.166667,44,20,N,76,10,W,C301,14774,V,RN,E, , ,Y, ,Y,O,M,N, ,0, , , , , , ,Y, , , , , ,Y, , , , , ,Y,Y,Y,Y, , , , , , , , , , , , , , , , , , , , ,Y,Y,Y,Y,Y,Y, , , 
-13811038.1577521,5590090.34152731,2760,16835,16000,DEPOE BAY,US,44.8,-124.066667,44,48,N,124,4,W,CP07,18561,V,CN,G, , ,N,N,Y,P, , , ,4, , , , , , , ,Y, , , , , , , , , , , , , ,Y, , , , , , , , , , , , , , , , , , , , ,Y,Y,Y,Y, , ,C, , 
-8157863.3503004,5032028.23677554,2761,7580,6585,SOUTHPORT,US,41.133333,-73.283333,41,8,N,73,17,W,CP02,12369,V,RN,G,N,N,N,Y,N,P,P,P, ,7,M, , ,N,N,N,Y, , , ,N,N,Y,Y, ,Y, , , , , ,Y, , , , , , , ,N, , , , , , , , , , , , ,Y,Y,Y,Y,Y,Y,C, ,S
-8363804.40826796,4851421.17518336,2762,8120,6585,GLOUCESTER,US,39.9,-75.133333,39,54,N,75,8,W,CP03,12313,S,RN,E,N,N,N,Y,Y,J,J,H,K,6,M, , ,N,N,N,Y, , , , ,Y,Y,Y, ,Y, , , , , ,Y, , , , ,Y, , ,N,Y,Y,Y,Y,Y, , , , , , , , , , , , , ,C, ,M
-8508519.74629921,5496444.98987784,2763,2730,2545,WOLFE ISLAND,CA,44.2,-76.433333,44,12,N,76,26,W,C301,14768,V,RN,E, , ,Y, , ,P,P,P, ,0, , , , , , ,Y, , , , , , , , , , , , , , ,Y, , , , , , , , , , , , , , , , , , , , , , , , , , , , , 
-13809182.8329056,5828555.45721946,2764,16838,16000,ILWACO,US,46.3,-124.05,46,18,N,124,3,W,CP07,18521,V,RN,G, , ,N,N, ,P, ,P, ,4, , , , , ,Y, ,Y, , , , , , , ,Y, ,Y, , , ,Y, , , , , , , , , , , , , , , , , , , , ,Y,Y,Y,Y, , ,C, ,S
-8172705.94907284,5027102.84912258,2765,7590,6585,NORWALK,US,41.1,-73.416667,41,6,N,73,25,W,CP02,12368,V,RN,E,Y,N,Y,Y,Y,P,P,P, ,7, , , ,N,N,N,Y, , , ,N,N,Y,Y, ,Y, , , , ,Y,Y, , , , ,Y, , ,N, , , , , , , , , , , , ,Y,Y, ,Y, , ,C, ,S
-9775706.61649597,5248764.45265884,2766,4840,4570,KENOSHA,US,42.583333,-87.816667,42,35,N,87,49,W,CP06,14904,V,CB,G,N,N,Y,Y,Y,P,F,N, ,0,M,Y,Y,Y,N,N,Y, , , , ,Y,Y,Y, ,Y,Y, ,Y,Y,Y,Y, , , , ,Y, , ,N, ,Y, , ,Y, , ,Y, , , , ,Y,Y,Y,Y,Y,Y,C, , 
-8363804.40826796,4858679.07377125,2767,8130,6585,CAMDEN,US,39.95,-75.133333,39,57,N,75,8,W,CP03,12313,M,RN,E,N,N,N,Y,Y,J,J,J,J,6,L, , ,Y,N,Y,Y, , , , ,Y,Y, , ,Y,Y,Y,Y,Y,Y,Y, , , , ,Y,Y, ,N,Y,Y,Y, ,Y, ,Y,Y,Y,Y,Y,Y,Y,Y,Y,Y,Y,Y,A,M,L
-8515941.04568543,5501622.34381059,2768,2740,2545,KINGSTON,CA,44.233333,-76.5,44,14,N,76,30,W,C301,14768,V,CN,E, , ,Y, , ,M,M,N, ,0,M,Y, ,Y, , ,Y, , ,Y,Y,Y,Y, , ,Y,Y,Y,Y,Y,Y,Y, , , , ,Y, , ,N,Y, , , , , ,Y,Y, , , , ,Y,Y,Y,Y,Y,Y,B,S,M
-8187548.54784527,5017259.56685379,2769,7600,6585,STAMFORD,US,41.033333,-73.55,41,2,N,73,33,W,CP02,12368,V,RN,E,N,N,Y,Y,N,O,O,O, ,7,M, , ,N,N,N,Y, , , ,N,N,Y,Y, ,Y,Y, , , ,Y,Y, , , , ,Y, , ,N, , , , , ,Y,Y, , , ,Y,Y,Y,Y,Y,Y,Y,Y,B, ,M
-13634782.2973295,4509031.39307665,2770,16290,16000,PRINCETOWN,US,37.5,-122.483333,37,30,N,122,29,W,CP07,18682,V,CB,G, , , , , , , ,O, ,4, , , , , , , , , , , , , , , , , , , , , ,Y,Y, , , , , , , , , , , , , , , ,Y, , , , ,Y, ,Y, , , , , 
-9771995.96680287,5271470.14282501,2771,4850,4570,RACINE,US,42.733333,-87.783333,42,44,N,87,47,W,CP06,14925,S,CB,G,N,N,Y,Y,Y,O,N,O, ,0,M,Y,Y,Y,N,Y,Y, , , , ,Y,Y,Y, ,Y,Y, , , , ,Y, , , , ,Y, , ,N, , , , , , , ,Y, , , , ,Y,Y,Y,Y,Y,Y,C, , 
-8334119.21072308,4878059.45220101,2772,8140,6585,BURLINGTON,US,40.083333,-74.866667,40,5,N,74,52,W,CP03,12314,V,RN,E,N,N,Y,Y,Y,P,M,P,O,6,M, ,Y,Y,N,Y,Y, , , , ,Y,Y,Y, ,Y, , , ,Y,Y,Y, , , , ,Y, , ,N,Y, , , , , ,Y, , , , , ,Y, , , , , ,C, , 
-8404621.55489215,5574415.62665529,2773,2770,2750,OGDENSBURG,US,44.7,-75.5,44,42,N,75,30,W,CP06,14764,S,RN,E,N,N,N,N,Y,N,E,L, ,0, ,Y,Y,Y, ,Y,Y, , , ,N,Y,Y,Y, ,Y, , ,Y,Y,Y,Y, , , , ,Y, , ,N, ,Y, ,Y,Y,Y,Y,Y, , , , ,Y,Y,Y,Y,Y,Y,C,S,S
-8194969.84723149,5014800.30427624,2774,7610,6585,GREENWICH,US,41.016667,-73.616667,41,1,N,73,37,W,CP02,12367,V,CN,E,N,N,Y,Y,N,P,P,O, ,7,M, , ,N,N,N,Y, , , ,N,N,Y,Y, ,Y, , , , ,Y,Y, , , , , , , ,N, , , , , , , , , , , , ,Y,Y, ,Y,Y,Y,B, , 
-8200535.82177115,5012341.66384751,2775,7620,6585,PORT CHESTER,US,41,-73.666667,41,0,N,73,40,W,CP02,12367,V,RN,G,N,N,N,Y,Y,P,P,O, ,7,M, , ,N,N,N,N,N, , , ,N,Y,Y, ,Y, , , , ,Y, , , , , ,Y, , ,N, , , , , , , , , , , , ,Y,Y, ,Y, , ,C, ,S
-9783127.91588219,5317046.89722639,2776,4860,4570,MILWAUKEE,US,43.033333,-87.883333,43,2,N,87,53,W,CP06,14924,M,RN,E,N,N,Y,Y,Y,M,N,M,L,0,M,Y,Y,Y,Y,Y,Y, , , ,Y,Y,Y,Y, ,Y,Y,Y,Y,Y,Y,Y, , , , ,Y,Y, ,N,Y,Y, ,Y,Y, , ,Y,Y, ,Y,Y,Y,Y,Y,Y,Y,Y,B, , 
-8332263.88587653,4880484.66566228,2777,8150,6585,BRISTOL,US,40.1,-74.85,40,6,N,74,51,W,CP03,12314,V,RN,E,N,N,Y,Y,Y,M,M,J,J,6,M, , ,Y,N,N,Y, , , , ,Y,Y,Y, ,Y, , , ,Y,Y,Y, , , , ,Y, , ,N, , , , , , , , , , , , , , , , , , , , ,S
-8451004.67605602,5517172.0260157,2778,2790,2750,ALEXANDRIA BAY,US,44.333333,-75.916667,44,20,N,75,55,W,CP06,14772,V,RN,E,N,N,N,N,N,O,O,O, ,0,M, , ,Y, ,N,Y, , , ,N,N,Y,Y, ,Y, , , , , ,Y, , , , ,N, , ,N, , , , ,Y, , , , , , , ,Y,Y,Y,Y, , , , , 
-7888841.24754999,5284108.14638928,2779,7190,6585,NEWBURYPORT,US,42.816667,-70.866667,42,49,N,70,52,W,CP01,13282,V,RN,G,Y,N,N,Y,Y,O,O,P, ,8,M,Y, ,N,N,N,Y, , , ,N,N,Y,Y, ,Y, , , ,Y,Y,Y, , , , ,Y, , ,N, , , , , , , , , , , ,Y,Y,Y,Y,Y, , , , ,S
-7861011.37485167,5261371.9619387,2780,7200,6585,ROCKPORT,US,42.666667,-70.616667,42,40,N,70,37,W,CP01,13279,V,CB,G,Y,N,N,Y,N,P,P,P, ,9,M, , ,N,N,N, ,Y, , ,N,N,Y,Y, ,Y, , , , ,Y,Y, , , , ,Y, , ,N, , , , , , , , , , , , ,Y,Y,Y,Y, , , , , 
-8322987.26164375,4895048.44056167,2781,8160,6585,TRENTON,US,40.2,-74.766667,40,12,N,74,46,W,CP03,12314,V,RN,E,Y,N,Y,Y,Y,N,M,M,O,7,M, , ,Y,N,N,Y, , , , , ,Y,Y, ,Y, , , ,Y,Y,Y, , , , ,Y, , ,N,Y, , , , , ,Y,Y,Y, ,Y,Y,Y,Y,Y,Y,Y,Y,C, , 
-8465847.27482845,5501622.34381059,2782,2800,2750,CLAYTON,US,44.233333,-76.05,44,14,N,76,3,W,CP06,14774,V,RN,E,N,N,N,N,N,M,J,M, ,0,M, , ,Y, ,N,N,N, , ,N,N,Y,Y, ,Y, ,Y,Y, , ,Y, , , , ,N, , ,N,Y, , , ,Y,Y,Y, , , , ,Y,Y,Y,Y,Y,Y,Y,C, ,S
-9781272.59103564,5370502.3003887,2783,4870,4570,PORT WASHINGTON,US,43.383333,-87.866667,43,23,N,87,52,W,CP06,14904,S,CB,F,N,N,Y,Y,Y,M,M,M, ,0,M,Y,Y,Y,N,Y,Y, , , , ,Y,Y,Y, ,Y, ,Y,Y,Y, ,Y, , , , ,Y, , ,N, , , , , , , , , , , , ,Y,Y,Y,Y,Y,Y,C, , 
-11718231.7308386,2346228.43805564,2784,15790,15700,PUERTO VALLARTA,MX,20.616667,-105.266667,20,37,N,105,16,W,153,21338,S,RB,G,N,N,N,N,N,J,E,K, ,1,L,Y,Y,N,Y,Y,Y,Y, , ,N,N,Y,Y,Y,Y,Y,Y,Y,Y, ,Y,Y, , , ,Y,Y, , , , , , , , , , ,N,N,N,N,Y,Y,Y, , , ,N, , 
-7579001.99817538,5524956.81011068,2785,6680,6585,WINTER HARBOR,US,44.383333,-68.083333,44,23,N,68,5,W,CP01,13322,V,CN,G,Y,N,N,Y,N,F,F,P, ,10,M,Y,Y,N,N,Y,N,Y, , ,N,N,Y,N, ,Y, , , , , ,Y, , , , , , , ,N, , , , , , , , , , , ,Y,Y,Y, ,Y, , ,C, ,S
-11846249.1452509,2656223.23993554,2786,15810,15700,MAZATLAN,MX,23.2,-106.416667,23,12,N,106,25,W,153,21301,M,RN,G, ,Y, ,Y,N,J,D,J, ,1,L,N,Y,Y,Y,Y,Y,Y, ,Y, ,Y, , ,Y,Y, ,Y,Y,Y,Y,Y,Y, , , ,Y,Y, ,Y,N,N,N, , , , ,Y,Y, , ,Y,Y,Y,Y,Y, , ,B, ,M
-8358238.43372829,4626622.24316352,2787,8170,6585,OCEAN CITY,US,38.333333,-75.083333,38,20,N,75,5,W,CP03,12211,V,CN,E,Y,N,Y,Y,Y,P,P,P, ,3,M, , ,Y,N,N, , , , , , ,Y,Y, ,Y, , , ,Y,Y,Y, , , , ,Y, , ,N, , , , , , , , , , , , ,Y,Y, ,Y,Y,Y,B, ,S
-8541915.59353719,5496444.98987784,2788,2830,2820,MILLHAVEN,CA,44.2,-76.733333,44,12,N,76,44,W,C302,14802,V,CN,E,N,N,Y, , ,O,O,P, ,0, , , , , , ,Y, , , , , , , , , , , , , , ,Y, , , , , , , , , , , , , , ,Y,Y,Y, , , , , , , , , , , , 
-9762719.34257009,5426835.26546853,2789,4880,4570,SHEBOYGAN,US,43.75,-87.7,43,45,N,87,42,W,CP06,14922,S,RN,F,N,N,Y,Y,Y,O,K,O, ,0,M,Y,Y,Y,N,Y,Y, , , ,N,Y,Y,Y, ,Y,Y,Y,Y, ,Y,Y, , , , ,Y, , ,N, , , , , ,Y,Y, ,Y, , ,Y,Y,Y,Y,Y,Y,Y,C, ,S
-7590133.9472547,5537946.24029726,2790,6690,6585,SORRENTO,US,44.466667,-68.183333,44,28,N,68,11,W,CP01,13318,V,CN,F,N,N,N,Y,N,P,P,P, ,10,M,Y,Y,N,N,N,N,Y, , ,N,N,Y,N, ,Y, , , , , ,Y, , , , , , , ,N, , , , , , , , , , , ,Y,Y,Y, , , , , , , 
-12141245.795853,2949622.98433126,2791,15830,15700,TOPOLOBAMPO,MX,25.6,-109.066667,25,36,N,109,4,W,153,21014,S,CN,E, ,Y, ,Y,Y,H,G,J,H,3,L, ,Y,Y,N,Y,Y,Y, , , , ,Y, ,Y,Y,Y,Y, ,Y,Y,Y,Y, , , ,Y, , , , , , , , , , ,Y, , , , , ,Y,Y,Y, , ,C, ,S
-8462136.62513535,4476342.15032831,2792,8180,6585,CAPE CHARLES,US,37.266667,-76.016667,37,16,N,76,1,W,CP03,12224,V,CN,E,N,N,N,Y,N,N,O,O, ,2,M, ,Y,Y,N,N,Y, , , , , ,Y,Y, ,Y, , , , ,Y,Y, , , , ,Y, , ,N, , , , , , , , , , , , ,Y,Y,Y,Y, , , , , 
-12347186.8538206,3238471.41959969,2793,15850,15700,GUAYMAS,MX,27.916667,-110.916667,27,55,N,110,55,W,153,21182,S,CB,G,N,N,N,Y, ,L,G,J,L,3,L,Y, ,Y, ,Y,Y,Y, , , ,Y,Y,Y, , , ,Y, ,Y,Y, ,Y, , , ,Y,Y, ,N,Y,Y, , , ,Y,Y,Y,Y, , ,Y, ,Y,Y,Y, , ,C, ,S
-7591989.27210126,5524956.81011068,2794,6700,6585,BAR HARBOR,US,44.383333,-68.2,44,23,N,68,12,W,CP01,13323,V,CN,F,N,N,N,Y,N,N,P,O, ,10,M,Y,Y,Y,N,N,N,Y, , ,N,N,Y,N, ,Y, , , , , ,Y, , , , ,Y, , ,N, , , , , , , , ,Y, , ,Y,Y,Y, ,Y, , ,C, ,S
-8586443.3898545,5468021.75073717,2795,2880,2820,PICTON,CA,44.016667,-77.133333,44,1,N,77,8,W,C302,CA2006,V,CN,E,N,N,Y,Y,N,P,O,P, ,0,M, , ,Y,N, ,Y, , , ,N,N,Y,N, , , , , , ,Y,Y, , , , ,Y, , ,N, , , , , , , , ,Y, , , ,Y,Y,Y,Y, , , , , 
-9757153.36803043,5480930.4774991,2796,4890,4570,MANITOWOC,US,44.1,-87.65,44,6,N,87,39,W,CP06,14922,M,RN,F,N,N,Y,Y,Y,N,M,N, ,0,L,Y,Y,Y,N,N,Y, , , ,Y,Y,Y,Y, ,Y,Y,Y,Y, ,Y,Y, , , , ,Y, , ,N,Y,Y, ,Y,Y,Y,Y, , , ,Y,Y,Y,Y,Y,Y,Y,Y,A,L, 
-12499323.4912381,3165179.42724657,2797,15870,15700,SANTA ROSALIA,MX,27.333333,-112.283333,27,20,N,112,17,W,153,21161,S,CB,F, , , , , ,K,A,M,L,1, ,Y, ,Y, ,Y,Y,Y, , , ,N,Y, ,Y, , ,Y, ,N,N, ,Y, , , ,Y, , ,Y,Y, , , , , ,Y,Y, , , , ,Y,Y, , , , ,C, ,M
-8415753.50397148,4631353.79531981,2798,8190,6585,SALISBURY,US,38.366667,-75.6,38,22,N,75,36,W,CP03,12261,V,RN,E,N,N,Y,Y,Y,P,P,P, ,3,M, , ,Y,N,N,Y, , , , , ,Y,Y, ,Y, , , , ,Y,Y, , , , ,Y, , ,N, , , , , , , , , , , , ,Y,Y,Y,Y, , ,A, ,L
-9206121.88860372,5457707.82568852,2799,4380,4300,PORT HOPE,US,43.95,-82.7,43,57,N,82,42,W,CP06,14862,V,OR,P,N,N,Y,Y,Y,P,K,P, ,0,L,Y,Y,Y,N,N,Y, , , ,N,N, , , , , , , , , , , , , , , , , ,N, , , , , , , , , , , , , , , , , , , , , 
-8616128.58739937,5488684.44791228,2800,2930,2820,BELLEVILLE,CA,44.15,-77.4,44,9,N,77,24,W,C302,CA2007,S,CN,E,N,N,Y,Y,Y,O,N,O,O,0,M, ,Y,Y,N, ,Y, , , ,N,Y,Y,N, , , , ,Y,Y,Y,Y, , , , ,Y, , ,N, , , , , , , ,N, , , , ,Y, ,Y,Y,Y,Y,C, ,S
-12478914.917926,3146395.55770175,2801,15880,15700,ISLA SAN MARCOS,MX,27.183333,-112.1,27,11,N,112,6,W,153,21161,V,OR,P,Y,Y, , , , ,E,H, ,0,M, , ,Y, , ,Y,Y, , , , , , ,Y, , ,Y,Y,N, ,Y, , , , ,Y, , , , , , , , , , , , , , , , ,Y, ,Y, , ,N, , 
-8469557.92452156,4798357.49243286,2802,8200,6585,HAVRE DE GRACE,US,39.533333,-76.083333,39,32,N,76,5,W,CP03,12274,V,RN,G,N,N,N,Y,Y,O,N,O,O,2,M, , ,N,N,N,Y, , , , , ,Y,Y, ,Y, , , , ,Y,Y, , , , ,Y, , ,N, , , , , , ,Y, , , , , ,Y,Y,Y,Y, , ,C, ,S
-9335994.62786254,5403748.49152924,2803,4400,4300,BAY CITY,US,43.6,-83.866667,43,36,N,83,52,W,CP06,14867,S,RN,E,N,N,Y, ,Y,L,M,M,N,0,M,Y,Y,Y,N,N,Y, , , ,N,Y,Y,Y, ,Y,Y,Y, ,Y,Y,Y, , , , ,Y, , ,N,Y,Y, , ,Y, , ,Y,Y, , , ,Y,Y,Y,Y,Y,Y,A,S, 
-8634681.83586492,5480930.4774991,2804,2940,2820,TRENTON,CA,44.1,-77.566667,44,6,N,77,34,W,C302,CA2069,S,RN,E,N,N,Y,Y,Y,O,O,Q,Q,0, , , ,Y,N, ,Y, , , , , ,Y,N, , , , , , ,Y,Y, , , , , , , ,N, , , , , , , , , , , , , ,Y, ,Y,Y,Y,C, ,S
-8525217.6699182,4759941.58621193,2805,8210,6585,BALTIMORE,US,39.266667,-76.583333,39,16,N,76,35,W,CP03,12281,L,RN,G,N,N,N,Y,Y,G,G,G,J,1,L, ,Y,Y,Y,Y,Y, , , , ,Y,Y,Y, ,Y,Y,Y,Y,Y,Y,Y, , , , ,Y,Y, ,Y,Y,Y,Y,Y,Y,Y,Y,Y,Y,Y,Y,Y,Y,Y,Y,Y,Y,Y,A,L,L
-12323067.6308154,2802226.15699125,2806,15915,15700,SAN JUAN DE LA COSTA,MX,24.4,-110.7,24,24,N,110,42,W,153,21120,V,OR,P, , , ,Y, , , ,K, ,2,L, , , , ,Y,Y,Y, , , ,N,Y, ,Y, , ,Y,Y,Y, ,Y, , , , , , , , , , , , , , , , , , , , ,N,Y, , , , , , , 
-8701473.53034088,5457707.82568852,2807,2960,2820,COBOURG,CA,43.95,-78.166667,43,57,N,78,10,W,C302,CA2070,S,CB,E,N,N,Y,Y, ,O,M,O,P,0,M, , ,Y,Y, ,Y, , ,N,N, ,Y,N, , , , ,Y, ,Y,Y, , , , ,Y, , ,N, , , , , , , , , , , , ,Y, ,Y,Y, , ,C, , 
-8514085.72083887,4719284.49668704,2808,8225,6585,ANNAPOLIS,US,38.983333,-76.483333,38,59,N,76,29,W,CP03,12283,V,RN,E,N,N,N,Y,Y,N,K,O, ,1,M,Y, ,Y,Y,Y,Y, , , , , ,Y, , ,Y, , , ,Y,Y,Y, , , , ,Y, , ,N, , , , ,Y, , , ,Y, , , ,Y,Y, ,Y,Y,Y,C, ,S
-9174581.3662123,5309435.35430371,2809,3700,3640,SARNIA,CA,42.983333,-82.416667,42,59,N,82,25,W,C304,14852,S,RN,E,N,N,Y,N,N,N,L,M,M,0,L,Y,Y,Y,N,Y,Y, , , , ,Y,Y, , ,Y,Y,Y,Y,Y,Y,Y, , , , ,Y, , ,Y, , , , , , , , ,Y,Y,Y,Y,Y,Y,Y,Y,Y,Y,A, ,S
-7601265.89633403,5511985.85679308,2810,6710,6585,NORTHEAST HARBOR,US,44.3,-68.283333,44,18,N,68,17,W,CP01,13321,V,CN,F,N,N,N,Y,N,O,O,P, ,0,M,Y,Y,Y,N,N,Y,Y, , ,N,N,Y,N, ,Y, , , , , ,Y, , , , , , , ,N,Y, , , , , ,Y, , , , , ,Y,Y, ,Y, , ,C, , 
-8714460.80426677,5455131.15259908,2811,2970,2820,PORT HOPE,CA,43.933333,-78.283333,43,56,N,78,17,W,C302,CA2053,S,CB,E,N,N,Y,Y, ,P,O,N, ,0,M, , ,Y,Y, ,Y, , ,N,Y, , , , , , ,Y,Y, ,Y,Y, , , , ,Y, , ,N, , , , , , , ,N,Y, , , ,Y,Y, , , , , , , 
-8510375.07114577,4624257.2833319,2812,8227,6585,SOLOMONS ISLAND,US,38.316667,-76.45,38,19,N,76,27,W,CP03,12284,V,RN,E,N,N,N,N,Y,L,L,P, ,1,M,Y, ,N,N,N,Y, , , , , ,Y,N, ,Y, , , , , ,Y, , , , ,Y, , ,N, , , , , , , , , , , , ,Y,Y, ,Y, , ,C, ,S
-8773831.19935651,5444831.67424156,2813,2980,2820,OSHAWA,CA,43.866667,-78.816667,43,52,N,78,49,W,C302,CA2050,S,CB,E,N,N,Y,Y, ,L,L,M, ,0,M, ,Y,Y,N, ,Y, , ,N,Y, ,Y,N, , ,Y,Y,N,Y,Y,Y, , , , ,Y, , ,N, ,Y, ,Y, ,Y, ,Y,Y,Y,Y,Y,Y,Y,Y,Y,Y,Y,C, , 
-7604976.54602714,5509393.87631957,2814,6720,6585,SOUTHWEST HARBOR,US,44.283333,-68.316667,44,17,N,68,19,W,CP01,13321,V,CN,G,N,N,N,Y,N,K,H,O, ,10,M,Y, ,Y,N,N,N,Y, , ,N,N,Y,N, ,Y, , , , , ,Y, , , , , , , ,N,Y, , , , ,Y,Y, , , , ,Y,Y,Y,Y,Y,Y,Y,A, ,S
-9174581.3662123,5311971.84694547,2815,3710,3640,POINT EDWARD,CA,43,-82.416667,43,0,N,82,25,W,C304,14852,S,RN,E,N,N,Y,N,N,M,L,M, ,0,L,Y, ,N,N,N,Y, , , ,N,N, , , ,Y, ,Y, , , ,Y, , , , , , , ,N, , , , , , , , , , , , ,Y,Y,Y,Y,N,N, , , 
-7606831.87087369,5522361.14385891,2816,6730,6585,MOUNT DESERT,US,44.366667,-68.333333,44,22,N,68,20,W,CP01,13318,V,CN,F,Y,N,N,Y,Y,M,M,N, ,11,M, , ,N,N,N,N,Y, , ,N,N,Y,N, ,Y, , , , , ,Y, , , , , , , ,N,Y, , , , , ,Y, , , , , ,Y,Y,Y,Y, , ,C, ,S
-8786818.47328239,5442258.60504521,2817,2990,2820,PORT WHITBY,CA,43.85,-78.933333,43,51,N,78,56,W,C302,CA2049,S,CB,E,N,N,Y,Y, ,P,O,M,Q,0,M, , ,N,N,Y,Y, , , ,Y,N,Y,N, , , , , , ,Y,Y, , , , , , , ,N,Y, , , , ,Y, , ,Y, , , ,Y,Y,Y, , , ,C,S, 
-8575311.44077517,4702590.67230193,2818,8230,6585,WASHINGTON D.C.,US,38.866667,-77.033333,38,52,N,77,2,W,CP03,12289,S,RN,E,N,N,N,Y,Y,N,N,N, ,3,M, , ,Y,Y, ,Y, , , ,N,N,Y, , ,Y,Y,Y,Y,Y,Y,Y, , , , ,Y,Y, ,N, , , , , , , , ,Y, , , ,Y,Y,Y,Y,Y,Y,C, ,S
-12280395.1593446,2773730.35958448,2819,15920,15700,LA PAZ,MX,24.166667,-110.316667,24,10,N,110,19,W,153,21125,S,CN,G,Y,Y, ,Y, ,P,E,L,K,4,M, ,Y,Y, ,Y,Y,Y, , ,N,Y, , ,Y, , ,Y,Y,Y, ,Y,Y, , , ,Y,Y, , , , , , , , , ,Y,Y,N,Y,Y,Y,Y, , , , ,C, , 
-9098513.04750356,5426835.26546853,2820,3730,3640,GODERICH,CA,43.75,-81.733333,43,45,N,81,44,W,GLV2,14871,S,CB,E,N,N,Y,N,N,M,M,M, ,0,L,Y,Y,Y,N, ,Y, , , , ,Y,Y,Y, ,Y,Y, , , ,Y,Y, , , , ,Y, , ,N, , , , , , , , ,Y,Y, , ,Y,Y,Y,Y,Y,Y,B, , 
-7610542.5205668,5483514.40518241,2821,6740,6585,FRENCHBORO,US,44.116667,-68.366667,44,7,N,68,22,W,CP01,13313,V,CN,F,Y,N,N,Y, ,M,P,P, ,11,M,Y,Y,N,N,N,N,Y, , ,N,N,Y,N, ,Y, , , , , ,Y, , , , , , , ,N, , , , , , , , , , , , ,Y,Y,Y,Y, , , , , 
-8836912.24413937,5406310.84169767,2822,3000,2820,TORONTO,CA,43.616667,-79.383333,43,37,N,79,23,W,C302,CA2085,M,CN,E,N,Y,Y,Y,Y,L,A,L,L,0,L, , ,Y,Y,Y,Y, , , , ,Y,Y,Y, ,Y,Y,Y,Y,Y,Y,Y, , , , ,Y, , ,N,Y, ,Y,Y,Y,Y, ,Y,Y, ,Y,Y,Y,Y,Y,Y,Y,Y,B,S, 
-8575311.44077517,4693063.64429579,2823,8240,6585,ALEXANDRIA,US,38.8,-77.033333,38,48,N,77,2,W,CP03,12289,S,RN,E,N,N,N,N,Y,M,N,N, ,3,M, , ,N,N, ,Y, , , ,N,N,Y, , ,Y,Y,Y,Y,Y,Y,Y, , , , ,Y,Y, ,N, , , , , , , , ,Y, , , ,Y,Y,Y,Y,Y,Y,C, ,S
-9061406.55057247,5532748.24587043,2824,3750,3640,PORT ELGIN,CA,44.433333,-81.4,44,26,N,81,24,W,GLV2,14871,V,CB,G,N,N,Y,N,N,O,O,P, ,0,M,Y,Y,N,N,Y,Y, , , ,N,N,N,N, , , , ,N,N, ,Y, , , , ,Y, , ,N, , , , , , , , ,Y, , ,Y,Y,Y,Y,Y,Y,Y,B, , 
-7619819.14479958,5488684.44791228,2825,6750,6585,MINTURN,US,44.15,-68.45,44,9,N,68,27,W,CP01,13313,V,CN,G,Y,N,N,Y,N,P,K,Q, ,10,M, , ,N,N,N,N,Y, , ,N,N,Y,N, ,Y, , , , , ,Y, , , , , , , ,N, , , , , , , , , , , , ,Y,Y, ,Y, , , , , 
-12983563.2761888,3745821.25233681,2826,15990,15700,ENSENADA,MX,31.866667,-116.633333,31,52,N,116,38,W,153,21021,M,CB,G, , , ,Y, ,J,N,L, ,2,L,Y, ,Y, ,Y,Y,Y, ,Y, ,Y,Y, , , , ,Y,Y,Y, ,Y,Y, , , ,Y,Y, ,N,Y,Y,Y, , , ,Y,Y,Y, , ,Y,Y,Y,Y,Y,Y,Y,B, , 
-8859176.14229802,5396065.69676217,2827,3010,2820,PORT CREDIT,CA,43.55,-79.583333,43,33,N,79,35,W,C302,CA2070,V,CB,E,N,Y,Y,Y,N,P,M,L, ,0,L, , ,N,Y,Y,Y, , , ,Y,Y,Y,N, ,Y, , , ,Y,Y,Y, , , , ,Y, , ,N, , , , , ,Y, , , , , , ,Y,Y,Y,Y,Y,Y,C, ,S
-8519651.69537854,4598278.50165221,2828,8245,6585,PINEY POINT,US,38.133333,-76.533333,38,8,N,76,32,W,CP03,12233,V,RN,E,N,N,N,N,Y,N,N,J,K,2,L, , ,N,N,Y,Y, , , ,Y,Y, , , , , ,Y,Y,N, , , , , , ,Y, , , , , , , , , , , , , , , ,Y,Y,Y, , , , , , 
-7619819.14479958,5486099.06177674,2829,6760,6585,SWANS ISLAND,US,44.133333,-68.45,44,8,N,68,27,W,CP01,13313,V,CN,G,Y,N,N,Y,N,N,N,P, ,10,M, , ,N,N,N,N,Y, , ,N,N,Y,N, ,Y, , , , , ,Y, , , , , , , ,N, , , , , , , , , , , , ,Y,Y,Y,Y, , ,C, , 
-9059551.22572592,5543147.2038618,2830,3760,3640,SOUTHAMPTON,CA,44.5,-81.383333,44,30,N,81,23,W,GLV2,CA2292,V,CB,P,N,N,Y,N,N,P,O,P, ,0,M,Y, ,Y,N, ,Y, , , ,N,N,N,N, , , , ,N,N, ,Y, , , , ,Y, , ,N, , , , , , , , , , , ,Y,Y,Y,Y,Y,Y,Y,B, , 
-7608687.19572025,5501622.34381059,2831,6770,6585,BASS HARBOR,US,44.233333,-68.35,44,14,N,68,21,W,CP01,13316,V,CN,F,Y,N,N,Y,N,P,P,P, ,10,M, , ,N,N,N,N,Y, , ,N,N,Y,N, ,Y, , , , , ,Y, , , , , , , ,N, , , , , ,Y,Y, ,Y, , ,Y,Y,Y,Y,Y,Y,Y,B, ,S
-13035512.3718923,3811538.14679853,2832,15995,15700,ROSARITO,MX,32.366667,-117.1,32,22,N,117,6,W,153,21140,V,OR,P,N,Y,N,Y, , ,C,G,H,0,L,Y, , ,N,Y,Y,Y, , ,N,N,Y, ,Y, , ,Y,Y, , , ,Y, , , ,Y, , , , , , , , , , ,N,N,N,N,N,Y,N,N,N,N,N,N, , 
-8861031.46714458,5388389.27281933,2833,3015,2820,CLARKSON,CA,43.5,-79.6,43,30,N,79,36,W,C302,CA2070,V,OR,F,N,Y,Y,Y,N,M,J,M,M,0,L,N, ,N,N,Y,Y, , , ,Y,N, , , , , ,Y, ,Y, ,Y, , , , ,Y, , ,Y, , , , , , , , , , , , , , , , , , , , , 
-8515941.04568543,4471680.54169649,2834,8250,6585,YORKTOWN,US,37.233333,-76.5,37,14,N,76,30,W,CP03,12241,V,RN,E,N,N,N,Y,Y,J,K,N,J,2,L, , ,Y,N,Y,Y, , , , , ,Y,Y, ,Y, , , , , ,Y, , , , ,Y, , ,N, , , , , , , , , , , , ,Y,Y,Y,Y,Y,Y,C, ,S
-7616108.49510647,5550954.22762416,2835,6780,6585,ELLSWORTH,US,44.55,-68.416667,44,33,N,68,25,W,CP01,13316,V,RN,F,N,N,Y,Y,N,P,P,P, ,0,M, , ,N,N,N,N,N, , ,N,N,Y,N, ,Y, , , ,Y,Y,Y, , , , ,Y, , ,N, , , , , , , , , , , , ,Y,Y,Y,Y, , ,C, ,S
-9091091.74811734,5663600.84651225,2836,3770,3640,TOBERMORY,CA,45.266667,-81.666667,45,16,N,81,40,W,GLV2,CA2274,V,CN,E, , ,Y, , ,M,H,N, ,0,M,Y,Y,Y,N,Y,Y, , , ,N,N,N,N, , , , ,N,N, ,Y, , , , ,Y, , ,N, , , , , , , , , , , ,Y,Y,Y,Y,Y,Y,Y,C, , 
-8868452.7665308,5378163.92273972,2837,3020,2820,OAKVILLE,CA,43.433333,-79.666667,43,26,N,79,40,W,C302,CA2070,V,CB,E,N,N,Y,Y,Y,P,O,O,L,0,M, , ,Y,Y,Y,Y, , , , , ,Y, , ,Y, , , ,Y,Y,Y, , , , ,Y, , ,Y, , , , , , , ,N, , , , ,Y,Y,Y,Y, , ,C, , 
-7634661.74357201,5506802.63108863,2838,6790,6585,BROOKLIN,US,44.266667,-68.583333,44,16,N,68,35,W,CP01,13316,V,CN,F,N,N,Y,N,N,O,M,P, ,0,M,Y, ,N,N,N,N,N, , ,N,N,Y,N, ,Y, , , , , ,Y, , , , , , , ,N, , , , , , , , , , , , ,Y,Y,N,N, , ,C, ,S
-8549336.89292341,4513709.60920217,2839,8260,6585,WEST POINT,US,37.533333,-76.8,37,32,N,76,48,W,CP03,12243,V,RN,E,N,N,N,Y, ,N,N,N,O,3,M, , ,N,N,N,Y, , , , , ,Y,Y, ,Y, , , , ,Y,Y, , , , , , , ,N, , , , , , , , , , , , ,Y,Y, ,Y,Y,Y,C, ,M
-13044788.9961251,3857756.30712425,2840,16010,16000,SAN DIEGO,US,32.716667,-117.183333,32,43,N,117,11,W,CP07,18773,M,CN,E,N,N,N,Y, ,J,J,K,K,4,L, ,Y,Y,N,Y,Y,Y, ,Y, ,Y,Y,Y, ,Y,Y,Y,Y,Y,Y,Y,Y, , , ,Y,Y,Y,Y,Y,Y,Y,Y, , , ,Y,Y,Y,Y,Y,Y,Y,Y,Y,Y,Y,A,M,M
-9044708.62695348,5618898.04214044,2841,3790,3640,LIONS HEAD,CA,44.983333,-81.25,44,59,N,81,15,W,GLV2,CA2282,V,CB,G,N,N,Y,Y,Y,O,O,O, ,0,M,N,N,N,N,N,Y, , , ,N,N,N,N, , , , ,N,N, ,Y, , , , ,Y, , ,N, , , , , , , , , , , ,Y,Y,Y,Y, , , ,N, , 
-7651359.667191,5517172.0260157,2842,6800,6585,BUCKS HARBOR,US,44.333333,-68.733333,44,20,N,68,44,W,CP01,13309,V,CN,G,N,N,N,Y,N,M,J,O, ,0,M,Y, ,N,N,N,N,N, , ,N,N,Y,N, ,Y, , , , , ,Y, , , , , , , ,N, , , , , , , , , , , ,Y,Y,Y,Y,Y, , , , , 
-8874018.74107046,5373055.47188349,2843,3030,2820,BRONTE,CA,43.4,-79.716667,43,24,N,79,43,W,C302,CA2070,V,CB,E,N,N,Y,Y,Y,P,O,O, ,0,M, , ,N,N,Y,Y, , , ,Y,N,Y,N, , , , , , , ,Y, , , , ,Y, , ,N, , ,Y, , ,Y, , ,Y, , , , ,Y,Y,Y,Y,Y,C, ,S
-13196925.6335426,3895303.96339389,2844,16030,16000,WILSON COVE,US,33,-118.55,33,0,N,118,33,W,CP07,18763,V,CN,F,N,Y,N,Y, , ,L,M, ,4, , , , , , , , , , , , , , , ,Y,Y,Y,Y,Y, ,Y,Y, , , ,Y,Y, , , , , , , , , ,N,Y,N,N,N,Y,Y,Y,Y,N,N, , , 
-8621694.56193904,4621892.86706426,2845,8270,6585,FREDERICKSBURG,US,38.3,-77.45,38,18,N,77,27,W,CP03,12288,V,RN,E,N,N,N,Y,Y,P,P,P, ,3,M, , ,N,N,N,Y, , , , , ,Y,Y, ,Y, , , , ,Y,Y, , , , ,Y, , ,N, , , , , , , , , , , , , , , , , , , , , 
-9031721.3530276,5582249.59411092,2846,3810,3640,WIARTON,CA,44.75,-81.133333,44,45,N,81,8,W,GLV2,CA2282,V,CN,E,N,N,Y,Y,Y,O,L,N, ,0,M,N,N,N,N,N,Y, , , ,N,N,N,N, , ,Y,Y, , ,Y,Y, , , , ,Y, , ,N, , , , , , , , , , , ,Y,Y,Y,Y, , , ,C, ,M
-8888861.33984289,5350102.14346067,2847,3050,2820,HAMILTON,CA,43.25,-79.85,43,15,N,79,51,W,C302,CA2067,M,CN,E,N,N,Y,Y,Y,L,E,L,M,0,L,Y,Y,Y,Y,Y,Y, , , , ,Y,Y,Y, ,Y,Y,Y,Y,Y,Y,Y, , , , ,Y,Y, ,Y, ,Y,Y, ,Y, , ,Y, , ,Y,Y,Y,Y,Y,Y,Y,Y,A, ,S
-7643938.36780479,5488684.44791228,2848,6810,6585,STONINGTON,US,44.15,-68.666667,44,9,N,68,40,W,CP01,13315,V,CN,G,N,N,Y,Y,N,N,N,P, ,0,M, , ,N,N,N,N,N, , ,N,N,Y,N, ,Y, , , , , ,Y, , , , , , , ,N,Y, , , , ,Y, , , , , , ,Y,Y,Y,Y, , , , , 
-8493677.14752677,4418219.2944757,2849,8280,6585,NORFOLK,US,36.85,-76.3,36,51,N,76,18,W,CP03,12253,L,RN,E,N,N,N,Y,N,H,H,J,H,3,L,Y,Y,Y,N,Y,Y, , , ,Y,Y,Y,Y, ,Y,Y,Y,Y,Y,Y,Y,Y, , , ,Y,Y,Y,Y,Y,Y,Y,Y,Y,Y,Y,Y,Y,Y,Y,Y,Y,Y,Y,Y,Y,Y,A,M,L
-13191359.6590029,3955187.39935462,2850,16040,16000,ISTHMUS COVE,US,33.45,-118.5,33,27,N,118,30,W,CP07,18757,V,CN,F,N,N,N,N, , , ,O, ,4, , , , , , , , , , , , , , , ,Y, ,Y,Y,Y, ,Y, , , , ,N,Y, , , , , , , , , ,N,Y,N,N,N,Y,Y,Y,Y,Y,Y,C, , 
-9009457.45486894,5556162.6366155,2851,3860,3640,OWEN SOUND,CA,44.583333,-80.933333,44,35,N,80,56,W,GLV2,CA2271,S,RN,E,N,N,Y,Y,Y,M,J,M, ,0,L,Y,Y,Y,N,N,N, , , ,N,N,N,N, , , , ,N,Y,Y,Y, , , , ,Y, , ,N, , , , , , , ,Y, , , , ,Y,Y, ,Y,Y,Y, , ,S
-8493677.14752677,4413583.20023031,2852,8290,6585,PORTSMOUTH,US,36.816667,-76.3,36,49,N,76,18,W,CP03,12253,S,RN,E,N,N,N,Y,N,H,H,J,L,3,L,Y,Y,Y,N,Y,Y, , , ,Y,Y,Y,Y, ,Y,Y,Y,Y,Y,Y,Y, , , , ,Y,Y,Y,Y,Y,Y,Y,Y,Y,Y,Y,Y,Y,Y,Y,Y,Y,Y,Y,Y,Y,Y,A,L,L
-7668057.59081,5439686.25476551,2853,6820,6585,CRIEHAVEN,US,43.833333,-68.883333,43,50,N,68,53,W,CP01,13303,V,CB,P,N,N,N,Y,N,P,P,P, ,9,M, , ,N,N,N,N,N, , ,N,N,Y,N, ,Y, , , , , ,Y, , , , , , , ,N, , , , , , , , , , , , ,Y,Y,Y,Y, , , , , 
-8972350.95793785,5561374.03283915,2854,3880,3640,MEAFORD,CA,44.616667,-80.6,44,37,N,80,36,W,GLV2,14860,V,CB,G,N,N,Y, ,Y,O,K,O, ,0, ,Y, ,N,N,N, , , , ,N,N,N,N, , , , ,N,N,Y,Y, , , , ,Y, , ,N, ,Y, , , , ,Y, , , , , ,Y,Y,Y,Y,Y,Y,C, , 
-8508519.74629921,4434461.56835045,2855,8300,6585,NEWPORT NEWS,US,36.966667,-76.433333,36,58,N,76,26,W,CP03,12245,M,CN,G,N,N,N,N,N,H,H,J,K,3,L,Y,Y,Y,N,Y,Y, , , ,Y,Y,Y,Y, ,Y,Y,Y,Y,Y,Y,Y, , , , ,Y,Y, ,N,Y,Y,Y,Y,Y,Y,Y,Y,Y,Y,Y,Y,Y,Y,Y,Y,Y,Y,A,L,L
-7668057.59081,5444831.67424156,2856,6830,6585,MATINICUS,US,43.866667,-68.883333,43,52,N,68,53,W,CP01,13303,V,CB,F,Y,N,N,Y,N,M,O,P, ,9,M, , ,N,N,N,N,N, , ,N,N,Y,N, ,Y, , , , , ,Y, , , , , , , ,N, , , , , , , , , , , , ,Y,Y,Y,Y, , , , , 
-13170951.0856908,3941853.29117671,2857,16050,16000,AVALON,US,33.35,-118.316667,33,21,N,118,19,W,CP07,18757,V,CN,F,N,N,N,N, , , , , ,4, , , , , , , , , , , , , , , ,Y,Y, , ,Y, , , , , , ,Y,Y, , , , , , , , , ,N,N,N,N,N,Y,Y,N,Y,N,N,C, , 
-8955653.03431886,5553558.05904002,2858,3890,3640,THORNBURY,CA,44.566667,-80.45,44,34,N,80,27,W,GLV2,14860,V,CB,G,N,N,Y,Y,Y,O,O,O, ,0,M,N,Y,N,N,N,Y, , , ,N,N,N,N, , , , ,N,N,Y,Y, , , , ,Y, , ,N, , , , , , , , , , , , , , , , , , , , , 
-7662491.61627033,5473183.06162324,2859,6840,6585,VINALHAVEN,US,44.05,-68.833333,44,3,N,68,50,W,CP01,13305,V,CN,G,Y,N,Y,Y,N,O,M,P, ,9,M, , ,Y,N,Y,Y, , , ,N,N,Y,N, ,Y, , , , , ,Y, , , , ,Y, , ,N, , , , , , , , , , ,Y,Y,Y,Y, ,Y,Y,Y,C,S,S
-8617983.91224593,4502017.98271716,2860,8318,6585,WARWICK,US,37.45,-77.416667,37,27,N,77,25,W,CP03,12251,S,RN,E,N,N,N,N, ,L,L,N, ,4,M, ,Y,N,N,N,Y, , , , , ,Y,Y, ,Y, , , , ,Y,Y, , , , ,Y, , ,N,Y, , , , , ,Y, ,Y, , , ,Y,Y,Y,Y, , , , , 
-8931533.81131365,5543147.2038618,2861,3900,3640,COLLINGWOOD,CA,44.5,-80.233333,44,30,N,80,14,W,GLV2,14860,S,CB,G,N,N,Y,Y,N,M, ,M,N,0,M,N,Y,Y,N,N,Y, , , ,N,N,N,N, ,Y, , ,N,Y, ,Y, , , , ,Y, , ,N, , , , , , , , , , , , ,Y,Y,N,N,Y,Y,A,S,M
-13124567.964527,3977445.13590393,2862,16060,16000,NEWPORT BEACH,US,33.616667,-117.9,33,37,N,117,54,W,CP07,18754,V,CN,E,N,N,N,Y, ,N,P,L, ,4, , ,Y, , , , , , , , , , , , ,Y, ,Y,Y, , ,Y,Y, , , ,Y, , , , , , , , , , , ,Y, ,Y,Y,Y,Y,Y,Y,Y,Y,C, ,M
-7666202.26596344,5486099.06177674,2863,6850,6585,NORTH HAVEN,US,44.133333,-68.866667,44,8,N,68,52,W,CP01,13308,V,CN,G,Y,N,Y,Y,N,N,M,O, ,9,M, , ,Y,N,Y,Y, , , ,N,N,Y,N, ,Y,Y, , , , ,Y, , , , , , , ,N,Y, , , , , ,Y, , , , , ,Y,Y, ,Y, , ,C, ,S
-8617983.91224593,4513709.60920217,2864,8320,6585,RICHMOND,US,37.533333,-77.416667,37,32,N,77,25,W,CP03,12251,V,RN,E,N,N,N,Y,Y,N,N,N,N,4,L, ,Y,Y,N,Y,Y, , , , ,Y,Y, , ,Y,Y,Y,Y,Y,Y,Y, , , , ,Y,Y, ,N,Y, , , , ,Y,Y, ,Y, , ,Y,Y,Y,Y,Y,Y,Y,C,S, 
-8898137.96407567,5584862.42237982,2865,3930,3640,PENETANGUISHENE,CA,44.766667,-79.933333,44,46,N,79,56,W,GLV2,14873,V,CN,E,N,N,Y,Y,N,N,K,N, ,0,M,N,N,Y,N,N,Y, , , , ,Y,N,N, , , , ,N,N,Y, , , , , ,Y, , ,N, , , , , , , , , , , , ,Y,Y,Y,Y,Y,Y,B, ,S
-13156108.4869184,3997513.9267554,2866,16070,16000,LONG BEACH,US,33.766667,-118.183333,33,46,N,118,11,W,CP07,18751,M,CB,E,Y,N,N,Y,Y,D,G,E,F,4,L, ,Y,Y,N,Y,Y,Y, ,Y, ,Y,Y,Y, ,Y,Y,Y,Y,Y,Y,Y,Y, , , ,Y,Y, ,Y,Y,Y,Y,Y, , , ,Y,Y,Y,Y,Y,Y,Y,Y,Y,Y,Y,A,L,M
-8484400.523294,4341979.81575679,2867,8325,6585,ELIZABETH CITY,US,36.3,-76.216667,36,18,N,76,13,W,CP04,12206SC,V,RN,E,N,N,N,Y,Y,P,O,O, ,0,M, , ,N,N,N,N, , , , , ,Y,Y, ,Y, , , ,Y,Y,Y, , , , ,Y, , ,N, , , , , , , , , , , , ,Y,Y,Y,Y,Y,Y,C,S,S
-13163529.7863046,3995282.32962424,2868,16080,16000,LOS ANGELES,US,33.75,-118.25,33,45,N,118,15,W,CP07,18751,L,CB,E,N,N,N,Y,Y,G,K,E,F,4,L, ,Y,Y,Y,Y,Y,Y, ,Y,Y,Y,Y,Y, ,Y,Y,Y,Y,Y,Y,Y,Y, , , ,Y,Y, ,Y,Y,Y,Y,Y, , , , ,Y,Y, , ,Y,Y,Y,Y,Y,Y,A,M,M
-8896282.63922911,5582249.59411092,2869,3940,3640,MIDLAND,CA,44.75,-79.916667,44,45,N,79,55,W,GLV2,14873,S,CN,E,N,N,Y,Y,N,M,M,M, ,0,M,N,N,Y,N,N,N,N, ,N, ,Y,Y,N, ,Y,Y, ,N,Y,Y,Y, , , , ,Y, , ,N,Y, , , , , , ,Y,Y, , , ,Y,Y,Y,Y,Y,Y, , ,S
-8512230.39599232,4325877.16743954,2870,8330,6585,HERTFORD,US,36.183333,-76.466667,36,11,N,76,28,W,CP04,12205SC,V,RN,E,N,N,N,Y,Y,P,P,P, ,0,M, , ,N,N,N,N, , , , , ,Y, , ,Y, , , , ,Y,Y, , , , , , , ,N, , , , , , , , , , , , ,Y,Y,Y,Y, , , , , 
-8888861.33984289,5582249.59411092,2871,3950,3640,TIFFIN,CA,44.75,-79.85,44,45,N,79,51,W,GLV2,14873,V,CN,E,N,N,Y,Y,N,M,M,M, ,0,M,Y,Y,Y,N,N,Y, , , ,N,N,Y,N, , , , ,N,N,Y,Y, , , , , , , ,N, , , , , , , , , , , , , ,Y, , , , , , , 
-13183938.3596167,4017617.87665371,2872,16110,16000,EL SEGUNDO,US,33.916667,-118.433333,33,55,N,118,26,W,CP07,18744,V,OR,F,Y,Y,N,Y, ,N, , ,D,6,L, , , ,N,Y,Y, , , , , ,Y, , ,Y, ,Y,Y,Y, ,Y,Y, , , ,Y,N, ,N, , , , , , , , , , , , ,Y,N,N,N, , , , , 
-8883295.36530323,5582249.59411092,2873,3960,3640,PORT MCNICOLL,CA,44.75,-79.8,44,45,N,79,48,W,GLV2,14873,V,CN,E,N,N,Y,Y,N,M,M,L, ,0,M, , ,Y,N,N,Y, , , ,N,N,Y,Y, ,Y,Y, ,N,N,Y,Y, , , , ,Y, , ,N, , , , , , , ,Y, , , , ,Y,Y,N,N,Y,Y, , ,S
-8885150.69014978,5582249.59411092,2874,3970,3640,VICTORIA HARBOUR,CA,44.75,-79.816667,44,45,N,79,49,W,GLV2,CA2211,V,CN,E,N,N,Y,N,N,O,O,O, ,0, , , ,N,N,Y,Y, , , ,N,N,Y,Y, , , , , , ,Y,Y, , , , , , , ,N, , , , , , , , , , , , , ,Y,Y, ,Y,Y,C, , 
-13269283.3025582,4048961.18870881,2875,16120,16000,PORT HUENEME,US,34.15,-119.2,34,9,N,119,12,W,CP07,18725,V,CB,E,N,N,N,Y, ,K,L,L,K,4,L, , , , ,Y,Y, , ,Y, ,Y,Y, , ,Y,Y,Y,Y,Y,Y,Y, , , , ,Y,N, , ,Y, ,Y, ,Y, , ,Y,Y,N,Y,Y,Y,Y,Y,Y,Y,Y,C, , 
-6638352.30097221,1471159.34512326,2876,11690,11675,BRIDGETOWN,BB,13.1,-59.633333,13,6,N,59,38,W,147,25487,S,CB,G,N,Y,N, ,Y,H,L,J,H,1,L,Y,Y,Y,Y,Y,Y,Y, ,Y,N,Y,Y, ,Y, ,Y,Y,Y,Y, ,Y, , , , ,Y,Y, ,Y,Y,Y, , ,Y,Y,Y,Y, , , , ,Y,Y,Y,Y, , ,C, , 
-6760803.74084482,1252903.86001221,2877,11700,11695,SCARBOROUGH,TT,11.183333,-60.733333,11,11,N,60,44,W,148,24402,V,OR,F,N,Y,N,N,N,K,J,L, ,1,M,Y,Y,Y, ,Y,Y,Y,Y,Y, ,Y, , ,Y,Y, ,Y, ,Y, , ,Y, , , ,Y,Y, , , ,Y, , , , ,Y, , , , , , ,Y, , , , , , , 
-6862846.60740532,1196214.93784761,2878,11710,11705,CHAGUARAMAS,TT,10.683333,-61.65,10,41,N,61,39,W,148,24406,V,CN,G,N,Y,N,Y,N, ,A,K,N,1,L,Y,Y,Y,Y,Y,Y,Y, ,Y,N,N,Y, ,Y, , ,Y, ,Y,Y,Y, , , , ,Y, , ,N, ,Y, ,Y,Y,Y, ,Y,Y,Y,Y,Y, ,Y,Y, ,Y,Y,A,M, 
-6844293.35893977,1162246.64056295,2879,11725,11705,POINT LISAS PORT,TT,10.383333,-61.483333,10,23,N,61,29,W,148,24408,S,RB,F,N,N,N, ,N,H,N,J,J,1,L,Y,Y, , ,Y,Y,Y, , , ,Y,Y, ,Y,N, ,Y, ,Y,Y,Y, , , , ,Y,Y, ,Y, , , , , , , ,N, , , , , ,Y,Y,Y, , ,C, ,S
-6846148.68378633,1164132.90445278,2880,11750,11705,POINT LISAS INDUSTRIAL PORT,TT,10.4,-61.5,10,24,N,61,30,W,148,24408,S,CN,G,N,N,N,Y,N,H,N,J,J,1,L,Y,Y,Y,N,Y,Y,Y, , , ,Y,Y, , ,N, ,Y, ,Y,Y,Y, , , , ,Y,Y, ,Y,Y,Y, , ,Y,Y,Y,Y, , , , , ,Y,Y,Y,N,N,C, ,S
-6860991.28255876,1147160.13444653,2881,11760,11705,BRIGHTON,TT,10.25,-61.633333,10,15,N,61,38,W,148,24408,V,OR,P,N,N,N,Y,N,H,H,N,L,1,L,Y,Y,Y,N,Y,Y,Y, ,N,N,Y, , ,Y,Y, , ,Y,Y, ,Y, , , , ,Y, , ,N, , , , , , , ,Y, , , , , ,Y,Y, , , , , , 
-6868412.58194498,1141504.33571743,2882,11770,11705,POINT FORTIN,TT,10.2,-61.7,10,12,N,61,42,W,148,24408,V,OR,P,N,N,N,Y,N,H,E, ,J,1,L,Y,Y,Y,Y,Y,Y,Y,N,N,N,Y,Y,Y, , , ,Y, ,Y,N,Y,Y,Y,N,N,Y,Y,N,N,Y,Y, , , , ,Y,Y, , , , ,Y,Y,Y, , , ,N, , 
-7612397.84541336,1370376.44332859,2883,11781,11775,GOTO OIL TERMINAL,BQ,12.216667,-68.383333,12,13,N,68,23,W,148,24461,V,OR,F,N,N,N,Y,N,A, , ,A,0,L, ,Y, , ,Y,Y,Y,Y,Y, ,Y, , ,Y, , ,Y,Y,Y, ,Y, ,Y, , ,Y, , ,Y, ,Y, , , , ,Y, ,Y, , , ,Y,Y,Y, , , ,C, , 
-7666202.26596344,1353296.44412875,2884,11800,11785,CARACASBAAI,CW,12.066667,-68.866667,12,4,N,68,52,W,148,24464,S,OR,P,N,N,N,Y,N,G, ,H,H,1,L,N,Y,Y,Y,Y,Y,Y,Y,Y, ,Y,Y,Y, , , ,Y,Y,Y, ,Y,Y, , , ,Y,Y, ,N,Y, , , , , , ,Y,Y, , ,Y,Y,Y,N,N,Y,Y,C, , 
-7673623.56534966,1358988.70907826,2885,11810,11785,WILLEMSTAD,CW,12.116667,-68.933333,12,7,N,68,56,W,148,24465,M,CB,G,N,N,N,Y,Y,G,J,G,H,1,L,Y,Y,Y,Y,Y,Y,Y,Y,Y,Y,Y,Y,Y,Y, , ,Y,Y,Y, ,Y, , , , ,Y,Y, ,Y, ,Y, , , ,Y, ,Y,Y,Y,Y,Y,Y,Y,Y,Y,Y,Y,A,M, 
-7684755.51442899,1366580.05555546,2886,11820,11785,BULLEN BAAI,CW,12.183333,-69.033333,12,11,N,69,2,W,148,24462,M,OR,P,N,Y,N,Y,N,B, , ,A,1,L, ,Y,Y,Y,Y,Y,Y, ,Y, ,Y, , ,Y, , ,Y, ,Y, ,Y, , , , ,Y, , ,Y, , , , , , , ,Y, , , , ,Y,Y,Y,Y, , ,C, ,M
-7796075.00522226,1404565.622506,2887,11840,11825,PAARDEN BAAI - (ORANJESTAD),AW,12.516667,-70.033333,12,31,N,70,2,W,148,24463,V,CB,F,N,N,N,Y,N,J,A,K, ,0,L,Y,Y,Y,N,Y,Y,Y, ,Y, ,Y,Y, , , , ,Y, ,Y, ,Y, , , , ,Y,Y, ,N,Y,Y, ,Y,Y, , ,Y, , ,Y,Y, ,Y,Y,Y, , ,C, , 
-8541915.59353719,902832.502804282,2888,11880,11860,TURBO,CO,8.083333,-76.733333,8,5,N,76,44,W,148,24517,V,OR,F,N,N,N,Y,N,H,J,J,O,1,M, ,Y,Y,N,Y,Y,Y, , , ,Y,N, ,Y, ,Y,Y,Y, , ,Y,Y, , , ,Y,Y, ,N, , ,Y, , , ,Y,Y,N,N,N,Y,N,N,N,N,N,N, , , 
-8425030.12820425,1053009.83577636,2889,11900,11860,COVENAS,CO,9.416667,-75.683333,9,25,N,75,41,W,148,24513,S,OR,F,N,N,N,Y,N,A,A,L,E,1,L,Y,Y, ,N,Y,Y,Y, ,Y, ,Y, ,Y, , , ,Y, , , , ,Y, , , ,N, , ,N, ,Y, , , , ,Y, , , , , ,Y,N,Y,N,N,N,C, , 
-9727468.17048556,5595321.28186824,2890,4930,4570,STURGEON BAY,US,44.833333,-87.383333,44,50,N,87,23,W,CP06,14919,S,LC,E,N,N,Y,Y,Y,N,J,N, ,0,L,Y,Y,N,N,Y,Y, , , ,Y,Y,Y,Y, ,Y, ,Y,Y,Y,Y,Y, , , , ,Y, , ,N,Y,Y, , ,Y, , ,Y, , , ,Y,Y,Y,Y,Y,Y,Y,A, ,S
-8408332.20458526,1166019.26904911,2891,11910,11860,CARTAGENA,CO,10.416667,-75.533333,10,25,N,75,32,W,148,24508/9,M,CN,E,N,N,N,Y,Y,J,J,H,J,0,L,Y,Y,Y, ,Y,Y,Y, ,Y, ,Y,Y, , ,Y,Y,Y,Y,Y,Y,Y, , , , ,Y,Y, ,Y,Y,Y, ,Y,Y,Y, ,Y, , , , , ,Y,Y, ,Y,Y,C, ,S
-9797970.51465463,5545748.80068163,2892,4940,4570,GREEN BAY,US,44.516667,-88.016667,44,31,N,88,1,W,CP06,14918,S,RN,G,N,N,Y,Y,Y,M,L,M,M,0,M,Y,Y,Y,N,Y,Y, , , , ,Y,Y,Y,Y,Y,Y,Y,Y,Y,Y,Y, , , , ,Y,Y, ,N,Y, , ,Y, , ,Y,Y,Y, , , ,Y,Y,Y,Y,Y,Y,B, , 
-8261761.54170745,1260469.67745416,2893,11940,11860,SANTA MARTA,CO,11.25,-74.216667,11,15,N,74,13,W,148,24492,S,CN,G,N,Y,N,Y, ,A,A,F, ,1,L,Y,Y,Y,N,Y,Y,Y, , , ,Y,Y, ,Y, , ,Y, ,Y,Y,Y,Y, , , ,Y,Y, ,Y,Y,Y, ,Y, , ,Y,Y, , , , , ,Y,Y, , , ,C, ,L
-9803536.48919429,5535346.87226347,2894,4950,4570,DEPERE,US,44.45,-88.066667,44,27,N,88,4,W,CP06,14918,V,RN,G,N,N,Y,Y,Y,M,M,N, ,0,M,Y,Y,N,N,N,Y, , , ,N,N,Y,Y, ,N,N,N,N,Y,Y,Y, , , , ,Y, , ,N, , , , , , , , , , , , ,Y,Y,Y,Y,Y,Y, , , 
-6849859.33347943,1831759.93791902,2895,11450,11445,POINTE A PITRE,GP,16.233333,-61.533333,16,14,N,61,32,W,147,25566,M,CN,G,N,N,N,Y,N,J,J,J,L,1,L, ,Y,Y,N,Y,Y,Y,Y,Y,N,Y,Y, ,Y, ,Y,Y, ,Y, ,Y, , , , ,Y,Y, ,Y, ,Y, , ,Y,Y,Y,Y, , , , ,Y,Y,Y, , , ,C,S, 
-9825800.38735295,5509393.87631957,2896,4960,4570,KAUKAUNA,US,44.283333,-88.266667,44,17,N,88,16,W,CP06,14916,V,RT,E,N,N,Y,Y,Y,P,P,P, ,0,M,Y,Y,N,N,N,Y, , , ,N,N,Y,Y, ,Y,N,N,N,Y,N,Y, , , , ,Y, , ,N, , , , , , , , , , , , ,Y,Y,Y,Y,Y,Y,C,S, 
-7749691.88405839,2182426.48895349,2897,11010,10950,SANCHEZ,DO,19.233333,-69.616667,19,14,N,69,37,W,147,25724,V,OR,F,N,N,N,Y,N,H,L,P, ,1,M,Y, , ,N,N,N,Y, , , ,Y, , , , , ,Y, ,Y,Y, ,Y, , , ,N, , ,N,Y, , , , , ,Y,Y, , , , ,Y,Y, , , , ,C, ,S
-7677334.21504277,2086376.78558147,2898,11020,10950,LA ROMANA,DO,18.416667,-68.966667,18,25,N,68,58,W,147,25849,V,RN,G,N, ,N,Y,Y,L,A,L, ,1,L,Y,Y,Y,N,Y,Y,Y,Y,Y,N,Y, , ,Y, , ,Y,Y,Y,Y,Y, , , , ,Y, , ,N, ,Y, , , ,Y,Y,Y, , , , , ,Y,Y,Y, , ,C,S,M
-9777561.94134253,5605792.24720735,2899,5010,4570,OCONTO,US,44.9,-87.833333,44,54,N,87,50,W,CP06,14910,V,RN,G,N,N,Y,Y,Y,P,P,P, ,0,M,Y,Y,N,N,N,Y,N, , ,N,N,Y,Y, ,Y,N,N,N,N,N,Y, , , , ,Y, , ,N, , , , , , , ,N,N,N,N,N,Y,Y,Y,Y,Y,Y,C, , 
-7716296.03682041,2090288.11709939,2900,11030,10950,SAN PEDRO DE MACORIS,DO,18.45,-69.316667,18,27,N,69,19,W,147,25849,S,RN,G,N,N,N,Y,Y,L,E,L,H,1,L,Y,Y,Y,N,Y,Y,Y, , ,N,Y, , ,Y,N, ,Y,Y,Y, ,Y, , , , ,Y, , ,N, , , , , , , ,Y, , , , , ,Y,Y,Y, , ,C,M, 
-7751547.20890495,2088332.35653598,2901,11035,10950,ANDRES (ANDRES LGN TERMINAL),DO,18.433333,-69.633333,18,26,N,69,38,W,147,25849/8,M,OR,G,N,Y,N,Y,Y,K,H,M,H,1,M, ,Y,N,N,Y,Y,Y,Y,Y,N,N,Y, ,Y,N, ,Y, ,Y,Y,Y, , , , ,Y, , ,N, , , , , , , ,Y, , , , , ,Y,Y,Y, , ,C, ,S
-9751587.39349076,5634650.16838868,2902,5020,4570,MARINETTE,US,45.083333,-87.6,45,5,N,87,36,W,CP06,14917,S,RN,E,N,N,Y,Y,Y,N,M,N, ,0,M,Y,Y,Y,N,Y,Y, , , , ,Y,Y,Y, ,Y,N,Y,Y,Y,N,Y, , , , ,Y, , ,N, ,Y, , , , , ,Y,Y, , ,Y,Y,Y,Y,Y,Y,Y,A, ,M
-7779377.08160327,2092244.06747397,2903,11040,10950,SANTO DOMINGO,DO,18.466667,-69.883333,18,28,N,69,53,W,147,25848,M,RN,E,Y,Y,N,Y,Y,K,H,L,K,1,L,Y,Y,Y,Y,Y,Y,Y, , , ,Y,Y, ,Y, , ,Y,Y,Y,Y,Y, , , , ,Y, , , , ,Y, ,Y, , ,Y,Y, , , , , ,Y,Y,Y, , ,C,S, 
-9751587.39349076,5637278.20189053,2904,5030,4570,MENOMINEE,US,45.1,-87.6,45,6,N,87,36,W,CP06,14917,S,RN,G,N,N,Y,Y,Y,N,M,M, ,0,M,Y,Y,Y,N,Y,Y, , , , ,Y,Y,Y, ,Y, , ,Y,Y,Y,Y, , , , ,Y, , ,N, ,Y, , , , , ,Y, , , ,Y,Y,Y,Y,Y,Y,Y,B, ,S
-9690361.67355447,5743035.90935746,2905,5050,4570,ESCANABA,US,45.766667,-87.05,45,46,N,87,3,W,CP06,14915,S,CN,G,N,N,Y,Y,Y,L,J,L, ,0,L,Y, ,Y,N,N,Y, , , , ,Y,Y,Y, ,Y,Y, ,Y,Y,Y,Y, , , , ,Y, , ,N, , , , , , , , , , , , ,Y,Y,Y,Y,Y,Y,B, ,S
-7794219.6803757,2086376.78558147,2906,11045,10950,PUERTO DE HAINA,DO,18.416667,-70.016667,18,25,N,70,1,W,147,25848,S,RN,G,N,Y,N,Y,Y,K,H,K,J,0,L,N,Y,N,Y,Y,Y,Y, , , ,Y, ,Y,Y,Y, ,Y,Y,Y,Y,Y,Y, , , ,Y, , ,N, ,Y, , ,Y, ,Y,Y, , , , , ,Y, ,Y, , ,C,M,S
-9686651.02386136,5756344.11209558,2907,5060,4570,GLADSTONE,US,45.85,-87.016667,45,51,N,87,1,W,CP06,14915,V,CN,E,N,N,Y,Y,Y,M,L,M, ,0,M,Y,N,N,N,N,Y, , , , ,Y,Y,Y, ,Y, ,Y,Y, , ,Y, , , , ,Y, , ,N, , , , , , , , , , , ,Y,Y,Y,Y,Y,Y,Y,C, ,S
-9647689.20208371,5753680.87804545,2908,5070,4570,NAHMA,US,45.833333,-86.666667,45,50,N,86,40,W,CP06,14908,V,CN,F,N,N,Y,Y,N,O,N,O, ,0,M,N,N,N,N,N,Y, , , ,N,N,Y,Y, ,Y, ,Y, , , ,Y, , , , ,Y, , ,N, , , , , , , , , , , ,Y,Y,Y, , , , , , , 
-7849879.42577234,2062924.6501096,2909,11050,10950,LAS CALDERAS,DO,18.216667,-70.516667,18,13,N,70,31,W,147,25845,S,CN,G,N,N,N,Y, ,K,L, , ,0,M, ,Y,N,N,Y,Y,Y,Y,Y,N,N, , , , , , , ,Y, ,Y,Y, , , ,Y, , ,N, , , , , , , , , , , , , , , , , , , , , 
-9601306.08091985,5772340.30235944,2910,5100,4570,MANISTIQUE,US,45.95,-86.25,45,57,N,86,15,W,CP06,14908,V,CB,F,N,N,Y,Y,N,P,H,P, ,0,M,Y,Y,N,N,N, , , , ,N,N,Y,Y, ,Y, , , , , ,Y, , , , ,Y, , ,N, , , , , , , , ,Y, , , ,Y,Y,Y,Y, , , , , 
-7885130.59785688,2078556.39380959,2911,11060,10950,PUERTO VIEJO DE AZUA,DO,18.35,-70.833333,18,21,N,70,50,W,147,25845,V,OR,P,N,N,N,Y,Y,K,J,L,L,1,L, ,Y,Y,N,Y,Y,Y, , ,N,N, , ,Y,N, ,Y, ,N, ,Y,Y, , , ,Y, , ,N, , , , , , , ,Y, , , , , ,Y,Y,Y, , ,N, , 
-9558633.60944909,5775009.1383202,2912,5110,4570,PORT INLAND,US,45.966667,-85.866667,45,58,N,85,52,W,CP06,14911,V,CB,F,N,N,Y,Y,N,L,L,L, ,0,L, , ,N,N,N,Y, , , ,N,N,Y,Y, ,Y, , , , , ,Y, , , , , , , ,N, , , , , , , , , , , , ,Y, , , , , , , , 
-9406496.97203162,5898655.39066796,2913,5130,5120,GOULAIS BAY,CA,46.733333,-84.5,46,44,N,84,30,W,CP06,14962,V,CN,E,N,N,Y,Y,N,P,E,P, ,0,M,Y, ,N,N,N,Y, , , ,N,N,Y,Y, , , , , , , ,Y, , , , ,Y, , ,N, , , , , , , , , , , , , ,Y, , , , , , , 
-9417628.92111094,5928482.54319652,2914,5140,5120,BATCHAWANA BAY,CA,46.916667,-84.6,46,55,N,84,36,W,CP06,14962,V,CN,E,N,N,Y,Y,N,M,K,O, ,0,M,Y, ,N,N,N, , , , ,N,N,Y,Y, , , , , ,Y, ,Y, , , , ,Y, , ,N, , , , , , , , , , , , ,Y,Y, , , , , , , 
-9458446.06773514,6035064.01466324,2915,5150,5120,GARGANTUA,CA,47.566667,-84.966667,47,34,N,84,58,W,CP06,CA2315,V,CN,G,N,N,Y,Y,N,O,H,P, ,0,M,Y, ,N,N,N,Y, , , ,N,N,Y,Y, , , , , , , ,Y, , , , ,Y, , ,N, , , , , , , , , , , , , ,Y, , , , , , , 
-9451024.76834893,6101311.14639513,2916,5160,5120,MICHIPICOTEN,CA,47.966667,-84.9,47,58,N,84,54,W,CP06,CA2309,V,CN,P,N,N,Y,Y,N,M,J,N, ,0,M, , ,N,N,N,Y, , , ,N,N,Y, , , , , , , ,Y,Y, , , , ,Y, , ,N, , , , , , , , , , , , ,Y,Y,Y,Y,Y,Y, , , 
-9551212.31006287,6057089.85293781,2917,5170,5120,QUEBEC HARBOUR,CA,47.7,-85.8,47,42,N,85,48,W,CP06,CA2315,V,CN,E,N,N,Y,Y,N,N,J,O, ,0,M,Y,Y,N,N,N,Y, , , ,N,N,Y,Y, , , , , , , ,Y, , , , ,N, , ,N, , , , , , , , , , , , ,N,N, , , , , , , 
-9608727.38030606,6215681.04290064,2918,5180,5120,HERON BAY,CA,48.65,-86.316667,48,39,N,86,19,W,CP06,CA2318,V,CN,F,N,N,Y,Y,N,M,J,M, ,0,M, , ,N,N,N,Y, , , ,N,N,Y,Y, , , , , , ,Y,Y, , , , ,Y, , ,N, , , , , , , , , , , , ,Y,Y, , , , , , , 
-9933409.22845311,6173660.45196293,2919,5210,5120,THUNDER BAY,CA,48.4,-89.233333,48,24,N,89,14,W,CP06,CA2314,M,CB,E,N,N,Y,Y,N,M,K,M,M,0,L,Y,Y,Y,N,Y,Y, , , , ,Y,Y,Y, ,Y,Y,Y,Y,Y,Y,Y, , , , ,Y, , ,N, ,Y, , ,Y, ,Y,Y,Y, ,Y,Y,Y,Y,Y,Y,Y,Y,A,M, 
-9569765.55852842,5890538.32243386,2920,5260,5230,GRAND MARAIS,US,46.683333,-85.966667,46,41,N,85,58,W,CP06,14962,V,CB,G,N,N,Y,Y,N,O,M,O, ,0,M,Y,N,Y,N, ,Y, , , ,N,Y,Y,Y, ,Y, ,Y,Y, , ,Y, , , , ,Y, , ,N, , , , , , , , ,Y, , , ,Y,Y, ,Y,Y,Y,C, ,S
-9645833.87723716,5847373.6220958,2921,5270,5230,MUNISING,US,46.416667,-86.65,46,25,N,86,39,W,CP06,14969,V,CN,G,N,N,Y,Y, ,N,M,M, ,0,M,Y, , , , ,Y, , , , , , , , ,Y,Y, ,Y, , ,Y, , , , ,Y, , , , , , , , , , , , , , , ,Y,Y, ,Y, , ,C, , 
-9727468.17048556,5866232.09133809,2922,5280,5230,MARQUETTE,US,46.533333,-87.383333,46,32,N,87,23,W,CP06,14970,S,CB,G,N,N,Y,Y,Y,M,M,M, ,0,M,Y,N,Y,N,N,Y, , , ,N,N,Y, , ,Y, ,Y,Y, , ,Y, , , , ,Y, , ,N, , , , , , , ,N,Y, , , ,Y,Y,N,Y,Y,Y,C, , 
-9727468.17048556,5871627.66340264,2923,5290,5230,PRESQUE ISLE,US,46.566667,-87.383333,46,34,N,87,23,W,CP06,14970,V,CB,F,N,N,Y,Y,Y,L,N,L, ,0,M,N,N,Y,N,N, ,Y, , ,N,N,Y,Y, ,Y,Y, ,Y, , ,Y, , , , ,Y, , ,N, , , , , , , ,N, , , , ,Y,Y,N,Y,Y,Y,C, , 
-9848064.2855116,5904070.95106,2924,5310,5230,L ANSE,US,46.766667,-88.466667,46,46,N,88,28,W,CP06,14971,V,CN,F,N,N,Y,Y,N,N,N,M, ,0,M,N,Y, ,N,N,Y, , , ,N,N,Y,Y, ,Y, , , , , ,Y, , , , ,Y, , ,N, , , , , , , , , , , , ,Y,Y,Y, , , , , , 
-9849919.61035816,5906779.98796641,2925,5320,5230,BARAGA,US,46.783333,-88.483333,46,47,N,88,29,W,CP06,14971,V,CN,G,N,N,Y,Y,N,N,N,N, ,0,M,N,N, ,N,N,Y, , , ,N,N,Y,Y, ,Y, , , , , ,Y, , , , ,Y, , ,N, , , , , , , , , , , , ,Y,Y,Y, , , , , , 
-8823924.97021349,5345009.08642973,2926,3060,2820,PORT DALHOUSIE,CA,43.216667,-79.266667,43,13,N,79,16,W,C302,14806,V,CB,E,N,N,Y,Y,N,N,O,O, ,0,M, , ,Y,N,Y,Y, , ,N, , ,Y, , ,Y,Y, , , , ,Y, , , , ,Y, , ,N, , , , , , , , , , , , ,Y,Y,Y,Y, , ,C,S,S
-8818358.99567382,5347555.26673179,2927,3070,2820,PORT WELLER,CA,43.233333,-79.216667,43,14,N,79,13,W,C302,CA2042,S,RT,E,N,N,Y,Y,N,L,J,L,M,0,L,N,N,N,N,Y,Y, , ,Y, ,Y,Y, , ,Y,Y,Y,Y, ,Y,Y, , , , ,Y, , ,N,Y, , ,Y, , ,Y, , , ,Y,Y, , , ,Y, , ,A,L, 
-8822069.64536693,5311971.84694547,2928,3090,2820,WELLAND,CA,43,-79.25,43,0,N,79,15,W,C302,14820,S,LC,G,N,Y,Y,Y,Y,L, ,M,M,0,L,N,N,Y,N,Y,Y, , , ,Y,N,Y,N, , , ,Y,Y, ,Y,Y, , , , ,Y, , ,N, , , , , , , , , , , , , ,Y,Y,Y,Y, ,C, , 
-8874018.74107046,5324664.64397436,2929,3092,2820,THOROLD,CA,43.083333,-79.716667,43,5,N,79,43,W,C302,14820,S,LC,G,N,N,N,Y,Y,L, ,L, ,0,L,N,N, , , ,Y, , , ,N,N,Y, , ,Y, ,Y, ,N, ,Y,Y, , , ,Y, , ,N, , , , , , , , , , ,Y,Y,Y,Y,Y,Y,Y,Y,C, , 
-8825780.29506004,5339918.81272226,2930,3095,2820,ST CATHERINE,CA,43.183333,-79.283333,43,11,N,79,17,W,C302,14820,V,LC,G,Y,N,N,Y,Y,K,K,M,M,0,L,Y, ,Y,N,Y,Y, , , ,N,N,Y, , ,Y, ,Y, ,Y, ,Y,Y, , , ,Y, , ,N, , , , , , , , , , ,Y,Y,Y,Y,Y,Y,Y,Y,C, , 
-8801661.07205483,5350102.14346067,2931,3100,2820,NIAGARA,CA,43.25,-79.066667,43,15,N,79,4,W,C302,14816,V,RN,E,N,N,Y,Y,Y,N,H,K, ,0,M, , ,Y,N,Y,Y, , , ,N,N, , , , , , , , ,Y,Y, , , , , , , ,N, , ,Y, , , ,Y, , , , , , , , , , , , , , 
-8801661.07205483,5337374.71812649,2932,3110,2820,QUEENSTON,CA,43.166667,-79.066667,43,10,N,79,4,W,C302,14816,V,RN,E,N,N,Y,Y,Y,M,L,O, ,0,M, , ,N,N,Y,Y, , , ,N,N, , , , , , , , , ,Y, , , , , , , ,N, , , , , , , , , , , , , , , , , , , , , 
-8475123.89906123,5475764.80634805,2933,3130,3120,CHAUMONT,US,44.066667,-76.133333,44,4,N,76,8,W,CP06,14811,V,CN,E,N,N,N,Y,Y,L,N,P, ,0,M,Y, ,N, ,N,Y, , , ,N,N,Y,Y, ,Y, , , , , ,Y, , , , , , , ,N, , , , , ,Y, , , , , , ,Y,Y,Y,Y,Y,Y,C, ,S
-8393489.60581283,5703230.15000693,2934,2480,2270,CUMBERLAND,CA,45.516667,-75.4,45,31,N,75,24,W,SCOR,CA1511,V,RN,E, , ,Y, , ,P,P,P, ,0, , , , , , , , , , , , , , , , , , , , , ,Y, , , , , , , , , , , , , , , , , , , , , , , , , , , , , 
-6167099.78994736,5928482.54319652,2935,1731,1680,GREAT ST LAWR HARBOR,CA,46.916667,-55.4,46,55,N,55,24,W,146,14345,V,CN,F,N,N,Y,N,N,E,A,L, ,5,M,Y,N,Y,N,N,N,Y,Y, ,N,N,Y,N, ,Y,Y,Y, , , ,Y, , , , ,Y, , ,N, , , , , , , , , , , , , ,Y,Y, , , ,C, , 
-6206061.611725,5958411.9199898,2936,1785,1780,GRAND BANK,CA,47.1,-55.75,47,6,N,55,45,W,146,14358,S,CB,P,N,N,N,Y,N,N,E,N, ,2,M,N,N,Y,N,N,N,Y,Y,Y, ,N,Y, , ,Y,Y,N,N,N, ,Y, , , , ,Y, , ,N, , , , , , , , , , , , ,Y,Y,Y,Y, , ,C, , 
-6582692.55557558,6035064.01466324,2937,1795,1780,PORT AUX BASQUES,CA,47.566667,-59.133333,47,34,N,59,8,W,146,14327,S,CN,F,N,N,Y,Y,Y,E,G,L, ,2,M, , ,N,N,Y,N,Y, ,Y, ,Y,Y, , ,Y,Y,Y,Y, , ,Y, , , , ,Y, , ,N,Y, , , , , , , , , , , ,Y,Y,Y,Y,Y,Y,C, , 
-6515900.86109961,6196045.61739593,2938,1810,1800,STEPHENVILLE,CA,48.533333,-58.533333,48,32,N,58,32,W,146,14325,V,CB,F,N,N,N,Y,N,K, ,L,L,0,L,N,Y,N,N,Y,Y, , , , ,Y, ,Y, ,Y, ,Y,Y,Y, ,Y, , , , ,Y, , ,N, , , , , , , ,Y, , , , ,Y,Y,Y,Y, , ,C, , 
-8528928.31961131,4307503.47776433,2939,8340,6585,EDENTON,US,36.05,-76.616667,36,3,N,76,37,W,CP04,12205SC,V,CN,F,N,N,N,Y,N,O,P,P,P,0,M, , ,N,N,N,N,N, , , , ,Y,Y, ,Y, , , , ,Y,Y, , , , ,Y, , ,N, , , , , , , , , , , , ,Y,Y, ,Y,Y,Y, , ,S
-6506624.23686684,6182047.99917679,2940,1820,1800,ST GEORGE'S,CA,48.45,-58.45,48,27,N,58,27,W,146,14325,S,CN,G,N,N,Y,N,N,H,J,H, ,2,L,Y,N,N,N,Y,N,Y, , , ,N,Y,N, , ,Y, ,Y, ,Y,Y, , , , ,Y, , ,N, , , , , , , , , , , , , , , , , , , , , 
-8543770.91838375,4282290.3865742,2941,8350,6585,PLYMOUTH,US,35.866667,-76.75,35,52,N,76,45,W,CP04,12205SC,V,RN,G,N,N,N,Y,N,O,O,N, ,0,M, , ,N,N,N,N,N, , , , ,Y,Y, ,Y, , , , ,Y,Y, , , , , , , ,N, , , , , , , , , , , , ,Y,Y,Y,Y, , , , , 
-6450964.4914702,6266381.69467112,2942,1830,1800,CORNER BROOK,CA,48.95,-57.95,48,57,N,57,57,W,146,14254,S,CN,G,N,N,Y,N,N,K,A,K,L,2,L,Y,Y,Y,N,Y,Y, , , ,N,N,Y,N, ,Y,Y,Y,Y,Y,Y,Y, , , , ,Y, , ,N,Y,Y, , , ,Y,Y, ,Y, , , ,Y,Y,Y,Y,N,N,C, , 
-8488111.17298711,4289160.88401035,2943,8370,6585,COLUMBIA,US,35.916667,-76.25,35,55,N,76,15,W,CP04,12205SC,V,RN,G,N,N,N,Y,Y,O,P,P, ,0,M, , ,N,N,N,N,N, , , , ,Y,Y, ,Y, , , , , ,Y, , , , ,Y, , ,N, , , , , , , , , , , , ,Y,Y,Y,Y,Y,Y, , , 
-6360053.57398903,6695330.82807003,2944,1880,1871,BLANC SABLON,CA,51.416667,-57.133333,51,25,N,57,8,W,146,14415,V,RN,F,N,N,Y,Y,N,L,F,M, ,3,M, , , ,N,Y,N,Y, , ,N,N,Y,N, , ,Y, , , , ,Y, , , , , , , ,N, , , , , , , , , , , , , , , , , , , , , 
-8528928.31961131,4248002.68768747,2945,8380,6585,BELHAVEN,US,35.616667,-76.616667,35,37,N,76,37,W,CP04,11548,V,RN,G,N,N,N,Y,Y,P,O,P, ,0,M, , ,N,N,N,N,N, , , , ,Y,Y, ,Y, , , , ,Y,Y, , , , ,Y, , ,N, , , , ,Y, , , , , , , ,Y,Y,Y,Y,Y,Y,C, ,S
-7079919.6144522,6486783.55464552,2946,1890,1871,HAVRE ST PIERRE,CA,50.233333,-63.6,50,14,N,63,36,W,145,14260,V,CN,G,N,N,Y,Y,N,L,H,L, ,2,M,Y, ,N,N,N,N,Y, , ,N,N,Y, , , ,Y,Y, , ,Y,Y, , , , ,Y, , ,N,Y, , , , , , , , , ,Y,Y,Y,Y, , , , ,C, , 
-8577166.76562173,4238877.4283125,2947,8390,6585,WASHINGTON,US,35.55,-77.05,35,33,N,77,3,W,CP04,11554,V,RN,G,N,N,N,Y,Y,O,N,N, ,0,M, , ,N,N,N,N,N, , , , ,Y,Y, ,Y, , , , ,Y,Y, , , , ,Y, , ,N, , , , , , , , , , , , ,Y,Y,Y,Y, , ,C, ,S
-8874018.74107046,5584862.42237982,2948,3980,3640,WAUBAUSHENE,CA,44.766667,-79.716667,44,46,N,79,43,W,GLV2,CA2202,V,CN,E,N,N,Y, , ,N,N,P, ,0,M, , ,N,N,Y,Y, , , ,N,N,Y,Y, , , , , , , ,Y, , , , , , , ,N, , , , , , , , , , , , , ,Y,Y, ,Y,Y,C, , 
-7400890.81290614,6475189.7590555,2949,1957,1930,POINTE NOIRE,CA,50.166667,-66.483333,50,10,N,66,29,W,145,14263,S,RN,G,N,N,Y,Y,N,A,J,G, ,6,L,Y,Y,N,N,Y,Y, , , , ,N, ,N, , , , ,Y,Y,Y,Y, , , , ,Y, , ,N,Y,Y,Y, , , ,Y,Y, , , , ,Y,Y,Y,Y, , ,C, , 
-8545626.2432303,4184284.27482761,2950,8400,6585,BAYBORO,US,35.15,-76.766667,35,9,N,76,46,W,CP04,11552,V,RN,G,N,N,N,Y,Y,O,P,P,P,0,M, , ,N,N,N,N,N, , , , ,Y,Y, ,Y, , , , , ,Y, , , , ,Y, , ,N, , , , , , , , , , , , ,Y,Y,Y, ,Y,Y,C, ,S
-8874018.74107046,5590090.34152731,2951,4000,3640,PORT SEVERN,CA,44.8,-79.716667,44,48,N,79,43,W,GLV2,CA2029,V,RN,E, , ,Y,N,Y,P,P,P, ,0, , , ,N,N,Y,Y, , , ,N,N,Y,Y, , , , , , , ,Y, , , , , , , ,N, , , , , , , , , , , , , ,Y,Y, ,Y,Y,C, , 
-7434286.66014412,6452050.58963026,2952,1958,1930,PORT CARTIER,CA,50.033333,-66.783333,50,2,N,66,47,W,145,14264,V,RN,P,N,N,N,Y,N,F,C,G, ,0,L,Y,Y, ,N,Y,Y, , , , ,Y,Y,Y, , , ,Y,Y,Y,Y,Y,Y,Y, , ,Y, , ,N, , , , , , , , , , , , ,Y,N,Y,Y, , ,C, , 
-8577166.76562173,4177479.06218109,2953,8410,6585,NEW BERN,US,35.1,-77.05,35,6,N,77,3,W,CP04,11552,V,RB,F,N,N,N,Y,Y,O,O,O, ,0,M, , ,N,N,N,N,N, , , , ,Y,Y, ,Y, , , , , ,Y, , , , ,Y, , ,N, , , , , , , , ,Y, , , ,Y,Y,Y,Y,Y,Y,B, ,M
-7517776.27823908,6249447.75279128,2954,1990,1930,MATANE,CA,48.85,-67.533333,48,51,N,67,32,W,145,14240,V,RN,G,Y,N,Y,Y,N,L,K,K,K,4,M,Y,Y,N,N,N,N,Y, , ,N,N,N,Y, ,Y,Y,Y, ,Y,Y,Y, , , , ,Y, , ,N, ,Y, , , , , ,Y,Y, , , ,Y,Y,Y,Y,Y,Y,C, , 
-8916691.21254121,5671512.70193736,2955,4020,3640,DEPOT HARBOUR,CA,45.316667,-80.1,45,19,N,80,6,W,GLV2,CA2227,V,CN,E, , ,Y,N, ,M,M,M, ,0,M,Y,N,N,N,Y,Y, , , ,N,N,Y,Y, , , , , , ,Y,Y, , , , , , , ,N, , , , , , , , , , , , ,Y,Y, , , , , , , 
-8534494.29415097,4125443.62774585,2956,8420,6585,BEAUFORT,US,34.716667,-76.666667,34,43,N,76,40,W,CP04,11547,V,CN,G,N,N,N,Y,N,O,O,O,L,3,L, , ,N,N,N,Y,N, , , , ,Y,Y, ,Y, , , , ,Y,Y, , , , ,Y, , ,N, , , , , , , , , , , , ,Y,Y, ,Y, , ,C, ,S
-8909269.913155,5674151.53822234,2957,4030,3640,PARRY SOUND,CA,45.333333,-80.033333,45,20,N,80,2,W,GLV2,CA2226,S,CN,E,N,N,N,N,Y,L,H,M,M,0,L,N,N,Y,N,Y,N, , , , ,Y,Y, , ,Y,Y, , ,Y, ,Y, , , , ,Y, , ,N, , , , , , , ,Y, , , , ,Y,Y, ,Y, , ,C, ,M
-8538204.94384408,4125443.62774585,2958,8430,6585,MOREHEAD CITY,US,34.716667,-76.7,34,43,N,76,42,W,CP04,11547,V,CN,G,N,N,N,Y,N,L,L,K,K,3,L,Y,Y,Y,N,Y,Y, , , , ,Y,Y,Y, ,Y,Y,Y,Y,Y,Y,Y, , , , ,Y,Y, ,N, ,Y, ,Y, ,Y, , , ,N,N,N,Y,Y,Y,Y,Y,Y,C,S,M
-7584567.97271504,6314546.31929907,2959,2015,1930,BAIE COMEAU,CA,49.233333,-68.133333,49,14,N,68,8,W,145,14264,S,RN,G,N,N,N,N,N,L,A,J, ,4,L, ,Y,Y,N,Y,N,Y, ,Y, ,Y, ,N, ,Y,Y, , ,Y, ,Y, ,Y, , ,Y, , ,N,Y,Y, , ,Y, ,Y,Y,Y, , , ,Y,Y,Y,Y,Y,Y,C, , 
-8586443.3898545,4120930.24613577,2960,8440,6585,SWANSBORO,US,34.683333,-77.133333,34,41,N,77,8,W,CP04,11543,V,CN,F,N,N,N,Y,Y,O,P,P, ,2,M, , ,N,N,N, , , , , , ,Y,Y, ,Y, , , , , ,Y, , , , , , , ,N, , , , , , , , ,Y, , , ,Y,Y, ,Y, , ,C, ,M
-8968640.30824474,5743035.90935746,2961,4050,3640,BYNG INLET,CA,45.766667,-80.566667,45,46,N,80,34,W,GLV2,CA2293,V,CN,E, , ,Y,N, ,N,O,M, ,0,M,N,N,N,N,N,Y, , , ,N,N,Y,Y, , , , , , ,Y,Y, , , , , , , ,N, , , , , , , , , , , , ,Y,Y,Y, ,Y,Y,C, ,S
-7760823.83313772,6131845.86803904,2962,2100,1930,TADOUSSAC,CA,48.15,-69.716667,48,9,N,69,43,W,145,14244,S,RN,G,Y,N,Y,Y,N,L,H,M, ,11,M,Y,Y,N,N,N,N,N,Y, ,N,N,Y,Y, , , , , , , ,Y, , , , , , , ,N, , , , , , , , , , , , ,Y,Y,N,N, , , , , 
-7890696.57239654,6162489.86974709,2963,2110,1930,LA BAIE (PORT ALFRED),CA,48.333333,-70.883333,48,20,N,70,53,W,145,14245,S,RN,G,Y,N,Y,Y,N,K,A,J,K,6,L,Y, ,Y,N,Y,Y, ,N,Y, ,Y, ,N, ,Y,Y, ,Y, ,Y,Y,Y,Y, , ,Y, , ,N, , , , , , , ,Y, , , , ,Y,Y,Y,Y, , ,C, , 
-8989048.88155684,5761672.97537031,2964,4060,3640,KEY HARBOUR,CA,45.883333,-80.75,45,53,N,80,45,W,GLV2,CA2204,V,CN,E, , ,Y,N, ,N,M,Q, ,0,M,N,N,N,N,N,Y, , , ,N,N,Y,Y, , , , , , , ,Y, , , , , , , ,N, , , , , , , , , , , , ,Y,Y,Y, ,Y,Y,C, , 
-8662511.70856324,4057932.30219884,2965,8460,6585,WRIGHTSVILLE,US,34.216667,-77.816667,34,13,N,77,49,W,CP04,11539,S,CN,G,N,N,N,Y,Y,P,P,P, ,4,M, , ,N,N,N, , , ,Y, , ,Y,Y, ,Y, , , , , ,Y, , , , , , , ,N, , , , , , , , ,Y, , , ,Y,Y, ,Y, , ,C, ,S
-7738559.93497907,6079172.09357999,2966,2150,1930,RIVIERE DU LOUP,CA,47.833333,-69.516667,47,50,N,69,31,W,145,14242,S,RN,F,N,N,Y,Y,N,P,L,O, ,12,M,Y, ,Y,N,Y,Y, ,N,Y, ,N,Y,N, , , , , , , ,Y, ,Y, , , , , ,N, , , , , , , , , , , , ,Y,Y,Y,Y, , ,C, , 
-9074393.82449835,5775009.1383202,2967,4080,3640,KILLARNEY,CA,45.966667,-81.516667,45,58,N,81,31,W,GLV2,CA2204,V,CN,E,N,N,Y,N,N,N,P,O, ,0,M,N,N,N,N,N,Y, , , ,N,N,Y,Y, , , , , , , ,Y, , , , , , , ,N, , , , , , , , , , , , ,Y,Y,Y, ,Y,Y,C, ,M
-8677354.30733567,4060176.18921342,2968,8470,6585,WILMINGTON,US,34.233333,-77.95,34,14,N,77,57,W,CP04,11537,M,RN,G,N,N,N,Y, ,J,K,K,J,4,L,Y,Y,Y,N,Y,Y, , , , ,Y,Y,Y, ,Y,Y,Y,Y,Y,Y,Y, , , , ,Y,Y, ,N,Y,Y, ,Y,Y, , ,Y,Y, ,N,N,Y,Y,Y,Y,Y,Y,C,S, 
-7927803.06932763,5912200.57894107,2969,2180,1930,QUEBEC,CA,46.816667,-71.216667,46,49,N,71,13,W,145,14227,M,RN,G,Y,N,Y,Y,N,J,A,F,F,8,L,Y,Y,Y,Y,Y,Y, ,Y,Y, ,Y,Y,Y, ,Y,Y,Y,Y,Y,Y,Y, ,Y, , ,Y, , ,Y,Y,Y,Y,Y,Y, ,Y,Y,Y, ,Y,Y,Y,Y,Y,Y,Y,Y,A,L, 
-9105934.34688978,5740376.6555565,2970,4120,3640,MANITOWANING,CA,45.75,-81.8,45,45,N,81,48,W,GLV2,CA2286,V,CN,E,N,N,Y,N,N,M,N,N, ,0,M,N,N,N,N,N,Y, , , ,N,N,Y,Y, , , , , , , ,Y, , , , ,Y, , ,N, , , , , , , , , , , , ,Y, , , , , , , , 
-9118921.62081566,5764338.60600388,2971,4130,3640,SHEGUIANDAH,CA,45.9,-81.916667,45,54,N,81,55,W,GLV2,CA2205,V,CN,E,N,N,Y,N,N,N,N,N, ,0,M,N,N,N,N,N,Y, , , ,N,N,Y,Y, ,Y, , , , , ,Y, , , , , , , ,N, , , , , , , , , , , , , , , , , , , , , 
-8684775.60672189,4017617.87665371,2972,8480,6585,SOUTHPORT,US,33.916667,-78.016667,33,55,N,78,1,W,CP04,11537,V,RN,G,N,N,N,Y,N,K,K,M, ,4,M, , ,N,N,N,Y, , , , , ,Y,Y, ,Y, , , , ,Y,Y, , , , , , , ,N, , , , , , , , , , , , ,Y,Y, ,Y, , ,C, ,S
-9120776.94566222,5777678.77738267,2973,4140,3640,LITTLE CURRENT,CA,45.983333,-81.933333,45,59,N,81,56,W,GLV2,CA2294,S,CN,E,N,N, ,Y,Y,M,M,M, ,0,M,N,N,Y,N,N,Y, , , ,N,N,Y,Y, ,Y,Y, , , ,Y,Y, , , , ,Y, , ,N,Y, , , , , , , ,Y, , , ,Y,Y,Y,Y,Y,Y,C, ,M
-8825780.29506004,3944074.57747748,2974,8490,6585,GEORGETOWN,US,33.366667,-79.283333,33,22,N,79,17,W,CP04,11532,V,RN,G,N,N,N,Y,N,L,J,M,M,4,L,Y,Y,Y,N,N,Y, , ,Y,N,Y,Y,Y, ,Y, , ,Y,Y,Y,Y, , , , ,Y, , ,N, , , , , , , , ,Y, , , ,Y,Y,Y,Y,Y,Y,C, ,M
-9146751.49351398,5759008.1443025,2975,4150,3640,HONORA,CA,45.866667,-82.166667,45,52,N,82,10,W,GLV2,CA2286,V,CN,E,N,N,Y, , ,M,L,P, ,0,M,Y, ,N,N,N,Y, , , ,N,N,N,N, ,Y,Y, , , , ,Y, , , , , , , ,N, , , , , , , , , , , , , , , , , , , , , 
-8896282.63922911,3866580.27371423,2976,8500,6585,CHARLESTON,US,32.783333,-79.916667,32,47,N,79,55,W,CP04,11524,S,RN,G,N,N,N,Y,Y,H,H,J,H,5,L,Y,Y,Y,N,Y,Y, , ,Y,Y,Y,Y,Y, ,Y,Y,Y,Y,Y,Y,Y, , , , ,Y,Y,Y,N,Y,Y,Y, ,Y, ,Y,Y,Y, ,Y,Y,Y,Y,Y,Y,Y,Y,A,S, 
-9156028.11774675,5767005.03690885,2977,4160,3640,KAGAWONG,CA,45.916667,-82.25,45,55,N,82,15,W,GLV2,CA2257,V,CN,E,N,N,Y,N,N,M,J,N, ,0, , , ,N,N,N,Y, , , ,N,N,N,N, , , , , , , ,Y, , , , , , , ,N, , , , , , , , , , , , , ,Y,Y,Y,Y,Y,C, , 
-9180147.34075196,5767005.03690885,2978,4170,3640,GORE BAY,CA,45.916667,-82.466667,45,55,N,82,28,W,GLV2,CA2257,V,CN,E,N,N,Y,N,N,N,E,N, ,0,M,N,N,N,N,N,Y, , , ,N,N,Y,Y, ,Y,Y,Y,Y, , ,Y, , , , , , , ,N, , , , , , , , ,Y, , , , , ,Y,Y,Y,Y,C, , 
-8981627.58217062,3811538.14679853,2979,8510,6585,PORT ROYAL,US,32.366667,-80.683333,32,22,N,80,41,W,CP04,11516,V,RN,G,N,N,N,Y, ,L,L,L, ,7,M,N,Y,Y,N,Y,Y, , ,Y,N,Y,Y,Y, ,Y, , ,Y, ,Y,Y, , , , ,Y, , ,N,Y, , , ,Y, , , ,Y, , , ,Y,Y,Y,Y,Y,Y,C, ,S
-9252505.00976759,5769672.26879164,2980,4180,3640,MELDRUM BAY,CA,45.933333,-83.116667,45,56,N,83,7,W,GLV2,CA2252,V,CN,G,N,N,Y,N,N,M,L,O, ,0,M,Y,N,N,N,N,Y, , , ,N,N,Y,Y, , , , , , , ,Y, , , , , , , ,N, , , , , , , , ,Y, , , ,Y, ,Y,Y,Y,Y,C, , 
-9233951.76130204,5809777.34710771,2981,4200,3640,BLIND RIVER,CA,46.183333,-82.95,46,11,N,82,57,W,GLV2,CA2268,V,CN,F,N,N,Y,N,N,P,N,N, ,0,M, ,N,Y,N,N,Y, , , ,N,N,Y,Y, ,Y,Y, , , ,Y,Y, , , , ,Y, , ,N, , , , , , , ,N, , , , ,Y, ,Y,Y,Y,Y,C, , 
-8979772.25732407,3767686.94089028,2982,8520,6585,BEAUFORT,US,32.033333,-80.666667,32,2,N,80,40,W,CP04,11516,V,RN,G,N,N,N,Y, ,O,P,N, ,7,L,N, ,N,N,Y,Y, , , ,N,Y,Y,Y, ,Y, , , , ,Y,Y, , , , ,Y, , ,N, , , , , , , , ,Y, , , ,Y,Y, ,Y,Y,Y,C, ,S
-9274768.90792624,5772340.30235944,2983,4210,3640,COCKBURN,CA,45.95,-83.316667,45,57,N,83,19,W,GLV2,CA2295,V,CN,F,N,N,Y,N,N,O,H,N, ,0,M,N,N,Y,N,N,Y, , , ,N,N,Y,Y, ,Y, , , , , ,Y, , , , , , , ,N, , , , , , , , , , , , , , , , , , , , , 
-9302598.78062456,5820502.80556371,2984,4220,3640,THESSALON,CA,46.25,-83.566667,46,15,N,83,34,W,GLV2,CA2295,V,CB,F,N,N,Y,N,Y,L,K,N, ,0,M,Y,N,Y,N,N, , , , ,N,N,Y,Y, , , , , , , ,Y, , , , , , , ,N, , , , , , , , , , , , , , ,Y,Y,Y,Y, , , 
-9026155.37848793,3774254.3997542,2985,8530,6585,SAVANNAH,US,32.083333,-81.083333,32,5,N,81,5,W,CP04,11512,M,RN,G,Y,N,N,Y,Y,H,H,K,J,8,L,Y,Y,Y,Y,Y,Y, , , , ,Y,Y,Y, ,Y,Y,Y,Y,Y,Y,Y, , , , ,Y,Y, ,N,Y,Y, , ,Y,Y,Y,Y,Y,Y,Y,Y,Y,Y,Y,Y,Y,Y,A,S, 
-9326718.00362977,5825870.42352562,2986,4230,3640,BRUCE MINES,CA,46.283333,-83.783333,46,17,N,83,47,W,GLV2,CA2295,V,CN,F,N,N,Y,N, ,N,N,N, ,0,M,Y,N,Y,N,N,Y, , , ,N,N,Y,Y, ,Y, , , , ,Y,Y, , , , , , , ,N, , , , , , , , , , , , , , ,Y, ,Y,Y,C, , 
-9337849.9527091,5820502.80556371,2987,4240,3640,HILTON,CA,46.25,-83.883333,46,15,N,83,53,W,GLV2,CA2288,V,CN,G,N,N,Y,N,N,O,K,O, ,0,M,Y,N,Y,N,N,Y, , , ,N,N,Y,Y, , , , , , , ,Y, , , , , , , ,N, , , , , , , , , , , , , , ,Y,Y,Y,Y, , , 
-9065117.20026558,3680459.90415956,2988,8540,6585,DARIEN,US,31.366667,-81.433333,31,22,N,81,26,W,CP04,11510,V,RN,G,Y,N,N,Y,Y,P,P,N, ,7,M, , ,N,N,N,N, , , ,N,N,Y,Y, ,Y, , , , , ,Y, , , , ,Y, , ,N, , , , , ,Y, , , , , , ,Y,Y, ,Y,Y,Y,C, ,S
-9341560.60240221,5833927.97765537,2989,4250,3640,DESBARATS,CA,46.333333,-83.916667,46,20,N,83,55,W,GLV2,CA2288,V,RN,E,N,N,Y,Y,Y,P,P,P, ,0,M,Y,N,N,N,N,Y, , , ,N,N,Y,Y, , , , , , ,Y, , , , , , , , ,N, , , , , , , , , , , , , , ,Y,Y,Y,Y, , , 
-8363804.40826796,4858679.07377125,2990,8110,6585,PHILADELPHIA,US,39.95,-75.133333,39,57,N,75,8,W,CP03,12313,L,RN,G,Y,N,N,Y,Y,J,J,J,J,6,L, , ,Y,Y,Y,Y, , , , ,Y,Y,Y, ,Y,Y,Y,Y,Y,Y,Y, , , , ,Y,Y, ,Y,Y,Y,Y,Y,Y,Y,Y,Y,Y,Y,Y,Y,Y,Y,Y,Y,Y,Y,A,L, 
-9354547.87632809,5828555.45721946,2991,4270,3640,RICHARDS LANDING,CA,46.3,-84.033333,46,18,N,84,2,W,GLV2,14883,V,CN,E,N,N,Y,Y,Y,M,M,O, ,0,M,Y,N,Y,N,N,Y, , , ,N,N,Y,Y, , , , , , , ,Y, , , , , , , ,N, , , , , , , , , , , , , , ,Y,Y,Y,Y, , , 
-8239497.6435488,4963298.70530988,2992,7630,6585,BROOKLYN,US,40.666667,-74.016667,40,40,N,74,1,W,CP02,12335,L,RN,E,N,N,N,Y,Y,H,H,H,J,5,L,Y,Y,Y,Y,Y,Y,Y, , , ,Y,Y,Y, ,Y,Y,Y,Y,Y,Y,Y,Y, , , ,Y,Y,Y,N,Y,Y,Y,Y,Y,Y,Y,Y,Y,Y,Y,Y,Y,Y,Y,Y,Y,Y,A,M,L
-9389799.04841262,5863535.54717667,2993,4290,3640,SAULT STE MARIE,CA,46.516667,-84.35,46,31,N,84,21,W,GLV2,14884,S,RN,E,N,N,Y,Y,Y,N,L,M,M,0,M, , ,Y,N,Y,Y, , , , ,Y,Y, , ,Y,Y, ,Y,Y,Y,Y, , , , ,Y, , ,N,Y, , , , , , ,Y,Y, ,Y,Y,Y,Y,Y,Y,Y,Y,A,S, 
-8239497.6435488,4968191.93018821,2994,7640,6585,NEW YORK CITY,US,40.7,-74.016667,40,42,N,74,1,W,CP02,12335,L,RN,E,Y,N,N,N,Y,H,H,H,G,5,L,Y,Y,Y,Y,Y,Y, , , ,Y,Y,Y,Y, ,Y,Y,Y,Y,Y,Y,Y,Y, , , ,Y,Y,Y,Y,Y,Y,Y,Y,Y,Y,Y,Y,Y,Y,Y,Y,Y,Y,Y,Y,Y,Y,A,L,L
-9185713.31529162,5253805.43149012,2995,4320,4300,ALGONAC,US,42.616667,-82.516667,42,37,N,82,31,W,CP06,14852,V,RN,E,N,N,Y,Y,Y,M,L,O, ,0,M,Y,N,Y,N,N,Y, , , ,N,Y,Y,Y, , , , , ,Y, ,Y, , , , , , , ,N, , , , , , ,Y, , , , , ,Y, ,Y,Y,Y,Y,C, ,S
-8128178.15275553,4975536.36106925,2996,7641,6585,PATCHOGUE,US,40.75,-73.016667,40,45,N,73,1,W,CP02,12352,V,RN,G,N,N,N,Y,Y,P,P,P,K,1,L, , ,N,N,N,Y, , , , ,Y,Y,Y, ,Y, , , ,Y,Y,Y, , , , ,Y, , ,N, , , , , , , , , , , , ,Y,Y, ,Y, , ,C, ,M
-9183857.99044507,5268944.58084206,2997,4330,4300,MARINE CITY,US,42.716667,-82.5,42,43,N,82,30,W,CP06,14852,V,RN,E,N,N,Y,Y,Y,K,K,K, ,0,L,Y,N,Y,N,N,Y, , , ,N,Y,Y,Y, , , , , ,Y, ,Y, , , , , , , ,N, , , , , , , , , , , , ,Y, ,Y,Y,Y,Y, , , 
-8226510.36962292,5002513.31317556,2998,7650,6585,YONKERS,US,40.933333,-73.9,40,56,N,73,54,W,CP02,12345,S,RN,E,N,N,N,Y,N,K,K,N,L,1,M,Y, ,N,N,N,Y, , , , ,Y,Y,Y, ,Y, , , ,Y,Y,Y, , , , ,Y, , ,N, , , , ,Y, , , , , , , ,Y,Y, ,Y, , ,C, ,M
-9182002.66559852,5284108.14638928,2999,4340,4300,ST CLAIR,US,42.816667,-82.483333,42,49,N,82,29,W,CP06,14852,V,RN,E,N,N,Y,Y,Y,P,N,N, ,0,M,Y,N,Y,N,N,Y, , , ,N,Y,Y,Y, , , , , ,Y, ,Y, , , , , , , ,N, , , , , ,Y, , , , , , , , ,Y,Y,Y,Y,C, , 
-8237642.31870224,5086373.64928736,3000,7660,6585,NEWBURGH,US,41.5,-74,41,30,N,74,0,W,CP02,12343,V,RN,G,N,N,N,Y,Y,L,J,L,K,3,L, , ,N,N,N,Y, , , , ,Y,Y,Y, ,Y, , , ,Y,Y,Y, , , , ,Y, , ,N, , ,Y, ,Y, , , , , , , ,Y,Y,Y,Y,Y,Y,B, ,M
9276.6242327728,6337307.6250899,3001,35870,35720,DEAUVILLE,FR,49.366667,0.083333,49,22,N,0,5,E,191,37261,V,LC,F,Y,N,N,Y,Y,Q,H,O, ,7,M, , ,Y,N,Y,Y,Y, , ,N,N,Y, , ,Y, ,Y, ,Y,Y,Y, , , , ,Y,Y, ,N,Y,Y, , , , ,Y,Y, , , , , ,Y,Y,Y, , ,C,S,S
-38961.8217776457,6306026.6717203,3002,35880,35720,PORT DE CAEN,FR,49.183333,-0.35,49,11,N,0,21,W,191,37266,S,LC,E,Y,N,N,Y,Y,M,J,L,L,7,M,Y,Y,Y,N,Y,Y, , , , ,Y,Y, ,Y,Y,Y,Y, ,Y,Y,Y, , , , ,Y,Y, ,Y,Y,Y, , , ,Y,Y,Y, , , , , ,Y, ,Y, , ,C,S,L
-27829.8726983184,6323074.59467793,3003,35885,35720,OUISTREHAM,FR,49.283333,-0.25,49,17,N,0,15,W,191,37266,V,LC,G,Y,N,N,Y,Y,M,J,L,L,7,M, ,Y,Y,N,Y,Y,Y, , , , , , , ,Y,Y,Y, ,Y, ,Y, , , , , , , ,N,Y,Y, , , ,Y,Y, , , , , , ,Y, , , , ,C,S, 
7816483.57853436,2636050.23843616,3004,48630,48610,KANDLA,IN,23.033333,70.216667,23,2,N,70,13,E,173,63065,S,RN,F,Y,Y,N,Y,N,J,J,J,J,6,L,Y, ,Y,N,Y,Y,Y, , , ,Y,Y,Y, ,Y, ,Y,Y,Y,Y,Y, ,Y, , ,Y, , ,Y,Y,Y, , , ,Y,Y,Y, , ,Y,Y,Y,Y,Y, , , ,B,S,S
-244902.879745202,6400221.31280863,3005,35980,35970,ALDERNEY HARBOUR,GB,49.733333,-2.2,49,44,N,2,12,W,191,UK2845,V,CB,F,Y,Y,N,Y, ,O,G,N,N,6,M,N, , , ,Y,Y,Y,Y, , , , , , , , , , ,Y, , , , , , , , , ,N, , , , , , , , , , , , , , , , , , ,D, , 
-280154.051829738,6357274.45549558,3006,35990,35970,SAINT SAMPSON,GB,49.483333,-2.516667,49,29,N,2,31,W,191,UK3140,V,CB,F,Y,N,N,Y, ,Q,H,M,M,8,M, , , , ,Y,Y,Y, , , , , , , , , ,Y, ,Y, , , , , , , , , ,N, , , , , , , , , , , , , , , , , , ,D, , 
-282009.376676293,6351564.79996172,3007,36000,35970,SAINT PETER PORT,GB,49.45,-2.533333,49,27,N,2,32,W,191,UK3140,S,CB,F,Y,N,N,Y, ,O,K,L, ,8,M,Y,Y,Y,N,Y,Y,Y, , , , , , , ,Y,Y,Y, ,Y, ,Y, , , , ,Y, , ,N,Y,Y, , , , ,Y, , , , , ,Y,Y,Y,Y, , ,C, ,S
-178111.185269238,6246628.71898454,3008,36110,36060,GRANVILLE,FR,48.833333,-1.6,48,50,N,1,36,W,191,UK3659,V,CT,F,Y,N,N,Y,Y,Q,M,L, ,11,M, , ,Y,N,Y,Y,Y, , ,N,N,Y, , ,Y, ,Y, ,Y,Y, , , , , ,Y, , ,Y,Y,Y, , , , ,Y,Y,Y, , , , ,Y,Y, , , ,C,S,S
-224494.306433102,6215681.04290064,3009,36130,36060,SAINT-MALO,FR,48.65,-2.016667,48,39,N,2,1,W,191,UK2700,S,CT,G,N,N,Y,Y,Y,O,B,L,L,13,M,Y, ,Y,N,Y,Y,Y, , ,N,Y,Y,Y, ,Y, ,Y, ,Y,Y,Y,Y, , , ,Y, , ,Y,Y,Y, , , , ,Y, ,Y, , , ,Y,Y,Y,Y,Y,Y,A,S,M
-306128.599681502,6196045.61739593,3010,36220,36060,LE LEGUE,FR,48.533333,-2.75,48,32,N,2,45,W,191,UK2029,V,RT,G,Y, , ,Y, ,Q,M,N, ,10,M,Y, ,Y, ,Y,Y, , , ,N,N,Y,Y,Y,Y,Y,Y, ,Y,Y, , , , , ,Y,Y, ,N,Y,Y,Y, , , ,Y,Y, , , , ,Y,Y,Y,Y, , ,C, , 
12603221.6826451,-861624.194885194,3011,51180,50920,PROBOLINGGO,ID,-7.716667,113.216667,7,43,S,113,13,E,163,72035,V,OR,G, , , ,Y, ,P,J,P, ,0, , , , , ,Y,N,Y, ,N, ,Y,Y, ,Y, , ,Y,Y,Y,Y, ,Y, , , ,Y, , , , ,Y, , , ,Y,Y,Y, , , , , ,Y,Y, , , ,C, ,S
12920482.231406,-957210.08217567,3012,51280,51250,AMPENAN,ID,-8.566667,116.066667,8,34,S,116,4,E,163,72203,V,OR,P,Y,Y,N,N, ,L,D, , ,3,M, , ,Y,N,Y, ,Y, , , ,Y,Y, ,Y, , ,Y,Y,Y, ,Y,Y, , , ,Y, , ,Y,Y, , , , , ,Y,Y, , , , , ,Y,Y,N,N, , , , 
13382458.118198,-1077466.2424064,3013,51350,51250,WAINGAPU,ID,-9.633333,120.216667,9,38,S,120,13,E,163,73002,V,OR,E, , , ,N,N,H,A,J,L,2,M,Y, , ,N,Y,N,N, , ,N,N,Y, , , , ,Y,Y,Y, , ,Y, , , ,Y,Y, ,Y,N,N,N,N,N,N,N,Y, , , , ,Y,Y,Y,Y, , ,N, , 
-9217253.83768305,2501523.00831805,3014,10550,10310,NUEVA GERONA,CU,21.916667,-82.8,21,55,N,82,48,W,147,27146,V,OR,F,N,N,N,Y,N,N,M,N, ,0,L, , , ,N,Y,Y,Y, , ,N,Y,Y, ,Y, , ,Y, ,Y, ,Y,Y, , , ,Y, , ,N, , , , , , , ,Y, , , , , ,Y,N,N,N,N,N, , 
-9059551.22572592,2190288.09311709,3015,10580,10575,GEORGETOWN,KY,19.3,-81.383333,19,18,N,81,23,W,147,27243,V,OR,P,Y,Y,N,Y,N, ,G,M,G,0,L,N,Y,Y,Y,Y, ,Y, , , ,N,Y, ,Y,Y, ,Y, ,Y, ,Y, , , , ,Y,Y, ,N, ,Y, ,Y, , , ,Y,Y, , ,Y,Y,Y, ,Y, ,Y,B, , 
-8877729.39076357,2243438.39321717,3016,10585,10575,CAYMAN BRAC,KY,19.75,-79.75,19,45,N,79,45,W,147,27241,V,OR,P,N,N,N,Y,N,O,A,O,M,0,L, ,Y, , ,Y,Y,Y, , , , , , ,Y,Y, ,Y, ,Y, ,Y,Y, , , ,Y,Y, ,N,Y, , , , ,Y, ,Y, , , , , ,Y,Y,Y, , ,C, , 
12929758.8556387,-367557.591300771,3017,51870,51760,STAGEN,ID,-3.3,116.15,3,18,S,116,9,E,163,72084,V,CN,F, ,Y, , , ,N,K,M, ,4,M,Y, , , , , , , ,Y, , , , , , ,Y, , ,Y, ,Y, , , , ,Y, , , , , , , , , , , , , , , , ,Y, , , , ,D, , 
12579102.4596399,-280244.180160493,3018,51910,51760,SAMPIT,ID,-2.516667,113,2,31,S,113,0,E,163,72050/21,V,RN,G, , , , , ,L,P,M,M,2, , , , , ,Y,Y, , , ,N,N,Y, ,Y, , ,Y,Y, ,Y,Y, , , , ,Y, , , , ,Y, , , ,Y, ,Y, , , , ,Y,N,N, , , ,C, , 
13935344.9224713,159574.581821074,3019,52065,51970,BITUNG,ID,1.433333,125.183333,1,26,N,125,11,E,163,73014,V,CN,E, , , ,Y, ,L,A,K,L,4,M, , , ,N,Y,Y,Y, , , ,Y,Y, ,Y, , ,Y,Y,Y, ,Y, , , , ,Y, , ,N, ,Y, , , ,Y,Y,Y, , , , , ,Y, ,Y,Y,Y,C, ,S
13670033.469414,-105758.36216381,3020,52220,51970,LUWUK,ID,-0.95,122.8,0,57,S,122,48,E,163,73012,V,OR,G, , , ,Y, ,M,A,M,M,0,M,Y, , , ,Y, ,N, , , , , , , , , , , , , , ,Y, , , ,Y, , , , , , , , , , , , , , , ,Y, , , , , ,D, , 
14113456.1077405,471681.864856596,3021,52480,52470,TELUK BEO,ID,4.233333,126.783333,4,14,N,126,47,E,164,73014,V,CN,P, , , , , , ,A, , ,3,M,N, , , , , , ,Y, , , , , , , , , , , , , ,Y, , , , , , , , , , , , , , , , , , , ,Y, , , , , , , , 
14332384.439634,40817.4252321049,3022,52560,52540,PATANI,ID,0.366667,128.75,0,22,N,128,45,E,164,73016,V,CN,F, , , , , , ,A,Q, ,1,M, , , , , , , , , , , , , , , , , , , , , ,Y, , , , , , , , , , , , , , , , , , , , , , , , , , , , 
14415874.0577289,-309961.183895511,3023,52660,52650,WAHAI,ID,-2.783333,129.5,2,47,S,129,30,E,164,73022,V,CN,F, , , , , ,A,A,O, ,2,M, , , , , , , , , , , , , , , , , , , , , ,Y, , , , , , , , , , , , , , , , , , , , , , , , , , , , 
14972471.5116953,-304388.75294757,3024,53000,52900,MIEI,ID,-2.733333,134.5,2,44,S,134,30,E,164,73032,V,CN,F, , , , , ,A,A, , ,4, , , , , , , , , , , , , , , , , , , , , , ,Y, , , ,Y, , , , , , , , , , , , , , , , ,Y, , , , ,D, , 
14608827.8417706,-98336.1124674264,3025,53020,52900,TG. SORONG,ID,-0.883333,131.233333,0,53,S,131,14,E,164,73760,S,OR,F,Y,N,N, , ,D,A,J,K,1,M, , ,Y,N,Y,Y,Y, ,Y,N,Y,Y,Y, , ,Y,Y,Y,Y, ,Y, , , , ,Y,N, ,N,Y, , , , ,Y,Y,Y, , , , ,Y,Y,Y,Y,Y,Y,C,S, 
922096.448737616,7675428.18985432,3026,30480,30020,LEMVIG,DK,56.583333,8.283333,56,35,N,8,17,E,192,UK426,V,CB,G, , , ,Y, ,P,O,O, ,0,M, , , , ,Y,Y, , , , ,Y, ,Y,Y,Y, ,Y, , ,Y, , , , , ,Y, , , ,Y,Y, , , ,Y,Y,Y, , , , , ,Y,Y,Y, , ,C, ,S
1070522.43646198,7462793.24289443,3027,29905,29820,SKAERBAEK,DK,55.516667,9.616667,55,31,N,9,37,E,194,44062,V,OR,F, , , , ,Y,M,M,E,J,1,M, , , , ,Y,N, , , , ,Y, ,Y,Y, , ,Y, ,Y, ,Y, , , , , , , , , ,Y, , , , ,Y,Y, , , , , , ,Y, , , , , , 
955492.295975598,7658602.2929883,3028,30500,30020,HOLSTEBRO-STUER,DK,56.5,8.583333,56,30,N,8,35,E,192,UK426,S,CB,G, , , ,Y,Y,O,O,O, ,0,M, , , , ,Y,Y, , , , , , ,Y,Y,Y, ,Y, ,Y,Y, , , , , ,Y,Y, ,Y, ,Y, , , ,Y,Y,Y, , , , , ,Y,Y, , , ,C, ,M
968479.56990148,7749905.96596118,3029,30457,30020,THISTED,DK,56.95,8.7,56,57,N,8,42,E,193,UK426,V,CB,F, , , , ,Y,N,K,O, ,0,M, ,Y, , ,Y,Y, , , ,N,N, ,Y,Y, , ,Y, ,Y,Y, , , , , ,Y, , , , , , , , , , ,Y, , , , , ,Y,Y, , , , , ,S
1621553.91588868,7088511.58667457,3030,28750,28700,POLICE,PL,53.566667,14.566667,53,34,N,14,34,E,194,44084,S,CN,F, , ,Y, ,Y,K,L,L, ,0,M, , , , ,Y,Y,Y, , , ,Y, , , , , ,Y, ,Y, ,Y, , , , ,Y, , , ,Y, , , , , ,Y,Y, , , , , ,Y, , , , ,C, , 
2608586.73425571,7760118.67290246,3031,28615,28600,LIELUPE,LV,57,23.433333,57,0,N,23,26,E,194,44401,V,RN,F, , , ,Y,Y,P,A,O, ,0,M, , , , , ,Y, , , , ,Y, , , ,Y, ,Y, ,Y,Y, , , , , ,Y, , ,Y, , , , , , , , , , , , , ,Y,Y, , , , , ,S
2712484.92566277,7904559.18713278,3032,28605,28600,SALACGRIVA,LV,57.7,24.366667,57,42,N,24,22,E,194,44001,V,RN,F, , , ,Y,Y,M,K,O, ,0,M, , , , ,Y,Y, , , , , , , , ,Y, ,Y, , ,Y, , , , , ,Y,Y, ,Y, , , , , , , ,Y, , , , ,Y,Y,Y, , , , , ,S
2332143.33211908,7565054.24368424,3033,28654,28650,BUTINGE OIL TERMINAL,LT,56.033333,20.95,56,2,N,20,57,E,194,44430,V,OR,P, , ,Y,Y,N,C,C, ,J,1,L, , , , ,Y, , , , , ,Y, , , , , , , , , , , ,Y, , ,Y,N, ,N, , , , , , , ,Y, , , , , ,N,N, , , , , , 
1319135.96590029,7551782.79192023,3034,29390,29150,HUNDESTED,DK,55.966667,11.85,55,58,N,11,51,E,193,44047,V,CB,F,N,N,N,Y,Y,O,O,N, ,0,M,Y, , , ,Y,Y,Y, , , , , , , ,Y, , ,Y, ,Y,Y, , , , , , , ,N, , , , , , , , , , , , ,Y,Y, ,Y, , ,C, ,S
1187407.90179492,7449696.34934758,3035,29870,29820,KERTEMINDE,DK,55.45,10.666667,55,27,N,10,40,E,194,44064,V,CB,G,N,N,Y,Y, ,P,N,O, ,1,M,Y,Y,N,N,Y,N,N,Y,Y, ,Y, ,Y,Y, , ,Y,Y,Y,Y,Y, , , , , , , ,N,Y, , , , ,Y, , , , , , , ,Y,Y,Y, , ,C, , 
-591848.626050905,4286870.23604428,3036,45730,45700,CUETA,ES,35.9,-5.316667,35,54,N,5,19,W,131,52048,M,CB,F,N,Y,N,Y,N, ,A,J,L,1,M, ,Y,Y,N,Y,Y,Y, , , ,Y,Y, ,Y,Y,Y,Y,Y,Y, ,Y, , , , ,Y,Y, ,Y, ,Y, , , ,Y, ,Y,Y, , ,Y,Y,Y,Y,Y,Y,Y,B, , 
2662391.15480579,8403449.47465211,3037,28187,27380,INKOO,FI,60.016667,23.916667,60,1,N,23,55,E,195,44340,V,RB,F, , ,Y, , ,H,C,M, ,0,M,Y,Y, , ,Y,Y,Y, , , , ,Y,Y, , , ,Y,Y, ,Y, , , , , ,Y,Y, ,Y, ,Y, , , , ,Y, , , , , ,Y,Y,Y, , , ,C, ,S
2847923.63946125,8407162.93123418,3038,27850,27380,TOLKKINEN,FI,60.033333,25.583333,60,2,N,25,35,E,195,44340,V,CB,F, , ,Y, , ,M,J,M, ,0,M, , , , ,Y,Y, , , , ,Y,Y,Y, ,Y, ,Y,Y,Y,Y, , , , , ,Y,Y, ,Y, ,Y, , ,Y,Y,Y,Y, , , , , ,Y,Y, , , , , ,S
2641982.58149369,9400734.6736616,3039,27537,27380,RAHJA,FI,64.2,23.733333,64,12,N,23,44,E,195,44260,V,CB,F, , ,Y, , ,O,N,N, ,0,M, , , , ,Y, , ,Y, , ,Y, ,Y,Y, , ,Y, , ,Y, , , , , ,Y,Y, , ,Y,Y, , ,Y, ,Y, , , , , ,Y,Y,Y, , , ,C, ,S
-436001.338940322,4197907.25885542,3040,45720,45700,PORT D AL HOCEIMA,MA,35.25,-3.916667,35,15,N,3,55,W,131,52047,V,CB,P, , , ,Y, ,C,C,N, ,1,M, , ,Y, ,Y,Y, , , , , , , , ,Y, ,Y, ,Y, ,Y,Y, , , ,Y,N, ,N,Y,Y, , , , ,Y,Y,Y, , , ,Y,Y, , , , ,C, , 
4339604.81609111,2599801.51245803,3041,48130,48100,RABIGH,SA,22.733333,38.983333,22,44,N,38,59,E,172,62250,V,CB,F,Y,Y,N,N,N,A,J,G,A,1,M, ,Y, , ,Y,Y,Y, ,Y, , , , , , , ,Y, ,Y, ,Y,Y,Y, , , , , , , , , , , , , , , , , , , , , , , , , , , 
1270897.51988987,8048278.70463361,3042,23950,23860,BROFJORDEN,SE,58.383333,11.416667,58,23,N,11,25,E,193,43384,S,CN,P, , , , ,Y,J,M,A,C,0,M,Y, , , ,Y,Y,Y,Y,Y, ,Y, ,Y, ,Y, ,Y, , , ,Y, ,Y, , , ,Y, ,N, , , , , , , ,Y, , , , , ,Y,Y,Y, , , , , 
1317280.64105374,7981335.17819078,3043,24000,23860,STENUNGSUND,SE,58.066667,11.833333,58,4,N,11,50,E,193,43385,V,OR,F, , , ,Y, ,H,L, ,L,0,M,Y, , , ,Y, ,Y, ,Y, ,Y,Y, , , , ,Y, , ,Y, , , , , ,Y, , ,Y, ,Y, , , , ,Y,Y, , , , , ,Y, , , , ,C, ,S
2777421.29529218,8289249.92658655,3044,28484,28420,MUUGA-PORT OF TALLIN,EE,59.5,24.95,59,30,N,24,57,E,195,44352,S,CB,F, , ,Y, ,N,F,G,N,M,1,M, , , , ,Y,Y,Y, , , , , , , ,Y,Y,Y, , , , , , , , , , , , ,Y,Y, , , ,Y,Y,Y, , , , ,Y,Y,Y, , , ,C, , 
1179986.6024087,8340605.30637586,3045,23817,20620,FAGERSTRAND,NO,59.733333,10.6,59,44,N,10,36,E,193,43374,S,OR,F, , , , , , ,H, ,L,0,M, , , , ,Y, , ,Y, , , , ,Y,Y,Y, ,Y,Y, , , , , , , , , , , , , , , , , , , , , , , , , , , , , , , , 
6935204.27642094,2892130.5270582,3046,48590,48580,GWADAR,PK,25.133333,62.3,25,8,N,62,18,E,172,62388/9,M,CN,F, ,Y, ,Y, ,H,H,G, ,2,M, ,Y, , , , , , , , ,Y, , , ,Y,Y, , ,Y, , , , , , ,Y, , , , ,Y,Y, , ,Y,Y, , , , , , , , , , , , , , 
8328553.23618342,1450213.22905067,3047,49030,48610,NEW MANGALORE,IN,12.916667,74.816667,12,55,N,74,49,E,173,63121,M,CB,F,N,N,N,Y,N,G,E,G,G,2,L,Y,Y,Y,N,Y,Y,Y, ,Y, ,Y,Y, , ,Y,Y,Y,Y,Y,Y,Y, , , , ,Y,Y, ,Y,Y,Y, , ,Y,Y,Y, ,Y, ,Y,Y,Y,Y,Y,Y,Y,Y,C, ,S
11148647.0029463,1478779.97049229,3048,57472,57431,PETCHBURI TERMINAL,TH,13.166667,100.15,13,10,N,100,9,E,161,93240,V,OR,P, , , ,Y, , ,E,J, ,0,M, , , , ,Y, , , , , , , , , , , ,Y,Y,Y,Y, , , , , ,Y, , , , , , , , , , , , , , , , , , , , , ,C, ,S
11276664.4173586,1417872.09656825,3049,57443,57431,RAYONG TPI TERMINAL,TH,12.633333,101.3,12,38,N,101,18,E,161,93261/0,V,OR,P, , , , ,N,D,N,G,N,0,M, ,Y, , ,Y,Y,Y, , , ,Y,Y,Y,Y, , ,Y, , , , , ,Y, , ,Y,N, ,N, , , , , , , ,Y, , , , ,Y,Y,Y, , , , , , 
11230281.2961948,1474969.39920097,3050,57461,57431,SIAM SEAPORT,TH,13.133333,100.883333,13,8,N,100,53,E,161,93244,V,OR,F, , , ,N, ,G,N,G, ,3,L, , , , ,Y,Y,Y, , , ,Y,Y,Y,Y,Y,Y,Y,Y, ,Y, , ,Y, , ,Y,Y, , , ,Y,Y, , ,Y,Y,Y, , , , ,Y,Y, , , , ,C, , 
14603261.8672309,4028802.02613441,3051,62079,61100,ONODA,JP,34,131.183333,34,0,N,131,11,E,159,97274,S,OR,G, , , , , ,M,M,N, ,4, , , , , , ,N,Y, ,Y,N,N,Y, , , , , ,Y, ,Y, , , , , , , , , , , , , , , , ,Y, , , , , ,Y,Y, , , ,C, ,S
-17866778.2723204,7397528.98304546,3052,20060,19080,UNGA,US,55.183333,-160.5,55,11,N,160,30,W,CP09,16553,V,OR,P,N,N,N, , , , , , ,5, , , , , , , , , , , , , , , , , , , , , , ,Y, , , , , , , , , , , , , , , , , , , , , , , , , , , , 
-18456771.5735248,7195448.58121483,3053,20097,20095,AKUTAN HARBOR,US,54.133333,-165.8,54,8,N,165,48,W,CP09,16532,V,CN,G,N,N,N,Y, ,A,B,J, ,2, ,Y, , , , , , , , , , , , , , , , , , , ,Y,Y, , , , , , , , , , , , , , , , , , , , , , , , , , , , 
19967005.9986202,9116616.42051338,3054,62635,62530,PORT BERINGOVSKY,RU,63.066667,179.366667,63,4,N,179,22,E,155, , , , , , , , , , ,E,O, ,1, , , , , , , , , , , , , , , , , , , , , , , , , , , , , , , , , , , , , , , , , , , , , , , , , , , 
-19662732.7237852,6776052.88898965,3055,20140,20095,ADAK NAVAL AIR STATION,US,51.866667,-176.633333,51,52,N,176,38,W,CP09,16471,S,CB,F,N,Y,N,Y,N,A,J,J,J,4,L, ,Y, , ,Y, , , ,Y, , ,Y, , ,Y, ,Y,Y,Y, ,Y,Y, , , ,Y,Y, , , , , , , , , ,N,N,N,Y,Y,Y,Y,Y,Y,N,N, , , 
15137595.4230386,3984130.84237057,3056,61967,61100,SHINGU,JP,33.666667,135.983333,33,40,N,135,59,E,158,97190,V,CB,P, , , , , ,K,N,O, ,2,L, , , , ,Y,N,Y, , , ,Y,Y, ,Y, , ,Y, , , , , , , , , , , , , , , , , , , ,Y, , , , , ,Y,Y, , , ,C, , 
-8009437.36257603,8764912.67945232,3057,1190,1160,MARICOURT,CA,61.6,-71.95,61,36,N,71,57,W,146,15017,V,CN,F,N,N,Y,Y, ,A,A, , ,5,M,Y,Y,N,N,N,N,N, , ,N,N,Y,N, , , ,Y,Y, , , ,Y, , , , , , ,N, , , , , , , , , , , , , ,Y, , , , , , , 
14881560.5942141,4057932.30219884,3058,62077,61100,TAKUMA,JP,34.216667,133.683333,34,13,N,133,41,E,159,97236,S,RB,G, , , , , ,J,L,N, ,4,L, , , , ,Y,N,Y, ,Y, ,Y,Y, ,Y, , , ,Y, , , , , , , , , , , , ,Y,Y, , ,Y,Y, , , , , , ,Y,Y, , , ,C, , 
-946215.671742825,3928534.49042659,3059,45795,45700,EL JADIDA,MA,33.25,-8.5,33,15,N,8,30,W,143,51220,V,CB,G,Y,Y, , , ,O,H,N, ,3,M,N,Y,Y,N,Y,Y, , , , ,Y,Y, ,Y, , ,Y, ,Y, ,Y,Y, , , ,Y, , ,N,Y,Y, , , , ,Y,Y,Y, , , ,Y,Y, , , , ,C,M, 
15952083.0306761,5198502.10780675,3060,61175,61100,TOKACHI,JP,42.25,143.3,42,15,N,143,18,E,158,96962,V,CB,F, ,Y, ,Y,N,H,D,N, ,2, , , , , ,Y,N,Y, ,Y, ,Y,N, , , , , ,Y, , , , , , , , , , ,Y, , , , , , , , , , , , ,Y,Y,N, , , ,N, , 
-10484440.7078798,8133703.54273086,3061,1090,1070,CHURCHILL,CA,58.783333,-94.183333,58,47,N,94,11,W,146,15313,S,RN,F,N,N,Y,Y, ,L,C,J,K,5,L,Y,N,Y,N,Y,Y,Y, , ,N,Y,Y, , ,Y,Y,Y,Y,Y,Y,Y,Y, , , ,Y, , ,N, ,Y, , , ,Y,Y, ,Y, , , ,Y,Y,Y,Y,Y,Y,B, ,L
14666342.9120138,4033278.7570689,3062,62078,61100,TONDA,JP,34.033333,131.75,34,2,N,131,45,E,159,97280,S,CB,G, , , , ,N,K,H,N, ,3, , , , , ,Y,N,Y, ,Y, ,Y,Y, ,Y, , , ,Y, ,Y, , , , , , , , , , , , , , , , ,Y,Y,Y,Y,Y,Y,Y,Y,Y, , ,C,M,S
14382478.2104909,4963298.70530988,3063,60480,60438,KIMCH'AEK,KP,40.666667,129.2,40,40,N,129,12,E,157,95230,V,OR,G, , ,Y,Y, ,E,G,K, ,1,M,N, , , , , , , , , ,Y, , , ,Y,Y, , , ,Y,Y,Y, , , ,Y, , , , , , , , , , ,Y, , , , ,Y,Y, , , , , , ,S
15083791.0024886,4234317.64432925,3064,61802,61100,UCHIURA,JP,35.516667,135.5,35,31,N,135,30,E,159,95280/5,V,CN,P, ,Y, , , ,C,G,C, ,0, ,Y, , , ,Y,N,Y, , , ,Y,Y, ,Y, , , ,Y, , , , , , , , , , , , , , , , , , ,Y, , , , , ,N,N,N, , ,C, , 
14504929.6503635,5195995.98192833,3065,60510,60438,NAJIN,KP,42.233333,130.3,42,14,N,130,18,E,157,95245,S,RB,F, ,Y, ,Y, ,C,C,K, ,0, ,N,Y, , ,Y,N,Y, , , , , , , ,Y,Y, , , ,Y,Y, , , , ,Y, , , , , ,Y,Y, , , , , , , , ,Y, , , , , ,B,M,M
18551393.140699,-14288862.1843888,3066,63130,63060,MCMURDO STATION,AQ,-77.85,166.65,77,51,S,166,39,E,200,29323,S,CN,G, , ,Y, ,N,N,A,L, ,3, ,N,Y, , , , , , , , , , , , , , ,Y, ,Y, ,Y,Y, , ,Y,Y,Y, , , , , , , , , , , , , , , ,Y,Y, , , ,C, , 
14516061.5994429,5211042.68245506,3067,60520,60438,SENBONG,KP,42.333333,130.4,42,20,N,130,24,E,157,95245,S,CN,F,Y,Y, ,Y, ,A,A,A, ,1,L,Y, ,Y, ,Y,Y,Y, , , ,Y,N, , ,Y,Y,Y, , ,Y,Y,Y,Y, , , , , , , , , , , , , , , , , , , , , , , , , , ,S
-12822150.0145386,3255279.10947789,3068,15975,15700,PUERTO MORRO REDONDO,MX,28.05,-115.183333,28,3,N,115,11,W,153,21180,V,OR,P,N,N,N,Y, , ,A,E, ,1,L,Y, ,Y,N,Y,Y,Y, , , ,Y,Y, ,Y,Y,Y,Y,Y,Y, ,Y,Y, , , ,Y, , , ,N,N,N,N,N,N,N,Y, , , , ,N,N,N,N, , ,C, , 
-5528868.04273259,8859142.8005657,3069,610,545,PAAMUIT (FREDERIKSHAB),GL,62,-49.666667,62,0,N,49,40,W,181,38561,S,CN,F,N,N,Y,Y, ,M,E,L,N,3,M,N, ,Y,N,Y, ,Y,Y,Y,N,N, , , ,Y, ,Y, ,Y, ,Y,Y, , , ,Y,N, ,N,Y, , , , , ,Y, , , , , ,Y,Y,Y,Y, , ,C, ,S
-12282250.4841912,2785936.43509101,3070,15917,15700,PICHILINGUE,MX,24.266667,-110.333333,24,16,N,110,20,W,153,21125,S,CB,G, , , , ,N,J,J,K, ,0,L,Y, , , ,Y,Y,Y, , , , , , ,Y, , ,Y,Y,Y, , , , , , ,Y,Y, , , , , , , , , , , , , , ,Y,Y,Y, , , ,B, , 
944360.346896271,458660.033129353,3071,46286,46250,MOUDI MARINE TERMINAL,CM,4.116667,8.483333,4,7,N,8,29,E,123,57165,V,OR,P, , , ,Y,Y, ,A, ,A,3,M, , ,Y,Y,Y,Y,Y, ,Y, ,Y, ,Y,Y, , ,Y, ,Y, , ,Y,Y, , , , , ,N,Y, , , , , ,Y, , , , , ,N,N,N, , , ,N, , 
8890716.66468945,1213211.61274022,3072,49370,49310,KARAIKAL PORT,IN,10.833333,79.866667,10,50,N,79,52,E,173,63260,S,CB,G,N,N,N,N,N,F,J,G, ,1,L,Y,Y,Y,N,Y,Y,Y,Y, , ,Y,Y, , ,Y, ,Y, ,Y,Y,Y, ,N,N,N,Y,Y, , ,Y,Y,N,Y, , , ,Y, , , ,Y,Y,Y,Y,Y,Y,Y,B, ,M
-8892571.989536,1047368.2405779,3073,9865,9820,PUERTO COLON,PA,9.366667,-79.883333,9,22,N,79,53,W,148,26068,M,CB,E,N,N,N,Y,N,H, ,H, ,0,M,Y,Y,Y,N,Y, ,Y,Y,Y, ,Y, , ,Y, , ,Y, ,Y,Y,Y,Y, , , ,Y, , , , ,Y, , , ,Y, ,Y, , , , , ,Y,Y, , , ,N, ,S
-9224675.13706927,917826.540022466,3074,15427,15380,CHARCO AZUL,PA,8.216667,-82.866667,8,13,N,82,52,W,153,21581,V,OR,P, , , ,Y, , ,A, ,A,2,L,Y, , , ,Y,Y, , , , ,Y,Y, ,Y, , ,Y, , ,Y, , , , , , ,N, , , , , , , , , ,Y, , , , , ,Y,N,N, , ,C, ,S
-15076369.7031024,8230990.99609495,3075,19585,19080,PORT CHILKOOT,US,59.233333,-135.433333,59,14,N,135,26,W,CP08,17317,V,CN,G,N,N,N, , , , , ,L,9, , , , , ,Y, ,Y, , , , , , , , , , , ,Y,Y,Y, , , , , , , , , , , , , , ,Y, , , , , , , , , , , , , , 
-5738519.75039325,9273988.17376671,3076,630,545,KANGERLUARSORUSEQ,GL,63.7,-51.55,63,42,N,51,33,W,181,38542,V,CN,G,N,N,Y,N, ,A,M,N,H,4,L,Y, ,N,N,Y, ,Y, ,Y,Y,N, , , , , ,Y,Y,Y, ,Y, , , , ,Y,N, ,N, ,Y, , , , ,Y,Y, , , ,Y,Y,Y,Y,Y, , ,C, , 
1092786.33462064,311818.713205562,3077,46287,46250,EBOME MARINE TERMINAL,CM,2.8,9.816667,2,48,N,9,49,E,123,57170,V,OR,P, , , ,Y,N,A,A, ,A,0,M, ,Y,Y,Y,Y,Y, , , , , , ,Y,Y, , ,Y, , , , , ,Y, , ,N,N, ,N, , , , , , , ,Y, , , , , ,N,N,N, , ,N, , 
-16221105.1334265,8530771.66409236,3078,19639,19080,ORCA,US,60.583333,-145.716667,60,35,N,145,43,W,CP09,16710,V,CN,G,N,N,N,Y, ,N, ,N, ,10, , , , , ,Y, ,Y, , , , , , , , , , , , , ,Y,Y, , , , , , , , , , , , , , , , , , , , , , , , , , , , 
-8406476.87973871,1154702.58866247,3079,11905,11860,MAMONAL,CO,10.316667,-75.516667,10,19,N,75,31,W,148,24508,S,OR,P, , , , , ,K,J,M,M,0,M, , , , , ,Y,Y, , , ,Y, , ,Y, ,Y,Y,Y,Y,Y,Y, , , , ,Y,Y, ,Y, , ,Y, , , ,Y, , , , , , , , , , , ,C, ,S
14115311.4325871,4439106.78725058,3080,60325,60315,PYEONGTAEK HANG,KR,37,126.8,37,0,N,126,48,E,157,95068,M,RN,F,N,N,N,N,N,B,A,G,G,8,L,Y, , , , ,Y,Y, , , , , , , ,Y,Y, ,Y, , ,Y, , , , , , , , ,Y, , , ,Y, , , , , , , ,Y,Y,N,N, , , , , 
970334.894748035,421465.12852524,3081,46306,46300,PUNTA EUROPA TERMINAL,GQ,3.783333,8.716667,3,47,N,8,43,E,123,57160,V,OR,P, , , ,Y, ,A,A, ,A,0,L,Y, ,Y,Y,Y,Y,Y,Y,Y,Y,Y, , ,Y,Y,Y,Y, , , , ,Y, , , ,Y,N, ,N, ,Y, , , , , , , , , , ,Y,N,N, , , ,N, , 
5788613.52125023,3071510.50623307,3082,48298,48285,AL SHAHEEN TERMINAL,QA,26.583333,52,26,35,N,52,0,E,172,62531,V,OR,N, , , ,Y, , ,A, ,A,0,M,Y, , ,Y,Y, ,Y, ,Y,Y,Y,Y,Y,Y,Y,Y,Y,Y, , ,Y, , , , ,Y,N, ,N,Y, , ,Y, , , , , , , , ,N,N,N, , , ,N, , 
-5417548.55193931,-3278423.76237458,3083,13040,12700,IMBITUBA,BR,-28.233333,-48.666667,28,14,S,48,40,W,124,24120,V,CN,P,N,N,N,N,Y,J,K,K, ,1,L, ,Y, ,N,Y,Y,Y, , , ,Y,Y, ,Y,Y, ,Y, , ,Y,Y, , , , ,Y,Y, ,Y,Y,Y, , ,Y, ,Y,Y, , , , , ,Y, ,Y,Y,Y,C, ,S
-5981567.3052919,10432155.1498169,3084,700,545,ATTU,GL,67.95,-53.733333,67,57,N,53,44,W,181,38480,V,CN,F,N,N,Y,Y, ,A,A,O, ,0,M,Y, , ,N, , , , , , ,N, , , , , , , , , , ,Y, , , , ,N, , , , , , , , , , , , , , , , , , , , , , , 
977756.194134253,417746.445889445,3085,46320,46300,MALABO,GQ,3.75,8.783333,3,45,N,8,47,E,123,57162,S,CN,F, , , ,Y, ,E,A,L,L,2,L,Y, ,Y, ,Y,Y,Y, , , ,Y,Y, ,Y, , ,Y, , , ,Y,Y, , , ,Y, , , , , , , , , ,Y,Y,Y, , , ,Y,Y,Y,Y, , ,C, , 
13480790.3350654,4975536.36106925,3086,60215,59850,JINZHOU WAN,CN,40.75,121.1,40,45,N,121,6,E,157,94380,V,OR,F,Y, ,Y,Y, ,H,K,G,J,2,M,Y, , , ,Y,Y,Y, , , ,Y,Y, ,Y, , ,Y,Y, , ,Y, , , , , , , , ,Y,Y, , , ,Y,Y,Y, , , , ,Y,Y, ,Y, , ,C, ,M
-4901768.24459715,-2634034.31346043,3087,12935,12700,GUAIBA ISLAND TERMINAL,BR,-23.016667,-44.033333,23,1,S,44,2,W,124,24164,S,CN,P,N,N,N,Y,Y,B,B,B, ,2,L,Y,Y,N,N,Y,Y,Y, , ,N,Y,Y,Y,Y, , ,Y, ,Y,Y,Y, , , , ,N,Y,N,N,Y, , ,N,N,N,Y,Y,N,N,N,N,N,Y,N,N,N,N,N, ,S
5738519.75039325,3079811.51428256,3088,48300,48285,AL RAYYAN TERMINAL,QA,26.65,51.55,26,39,N,51,33,E,172,62531,V,OR,N,Y,Y, ,Y, ,A,A, ,C,2,M, , , , ,Y,N,Y, ,Y, ,Y,Y,Y,Y,Y,Y,Y, , , , ,Y, , , ,Y,N, ,N,Y, , ,Y, , , , , , , , ,N,N,N, , ,N, , , 
953636.971129044,389860.758254196,3089,46330,46300,LUBA,GQ,3.5,8.566667,3,30,N,8,34,E,123,57160,V,CN,F, , , , , ,D,A,M, ,1,M,Y, , , ,Y,Y,Y, , , ,Y, , ,Y,Y, ,Y, ,Y, ,Y,Y, , , ,Y,Y, , ,Y, , , , , ,Y,Y,Y, , , ,Y,Y,Y,Y, , ,C, , 
-4803436.02772975,-2609862.57740541,3090,12900,12700,DTSE / GEGUA OIL TERMINAL,BR,-22.816667,-43.15,22,49,S,43,9,W,124,24161/2,M,OR,F, , , ,Y,Y,J,G, ,L,1,L, , , , ,Y,Y,Y,Y, , ,Y,Y, ,Y, , ,Y, , , , , ,Y, , ,Y,Y, , , , ,Y,Y, , , , ,Y, , ,Y,Y,Y,Y,Y,Y,Y,A,M, 
829330.206409888,183702.552959203,3091,46375,46370,SANTO ANTONIO,ST,1.65,7.45,1,39,N,7,27,E,123,57170,V,CN,F, , , , , ,O,J,O, ,5, ,Y, , , , , ,N, , , ,N, , , , , ,Y,Y,Y, , ,Y, , , ,Y, , , ,Y, , , , , ,Y,Y, , , , ,N,N,N,N,N,N,D, , 
5810877.41940888,1783501.43675205,3092,48198,48195,NISHTUN,YE,15.816667,52.2,15,49,N,52,12,E,172,62310,V,CN,F,Y,Y, , , , ,K,O, ,1,M, , , ,N,Y,Y, , , , ,N, , ,Y, , , , , , , , , , , ,Y,N, ,N,Y, , , , , ,Y, , , , , , ,Y, ,Y, , ,N, , 
13315666.4237221,4856259.18521532,3093,60200,59850,QINHUANGDAO,CN,39.933333,119.616667,39,56,N,119,37,E,157,94361,M,CB,F, , ,Y,Y,Y,H,G,F,J,1,M, ,Y,Y, ,Y,Y, , ,Y, ,Y,Y, ,Y, , ,Y, ,Y,Y,Y,Y, , , ,Y, , , , ,Y,Y,Y,Y, , ,Y,Y, , , ,Y,Y,Y,Y, , ,C,M,M
-4922176.81790925,-2638066.41274581,3094,12950,12700,GEBIG,BR,-23.05,-44.216667,23,3,S,44,13,W,124,24150,S,OR,P, , , ,Y, ,A,A, ,A,1,L, ,Y, , ,Y,Y,Y,Y,Y,Y,Y,Y, ,Y, , ,Y, , , ,Y,Y,Y, , ,Y,N, ,N, , ,Y, ,Y, , ,Y, , , , , , ,Y,Y, , ,B, , 
749551.238008042,38962.0640940867,3095,46380,46370,SAO TOME,ST,0.35,6.733333,0,21,N,6,44,E,123,57143/80,V,OR,F, , , ,Y, ,N,N,P, ,0, ,Y, ,Y, ,Y,N,N,Y, , ,N,Y, , , ,Y,Y,Y,Y,Y, ,Y, , , ,Y, , , ,Y, , , ,Y,Y, ,Y, , , , ,N, ,N,N,N,N,D, , 
-5688425.97953628,10818423.3579373,3096,810,545,ILLULISSAT (JAKOBSHAVN),GL,69.216667,-51.1,69,13,N,51,6,W,181,38464,S,CN,F,N,N,Y,Y, ,J,C,L,P,3,M,Y, ,Y,N,Y,N,Y,N,Y,N,N, , , ,Y, ,Y,Y,Y, ,Y,Y,Y, , ,Y,N, ,N, ,Y, , , ,Y,Y, , , , , ,Y,Y, , , , ,C, , 
5321071.65991848,3424526.83872045,3097,48374,48350,DOHA HARBOR,KW,29.383333,47.8,29,23,N,47,48,E,172,62570,V,CN,P, , , , , ,O, ,O, ,0, , , , , ,Y, , , , , , , , , , , ,Y, , , , , , , , , ,N, ,N, , , , , , , , , , , , , , , , , , , , , 
-4458345.60627061,-2255269.80823364,3098,12820,12700,PORTOCEL,BR,-19.85,-40.05,19,51,S,40,3,W,124,24170,S,CB,F, , , , ,Y,J,C,J, ,2,L, ,Y, , ,Y,Y,Y, , , ,Y,Y, ,Y, , ,Y, , , , , , , , ,Y,Y, , ,N,N,N,N,N,N,N,Y, , , , ,Y,Y,Y, , , ,N, , 
11798010.6992404,-659814.044165864,3099,50922,50920,MERAK MAS TERMINAL,ID,-5.916667,105.983333,5,55,S,105,59,E,150, ,M,CN,F, , , , , ,J,A,J,J,0,M, , , , , , ,Y, , , ,Y, , , ,Y, ,Y, , , ,Y, , , , ,Y, , , , ,Y, , , , , , , , , , , ,Y,Y,Y, , , , , 
6241312.78380954,3135970.99252768,3100,48495,48410,BANDAR-E SHAHID REAJIE,IR,27.1,56.066667,27,6,N,56,4,E,172,62395,S,CB,F, , , , ,Y,H,J,G,G,4,M,Y, ,N,N,Y,Y, , , , ,Y,Y,Y, , , ,Y, ,Y,Y,Y,Y,Y, , ,Y,Y, ,N,Y,Y, , ,Y, ,Y,Y, , , , ,Y,Y,Y,Y,Y, ,C, ,S
-5718111.17708115,-2377972.75879358,3101,12857,12700,SANTA CLARA,BR,-20.883333,-51.366667,20,53,S,51,22,W,124,UK3063,V,CN,F, , , ,Y,Y,N,N,N,N,2,M, , , , ,Y,Y,Y, , , ,Y,Y, ,Y, , ,Y, ,Y, , , , , , ,Y, , , ,Y, , , , ,Y, , , , , , , ,Y,Y, , , , , , 
-615967.849056114,6466505.02120319,3102,35250,35220,PENZANCE,GB,50.116667,-5.533333,50,7,N,5,32,W,191,36049,S,CT,G,Y,N,N,Y,Y, ,G,N, ,5,M, , ,Y,N,Y, ,Y,Y, ,N,Y, , , ,Y, ,Y, ,Y,Y,Y, , , , ,Y,Y, ,Y, ,Y, , ,Y,Y,Y, , , , , ,Y,Y,Y,Y,Y,Y,C,S,S
15556898.83836,4254851.62450995,3103,61380,61100,TOKYO KO,JP,35.666667,139.75,35,40,N,139,45,E,158,97155,L,RN,G,N,N,N,Y,Y,G,D,G,K,1,L,Y,Y,Y,Y,Y,Y,Y, ,Y,Y,Y,Y,Y, ,Y,Y,Y,Y,Y,Y,Y, , , , ,Y,Y, ,Y,Y,Y,Y, ,Y,Y,Y,Y,Y,Y,Y,Y,Y,Y,Y,Y,Y, ,A,S, 
1235646.34780534,-495870.515510415,3104,46460,46455,YOMBO TERMINAL,CG,-4.45,11.1,4,27,S,11,6,E,123,57240,V,OR,P, , , ,Y,Y,A,A, ,A,0,L, ,Y, ,N,Y,Y, , , , ,Y,Y, , ,Y,Y,Y, , , ,Y,Y, , , ,N,N, ,N, , , , , , , , , , , , , ,N,N, , , ,N, , 
6256155.38258198,3142224.79877788,3105,48520,48410,BANDAR ABBAS,IR,27.15,56.2,27,9,N,56,12,E,172,62394,M,CB,F,Y,Y,N,Y,Y,L,C,K,K,2,M,Y,Y,N,N,Y,Y,Y, ,Y, ,Y,Y,Y, ,Y,Y,Y,Y, , ,Y,Y, , , ,Y,Y, ,N, ,Y,Y, ,Y,Y,Y,Y, , , , , ,N,Y,Y,Y,N,C, , 
-350656.395998812,6224110.13166009,3106,36290,36060,PONTRIEUX,FR,48.7,-3.15,48,42,N,3,9,W,191,UK3760,V,CB,P,Y,N,N,Y,Y,P,J,O, ,29,M, , ,Y,N,Y,Y, , , , , , , , , , , , , , , , , , , , , , ,N, , , , , , , , , , , , ,Y,Y,Y,Y, , ,D, , 
13525318.1313827,3660919.51788494,3107,59970,59850,SHANGHAI,CN,31.216667,121.5,31,13,N,121,30,E,157,94219/6,L,RN,G,Y,Y, ,Y,Y,L,G,J,K,2,M,Y,Y,Y,Y,Y,Y,Y, ,Y,Y,Y,Y, , ,Y,Y,Y,Y,Y,Y,Y,Y,Y, , ,Y,Y, , ,Y,Y,Y,Y,Y,Y,Y,Y,Y,Y,Y,Y,Y,Y,Y,Y,Y,Y,A,L,L
-7963054.24141217,1205656.49092649,3108,12037,11950,EL TABIAZO,VE,10.766667,-71.533333,10,46,N,71,32,W,148,24483/4,V,OR,P, , , , , ,J,L,N,L,1,L,Y, , , ,Y,Y,Y, , , ,Y,Y, ,Y, , ,Y, , , ,Y,N, , , ,Y,Y, ,N, , , , , , , ,Y, , , , , ,Y,Y,Y, , ,N, , 
-359933.020231585,6238177.24001733,3109,36300,36060,TREGUIER,FR,48.783333,-3.233333,48,47,N,3,14,W,191,UK3672,V,RN,F,Y,N,N,Y, ,O,J,F, ,12,M,Y, ,Y,N,Y,Y,Y,Y, ,N,N,Y,Y, , , ,Y, ,Y,Y, , , , , ,Y,Y, ,Y, ,Y, , , ,Y, ,Y,Y, , , ,Y,Y,Y,Y, , ,C, , 
1356242.46283138,-607608.179858985,3110,46495,46478,FUTILA TERMINAL,AO,-5.45,12.183333,5,27,S,12,11,E,123,57243,V,OR,P,Y,Y, ,Y, ,M,A, ,M,0,M, , , , ,Y,Y,Y, , , , , , , ,Y, ,Y, , , ,Y,Y, , , ,Y, , ,N,Y, , , , , ,Y, , , , , ,N,N,N,N, , ,N, , 
5827575.34302787,3204918.03191236,3111,48533,48410,BANDAR TAHERI OFFSHORE TERMINAL,IR,27.65,52.35,27,39,N,52,21,E,172,62520,V,CN,P, , , , ,N, ,A, ,F,0,L, , , , ,Y, ,Y, ,Y, ,Y,Y, , , , , ,Y,Y, , ,Y,Y, , , , , , , , , , , , , , , , , , , , , , , , , , , 
-532478.230961159,6492586.53176336,3112,35300,35220,MEVAGISSEY,GB,50.266667,-4.783333,50,16,N,4,47,W,191,37003,V,CB,G,Y,N,N,Y, ,P,O,Q, ,4,M, , , , , ,Y,Y, , , , , , , , , , , , , , , , , , , , , ,N, , , , , , , , , , , , ,Y,Y, , , , ,C, , 
-7573436.02363571,1173565.73790788,3113,12117,11950,VENTERMINALS,VE,10.483333,-68.033333,10,29,N,68,2,W,148,24454,V,OR,F, , , , , ,J,J,K,K,0, , , , , , ,Y,Y, ,Y, , , , , , , , , ,Y,Y,Y, , , , , , , ,N, ,Y, , , , ,Y, , , , , , , ,Y, , , , , ,S
1280174.14412265,-609471.955750222,3114,46488,46478,KUITO OIL FIELD,AO,-5.466667,11.5,5,28,S,11,30,E,123,57240,V,OR,P, ,Y, ,Y,N,A,A, ,A,0,L, ,Y, , ,Y,Y,Y, ,Y, ,Y, , , ,Y, ,Y, , , ,Y,Y, , , ,Y,N, ,N, , , , , , , , , , , , ,N,N,N, , , ,N, , 
-426724.714707549,6204455.24908435,3115,36360,36060,MORLAIX,FR,48.583333,-3.833333,48,35,N,3,50,W,191,UK2745,S,RT,G, ,Y,N,Y,Y,Q,C,O, ,8,M, , ,Y,N,Y,Y,Y, , ,N,N,Y, , , , ,Y, ,Y,Y, , , , , ,Y, , ,N,Y,Y, , , , ,Y,Y, , , , ,Y,Y, , , , ,C, ,M
6259866.03227508,3025940.87946879,3116,48259,48225,KHAWR KHASAB,OM,26.216667,56.233333,26,13,N,56,14,E,172,62392,S,CN,F, , , , , , , ,O, ,0,M, , , , , , , , , , , , , , , , , , ,Y, , , , , , ,Y, , , , , , , , , , , , , , , ,Y,Y,Y, , , , , , 
-5697702.60376905,10694073.8240451,3117,790,545,QASIGIANNGUIT-CHRISTIANSHAB,GL,68.816667,-51.183333,68,49,N,51,11,W,181,38463,V,CN,G,N,N,Y,Y, ,L,H,L, ,3,M,Y, ,N,N,N,N,Y,Y, ,N,N, , , , , ,Y, ,Y, ,Y, , , , ,Y,N, ,N,Y,Y, , , , ,Y, , , , , ,Y,Y,N,Y, , ,N, , 
-6089176.14639206,-4157088.41804648,3118,13115,13090,JOSE IGNACIO,UY,-34.95,-54.7,34,57,S,54,42,W,124,23030,V,OR,P, , , , , ,F,L, ,E,1, , , , , ,Y,Y,Y, ,Y, , ,Y, , , , ,Y, , , , ,Y, , , , , , , , , , , , , , ,Y, , , , , , , , , , , , , 
1380361.68583659,-719532.077989379,3119,46553,46540,ESTRELA OIL FIELD,AO,-6.45,12.4,6,27,S,12,24,E,123,57260,S,OR,P, ,Y, ,Y, ,A, , ,A,0,L, ,Y, , ,Y, , , , , , , , , , , ,Y, , , , , , , , , , , , , , , , , , , , , , , , ,N,N,N, , , , , , 
5335914.25869091,3420269.06140572,3120,48370,48350,AL KUWAYT,KW,29.35,47.933333,29,21,N,47,56,E,172,62433,V,CN,P,Y,N,N,Y, ,L,K,K, ,4,M,Y,Y, ,Y,Y,Y,Y, ,Y, ,Y,Y, , , , , ,Y, ,Y,Y, ,Y, , ,Y,N, ,N,Y,Y,Y, , , ,Y,Y, , , , , ,Y, , , , ,C,M, 
-515780.307342168,6504204.68286007,3121,35340,35220,FOWEY HARBOUR,GB,50.333333,-4.633333,50,20,N,4,38,W,191,37003,S,RN,E,Y,N,N,Y,Y,H,G,L, ,6,M,Y,Y,Y,N,Y,Y,Y, ,Y, ,Y, ,Y, ,Y,Y,Y, ,Y,Y,Y, , , , ,Y,Y, ,Y, ,Y, , , , ,Y,Y, , , , , ,Y,Y, ,Y,Y,C, ,M
-7963054.24141217,2451599.08737785,3122,10025,10016,COCKBURN HARBOR,TC,21.5,-71.533333,21,30,N,71,32,W,147,26261,V,OR,G, , , , , ,O,P,O,O,0, ,N, , , ,Y,N,Y, , , , , , , , , ,Y, ,Y, , , , , , ,Y, , , , , , , , , , , , , , , , ,Y,Y,Y, , , , , 
-7666202.26596344,13627133.329756,3123,1000,545,PITUFFIK (THULE AIR BASE),GL,76.533333,-68.866667,76,32,N,68,52,W,181,38343,V,CN,G,N,N,Y,Y,N,A,H,K, ,3,L,Y, ,Y,Y,Y, , ,Y,Y,N,N, , , ,Y, ,Y, , , ,Y,Y, , , ,Y,N, ,N, ,Y, , , , ,Y, , , , , ,Y,Y,Y,Y, , ,C, , 
4814567.97680908,1495933.98019995,3124,48175,48143,AL MUKHA,YE,13.316667,43.25,13,19,N,43,15,E,172,62288,M,CN,P, , , ,Y, ,L,L,L,L,1,M, ,Y, , ,Y,Y, , , , ,Y, , , , , ,Y,Y,N, , , , , , ,Y, , , , ,Y, , , , ,Y, , , , , , , , , , , ,N, , 
-443422.63832654,6229734.17666297,3125,36370,36060,PORT DE ROSCOFF-BLOSCON,FR,48.733333,-3.983333,48,44,N,3,59,W,191,UK2745,V,CB,P,Y,Y,N,Y,Y,N,G,M, ,9,M,Y, ,Y,N,Y,Y,Y, , ,N,N,Y, , ,Y,Y,Y, , ,Y, , , , , ,Y,Y, ,N, ,Y, , ,Y,Y,Y,Y, , , , , ,Y,Y,Y, , ,C, ,M
-1599290.01773003,-880350.710850606,3126,46691,46660,NORTH POINT,SH,-7.883333,-14.366667,7,53,S,14,22,W,123,57487,S,OR,P, , , ,Y, , ,O, ,J,0,M, , , , ,Y, , , , , , , , , , ,Y,Y,Y, , , ,Y, , , , , , , , , , , , , , , , , , , , , , , , , , , , 
2081674.47783422,5238690.57386197,3127,41590,41560,RISAN,ME,42.516667,18.7,42,31,N,18,42,E,132,54240,V,CB,F,N,Y,N,Y, ,P,C,N, ,0, ,Y, ,Y,N,Y,Y,Y, , , , , , ,Y, ,Y,Y, ,Y, , , , , , ,Y,Y, ,N,N, , , , , , , , , , , , , , , ,Y,Y,B,M, 
5510314.79426704,1658486.79803529,3128,48202,48195,ASH SHIHR OIL TERMINAL,YE,14.733333,49.5,14,44,N,49,30,E,172,62306,V,CN,P, , , ,Y, , , ,A,A,2, ,N, , ,N,Y,Y,Y,Y,Y, , ,Y, , , , ,Y,Y, , , , ,Y, , ,Y,N, ,N,Y, , , , , ,Y, , , , , ,N,N,N,N, , ,N,L, 
-461975.886792085,6510019.8721816,3129,35370,35220,PLYMOUTH,GB,50.366667,-4.15,50,22,N,4,9,W,191,37007/6,M,CN,E,Y,N,N,Y,Y,K,L,L,L,5,M,Y,Y,Y,Y,Y,Y,Y, ,Y, ,Y,Y,Y, ,Y,Y,Y,Y,Y,Y,Y, , , , ,Y,Y, ,Y,Y,Y,Y, , ,Y,Y,Y, , , , , , ,Y,Y, , ,C,L, 
-8547481.56807685,2033647.30526609,3130,10770,10730,KINGSTON,JM,17.966667,-76.783333,17,58,N,76,47,W,147,26128,M,CN,E,Y,N,N,Y,N,E,J,G,J,0,L,Y,Y,Y,Y,Y,Y,Y, ,Y,N,Y,Y, ,Y,Y,Y,Y, ,Y, ,Y, , , , ,Y,N, ,N,Y,Y, ,Y,Y, , ,Y,Y, ,Y,Y,Y,Y,Y, ,Y,Y,C,M,M
3885050.22868525,3824724.97521046,3131,45084,45060,HADERA,IL,32.466667,34.9,32,28,N,34,54,E,132,56064,V,OR, , ,Y, ,Y,Y, ,A,C,E,0,M, , , , ,Y,Y, , , , ,Y,Y, , , , ,Y, ,Y,Y,Y,Y,Y, , ,Y,Y, ,Y,Y, , , , ,Y, , , , , , , ,Y,Y,Y, , ,N, ,M
2089095.77722043,5223599.88423199,3132,41610,41560,KOTOR,ME,42.416667,18.766667,42,25,N,18,46,E,132,54240,V,CN,F,N,N,N,Y,N,F,G,N, ,1,M,Y, ,Y,N,Y,Y, , , , ,Y, , , ,Y, , ,Y,Y, ,Y,Y,Y, , ,Y,Y, ,N,N,N,Y, , , , ,Y, , , , ,Y,Y,Y, ,Y,Y,C,M, 
-7601265.89633403,1355193.74756659,3133,11782,11775,SALINA,BQ,12.083333,-68.283333,12,5,N,68,17,W,148,24461,V,OR,P, , , ,Y, ,A, ,G, ,0,L, , , ,Y,Y,Y,Y, , , ,Y,Y, ,Y, , ,Y, ,Y, ,Y, , , , ,Y,Y, ,N, , , , , , , ,Y, , , , ,Y, , ,Y, , ,C, , 
-391473.542623012,6515839.14761188,3134,35400,35220,BRIXHAM HARBOUR,GB,50.4,-3.516667,50,24,N,3,31,W,191,37007,V,CB,G,N,N,N,Y, ,O,A,P, ,4,M, , ,Y,N,Y,Y,Y,Y,Y,N,N, ,Y,Y,Y,Y,Y, ,Y,Y, , , , , ,Y,Y, ,N, ,Y, , , , ,Y, ,Y, ,Y,Y,Y,Y, ,Y, ,Y,C, ,S
2081674.47783422,5226113.32606554,3135,41620,41560,TIVAT,ME,42.433333,18.7,42,26,N,18,42,E,132,54240,V,CB,F,N,N,N, , ,L,A,O, ,1, , , ,Y,N,Y,Y, , ,Y, , , , , ,Y,Y, , ,Y,Y,Y, , , , , , , ,N,Y, ,Y, , ,Y, , , , , , ,Y,Y,Y, , , ,A,M, 
3640147.34894005,3450102.88104034,3136,48053,47950,RAS SUDR,EG,29.583333,32.7,29,35,N,32,42,E,172,62194,V,OR,P, , , , , , ,H, ,L,1,M, , , , ,Y,Y, , , , , ,Y,Y,Y, , ,Y, ,Y, , ,Y, , , , , , , , , , , , , , , , , , , , ,Y,Y, , , , , , 
7796075.00522226,2573671.3573378,3137,48650,48610,BEDI,IN,22.516667,70.033333,22,31,N,70,2,E,173,63062,V,RN,G,Y, ,N,N,N,G,G, , ,5,L,Y, ,Y,N,Y,N,Y,Y,Y,Y,Y,Y,Y,Y,Y,Y,Y,Y,Y,Y, ,Y, , , ,Y,Y, ,N, ,Y, , , , ,Y, ,Y, , ,Y, ,Y,Y, , , ,C,S,S
-393328.867469567,6527489.98769267,3138,35410,35220,TORQUAY HARBOUR,GB,50.466667,-3.533333,50,28,N,3,32,W,191,UK0026,V,CB,G,Y,N,N,Y, ,N,A,O, ,5,M, , ,Y,N,Y,Y,Y, , , ,Y, ,Y, ,Y,Y, , ,Y,Y, , , , , ,Y,Y, ,N, , , , , , , , , , , , ,Y,Y,Y,Y, , ,C, ,S
-7682900.18958243,1360886.36750271,3139,11821,11785,SINT MICHELSBAAI,CW,12.133333,-69.016667,12,8,N,69,1,W,148,24462,V,OR,P, , , , , , ,A,A, ,0,L, , , , ,Y, ,Y, , , ,Y, ,Y, ,Y, ,Y,Y, , , ,Y,Y, , ,Y, , ,Y, , ,Y, , , , , , , , , , , ,N,N, , ,C, , 
3534393.83268644,3695679.54785871,3140,45151,45120,DAMIETTA,EG,31.483333,31.75,31,29,N,31,45,E,132,56100,L,CB,G, , , , , ,G,F,G, ,1,L, ,Y, ,Y,Y,Y, , , , ,Y, ,Y, ,Y, ,Y,Y,Y, ,Y, ,Y, , ,Y,N, ,N,Y, , ,Y,Y,Y, , , , , , ,N,Y,Y,N, , ,N, , 
15284166.0859165,4125443.62774585,3141,61465,61100,MIKAWA,JP,34.716667,137.3,34,43,N,137,18,E,158,97188/5,L,CB,G, , , ,Y,Y,J,M,J, ,8,M, ,Y,Y,N,Y,Y,Y, , , ,Y,Y, ,Y, , ,Y, ,Y, ,Y, ,Y, , ,Y,Y, ,N,Y,Y,N, , ,Y, , , , , , ,Y,Y,Y, , , ,C, , 
3595619.55262274,3667429.52657653,3142,45140,45120,BUR SAID (PORT SAID),EG,31.266667,32.3,31,16,N,32,18,E,132,56081,L,LC,E,Y,Y,N,Y, ,G,E,H, ,0,M,Y,Y,Y,N,Y,Y, , ,Y, ,Y,Y,Y, , , ,Y,Y,Y,Y,Y,Y, , , ,Y,Y, ,N,Y,Y,Y,Y,Y,Y,Y,Y,Y, , , ,Y,Y,Y,Y,Y,Y,A,L,M
-2450884.12229857,9387957.65138565,3143,90,60,SKERJAFJORDUR,IS,64.15,-22.016667,64,9,N,22,1,W,181,38603,V,CN,G,N,N,N,Y, ,M,M,P,M,4,L,Y, , , , ,Y,Y, , , ,Y,Y, , ,Y,Y,Y,Y,Y, ,Y,Y, , , ,Y, ,N,N, , , , , , , , , , , , ,Y,Y,Y,Y,Y,Y,C, , 
-8430596.10274392,1062414.31126754,3144,11901,11860,COVENAS OFFSHORE TERM.,CO,9.5,-75.733333,9,30,N,75,44,W,148,24512,V,OR,P, , , , , ,A,A, ,A,1,L, ,Y, , ,Y,Y, , , , ,Y,Y, ,Y, , ,Y, , , , ,Y, , , ,Y,N, ,N, ,Y, , , , ,Y, , , , , , ,N,Y, , , ,C, , 
7747836.55921184,2467559.03885306,3145,48680,48610,PORBANDAR,IN,21.633333,69.6,21,38,N,69,36,E,173,63070,V,CB,F,N,N,N,N,N,H,E,K, ,2,L,Y, ,Y,N,Y,Y,Y, , , ,Y,Y, , ,Y,Y,N,Y,Y,Y,Y, , , , ,Y, , , ,Y, , , ,Y, ,Y,Y, , , , ,Y,Y,Y, , , ,C,S,S
3213422.6342325,3630584.84856098,3146,45175,45120,EL HAMRA OIL TERMINAL,EG,30.983333,28.866667,30,59,N,28,52,E,132,56141,V,OR,G,N,N,N, ,Y, ,B, ,B,0,L,Y, ,Y,N,Y,Y, , , ,N,N,Y,Y, , , ,Y, , , , ,Y, , , ,N, , ,Y, , , , , , , , , , , , ,N,N,N,N, , , , , 
-7135579.35984884,1220768.41697441,3147,12230,11950,EL GUAMACHE,VE,10.9,-64.1,10,54,N,64,6,W,148,24431,V,OR,F, , , ,Y, ,B,G,K, ,1,L,Y, , , ,Y,Y,Y, , , ,Y,Y, ,Y,Y, ,Y,Y, , ,Y,Y, , , ,N,N, ,N,Y, , ,Y, ,Y, ,Y, , , , ,Y,Y, ,Y, , ,A, , 
-7718151.36166697,2178496.88424124,3148,11000,10950,SANTA BARBARA DE SAMANA,DO,19.2,-69.333333,19,12,N,69,20,W,147,25723,S,CN,G,N,N,N,Y,N,K, ,L, ,1,L,Y,Y,Y,N,Y,Y,Y,Y,Y,N,N,Y,Y, , , ,Y,Y,N, ,Y,Y, , , ,Y, , ,N, ,Y, , , , , ,Y, , , , , ,Y,Y, , , ,N, , 
1372940.38645037,-682201.275122829,3149,46545,46540,SOYO ANGOLA LNG TERMINAL,AO,-6.116667,12.333333,6,7,S,12,20,E,123,57242,V,RN,F,Y,Y, ,Y, ,G, ,G, ,1,L, ,Y,Y,N,Y,Y,Y, , , ,Y, , , ,Y, ,Y, ,Y, ,Y,N, , , , , , , , ,Y, , , , , , , , , , , ,Y, ,Y, , , , , 
3031600.79927015,3678287.21315414,3150,45180,45120,MERSA MATRUH,EG,31.35,27.233333,31,21,N,27,14,E,132,56141,V,CB,F,N,Y,N,Y, ,L,M,J, ,0,M, , ,Y,N,Y, , , , , , ,Y,Y, , , ,Y, , ,Y, ,Y, , , , , , ,N, , , , , , , , , , , , ,Y, , ,Y, , , , , 
-7870287.99908444,2249353.17143087,3151,10980,10950,PUERTO PLATA,DO,19.8,-70.7,19,48,N,70,42,W,147,25803,S,OR,G,N,Y,N,Y,Y,K,B,L,N,0,L,Y, ,Y,N,Y,Y,Y,Y,Y,N,Y,Y, , , , ,Y,Y,Y, ,Y, , , , ,Y, , , ,N,N,N, , , , ,Y, , , , ,Y,Y,Y, , , ,C, , 
-5426825.17617209,-172566.26059186,3152,12491,12470,VILA DO CONDE,BR,-1.55,-48.75,1,33,S,48,45,W,124,24020,V,RN,F, , , ,Y, ,J,G,G,G,2,L, ,Y, , ,Y,Y, , , ,N,N,Y, , , , ,Y,Y,Y,N, ,Y,Y, , ,N,Y, ,N,Y, , , , , ,Y,Y, , , , ,Y,Y,Y, , , ,C, , 
-7987173.46441738,2237525.46792371,3153,10960,10950,PEPILLO SALCEDO,DO,19.7,-71.75,19,42,N,71,45,W,147,26142,V,OR,G,N,N,N,Y,N,K,A,J, ,1,L,Y,Y,Y,N,Y,Y,Y, , ,N,N,Y,Y, , , ,Y,Y, ,Y,Y, , , , ,Y,N, ,N,Y, , , , , ,Y,Y, , , , , ,Y,Y, , , ,N, ,S
3807126.58512996,3030077.60649697,3154,47974,47950,HAMRAWEIN,EG,26.25,34.2,26,15,N,34,12,E,172,62230,V,OR, , , , ,Y, , , ,K, ,0,M, , , , ,Y,Y, , , ,N,N,Y,Y, , , ,Y, ,N,Y, , , , , , , , , ,Y,Y, , , , , , , , , , , ,Y,Y, , , ,N, ,S
-8037267.23527435,2245409.77979527,3155,10930,10810,CAP HAITIEN,HT,19.766667,-72.2,19,46,N,72,12,W,147,26147,V,OR,F,N,N,N,N,Y,E,G,K, ,1,L,N,Y,Y,Y,Y,Y,Y, , ,N,Y,Y, , , , ,Y,N,Y, ,Y,Y, , , ,Y, , ,N,Y, , , , ,Y, ,Y, , , , , ,Y,Y, , , ,N, , 
-4039042.19094928,-542407.465249731,3156,12661,12575,GUAMARE OIL TERMINAL,BR,-4.866667,-36.283333,4,52,S,36,17,W,124,24240,V,OR,P, , , ,Y, ,F,E, ,K,0,L,Y,Y, ,N,Y,N,N, , , , , , , , , ,Y, , , , ,Y,Y, , ,Y, , ,N, , , , , , , ,Y,Y, , ,Y,Y,Y,N, ,Y,Y,B, , 
-7018693.8945159,2039499.44096419,3157,11370,11355,PHILLIPSBURG,SX,18.016667,-63.05,18,1,N,63,3,W,147,25613,S,CN,F,N,N,N,Y,N,B,L,K, ,1,M,Y,Y,N,N,Y,Y,Y, ,N,N,Y, , , ,N, ,Y, ,Y, ,Y, , , , ,Y,Y, ,N, , , , , , , , , , , , , ,Y,N,N,N,N,N, , 
-6972310.77335203,1936351.36146713,3158,11410,11392,CHARLESTOWN,KN,17.133333,-62.633333,17,8,N,62,38,W,147,25601,V,OR,F,N,Y,N,Y,N,H,L,L,O,1, , ,Y,Y,N,N, , , , , , ,Y, , ,Y, ,Y, ,Y, , ,Y, , , ,Y,Y, ,N, , , , , , ,Y,Y, , , , , ,Y,Y, , , , , , 
5630910.90929309,3028009.09473809,3159,48310,48305,AL MANAMAH,BH,26.233333,50.583333,26,14,N,50,35,E,172,62412,S,CN,F,Y, , ,Y, ,O,L, , ,2,L, , , ,Y,Y,Y,Y, ,Y, , , ,Y, , , ,Y,Y,Y,Y,Y,Y, , , ,Y, , , , , , , , , , , , , , , ,Y,Y,Y,Y, , ,N, , 
538044.205500822,637434.91036635,3160,46171,46120,UKPOKITI MARINE TERMINAL,NG,5.716667,4.833333,5,43,N,4,50,E,123,57120,V,OR,P, , , ,Y, ,A,A, ,A,0,L,Y,Y, , ,Y,Y,Y, , , ,Y, , , ,Y,Y,Y,Y, , , , ,Y, , ,N, , ,N, , , , , , , , , , , , , ,N,N, , , , , , 
-6792344.26323624,1572304.49439729,3161,11625,11615,GRAND CUL DE SAC BAY,LC,13.983333,-61.016667,13,59,N,61,1,W,147,25528,S,CN,G,N,N,N,Y,N,A, ,J,A,0,L, ,Y, , ,Y,Y,Y,Y,Y, ,Y,Y, , , , ,Y, , , ,Y,Y, , , ,Y,N, ,N, , , , , , , , , , , , ,Y,N,N,N, , ,N, , 
15265612.8374509,4406632.84255915,3162,61850,61100,FUSHIKI-TOYAMA,JP,36.766667,137.133333,36,46,N,137,8,E,159,95268,S,RN,F,N,Y,Y, , ,H,J,G,A,0,M,Y,Y,Y,N,Y,N,Y,Y,Y,N,Y,Y, ,Y, , ,Y,Y,Y,Y,Y, , , , ,Y,Y, ,Y, ,Y, , , , ,Y,Y, , , , , ,Y,Y, , , ,C, ,M
-7625385.11933924,-7013886.44302104,3163,13965,13310,SAN SEBASTIAN BAY,AR,-53.166667,-68.5,53,10,S,68,30,W,124,23000,S,CN,F, , , ,Y, , ,G, ,K,5, ,N, , , ,Y, ,Y, , , , ,Y,Y,Y, ,Y,Y,Y,Y, , , , , , , , , , , , , , , , , , , , , , , ,Y,Y, , , , , , 
-6816463.48624145,1476874.62010554,3164,11640,11637,KINGSTOWN,VC,13.15,-61.233333,13,9,N,61,14,W,147,25483,S,CN,F,N,Y,N,Y,N, ,A,J,L,1,L,Y,Y,Y,N,Y,Y,Y, ,N,N,N,Y, ,Y, , ,Y, ,Y, ,Y,Y, , , ,Y,Y, ,N, ,Y, , , ,Y, ,Y,Y,N,N,N,Y,Y,Y,Y,N,N,C, , 
-6716275.94452751,-3935191.98210544,3165,13981,13310,VILLA CONSTITUCION,AR,-33.3,-60.333333,33,18,S,60,20,W,124,24052,V,RN,F, , , ,Y, ,L, ,N, ,0,L, , , , ,Y,Y, , , , ,Y,Y,Y,Y, ,Y,Y,Y, ,Y,Y, ,Y, , , , , , , , , , , , , , , , , , , ,Y, , , , ,C, ,S
-6873978.55648464,1351399.25866924,3166,11670,11665,ST GEORGE'S,GD,12.05,-61.75,12,3,N,61,45,W,147,25480,S,CN,F,N,N,N,Y,N,H,H,D,K,1,L, ,Y,Y,Y,Y,Y,Y, ,Y,N,N,Y, ,Y, , ,Y, ,Y, ,Y, , , , ,Y,Y, ,N, , , , , , , ,Y,N,N,N,N,Y,Y, ,Y, , , , , 
-6788633.61354313,1133964.65126736,3167,11772,11705,GALEOTA POINT TERMINAL,TT,10.133333,-60.983333,10,8,N,60,59,W,148,24400,S,OR,F,N,N,N,Y,N,A, , ,A,1,L, ,Y,Y,N,Y,N,Y,Y,Y,N,N, , ,Y,Y, ,Y,Y,Y, , , , , , ,N, , ,N, , , , , , , ,Y, , , , ,Y,Y,Y, ,N,N,N, , 
15150582.6969645,4325877.16743954,3168,61820,61100,FUKUI KO,JP,36.183333,136.1,36,11,N,136,6,E,159,95280,M,RN, , , , , , ,L,F,K,A,0, , , , , , ,N,Y, , , , , , , , , , , , , , , , , , , , , , , , , , , , , , , , , , , , , , , , , , , 
-7525197.57762529,-7348938.2078446,3169,14075,14070,PUERTO WILLIAMS,CL,-54.933333,-67.6,54,56,S,67,36,W,125,22430/3,V,OR,F, , , ,Y, , ,B,L,K,2,M,Y, , ,N, ,Y, , , , , ,Y, , , , ,Y,Y, , , , , , , , , , , , ,Y, , , , ,Y, , , , , , ,Y, , , , ,C, , 
-6848004.00863288,1192439.04307874,3170,11720,11705,PORT OF SPAIN,TT,10.65,-61.516667,10,39,N,61,31,W,148,24406,M,CN,E,N,N,N,Y,N,J,J,J,M,1,L,Y,Y,Y,Y,Y,Y,Y, , , ,Y, , ,Y,Y, ,Y, ,Y, ,Y,Y, , , ,Y,Y, ,Y, ,Y,Y,Y,Y,Y,Y,Y, , , , , ,Y,Y, , , ,C, ,S
-7814628.25368781,-2360109.69302778,3171,14671,14070,CALETA PATILLOS,CL,-20.733333,-70.2,20,44,S,70,12,W,125,22205,V,CN,F, ,Y, ,Y,Y, ,B,J, ,0,L,Y, , , ,Y,Y, , , , , ,Y, ,Y,Y, ,Y, , , ,Y, , , , , ,N, , , , , , , , , , , , , , ,N, ,N, , , , , , 
-6842438.03409322,1154702.58866247,3172,11730,11705,POINTE A PIERRE,TT,10.316667,-61.466667,10,19,N,61,28,W,148,24408,S,OR,F,N,Y,N,Y,N,H,H,M,G,1,L,Y,Y,Y,N,Y,Y,Y, ,Y, ,Y,Y,Y,Y, , ,Y, ,Y,Y,Y,Y, , , ,Y,Y,N,N, , ,Y, ,Y, , ,Y, , , , ,Y,Y,Y,Y,Y,Y,C, ,S
161413.261650247,4707357.53626792,3173,38610,38600,IBIZA,ES,38.9,1.45,38,54,N,1,27,E,131,52142,V,CB,F,N,N,N, , ,L,A,C,L,0,M, , , ,N,Y,Y,Y,Y,Y,N,Y,Y, , ,Y, ,Y, ,Y, ,Y, , , , ,Y,Y, ,Y, , , , , , , ,Y, , , , ,Y,Y,Y,Y, , ,C, , 
15664507.6794601,-282101.308110409,3174,53133,52900,JAYAPURA,ID,-2.533333,140.716667,2,32,S,140,43,E,164,73030,S,CN,G, ,Y, , , ,O,A,J,K,1,M,Y, , , ,Y,Y,Y, ,Y,N,Y,Y, ,Y, , ,Y,Y,Y, , , , , , ,Y, , , , ,Y, ,N,N,Y, ,Y, , , , ,Y,Y,Y, , , ,C, , 
-10003911.5726222,1526456.33602617,3175,15645,15590,ACAJUTLA OFFSHORE TERMINAL,SV,13.583333,-89.866667,13,35,N,89,52,W,153,21524,V,OR,F, , , , , , ,E, ,E,2,L, , , , ,Y,Y,Y, ,Y, ,Y, ,Y,Y,Y,Y,Y, , , , ,Y, , , ,Y,N, ,N, , , , , , , ,Y, , , , ,Y,Y,Y,Y, , ,N, , 
-7601265.89633403,1362784.14460676,3176,11780,11775,KRALENDIJK,BQ,12.15,-68.283333,12,9,N,68,17,W,148,24461,V,OR,F,N,N,N,Y,N,H, ,K, ,1,L,N,Y,Y,N,Y,Y,Y, , , ,Y,Y, ,Y,Y,Y,Y, ,Y, ,Y, , , , ,Y,Y, ,Y, ,Y, , , , ,Y,Y, , , ,Y,Y,Y,Y, , , ,C, , 
-3187448.08638073,4655044.32340489,3177,38080,38060,HORTA,PT,38.533333,-28.633333,38,32,N,28,38,W,143,51062,S,CB,F,Y,Y,N,Y, ,H,A,M, ,2,M,Y, ,Y,N,Y,Y,Y, ,N,N,Y,Y,Y, ,Y, ,Y, ,Y, ,Y,Y,Y,Y, ,Y,Y, ,N,Y,Y, , ,Y, , ,Y, , , , ,Y,Y,Y,Y,N,N,C, , 
15000301.3843936,4125443.62774585,3178,61568,61100,HIGASHI-HARIMA,JP,34.716667,134.75,34,43,N,134,45,E,159,97206,M,CB,G, , , ,Y, ,F,D,F,F,1,M, , , , ,Y,Y,Y, , , ,Y,Y, ,Y,Y, , ,Y,Y, , ,Y, , , ,Y, , ,Y,Y,Y, ,Y, , , ,Y, , , , , ,Y,Y, , , ,C, ,S
11202451.4234964,471681.864856596,3179,49890,49820,LUMUT,MY,4.233333,100.633333,4,14,N,100,38,E,174,71066,V,RN,F,Y, , ,Y, ,M,B,E,K,2,L,Y, , , ,Y,Y,Y, , , ,Y, ,Y,Y,Y, ,Y,Y,Y, ,Y, , , , ,Y,Y, ,N,Y, , , , , ,Y,Y, , , , , ,Y, ,Y, , ,C, , 
15076369.7031024,4116418.68120598,3180,61550,61100,OSAKA,JP,34.65,135.433333,34,39,N,135,26,E,159,97228/5,L,CB,G,N,N,N,Y,Y,J,F,G,M,1,L,Y,Y,Y,Y,Y,Y,Y, ,Y, ,Y,Y, ,Y,Y, ,Y,Y,Y,Y,Y, , , , ,Y,Y, ,Y,Y,Y,Y,Y,Y,Y,Y,Y,Y,Y,Y,Y, ,Y,Y,Y,Y,Y,A,L,S
14900113.8426797,4073648.85205534,3181,62110,61100,SAKAIDE KO,JP,34.333333,133.85,34,20,N,133,51,E,159,97237,V,CN,F,N,N,N,Y,Y,H,F,J,H,1,M,Y,Y,Y,N,Y,Y,Y,Y, , ,Y,Y,Y, , , ,Y,Y,Y,Y,Y, , , , ,Y, , ,Y, ,Y, , , , ,Y,Y,Y,Y,Y,Y,Y,Y,Y,Y,Y,Y,A,L, 
-7783087.73129638,1395064.68356844,3182,11830,11825,SINT NICOLAAS BAAI,AW,12.433333,-69.916667,12,26,N,69,55,W,148,24463,S,CB,F,N,N,N,Y, ,H,A,H,A,2,L, ,Y,Y,Y,Y,Y,Y, ,Y, ,Y, , ,Y, , ,Y, ,Y, ,Y, ,Y, , ,Y, , ,Y, , , , , , , ,Y,Y,Y,Y,Y,Y,Y,Y,Y,Y,Y,C, ,S
-7144855.98408161,1171678.96878122,3183,12220,11950,CUMANA (PUERTO SUCRE),VE,10.466667,-64.183333,10,28,N,64,11,W,148,24431/3,V,OR,P,N,N,N,N,N,A,A,K, ,3,M,Y,Y,Y, ,Y,Y,Y, , , ,N,Y, ,Y, , ,Y,Y,Y, ,Y,Y, , , ,Y,N, ,N, ,Y, , , ,Y, ,Y, , , , , ,Y, , , , ,C, ,S
-7194949.75493858,1147160.13444653,3184,12185,11950,PUERTO LA CRUZ,VE,10.25,-64.633333,10,15,N,64,38,W,148,24435,L,OR,G,N,N,N,Y,N,L,A,M,F,0,L,Y,Y,Y,N,Y,Y,Y, , , ,Y,Y, ,Y, , ,Y,Y,Y, ,Y, ,Y, , ,Y,Y, ,Y,Y,Y, ,Y,Y, , ,Y,Y, , , , ,Y,Y,Y, ,N,C, , 
-7219068.97794379,1130195.39763889,3185,12180,11950,JOSE TERMINAL,VE,10.1,-64.85,10,6,N,64,51,W,148,24430,V,OR,F,N,N,N,Y,N,E,A,J,B,1,L,Y,Y, , ,Y,Y,Y,Y, , ,Y,Y, ,Y, , ,Y, , , ,Y,Y, , , ,Y,N, ,N, , , , , , , , , , , , , , ,Y,Y, , , , , 
-7460261.20799588,1186775.97500064,3186,12145,11950,CATIA LA MAR,VE,10.6,-67.016667,10,36,N,67,1,W,148,24452,V,CN,G,N,N,N,N,N,M,H,M,F,0,M, , ,N, , ,Y,Y, , ,N,Y, , , ,Y, ,Y,Y,Y, ,Y,Y, , , ,Y, , , , , , , , , , , , , , , , ,Y, , , , ,C, , 
-7567870.04909605,1173565.73790788,3187,12130,11950,PUERTO BORBURATA,VE,10.483333,-67.983333,10,29,N,67,59,W,148,24454,V,CN,F,N,N,N,Y,Y,K,J, ,K,1,L, ,Y, , ,Y,Y,Y, ,Y, ,Y,Y, ,Y, ,Y,Y, , , ,Y, , , , ,Y, , ,N, ,Y,Y,Y,Y,Y, ,Y, , , , ,Y,Y,Y, , , ,C, , 
-7599410.57148748,1222657.88219819,3188,12100,11950,PUERTO CHICHIRIVICHE,VE,10.916667,-68.266667,10,55,N,68,16,W,148,24455,V,CN,G,N,Y,N,Y,N,K,L,M,M,1,M,Y,Y, , ,Y,Y,Y, , , , ,Y,Y,Y, , ,Y, , , ,Y,Y, , , , , , ,N,Y,Y, , , , , ,Y, , , , , ,Y, , , , , , , 
-163268.586496801,5388389.27281933,3189,37230,36450,BAYONNE,FR,43.5,-1.466667,43,30,N,1,28,W,143,37441/3,M,RN,E,Y, , ,Y, ,N,A,K, ,3,L,N,N,Y,N,Y,Y, , ,Y, ,Y,Y,Y,Y,Y,Y,Y, ,Y,Y,Y, , , , ,Y, , ,Y,Y,Y, , ,Y,Y,Y,Y, , ,Y,Y,Y,Y,Y,Y,Y,Y,C,S, 
13122712.6396804,473542.285488954,3190,51586,51550,TAWA,MY,4.25,117.883333,4,15,N,117,53,E,163,72142,V,CN,F, ,Y, ,Y, ,E,H,K,K,3,M, , ,Y, ,Y,N,Y, , , , ,Y,Y, ,Y, ,Y, ,Y, , , , , , ,Y, , , ,Y,Y, , , ,Y,Y,Y, , , , ,Y,Y,Y,Y, , ,N, , 
658640.320526869,5327205.27427046,3191,38870,38710,TOULON,FR,43.1,5.916667,43,6,N,5,55,E,131,53082,L,CB,E, , , ,Y,Y,K,C,K, ,0,L,Y, , ,N,Y,Y,Y, ,Y, ,Y,Y,Y, ,Y,Y,Y, ,Y,Y,Y, , , , ,Y, , ,Y,Y, , , , ,Y, ,Y, , , , , ,Y,Y,Y, , ,B,M,M
1033415.93953089,5098767.70793025,3192,39070,39040,PORTO VECCHIO,FR,41.583333,9.283333,41,35,N,9,17,E,131,53322,V,CN,G, , , ,Y, ,N,C,L, ,0, ,Y, ,Y, ,Y,Y,Y,Y, ,N,N,Y,Y, ,Y,Y, , ,Y, ,Y,Y, , , ,Y, , , , , , , , , , , , , , , , ,Y, , , , , , , 
-7816483.57853436,1311585.30722594,3193,12060,11950,LAS PIEDRAS,VE,11.7,-70.216667,11,42,N,70,13,W,148,24471,S,OR,G,N,N,N,Y,N, ,F,L,H,2,M,N,Y,Y, ,Y,Y,Y, , , ,Y,Y, ,Y, , , ,Y,Y, ,Y, , , , ,Y, , ,N, , , , , , , , , , , , , ,Y, ,N, , , , , 
14853730.7215158,4091637.41398396,3194,61605,61100,FUKUYAMA,JP,34.466667,133.433333,34,28,N,133,26,E,159,97233,M,CN,G,N,N,N,Y, ,F,F,F,N,3,M, , ,Y,N,Y,Y,Y, , , ,Y,Y, ,Y,Y, ,Y,Y,N,Y,Y, , , , ,Y, , ,Y,Y,Y,Y, , ,Y,Y,Y, , , , ,Y,Y,Y, , , ,C, , 
-7966764.89110528,1205656.49092649,3195,12035,11950,PUERTO MIRANDA,VE,10.766667,-71.566667,10,46,N,71,34,W,148,24484/2,S,LC,F,Y,N,N,Y,N,J,K, ,J,5,L,Y,Y, , ,Y,Y,Y, , , ,Y,Y, ,Y, , ,Y,Y,Y, ,Y, , , , , , , ,Y, ,Y, , , , , , , , , , , ,Y,Y,Y, , ,C, , 
-7955632.94202595,1160360.47720928,3196,12025,11950,LA SALINA,VE,10.366667,-71.466667,10,22,N,71,28,W,148,24484,S,LC,F,N,N,N,Y,N,H,J, ,K,0,L,N,Y, , ,Y,Y,Y,Y,Y, ,Y,Y, ,Y, , ,Y,Y,Y, ,Y,Y, , , , , , ,N, , , , , , , ,Y, , , , , ,Y,Y,Y,N,N,C, , 
14746121.8804156,4075895.8560764,3197,61650,61100,HIROSHIMA,JP,34.35,132.466667,34,21,N,132,28,E,159,97269,M,OR,F,N,N,N,Y,Y,L,E,K,F,4,M, , , ,N,Y,N,Y, ,Y, ,Y,Y, ,Y, , ,Y,Y,Y,Y,Y, , , , ,Y, , ,N, , ,Y,Y,Y,Y, ,Y, , , , , ,Y,Y,Y, , ,C,M,S
-8011292.68742259,1374173.30933122,3198,11946,11860,PUERTO BOLIVAR,CO,12.25,-71.966667,12,15,N,71,58,W,148,24469,S,CB,F,N,N,N,Y,Y,K,J,E,K,1,L, ,Y, ,N,Y,Y,Y, , , ,Y,N, ,Y, ,Y,Y,Y, ,Y,Y, , , , ,Y,Y, ,N, , , , , , , ,Y, , , , ,N,N,N,N, , ,N, ,M
-8265472.19140056,1249121.60456589,3199,11935,11860,POZOS COLORADOS,CO,11.15,-74.25,11,9,N,74,15,W,148,24491,S,OR,F,N,N,N,Y,Y, ,M, ,E,1,L, ,Y,Y,N,Y,Y,Y, , , ,Y, ,Y,Y, , ,Y, ,Y,Y, ,Y,Y, , , ,N, ,Y, , , , , , , , , , , , ,N,N,N,N,N,N,C, ,S
-8322987.26164375,1228326.91461395,3200,11930,11860,BARRANQUILLA,CO,10.966667,-74.766667,10,58,N,74,46,W,148,24502,M,RN,E,N,Y,N,Y,Y,L,J,K, ,2,L,N,Y,Y,N,Y,Y,Y, ,Y, ,Y,Y, ,Y,Y,Y,Y,Y,Y,Y,Y,Y, , , ,Y, , ,Y,Y,Y, ,Y,Y, ,Y,Y,Y, ,Y,Y,Y,Y,Y, , ,Y,B,S,S
-8885150.69014978,1051129.21353798,3201,9875,9820,BAHIA DE LAS MINAS,PA,9.4,-79.816667,9,24,N,79,49,W,148,26066,S,RN,F,N,N,N,Y,N,H,D,M,J,0,L, ,Y,Y,N,Y,Y,Y, , , ,Y, , ,Y,Y,Y,Y, ,Y, ,Y, , , , ,Y, , ,Y, , , , , , , ,Y, , , , , ,Y,Y, , , ,C, ,S
-8896282.63922911,1045487.88952058,3202,9860,9820,PUERTO CRISTOBAL,PA,9.35,-79.916667,9,21,N,79,55,W,148,26068,M,CB,G,N,N,N,Y,N,H,L,H,K,1,L,Y,Y,Y,N,Y, ,Y, ,Y,N,Y, , ,Y, , ,Y, ,Y,Y,Y, , , , ,Y,Y, ,N, ,Y, ,Y,Y,Y,Y,Y,Y,Y,Y,Y,Y,Y,Y,Y,Y,Y,A,S,M
2124346.94930497,5173470.55851498,3203,41640,41560,BAR,ME,42.083333,19.083333,42,5,N,19,5,E,132,54240,S,CB,F,N,N,N,Y,N,E,A,K,H,1,L,Y,Y,Y,N,Y,Y,Y, , , ,Y, ,Y, ,Y,Y,Y,Y,Y, ,Y, , , , ,Y,Y, ,Y,Y,Y,Y, ,Y,Y,Y,Y, , ,Y,Y, ,Y,Y,Y,Y,Y,A,M, 
-7209792.35371102,2002463.74868734,3204,11336,11325,PORT ALUCROIX,VI,17.7,-64.766667,17,42,N,64,46,W,CP05,25641,V,OR,P, , , ,Y, ,K,K, , ,0,L, ,Y, , ,Y,Y,Y, , , ,Y, , , , , ,Y, ,Y, ,Y, , , , ,Y, , ,Y, , , , , , , ,Y, , , , , ,Y,Y,Y, , ,N, , 
-7074353.63991254,908454.681583213,3205,12340,11950,CIUDAD BOLIVAR,VE,8.133333,-63.55,8,8,N,63,33,W,148,24382,S,RN,G,N,Y,N,Y,Y,N,H,L, ,1, , , ,Y, ,Y,Y,Y,Y,Y, , ,Y,Y, , , ,Y, , , ,Y,Y, , , , , , ,N, , , , , , ,Y,Y, , , , ,Y,Y, , , , ,C, , 
1324701.94043996,-549855.987202296,3206,46472,46455,DJENO TERMINAL,CG,-4.933333,11.9,4,56,S,11,54,E,123,57240,V,OR,P, , , ,Y, ,B,A, ,B,8,L, , , ,N,Y,Y,Y, , , ,Y,Y, ,Y,Y, ,Y, ,Y, ,N,Y, , , , ,N, ,N, , , , , , , , , , , , ,N,N,N,N,N, ,N, , 
1287595.44350886,-587110.023590404,3207,46473,46455,N'KOSSA TERMINAL,CG,-5.266667,11.566667,5,16,S,11,34,E,123,57240,V,OR,P, , , ,Y,Y,A,A, ,A,0, , ,Y, ,N,Y,Y,Y, , , ,Y,Y, , , , ,Y, ,Y, , , , , , , ,N, ,N, , , , , , , , , , , , , ,N,N, , , ,N, , 
1497247.15116953,-648623.482529467,3208,46530,46500,MATADI,CD,-5.816667,13.45,5,49,S,13,27,E,123,57246,S,RN,G,Y,Y, ,Y,Y,L,H,K,K,2,L,Y, ,Y,N,Y,Y,Y, ,Y,N,Y,Y,Y,Y,Y, ,Y, ,Y,Y,Y,Y, , , ,Y,Y, ,N,Y,Y,Y, , ,Y,Y,Y,Y, , ,Y,Y,Y,Y,Y,N,N,N, , 
372920.294157466,708330.317182695,3209,46131,46120,TIN CAN ISLAND,NG,6.35,3.35,6,21,N,3,21,E,123,57101,V,RN,F,Y, , ,Y,Y,K,L,K, ,1,L, , , , ,Y,Y,Y, , , ,Y, , , , , ,Y, ,Y,N,Y, , , , ,Y, , , ,Y,Y, , , ,Y,Y,Y, , , , , ,Y,Y,Y, , ,B, , 
11245123.8949672,447499.983958801,3210,49910,49820,TELUK ANSON,MY,4.016667,101.016667,4,1,N,101,1,E,174,UK1353,V,RN,F, , , , , , ,N,P,N,3,M, , , , ,Y, ,Y, , , , ,Y,Y,Y, , ,Y,Y, ,Y, , , , , , , , , , , , , , , , ,Y, , , , , ,Y, , , , , , , 
8940810.43554642,1490214.801958,3211,49454,49310,ENNUR,IN,13.266667,80.316667,13,16,N,80,19,E,173,63270/1,V,CB,P,Y,Y, , , ,F,F,H,G,1,M, ,Y, , ,Y,Y,Y,Y,Y,Y,Y, , , ,Y,Y,Y, ,Y,Y, , ,Y, , ,Y,Y, ,N, , , , , , , ,Y,Y,Y,Y,Y, ,Y, , ,Y,Y,A, ,M
12740515.7212902,525650.973176382,3212,51635,51610,LUMUT,BN,4.716667,114.45,4,43,N,114,27,E,163,71330,V,OR,P, , , ,Y,Y, ,H, ,K,2,M, , , , ,Y, ,Y,Y,Y, ,Y, , ,Y, , ,Y, ,Y, , , ,Y, , ,Y,N, ,N, , , , , , , ,Y, , , , ,Y,Y, ,Y, , ,D, , 
-270877.427596966,6547918.54756419,3213,35450,35220,PORTLAND HARBOUR,GB,50.583333,-2.433333,50,35,N,2,26,W,191,37014,M,CB,F,Y,Y,N,Y,N,J,C,H,J,2,L,Y, ,Y,Y,Y,Y,Y, , ,Y,Y, , , ,Y, ,Y, ,Y,Y,Y, , , , ,Y,Y, ,Y,Y,Y, , ,Y, ,Y,Y,Y,Y,Y,Y,Y,Y,Y,Y,Y,Y,B, ,S
5389718.679241,3524991.3296772,3214,48440,48410,KHOSROWABAD,IR,30.166667,48.416667,30,10,N,48,25,E,172,62435,V,RN,G,N,N,N,Y, ,J, , ,L,5,M, , , ,N, ,Y, , , , , , , , , , , , , , ,Y, , , , , , , , , , , , , , , , , , , , , , , , , , , , , 
7773811.1070636,2563632.22389992,3215,48613,48610,SIKKA,IN,22.433333,69.833333,22,26,N,69,50,E,173,63062,V,OR,P,N,N,N,Y,N,A,G,L,A,5,L,Y,N,Y,N,Y,Y,Y, , , ,Y,Y, , ,Y,Y,Y, ,Y,Y,Y,Y, , , ,N,Y, , , , , , , , , ,Y, , , , , ,Y, , , , ,C, ,S
7758968.50829117,2599801.51245803,3216,48617,48610,MUNDRA,IN,22.733333,69.7,22,44,N,69,42,E,173,63062,S,OR,N,N,N,N,N,N,E,J,F,A,5,L,Y,Y,Y,N,Y,Y,Y, , , ,Y,Y, , ,Y,Y,Y,Y,Y,Y,Y, , , , ,Y,Y, , ,Y, , , , , , ,Y, , , , ,Y,Y,Y,Y, , ,C, ,S
1408191.55853491,4015382.36007316,3217,45337,45200,BOURI OIL FIELD,LY,33.9,12.65,33,54,N,12,39,E,132,52160,V,OR,P, , , ,Y, , , , ,A,1,M, , , , ,Y,Y,Y, , , , ,Y, , , , ,Y, , , , , ,Y, , , , , ,N, , , , , , , , , , , , , , ,Y,Y, , , , , 
632665.772675105,657948.810925112,3218,46150,46120,SAPELE,NG,5.9,5.683333,5,54,N,5,41,E,123,57121,V,RN,F,N,N,N,Y, ,N,M,K, ,1,L, , ,Y,N,Y,Y,Y, ,Y,N,Y,Y, , ,Y, ,Y,Y, , ,Y,Y, , , ,Y, , ,N, , , , , , , ,N,N,N,N,N,N,Y,Y,Y,N,N,N, , 
1586302.74380415,3851142.66012857,3219,45323,45200,KHOMS,LY,32.666667,14.25,32,40,N,14,15,E,132,56220,V,CN,F, , , ,Y, ,H,L,J, ,0, , , , , ,Y,Y,Y, , , ,Y, , ,Y, , ,Y, , , , , , , , ,Y,Y, ,N, , , , , , , , , , , , , ,Y,Y,Y, , ,C, , 
638231.747214768,615063.595379718,3220,46170,46120,WARRI,NG,5.516667,5.733333,5,31,N,5,44,E,123,57120/1,V,RN,G, , , ,Y, ,M,M,J,M,1,L,Y, , , ,Y,Y,Y, , ,Y, ,Y, , ,N, ,Y,Y, , ,Y,Y, , , ,Y, , , ,Y,Y,Y,Y, , ,Y,Y,Y, , , ,Y,Y,Y,Y,N,N,C,S,S
-2449028.79745202,9417806.6308078,3221,105,60,GRUNDARTANGI,IS,64.266667,-22,64,16,N,22,0,W,181,38606,M,CB,G,N,N,N,N, ,H,F,H, ,5,L,Y, ,N,N,N,Y,Y, , , ,Y, , , ,Y,Y,Y, ,Y, ,Y, , , , , ,Y,N,Y, ,Y, , , , , ,Y, , , , ,Y,Y,Y,Y, , ,C, , 
1090931.00977408,4460035.52765301,3222,45444,45360,MENZEL BOURGUIBA,TN,37.15,9.8,37,9,N,9,48,E,131,52183/4,S,LC,G, , , ,Y,Y,K, ,K, ,0,M, , , , ,Y,Y, , , ,Y,Y,Y,Y, , , ,Y, , , , , , , , ,Y,Y, ,Y,Y,Y, , , , ,Y, ,Y,Y,Y,Y, ,Y,Y,Y, , ,A,L, 
831185.531256443,447499.983958801,3223,46178,46120,YOHO TERMINAL,NG,4.016667,7.466667,4,1,N,7,28,E,123,57160,V,OR,P, , , ,Y, ,A,A, ,A,2, , , , , ,Y,Y,Y, ,Y, ,Y,Y, ,Y,Y,Y,N, , , , ,Y,Y, , ,Y, , ,N, , , , , , , , , , , , ,N,N,N,N, , ,N, , 
8074373.73220544,2475544.5337767,3224,48674,48610,DAHEJ,IN,21.7,72.533333,21,42,N,72,32,E,173,63091,V,OR,N,Y, ,N,Y,Y,G,D,G,H,7,L, , ,Y,N,Y,Y,Y, , , ,Y,Y, , ,Y,Y,N,Y,N,Y,Y,Y, , , ,Y, , , , , , , , , , ,Y, , , , , ,Y, , , , ,C, ,S
1146590.75517072,4413583.20023031,3225,45432,45360,RADES,TN,36.816667,10.3,36,49,N,10,18,E,131,52186,V,CB,F, , , , ,Y,K, ,K,L,1,M, , , , , ,Y,Y, , , , ,Y, , , , ,Y, ,Y, , , , , , , , , , , , , , ,Y,Y, , , , , , , ,Y,Y,Y, , ,B, , 
-272732.75244352,6553764.57170101,3226,35460,35220,WEYMOUTH HARBOUR,GB,50.616667,-2.45,50,37,N,2,27,W,191,UK2172,S,CN,G,Y,N,N,Y,Y,N,E,N, ,2,M,Y,Y,Y,N,Y,Y,Y, , ,N,Y,Y,Y, ,Y, ,Y,Y,Y,Y, , , , , ,Y,Y, ,Y, ,Y, ,Y, , , ,Y, , , , , ,Y,Y,Y, ,Y,C, ,S
591848.626050905,534959.681184423,3227,46180,46120,SEA EAGLE TERMINAL,NG,4.8,5.316667,4,48,N,5,19,E,123,57120,V,OR,P, ,Y, ,Y,Y,A,A, ,A,0,L, , , , ,Y,Y,Y, , , ,Y, , , ,Y,Y,Y, , , , ,Y, , , ,Y, , ,N, , , , , , , , , , , , ,N,N,N,N, , ,N, , 
11584648.3418867,-102047.220043023,3228,50517,50515,JABUNG BATANGHARI MARINE TERMINAL,ID,-0.916667,104.066667,0,55,S,104,4,E,174,71230,V,OR,P, , , ,Y,Y,H,G,J,H,0,M, , , , ,Y, , , , , ,Y, , , , , ,Y, , , , , , , , , , , ,Y, , , , , , , ,Y, , , , , ,N,N,N, , , ,S, 
654929.670833759,4413583.20023031,3229,45525,45470,DJEN-DJEN,DZ,36.816667,5.883333,36,49,N,5,53,E,131,52220,V,CB,F, , , ,Y,N, , ,J, ,0, , , , , ,Y,Y,Y, , , ,Y,Y, , ,Y, ,Y, ,Y, ,Y, , , , ,Y,Y, ,N,Y,Y, , ,Y,Y,Y,Y, , , , , ,Y,Y,Y, , ,N, , 
12731239.0970574,334111.17140196,3230,50740,50515,KUALA KAPUS,ID,3,114.366667,3,0,N,114,22,E,174,71295,V,OR,P, , , ,Y, , , ,N, ,0,M, , , , ,Y,Y,Y, , , ,Y,Y, ,Y, , ,Y, , , , , , , , ,Y, , , , , , , , , , ,Y, , , , , ,Y,N,N, , ,C, , 
894266.576039298,471681.864856596,3231,46195,46120,QUA IBOE OIL TERMINAL,NG,4.233333,8.033333,4,14,N,8,2,E,123,57165,V,OR,P,N,Y,N,Y, ,A,A, ,A,2,L, , ,Y, ,Y,Y,Y,Y,Y,N,N,Y, , ,Y, ,Y,Y, , , ,Y, , , ,Y, , ,N, , , , , , , , , , , , ,N,Y,Y,N,N,N,N, , 
-1072377.76130854,3559373.30282381,3232,45802,45700,AGADIR,MA,30.433333,-9.633333,30,26,N,9,38,W,131,51225,L,CB,F, , , , , ,L, ,G, ,3,M,Y, , , ,Y,Y,Y, , , ,Y,Y,Y, , , ,Y, , , , ,Y, , , ,Y, , , , ,Y,Y, , ,Y, ,Y, , , , ,Y,Y,Y,Y, , ,C, , 
11378707.2839191,131737.429849877,3233,50070,50020,LALANG MARINE TERMINAL,ID,1.183333,102.216667,1,11,N,102,13,E,174,71275,V,OR,P, , , ,Y, ,E,B, ,B,2, , ,Y, ,N,Y,Y,Y,Y, , ,Y,Y, ,Y,Y, ,Y,Y, , , , , , , ,N, , ,N, , , , , , , ,Y, , , , ,N,N,N,N, , , , , 
625244.473288887,473542.285488954,3234,46200,46120,PENNINGTON OIL TERMINAL,NG,4.25,5.616667,4,15,N,5,37,E,123,57140,L,OR,P,N,Y,N,Y, , ,A, ,A,1,L, , , , ,Y,Y,Y, , ,N,N, , , , , ,Y,Y, , , , , , , ,Y,N, ,N,N, , , , , , ,Y, , , , ,N,N,N,N,N,N,N, , 
-959202.945668707,3910799.77039279,3235,45796,45700,EL JORF LASFAR,MA,33.116667,-8.616667,33,7,N,8,37,W,131,51220,S,CB,F, ,Y, ,Y, ,F,A,F, ,3,M, , , , ,Y,Y,Y,Y,Y, ,Y, , , ,Y, ,Y, , , , , , , , , ,Y, ,Y,Y,Y, , , ,Y,Y,Y, , , , ,Y,Y,Y,Y, , ,C, , 
13315666.4237221,-445640.109656027,3236,52297,51970,PAREPARE,ID,-4,119.616667,4,0,S,119,37,E,163,UK 2638,V,OR,G, , , ,Y, ,G,C,G,L,1,M,Y, , , ,Y,N,Y, , , ,Y, , , , , ,Y,Y, , , , , , , ,Y, , , ,Y, , , , , ,Y,Y, , , , ,Y,Y,Y, , , ,C, , 
-144715.338031256,6580123.08180128,3237,35550,35220,COWES HARBOUR,GB,50.766667,-1.3,50,46,N,1,18,W,191,UK2793,S,RN,G,Y,Y,N,Y,Y,N,E,N,P,3,M,Y,Y,Y,N,Y,Y,Y, , ,N,Y,Y, , ,Y, ,Y, ,Y,Y,Y, , , , ,Y,Y, ,N, ,Y, , ,Y,Y,Y, , , , , , ,Y,Y,Y, ,Y,C, ,M
805210.983404679,466100.842667931,3238,46206,46120,BONNY OFFSHORE TERMINAL,NG,4.183333,7.233333,4,11,N,7,14,E,123,57141,V,OR,P, ,Y, ,Y,N,A,A, ,A,0,L,N, ,Y,N,Y,Y,Y, , ,N,N, ,Y,Y,Y, ,Y,Y, , , ,Y, , , ,Y,N, ,N, , , , , , , , , , , , ,Y,N,N, , , ,N, , 
11827695.8967853,462380.359374678,3239,51501,51480,BELANAK FIELD TERMINAL,ID,4.15,106.25,4,9,N,106,15,E,163,71450,V,OR,P,Y,Y, , , , ,B, ,H,0, , , , , , ,Y,Y, , , ,Y,Y, ,Y, , ,Y,Y, , ,Y,Y, , , ,Y, , ,N, , , , , , , , , , , , , ,N,N,N, , ,N, , 
-495371.734030067,562892.706940697,3240,46008,45960,ESPOIR MARINE TERMINAL,CI,5.05,-4.45,5,3,N,4,27,W,123,57060,V,OR,P, ,Y, ,Y, ,A,A, ,A,0,L, , , , ,Y,Y,Y,Y,Y, ,Y,Y, , ,Y, ,Y, , , , ,Y, , , , , , ,N, , , , , , , , , , , , , , , , , , ,N, , 
11775746.8010818,-181846.466267021,3241,50180,50020,BLINYU,ID,-1.633333,105.783333,1,38,S,105,47,E,163,71230,V,CN,F,N,N,N,Y,N, ,G, , ,0,M,Y,Y, , , , , , ,Y, ,Y, , , , ,Y, , , , , ,Y, , , ,Y, , ,N, , , , , , , , , , , , ,Y, , , , , , , , 
-166979.23618991,6568397.78129306,3242,35560,35220,YARMOUTH HARBOUR,GB,50.7,-1.5,50,42,N,1,30,W,191,UK2021,S,CT,G,Y,N,N,Y,N,P,G,P, ,2, , , ,N,N,Y,Y,Y, , ,N,N, , , , , ,Y, , , , , , , , ,Y, , ,Y,Y,Y, , , , ,Y, , , , , ,Y,Y,Y,Y, , ,C, , 
-506503.683109395,553580.528083744,3243,45970,45960,BAOBAB MARINE TERMINAL,CI,4.966667,-4.55,4,58,N,4,33,W,123,57060,V,OR,P, ,Y, ,Y, , ,A, ,A,0,L, , , , ,Y,Y,Y,Y,Y,N,Y,Y, , , , ,Y, , , , ,Y, , , ,Y, , ,N, , , , , , , , , , , , , , , , , , ,N, , 
11703389.1320662,460520.176700554,3244,51484,51480,BELIDA MARINE TERMINAL,ID,4.133333,105.133333,4,8,N,105,8,E,163,71450,V,OR,P,Y,N, , , , ,A, ,A,0,L, , , , , ,Y,Y, , , , , , , , , ,Y,Y, , ,Y,Y, , , ,N, , , , , , , , , , , , , , , , ,N,N,N, , , , , 
5742230.40008636,2988763.40879629,3245,48297,48285,RAS LAFFAN,QA,25.916667,51.583333,25,55,N,51,35,E,172,62417,M,CB,G,Y,N,N,Y,N,G,C,H,H,2,M, ,Y,Y,Y,Y,Y,Y, ,Y, ,Y,Y,N, ,Y, ,Y,Y,Y, ,Y, , , , ,Y,Y,N,N,Y,Y, ,Y,Y,Y,Y,Y, , , , ,Y,N,N,N, , ,N, , 
864581.378494425,445640.109656027,3246,46235,46120,ODUDU TERMINAL,NG,4,7.766667,4,0,N,7,46,E,123,57160,V,OR,P, , , ,Y, ,A,A, ,A,2,L, , , , ,Y,Y,Y, , , ,Y,Y,Y, ,Y, ,Y, , , , ,Y, , , ,Y, , ,N, , , , , , , , , , , , ,N,N,N,N,N,N, , , 
-148425.987724365,6588928.02623559,3247,35590,35220,FAWLEY MARINE TERMINAL,GB,50.816667,-1.333333,50,49,N,1,20,W,191,37020,S,RN,F, , , ,Y, ,H,B, ,G,5,L, ,Y, , ,Y,Y, , , ,Y,Y, ,Y, , , ,Y, ,Y,Y,Y, , , , ,Y, , ,Y, , , , , , , ,Y, , , , , ,Y,Y,Y, , ,C, ,S
11981687.8590493,-306246.203924422,3248,50250,50020,TANJUNGPANDAN,ID,-2.75,107.633333,2,45,S,107,38,E,163,71212/1,V,OR,E,N,N,N,Y,N,M,G,P,B,2,M,Y, , , ,Y, ,Y,Y, , ,Y,Y,Y, , , ,Y,Y,Y, ,Y,Y, , , ,Y, , ,N, ,Y, , , , ,Y,Y, , , , ,Y,Y,Y,N, , ,C,S, 
12996550.5501147,-994751.904321225,3249,51254,51250,TANJUNG BENETE,ID,-8.9,116.75,8,54,S,116,45,E,163,72211,V,CN,P, , , ,Y, ,J,J,J,J,0, , , , , , ,N,Y, , , ,Y,Y, , , , ,Y, , , , , , , , , , , , ,N,N,N,N,N,N,N,Y, , , , , ,N,N,N, , ,N, , 
812632.282790897,443780.273184355,3250,46238,46120,OKONO TERMINAL,NG,3.983333,7.3,3,59,N,7,18,E,123,57140,V,OR,P, ,Y, ,Y, ,A,A, ,A,0,L, , , , ,Y,Y,Y, , , , , , , ,Y, ,Y, , , , ,Y, , , , , , ,N,Y, , , , , ,Y, , , , , , ,N,N,N,N,N, , , 
11662571.985442,-332253.314542874,3251,50330,50020,PALEMBANG,ID,-2.983333,104.766667,2,59,S,104,46,E,163,71223,M,RN,E,Y,Y,N,Y,Y,O,K,M,M,1,M,Y,Y,Y, ,Y,Y, ,Y,Y, ,Y,Y,Y,Y, ,Y,Y,Y,Y,Y,Y, , , , ,Y, , ,N,Y,Y, , , ,Y,Y,Y, , , , , ,Y,Y,Y, , ,C,S,S
12783188.1927609,-914077.561584977,3252,51205,50920,CELUKAN BAWANG,ID,-8.183333,114.833333,8,11,S,114,50,E,163,UK946,S,CN,F, , , , , ,B,E,M, ,1,M, , , ,N,Y, , , , , ,N,Y, ,Y, , ,Y,Y, , , , , , , ,Y, , , , ,Y, , , ,Y, ,Y, , , , , ,Y,Y, , , , , , 
777381.11070636,428902.92426561,3253,46240,46120,OKWORI TERMINAL,NG,3.85,6.983333,3,51,N,6,59,E,123,57140,V,OR,P, ,Y, ,Y, ,A,A, ,A,0,L, ,Y, , ,Y,Y,Y, , , ,Y,Y, , ,Y, ,Y, , , , , , , , , , , ,N, , , , , , , , , , , , ,N,N,N,N,N,N, , , 
1686490.28551809,-3079811.51428256,3254,46650,46635,LUDERITZ BAY,NA,-26.65,15.15,26,39,S,15,9,E,123,57408,S,CB,F, , , ,Y, ,L,D,L,M,1,M,Y,Y,Y,N,Y,Y, , ,Y, ,Y, , , ,Y, ,Y,Y,Y,Y,Y,Y, , , ,Y,Y, ,Y,Y,Y, , , ,Y,Y,Y,Y, , , ,Y,Y,Y, ,N,N,C, ,S
3638292.02409349,3396876.11748157,3255,48057,47950,ZAFARANA TERMINAL,EG,29.166667,32.683333,29,10,N,32,41,E,172,62195,V,OR,P, , , , , , ,A, ,F,0,M, , , , ,Y,Y,Y, , , , , , , , , ,Y, ,Y, , , , , , , , , ,N, , , , , , , ,Y, , , , , , , , , , , , , 
-122451.439872601,6585991.99809962,3256,35600,35220,PORTSMOUTH HARBOUR,GB,50.8,-1.1,50,48,N,1,6,W,191,37086,M,CT,E,Y,N,N,Y,N,K,A,J,L,3,M, ,Y,Y,Y,Y,Y,Y, , , ,Y, ,Y, ,Y,Y,Y, ,Y,Y,Y, , , , ,Y,Y,Y,Y,Y,Y, , ,Y,Y,Y,Y,Y, ,Y,Y,Y,Y,Y,Y, , ,A,L,M
795934.359171906,521927.803851987,3257,46208,46120,ONNE,NG,4.683333,7.15,4,41,N,7,9,E,123,BA3288,V,RN,F, , , , ,N,L,F,H, ,0,L, , , , ,Y,Y,Y, , , , , , , ,Y, ,Y, , , , , , , , ,Y, , ,N, , , , , , , , , , , , , ,Y,Y, , , ,C, , 
1614132.61650247,-2625973.10225468,3258,46640,46635,WALVIS BAY,NA,-22.95,14.5,22,57,S,14,30,E,123,57381,S,CN,G,N,Y,N,Y, ,H,L,H,K,2,L,Y,Y,Y,N,Y,Y,Y, ,Y,Y,Y,Y,Y,Y,Y, ,Y,Y,Y,Y,Y,Y, , , ,Y,Y, ,Y,Y,Y, ,Y, ,Y,Y,Y,Y, , , ,Y,Y,Y,Y,Y,Y,B, ,M
3736624.24096088,3223781.68549855,3259,47989,47950,ZEIT BAY LPG TERMINAL,EG,27.8,33.566667,27,48,N,33,34,E,172,62191,V,OR,P,Y,Y, ,Y, ,O,C, ,L,1,M, , , , ,Y,Y,Y, , , , ,Y, , , , ,Y, , , , , ,Y, , ,Y, , ,Y, ,Y, , , , ,Y,Y, , , , ,N,N,N,N, , ,N, , 
3356282.6474172,3667429.52657653,3260,45163,45120,EL MAADIYA,EG,31.266667,30.15,31,16,N,30,9,E,132,56100,V,CB, , , , ,Y, ,M,N,N, ,0, , ,Y, , ,Y,Y, , , , , ,Y,Y, , , ,Y, , ,Y, , , , , , , , , , , , , , , , , , , , , , , , , , , , , ,S
3107669.11797889,-3899729.24214017,3261,46830,46725,EAST LONDON,ZA,-33.033333,27.916667,33,2,S,27,55,E,171,61071,S,RN,E,N,N,N,Y,Y,J,A,K,K,2,M,Y, ,Y,N,Y,Y,Y, ,Y,Y,Y,Y, ,Y,Y, ,Y,Y,Y,Y,Y,Y, , , ,Y,Y, ,N,Y,Y, , , ,Y,Y,Y,Y,Y,Y,Y,Y,Y,Y,Y,Y,Y,A,L,L
3740334.89065399,3230075.35024899,3262,47987,47950,EAST ZEIT TERMINAL,EG,27.85,33.6,27,51,N,33,36,E,172,62191,V,OR,P,Y,Y, ,Y, ,O,C, ,A,1,M, , , , ,Y,Y,Y, , , , ,Y, , , , ,Y, , , , , ,Y, , ,Y, , ,Y, , , , , , , , , , , , ,N,N,N,N, , ,N, , 
3321031.47533266,3654412.95111189,3263,45165,45120,AL ISKANDARIYH (ALEXANDRIA),EG,31.166667,29.833333,31,10,N,29,50,E,132,56102,L,CB,G,N,Y,N,Y, ,G,A,H,K,1,M,Y,Y,Y,Y,Y,Y,Y,Y, ,Y,Y,Y,Y, , , ,Y, ,Y,Y,Y,Y, , , ,Y,Y, ,Y, ,Y,Y,Y, ,Y,Y,Y,Y,Y,Y,Y,Y,Y,Y,Y,Y,Y,A,M,M
3458325.5139777,-3486422.57439756,3264,46850,46725,DURBAN,ZA,-29.866667,31.066667,29,52,S,31,4,E,171,61092/1,L,CB,E,Y,Y,N,Y,Y,J,B,N,K,2,M,Y,Y,Y,Y,Y,Y,Y, ,Y,Y,Y,Y, , ,Y, ,Y,Y,Y,Y,Y, , , , ,Y,Y, ,N, ,Y,Y, ,Y,Y,Y,Y,Y, ,Y,Y,Y,Y,Y,Y,Y,Y,B,L,L
3816403.20936273,3230075.35024899,3265,47988,47950,SHARM EL SHEIKH,EG,27.85,34.283333,27,51,N,34,17,E,172,62191,V,OR,P, , , ,Y, , ,A,O, ,2,M, , , , , ,Y,Y, , ,Y, , , , ,Y,Y,Y, ,Y, , , ,Y, , ,Y, , ,Y, , , , , , , , , , , , ,Y,Y,Y, , , ,C, , 
1300582.71743475,-854135.664029471,3266,46549,46540,GIRASSOL TERMINAL,AO,-7.65,11.683333,7,39,S,11,41,E,123,57260,V,OR,P, ,Y, ,Y, , , , ,A,2,L, , , , ,Y,Y,Y, ,Y, ,Y,Y, , ,Y,Y,Y, , , , , , , , ,Y,N, ,N, , , , , , , , , , , , ,N,N,N,N, , , , , 
3940709.97408188,-2743256.8627696,3267,46880,46860,INHAMBANE,MZ,-23.916667,35.4,23,55,S,35,24,E,171,61120,S,RN,G, ,Y, , , ,N,J,M, ,3, ,Y, , , ,Y, ,Y,Y,Y, ,Y,Y,Y, ,Y, ,Y, ,Y,Y,Y,Y, , , ,Y, , ,N, , , , , , , ,Y, , , , ,Y,Y, ,Y, , ,C, , 
3742190.21550055,3278423.76237458,3268,47982,47950,EL TUR HARBOR,EG,28.233333,33.616667,28,14,N,33,37,E,172,62191,V,CN,F,Y,Y, ,Y, , ,K,N, ,0,M,Y, , , , , , , , , , , , , , , , , , , , , , , , , , , , , , , , , , , , , , , , , , , , , , , , , 
-59370.3950897459,6583057.01695306,3269,35610,35220,LITTLEHAMPTON HARBOUR,GB,50.783333,-0.533333,50,47,N,0,32,W,191,UK1652,V,RN,G,Y, , ,Y,Y,Q,N, , ,5,M,Y, ,Y,N,Y,Y,Y, ,Y,N,N, ,Y, ,Y, ,Y, ,Y,Y,Y, , , , ,Y,Y, ,Y, ,Y, , , , ,Y,Y,Y, , ,Y,Y,Y,Y,Y,Y,Y,C, ,S
1311714.66651407,-581520.675477257,3270,46485,46478,TAKULA TERMINAL,AO,-5.216667,11.783333,5,13,S,11,47,E,123,57240,S,OR,P,N,Y, ,Y, , ,A, ,A,1,L, , , , ,Y,Y, , , , ,Y, , , , , ,Y, , , ,Y,Y, , , , , , , ,Y, , , , , ,Y, , , , , , , , , , , , , , 
3877628.92929903,-2253297.38910589,3271,46890,46860,BEIRA,MZ,-19.833333,34.833333,19,50,S,34,50,E,171,61142/1,M,CN,G,Y,Y,N,Y, ,N,L,L,L,5,M,N,Y,Y,N,Y,Y,Y, ,Y, ,Y,Y,Y, ,Y,Y,Y, ,Y,Y,Y, , , , ,Y,Y, ,N,Y,Y, , ,Y,Y,Y,Y,Y,Y,Y,Y,Y,Y,Y,Y,Y,Y,A,M,L
3857220.35598693,3371404.13219496,3272,47960,47950,NUWEIBA EL MUZEIMA,EG,28.966667,34.65,28,58,N,34,39,E,172,62220,V,CN,F, , , ,Y, , , ,L, ,2,M, , , , ,Y,Y,Y, , ,Y,Y,Y, , , , , , , , , , , , , , , , ,Y,Y,Y, , , , ,Y,Y, , , , , ,Y,Y, , , ,C, , 
5436101.80040486,-1469254.51159273,3273,47625,47350,ANTSOHIM BONDRONA,MG,-13.083333,48.833333,13,5,S,48,50,E,171,61410,V,CN,F, , , ,Y, ,L,L,L, ,0, ,Y, , ,N,Y, ,Y, , , ,Y,Y, , , , ,Y, , , , , , , , ,Y, , , ,Y, , , , , ,Y,Y, , , , ,Y,Y,Y,Y, , ,C, , 
4139229.73266322,-2002463.74868734,3274,46920,46860,PORTO BELO,MZ,-17.7,37.183333,17,42,S,37,11,E,171,61150,S,OR,F, , , ,Y, ,O,J, , ,2,M, , , , ,Y,Y, , , , , , , , , , , , , , , , , , , , , , , , , , , , , , , , , , , , , , , , , , , , 
1090931.00977408,324822.167174267,3275,46292,46250,KOME KRIBI 1 MARINE TERMINAL,CM,2.916667,9.8,2,55,N,9,48,E,123,57170,V,OR,P, ,Y, ,Y, , ,A, ,A,0,L, , , , ,Y,Y,Y, , , ,Y, , , ,Y, ,Y, ,Y, , ,Y, , , ,Y, , ,N,Y, , , , , ,Y, , , , , ,N,N,N,N, , ,C, , 
-2614152.70879537,9844988.24248527,3276,170,60,THINGEYRI,IS,65.883333,-23.483333,65,53,N,23,29,W,181,38030,V,CN,E,N,N,Y,Y,N,M,C,N, ,3, ,Y, ,N,N,N, , , , , , ,Y, , ,Y, , , , , ,Y, , , , ,Y, ,N,N, , , , , , ,Y, ,Y, , , ,Y,Y,N,N,N,N,C, , 
3924012.05046289,3240571.24527488,3277,48104,48100,SHARMAH,SA,27.933333,35.25,27,56,N,35,15,E,172,62220,V,CN,P, , , ,Y, ,A, , , ,0,M, , , , , ,Y,Y, , , , , , , , , , , , , , , , , , , , , , , , , , , , , , , , , , , , , , , , , , , 
-2573335.56217117,9895115.74058997,3278,190,60,ISAFJORDUR,IS,66.066667,-23.116667,66,4,N,23,7,W,181,38030,V,CN,G,N,N,Y, , ,L,H,L,M,2,L,Y,Y,Y,N,Y,Y,Y, , ,N,Y,Y,Y, ,N,Y,Y,Y,Y, ,Y, , , , ,Y,Y, ,Y, , , , , , , , , , , , ,Y,Y,Y,Y,Y,Y,B, ,M
1018573.34075845,443780.273184355,3279,46262,46250,LIMBOH TERMINAL,CM,3.983333,9.15,3,59,N,9,9,E,123,57160,V,OR,P, , , ,Y, ,A, ,K,C,2,L, , , ,N,Y,Y, ,Y, ,Y, , , , , , , , , , ,Y,Y, , , ,Y, , , ,Y, , , , , ,Y, , , , , , ,Y,Y,Y, , , , , 
1027849.96499123,157718.683001691,3280,46335,46300,CEIBA TERMINAL,GQ,1.416667,9.233333,1,25,N,9,14,E,123,57170,V,OR,P, ,Y, ,Y, , ,A, ,A,1,M, , , ,N,Y, ,Y,Y,Y, ,Y, ,Y,Y,Y,Y,Y, , , , ,Y,Y, , ,Y,N, ,N, , , , , , , , , , , , ,N,N,N,N, , ,N, , 
-2261640.98795001,9831379.30453182,3281,240,200,SKAGASTROND,IS,65.833333,-20.316667,65,50,N,20,19,W,181,38683,V,CN,G,Y,N,N,Y, ,A,H,O, ,2, , , ,N,N,N, , , , ,N,N, , , , , , , ,Y, ,Y, , , , ,Y, ,N,N, , , , , , , , , , , , , , ,Y,Y,Y,N,C, ,S
3955552.57285432,3194449.40909528,3282,48106,48100,DUBA,SA,27.566667,35.533333,27,34,N,35,32,E,172,62230,S,OR,P, , , ,Y, ,J, ,K, ,1,M, , , , , ,Y,Y, , , ,Y, , , ,Y,Y,Y, , , , , ,Y, , ,Y, , , , ,Y, , , , ,Y,Y, , , , , ,Y, , , , , , , 
1079799.06069475,120603.301234855,3283,46340,46300,COGO,GQ,1.083333,9.7,1,5,N,9,42,E,123,57181,V,RN,P,Y,Y, , , ,M,E,J, ,2,M, , , , , ,N,Y, , , , , , , , , , , , , , , , , , ,Y, , , , , , , , , , ,Y, , , , , ,Y, , , , , , , 
3996369.71947852,3163091.07818804,3284,48108,48100,DUBA BULK PLANT TANKER TERMINAL,SA,27.316667,35.9,27,19,N,35,54,E,172,62230,V,OR,P, , , , , ,A,F, ,A,2,M, , , , ,Y,Y,Y, , , ,Y, , , , , ,Y, , , , , ,Y, , ,Y, , , , , , , , , , , , , , , ,N,N,N, , , , , , 
13979872.7187886,-953457.730664636,3285,51440,51430,DILI,TL,-8.533333,125.583333,8,32,S,125,35,E,163,73004,S,CN,G, , , , , ,A,A,M, ,5,M, , ,Y, ,Y,N,N, ,Y,N,N,Y,Y, ,Y,Y,Y,Y, , , ,Y, , , ,Y,Y, , , ,Y, , , , ,Y,Y, , , , ,Y,Y,Y, , , , , , 
-2189283.31893438,9808756.44299931,3286,250,200,SAUDARKROKUR,IS,65.75,-19.666667,65,45,N,19,40,W,181,38670,V,CN,P,N,N,Y,Y,N,A,N,M, ,1, ,Y, ,N,N,Y,Y, , , ,N,N,Y, , ,Y, , , ,Y, ,Y, , , , ,Y, ,N,N, , , , , , , , , , , , ,Y, ,N,N,N,N, , , 
899832.550578961,423324.523413654,3287,46310,46300,SERPENTINA TERMINAL,GQ,3.8,8.083333,3,48,N,8,5,E,123,57160,V,OR,P, , , ,Y, ,A,A, ,A,1,L, , , , ,Y,Y, , , , ,Y,Y, , ,Y,Y,Y, , , , ,Y,Y, , ,Y,N, ,N, , , , , , , , , , , , ,N,N,N,N, , , , , 
3931433.34984911,3966310.90411845,3288,45036,45020,SIDON/ZAHRANI TERMINAL,LB,33.533333,35.316667,33,32,N,35,19,E,132,56044,V,OR,P, , , , , , ,A, ,F,0,M, , , ,N,Y,Y, , , ,N,N,Y,Y, ,Y, ,Y, , , , , ,Y, , ,N,Y, ,N,Y, , , , , ,Y, , , , , , ,Y,Y,Y, , ,N, ,S
13757233.7372021,-1137734.29684098,3289,51400,51250,KUPANG,ID,-10.166667,123.583333,10,10,S,123,35,E,163,73072,S,CN,F,N,N,N,Y, ,N,B,N,N,2,L, , , , ,Y,Y,Y, , , ,Y,Y, ,Y, , ,Y,Y,Y, , ,Y, , , ,Y, , , , ,Y, , , , ,Y,Y, , , , ,Y,Y,Y,Y, , , , , 
-1929537.84041674,9885974.84057186,3290,320,200,HUSAVIK,IS,66.033333,-17.333333,66,2,N,17,20,W,181,38670,V,CN,P,N,N,N,N,N,L,A,M, ,1, ,Y, ,N,N,N,N,Y,Y, ,N,N,Y, , ,Y, , ,Y,Y, ,Y, , , , ,Y, , ,N, , , , , , , , , ,Y, , ,Y,Y,Y,Y, , , , , 
-8868452.7665308,990996.204303269,3291,15423,15380,VACAMONTE,PA,8.866667,-79.666667,8,52,N,79,40,W,153,21601,V,OR,P, , , , , ,N, ,L, ,4,M, , , , , ,Y,Y, , , ,Y, ,Y,Y, , ,Y,Y, , ,Y, , , , ,Y, , , , , , , , , , ,Y, , , , , ,Y,Y, , , ,B, , 
-1773690.55330616,10001106.6416404,3292,340,200,RAUFARHOFN,IS,66.45,-15.933333,66,27,N,15,56,W,181,38670,V,CN,P,Y,Y,Y,Y,N,L,K,M, ,2, ,Y, ,N,N,N, ,Y, ,Y,N,N,Y, , ,Y, , , ,Y, ,Y, , , , ,Y,Y, ,Y,Y, , , , , ,Y, , ,Y, , ,Y,Y,Y,Y,Y,Y,B, , 
-1523221.69902129,9647993.53802431,3293,420,360,NESKAUPSTADUR,IS,65.15,-13.683333,65,9,N,13,41,W,181,38641,V,CN,F,N,N,N,Y, ,A,A,L, ,2, ,Y, ,Y,N,N,N,Y, , ,N,N,Y, , ,N,Y, , ,Y, ,Y, , , , ,Y, , ,N,Y, , , , , , , ,N,N,Y,Y,Y,Y,Y,Y, , ,C, ,S
-8337829.86041619,2352176.24144776,3294,10280,10030,CAYO MOA GRANDE,CU,20.666667,-74.9,20,40,N,74,54,W,147,26240/45,S,CB,P,N,N,N,Y,N,J,G,J, ,1,L, , , ,N,Y,Y, , ,Y, , ,Y, ,Y, , ,Y, ,Y, ,Y,Y,Y, , , , , , , , , , , , , , , , , , , ,Y, , , , ,C, , 
5565.97453966368,6583057.01695306,3295,35650,35220,NEWHAVEN HARBOUR,GB,50.783333,0.05,50,47,N,0,3,E,191,UK1652,V,RN,G,Y,N,N,Y,Y,N,G,L, ,6,L,Y, ,Y,N,Y,Y, , , ,N,Y, ,Y, ,Y,Y,Y, ,Y,Y, , , , , ,Y, , ,Y,Y,Y, , , , ,Y,Y, , , , , ,Y,Y,Y,Y,Y,C, , 
-773670.461013251,6869736.03526603,3296,34390,33840,NEW ROSS,IE,52.383333,-6.95,52,23,N,6,57,W,142,36002,S,RN,F, , , ,Y,Y,N,N,M,L,4,M,Y, , ,N,Y,Y,Y, , , ,Y,Y, ,Y,Y,Y,Y, ,Y,Y,Y, , , , ,Y,Y, ,Y,Y,Y, ,Y, ,Y,Y,Y, , , , , ,Y,Y, , , ,C, ,S
85344.9429415097,6609509.62269997,3297,35690,35220,RYE HARBOUR,GB,50.933333,0.766667,50,56,N,0,46,E,191,UK0536,V,RN,F,Y,N,N,Y,N,Q,N,O, ,6,M,N,Y,Y,N,Y,Y, ,Y, ,N,Y, , , ,Y, ,Y, ,Y,Y, , , , , ,Y,Y, ,Y, ,Y, , , , ,Y,Y, , , , , ,Y,Y,Y, , ,C, , 
-1103918.28369996,6737086.69550241,3298,34190,33840,CASTLETOWN BEARHAVEN,IE,51.65,-9.916667,51,39,N,9,55,W,142,35140,V,CN,F, , , , ,Y,L,L,N, ,4,M, , , ,N,Y,N,Y, , ,N,N,Y, ,Y, , ,Y, ,N,N,Y,Y, , , ,N,N, ,N, , , , , , , ,N, , , , , ,Y, ,Y, , ,C, , 
-1560328.19595238,9590833.08788186,3299,450,360,BUDIR,IS,64.933333,-14.016667,64,56,N,14,1,W,181,38641,V,CN,F,N,N,N,Y,N,P,F,L, ,2, ,N, , ,N,N, , , , ,N,N, , , ,Y, , , , , ,Y, , , , ,Y, , ,N, , , , , , ,Y, ,Y, , , , ,Y,N,Y, , ,C, ,S
-1057535.1625361,6915460.42720505,3300,34200,33840,KILRUSH,IE,52.633333,-9.5,52,38,N,9,30,W,142,35138,V,RT,F, , , ,Y, ,N,L,N, ,5,M, , , ,N,Y,Y,Y,Y,Y, ,Y,Y, ,Y,Y, ,Y,Y,Y, ,Y, , , , ,Y,Y, ,Y, ,Y, , , ,Y,Y,N, , , , ,Y,Y,Y,Y, , ,C,M, 
-1590013.39349726,9521112.77285221,3301,470,360,DJUPIVOGUR,IS,64.666667,-14.283333,64,40,N,14,17,W,181,38641,V,CN,F,N,N,N,Y,N,P,G,N, ,1, ,Y,Y,N,N,N, ,Y, ,Y,N,N, , , ,Y, , ,Y, , ,Y, , , , ,Y, , ,N, , , , , , , , , , , ,N, , ,N,N, , ,N, , 
-14039243.1138784,6391614.29677118,3302,18792,18080,GOLD RIVER,CA,49.683333,-126.116667,49,41,N,126,7,W,154,17005,V,RN,F, , , ,Y, , , ,K, ,4,L, , ,Y, ,Y,Y, , , , ,Y,Y,Y, , , ,Y, , , , ,Y, , , , , , ,N, ,Y, , , , , ,Y, , , , ,Y,Y,Y,Y, , ,C, , 
-2257930.3382569,9207302.72573376,3303,510,490,VESTMANNAEYJAR,IS,63.433333,-20.283333,63,26,N,20,17,W,181,38610,S,CN,E,N,N,N,N,N,L,A,N, ,3,M,Y, ,Y,N,Y,Y, , , ,N,Y, , , ,Y,Y,Y,Y,Y, ,Y, , , , ,Y,N, , ,Y,Y, ,Y, , , ,Y,Y, , , ,Y,Y,Y,Y, , ,C, ,S
539899.530347377,8538330.47790821,3304,23139,20620,STURA,NO,60.616667,4.85,60,37,N,4,51,E,182,43303,V,OR,F,N,N,N,Y,N,A, , ,B,2,L,N, ,Y, ,Y,Y,Y, , ,Y,Y,Y,Y, ,Y, ,Y,Y,Y, , , ,Y, , ,Y,Y, ,N, , , , , , , ,Y, , , ,Y,Y,Y,N,N, , ,C, , 
1912839.91679775,8687312.55874237,3305,25700,24975,SANDARNE,SE,61.266667,17.183333,61,16,N,17,11,E,195,44207,S,CN,G,N,N,Y,Y,Y,M,G,M,M,0,L,Y, , , ,Y,Y,Y, , , ,Y, , , ,Y,Y,Y, , ,Y,Y,Y, , , ,Y,Y, , ,Y, , , , , ,Y, , , , , , ,Y, , , , ,C, , 
13519752.1568431,3335402.87219108,3306,59930,59850,HAIMEN,CN,28.683333,121.45,28,41,N,121,27,E,157,94180,V,RN,G,Y,Y, ,Y, ,M,L,N,M,4, ,Y, , , ,Y,Y,Y, , , ,Y,Y, ,Y, , ,Y,Y,Y, ,Y,Y, , , ,Y, , , ,Y,Y, , , ,Y,Y,Y, , , , ,Y,Y,Y, , , ,C, , 
2085385.12752732,9165938.87978398,3307,26720,24975,DOMSJO,SE,63.266667,18.733333,63,16,N,18,44,E,195,44224,V,CN,G,N,N, ,Y,Y,C,C,O, ,0,M,Y, ,N,N,Y,Y,Y, ,Y, ,Y, , , ,Y, ,Y, ,Y,Y, , , , , ,Y, , ,Y, , , , , , , , , , , , , , , , , , , , , 
148425.987724365,6641956.7092125,3308,35710,35220,DOVER HARBOR,GB,51.116667,1.333333,51,7,N,1,20,E,191,37121,S,CB,F,N,N,N,Y, ,L,L,K, ,6,L, , ,Y,N,Y,Y,Y, ,Y, ,Y,Y,Y, ,N,Y,Y,Y,Y,Y, , , , , , ,Y, ,Y,Y,Y,Y, ,Y,Y,Y,Y, , ,Y, ,Y,Y,Y,Y,Y,Y,C, ,M
2263496.31279656,9273988.17376671,3309,26880,24975,OBBOLA,SE,63.7,20.333333,63,42,N,20,20,E,195,44282,V,CN,E,N,N,Y,Y,Y,K,K,M,J,0,M,Y, , , ,Y,Y, , ,Y, ,Y, , , ,Y, , ,Y,Y,Y,Y,Y, , , , , , , ,Y, , , , , ,Y, , , , , ,Y,Y, , , , ,C, , 
157702.611957138,6680469.6900293,3310,35715,35220,RAMSGATE,GB,51.333333,1.416667,51,20,N,1,25,E,191,37028,S,CB,G,Y,Y,N,Y, ,M,P,M, ,5,M, , ,Y,N,Y,Y,Y, , ,N,Y, ,Y,Y,Y,Y,Y, ,Y,Y,Y, , , , ,Y,Y, ,Y,Y,Y, , ,Y,Y,Y,Y, , , , , ,Y,Y,Y, , ,C,M,S
2740314.79836108,9795217.76359021,3311,27535,27380,VEITSILUOTO,FI,65.7,24.616667,65,42,N,24,37,E,195,44282,S,CN,G,N,N,Y,Y,Y,M,F,M, ,1,M,Y, ,N,N,Y,Y,Y,Y, ,Y,Y,Y,Y, , , ,Y, ,Y,Y,Y,Y, , , ,Y,Y, ,Y,Y,Y, , ,Y,Y,Y,Y, , , , ,Y,Y,Y, , , ,C, ,S
261600.803364193,6633094.76716263,3312,35732,35720,DUNKERQUE PORT OUEST,FR,51.066667,2.35,51,4,N,2,21,E,191,37123,M,CT,G,Y,N,N,Y,Y,C,C,B,B,6,L,Y,Y,Y,N,Y,Y,Y, ,Y, ,Y,Y, , ,Y,Y,Y, ,Y,Y,Y, , , , ,Y,Y, ,Y,Y,Y, , ,Y, , ,Y, , , , , ,Y,Y,Y,Y,Y,C, , 
2426764.89929336,8737658.20120857,3313,27740,27380,PORI,FI,61.483333,21.8,61,29,N,21,48,E,195,44310,L,CN,G,N,N,Y,Y,Y,M,C,L,K,0,M,Y, ,Y,N,Y,Y, , ,Y, ,Y,Y,Y, , , ,Y, ,Y,Y,Y,Y, , , ,Y,Y, ,Y,Y,Y, ,Y,Y,Y,Y,Y,Y, ,Y,Y,Y,Y,Y,Y,Y,Y,B, ,M
235626.255512429,6621293.72274017,3314,35740,35720,GRAVELINES,FR,51,2.116667,51,0,N,2,7,E,191,37123,V,RT,G,Y,N,N,Y,Y,Q,K, , ,6,M,Y,Y,Y,N,Y,N,Y,Y,Y, ,Y,Y, ,Y,Y,Y,Y, ,Y,Y, , , , , ,Y, , ,N,Y,Y, , , , ,Y, , , , , , ,Y,Y,Y,Y,Y,C, ,S
2456450.09683824,8463090.89677804,3315,27990,27380,PARGAS,FI,60.283333,22.066667,60,17,N,22,4,E,195,44320,V,CN,G,N,N,Y,Y,Y,M,M,O, ,0,M, , ,Y,N,Y,N, ,Y,Y,N,Y,Y,Y, , , ,Y, ,Y,Y,Y, , , , ,Y,Y, ,Y, , , , , , , ,Y, , , , , ,Y,Y, ,Y,Y,C, , 
1320991.29074685,7712576.14817354,3316,29455,29150,NYKOBING (MOR),DK,56.766667,11.866667,56,46,N,11,52,E,192,UK 427,V,CB,F,Y, , ,Y,Y,N, ,O,O,2,M, , , , ,Y,Y,Y, , , ,Y, ,Y,Y, , ,Y, ,Y, ,Y, , , , ,Y, , , , ,Y, , , ,Y,Y,Y, , , , , ,Y,Y,Y, , ,C, , 
1254199.59627088,7400779.18915312,3317,29546,29150,GULFHAVEN,DK,55.2,11.266667,55,12,N,11,16,E,194,44064,V,OR,P, , , ,Y, ,N,C, ,M,1,M,Y, , , ,Y,Y,Y, , ,N,N, ,Y,Y, , ,Y, , ,Y,Y, , , , ,Y,Y, ,Y, , , , , , , , , , , , ,N,Y,N,N, , ,C, , 
-9248794.36007448,1118889.97485796,3318,9805,9800,PUERTO MOIN,CR,10,-83.083333,10,0,N,83,5,W,148,28049/51,V,CB,P,N,Y,N,Y,N,J,A,J,H,1,L,Y, ,Y,N,Y,Y,Y, ,Y, ,Y,Y, , , , ,Y,Y,Y,Y,Y, ,Y, , ,Y,Y, ,N, , , , , , , ,Y, , , , , ,Y,Y, , , ,C, ,S
-9323007.35393666,1347605.24098452,3319,9770,9740,BLUEFIELDS,NI,12.016667,-83.75,12,1,N,83,45,W,148,28082,S,OR,G,N,N,N,Y,Y,O,M,N, ,0,L,Y, ,Y,N,N,Y,Y, ,Y,N,Y, , ,Y, , ,Y, ,Y, ,Y, , , , ,Y,N, ,N, , , , , , ,Y,Y, , , , , ,Y,Y, , , ,C, , 
-8148586.72606763,5761672.97537031,3320,2975,2820,CONTRECOUR,CA,45.883333,-73.2,45,53,N,73,12,W,C302,14003,V,RN, , , , ,Y,Y,K, ,M, ,0,L, , , , ,Y, ,Y, , , , ,Y,Y, , , ,Y, ,Y,Y,Y, , , , ,Y, , , , , , , , , , , , , , , , ,Y, , , , , , ,S
-610401.87451645,4286870.23604428,3321,45753,45700,TANGIER-MEDITERRANEAN,MA,35.9,-5.483333,35,54,N,5,29,W,131,52042,M,CB, , , ,N, , , , ,E, ,0, , , , , , ,Y,Y, , , , , , , , , , , , , ,Y, , ,N,N, , , , , , , , , , , , , , , , , , , , , , , , , 
-9673663.74993547,1814375.24956141,3322,9665,9630,PUERTO ESTE,HN,16.083333,-86.9,16,5,N,86,54,W,148,28143,V,CN,G,N,N,N,N,N,K,M, , ,0,M,Y,N,N,N,N,Y,Y,Y,Y, ,Y, , , , , ,Y, ,Y, , ,Y, , , , , , ,Y, , , , , , , , , , , , ,Y,Y,Y, , , , , , 
-6712565.2948344,7051111.43293313,3323,1335,1230,GOOSE BAY,CA,53.366667,-60.3,53,22,N,60,18,W,146,15018,V,CN,P, , ,Y, , ,K, ,N, ,1, , , , ,N,Y,N,Y, , , ,N,Y,Y, , , ,Y, , ,Y,Y, , , , ,Y,Y, , , , , , , , , , , , , , , ,Y,Y, , , , , , 
1959223.03796162,5299296.25335557,3324,41415,40877,NEUM,BA,42.916667,17.6,42,55,N,17,36,E,132,54220,S, , , , ,N, , , , , , ,0, , , , , , ,Y,Y, , , , , , , , , , ,Y, , ,Y,Y, , ,N, , , , , , , , , , , , , , , , , , , , , , , , , 
2862766.23823369,4191093.67027336,3325,43155,43080,AYIOS NIKOLAOS,GR,35.2,25.716667,35,12,N,25,43,E,132,54314,V,CN, , , , , , , ,H,L, ,0,M, , , , ,Y,N,Y, , , ,Y,Y, , , , ,Y,Y,Y, ,Y,Y, , , ,Y, , , , , , , , , , ,Y, , , , , ,Y,Y,Y, , ,C, , 
3241252.50693082,4926677.17450392,3326,43340,43325,GEMLIK,TR,40.416667,29.116667,40,25,N,29,7,E,132,55040,V,OR,F, , , ,Y,Y, ,A,M,F,0,M, , , ,N,Y,Y,Y,Y,Y, ,Y, , ,Y,Y, ,Y, ,Y, ,Y,Y, , , ,Y,Y, ,Y, ,Y, ,Y,Y,Y, , , , , , , ,Y,Y,Y, , ,C, , 
-9816523.76312017,1979106.49972439,3327,9590,9580,BELIZE CITY,BZ,17.5,-88.183333,17,30,N,88,11,W,148,28168,S,OR,G,N,N,N,N,N,E,L,K,N,1,L,Y,N,Y,Y,Y,Y,Y, ,Y,N,Y,Y, ,Y, , ,Y, ,Y, ,Y,Y, , , ,Y,N, ,N,Y,Y, , ,Y,Y,Y,Y, , , , , ,Y, , , , ,B, ,S
-10079979.8913309,2255269.80823364,3328,9500,9350,CAMPECHE,MX,19.85,-90.55,19,51,N,90,33,W,148,28265,S,OR,G,N,N,N,Y,N, ,N,O, ,1,M,Y,Y,N,N,Y,Y, , , ,N,Y,Y,Y, , , ,Y,Y, , , ,Y, , , ,Y, , ,N, ,Y, , , , , ,Y, , , , , ,Y,Y,Y, , ,B, , 
-8571600.79108207,-1364682.04056584,3329,14940,14830,CONCHAN OIL TERMINAL,PE,-12.166667,-77,12,10,S,77,0,W,125,22170,V,OR, , , , ,Y, , , , ,E,1,L, , , ,Y,Y, ,Y, , , , ,Y,Y, , , ,Y, ,Y,Y, ,Y,Y, , , , , , , , , , , , , , , , , , , ,Y,Y, ,Y,Y,C, , 
-10313750.8219968,2100069.77113311,3330,9440,9350,FRONTERA,MX,18.533333,-92.65,18,32,N,92,39,W,148,28261/0,V,RN,G,Y,N,N,Y,Y,O,M,N, ,1,M, ,Y,N,N,Y,Y,Y, , ,N,Y,Y, ,Y, ,Y,Y,Y, , ,Y, , , , , , , ,N, , , , , , , ,Y, , , , ,Y,Y,Y, , , ,C, ,S
-8586443.3898545,-1338122.24913706,3331,14955,14830,LA PAMPILLA OIL TERMINAL,PE,-11.933333,-77.133333,11,56,S,77,8,W,125,22173,V,OR,P, , , , , , ,D,J,E,1, , , , , ,Y, ,Y, , , , ,Y,Y, , , ,Y, , ,Y, ,Y, , , , , , , , , , , , , , , , , , , , ,Y,Y, , , , , , 
5905498.98658316,2859376.49314785,3332,48267,48260,ZIRKUH OIL FIELD,AE,24.866667,53.05,24,52,N,53,3,E,172,62033,S,OR,P, , , ,Y, ,C, , ,C,1, ,N, , , ,Y,Y, , , , ,Y, ,Y, , , ,Y, , , , ,Y,Y, , ,Y,N, , , ,Y, , , , ,Y, , , , , ,N,N,N, , , ,N, , 
-10510415.2557316,2045353.23789015,3333,9410,9350,NANCHITAL,MX,18.066667,-94.416667,18,4,N,94,25,W,148,28310,V,RN,E,N,N,N,Y,Y,K,A,L,L,2,L, ,Y,Y,N,Y,Y,Y, , ,N,Y,Y,Y,Y, , ,Y,Y, ,Y,Y, , , , ,Y, , ,Y, , , , , , , , , , , , , ,Y,Y, , , ,C, ,S
4749631.60717967,1723798.49898241,3334,48152,48143,SALIF,YE,15.3,42.666667,15,18,N,42,40,E,172,62285,V,CB,F, , , ,Y,Y,K,A,H, ,1,M,Y, , , ,Y,Y,Y, , ,Y, ,N, ,Y, , ,Y, ,Y, ,Y, ,Y, , , ,N, ,N, , , , , , , ,Y, , , , ,Y,Y,N,N, , ,N, , 
8098492.95521065,2409773.49896499,3335,48770,48610,MAGDALLA,IN,21.15,72.75,21,9,N,72,45,E,173,63091/80,V,RN,G,Y,Y,N,Y,N,M,J,O, ,5,M, ,N,Y,N,Y,N,Y,Y,Y, , ,Y, , ,Y,Y, , ,Y,Y,Y,Y, , , ,Y,Y, ,N,Y,N, , , , ,Y,Y, , , , , ,Y,Y, , , ,C,S,S
8085505.68128477,2401817.9759301,3336,48790,48610,HAZIRA,IN,21.083333,72.633333,21,5,N,72,38,E,173,63091/80,S,CB,P,Y,Y,N,N,N,H,J,H,H,7,L, ,Y,N,N,Y,Y,Y,Y,Y, ,Y,Y, , ,Y,Y, ,Y,Y,Y, ,Y, , , ,Y,Y, ,N,N,N, , , , , , , , , , , , ,N, , , , , , 
14640368.364162,3937411.99384116,3337,62150,61100,BEPPU,JP,33.316667,131.516667,33,19,N,131,31,E,159,97279,V,CB,F,N,N,N,N, ,A,A,H, ,1, , , ,Y,N,Y,N,Y,Y, , ,Y,Y, ,Y, , ,Y,Y,Y,Y, ,Y, , , ,Y,N, , , , , , , , , ,Y,Y,N,N,N,Y,Y,Y,Y,N,N,C, , 
14569866.019993,4013147.28042359,3338,62130,61100,KOKURA KO,JP,33.883333,130.883333,33,53,N,130,53,E,159,97286,S,CB,G,Y,Y,N,Y,Y,J,J,J,M,2,L,Y, ,Y,N,Y,Y,Y,Y,Y,N,Y,Y, , ,Y,Y,Y,Y,Y,Y,Y, , , , , , , ,Y, ,Y,Y, , ,Y,Y,Y,Y,Y,Y,Y,Y,Y,Y,Y,Y,Y,A,M,S
14575431.9945326,4019853.83052532,3339,61700,61100,SHIMONOSEKI,JP,33.933333,130.933333,33,56,N,130,56,E,159,97286,S,CN,G,Y,Y,N,Y, ,H,K,J,F,2,M,N,Y,Y,N,Y,Y,Y, , , ,Y,Y, ,Y, , ,Y,Y,Y,Y,Y,Y,Y, , ,Y, , ,Y,Y,Y, ,Y, ,Y,Y,Y,Y,Y,Y,Y,Y,Y,Y,Y,Y,Y,A,S,S
8157863.3503004,1918885.02871715,3340,48900,48610,RATNAGIRI,IN,16.983333,73.283333,16,59,N,73,17,E,173,63100,V,CN,P,Y,Y,N, ,Y,K,K, ,K,3,L, , ,Y,N,Y,N,Y, , ,N,N,Y, , ,Y,Y,Y,Y,N,Y,N,Y, , , ,Y,N, ,N,N,N,N, , , , , , , , , ,Y,Y, , , , , , ,S
8566034.8165424,947829.817121306,3341,49170,48610,TRIVANDRUM,IN,8.483333,76.95,8,29,N,76,57,E,173,63210,V,OR,N,N,N,N,Y,N,E,E, , ,1,M,Y,N,Y,N,Y,N,Y, , , , ,Y, , ,N,N,N,Y,Y,Y,Y,Y, , , ,Y, , , , , , , , , , , , , , , ,Y, , , , , , , ,S
15263757.5126044,4406632.84255915,3342,61855,61100,SHIMMINATO,JP,36.766667,137.116667,36,46,N,137,7,E,159,95272/1,V,RB,F, , , , ,Y,H,H,M, ,0, , , , , ,Y,N,Y, ,Y, ,Y,Y, ,Y, , ,Y,Y, ,Y,Y, , , , , , , , ,Y,Y, , ,Y, , , , , , , ,Y,Y,Y, , , ,C, ,S
-8892571.989536,-244963.080627011,3343,15270,15240,GUAYAQUIL,EC,-2.2,-79.883333,2,12,S,79,53,W,125,22114,S,RN,G,N,N,N,Y,N,K,K,K,K,4,L,Y,Y,Y,Y,Y,Y,Y, , , ,Y,Y,Y, ,Y,Y,Y, , , ,Y,Y, , , ,Y,Y, ,N,Y,Y, , ,Y, ,Y,Y, , , , ,Y,Y,Y, ,Y,Y,C,S,M
-237481.580358984,5991179.92465176,3344,36855,36060,MONTOIR,FR,47.3,-2.133333,47,18,N,2,8,W,143,37363,M,RN,G, , , , , ,H, ,J,J,0, , , , , , ,Y,Y, , , , , , , , , , , , , , , , , , , , , , , , , , , , , , , , , , , , , , , , , , , 
3597474.87746929,10179841.2066264,3345,62894,62530,VITINO,RU,67.083333,32.316667,67,5,N,32,19,E,183,BA3180,V,CN,P,N,Y,Y,Y,N,H,B, ,H,2,L,Y,N, , ,Y,Y,Y, , , ,Y, , , ,Y,Y,Y,Y,N,Y,Y, , , , , ,N, ,N, , , , , , , , , , , , ,Y,Y,Y,Y, , , , ,S
975900.869287698,4434461.56835045,3346,45460,45360,TABARKA,TN,36.966667,8.766667,36,58,N,8,46,E,131,52200,V,CB,F, , , , , , , , , ,0, , , , , , , , , , , , , , , , , , , , , , , , , , , , , , , , , , , , , , , , , , , , , , , , , , , 
1237501.67265189,4415900.99482931,3347,45415,45360,KELIBIA,TN,36.833333,11.116667,36,50,N,11,7,E,131, , , , , , , , , , , , , ,0, , , , , , , , , , , , , , , , , , , , , , , , , , , , , , , , , , , , , , , , , , , , , , , , , , , 
1315425.31620718,3904156.19524826,3348,45350,45200,ABU KHAMMASH,LY,33.066667,11.816667,33,4,N,11,49,E,132, , , , , , , , , , , , , ,0, , , , , , , , , , , , , , , , , , , , , , , , , , , , , , , , , , , , , , , , , , , , , , , , , , , 
5413837.9022462,3263690.76560907,3349,48348,48330,RAS AL MISHAB,SA,28.116667,48.633333,28,7,N,48,38,E,172,62452,S,OR,F, , , ,Y, ,J,K,J, ,2,L, ,Y, , ,Y,Y,Y, , ,N,Y, , , , , ,Y,Y,N, ,Y,Y, , , ,Y, , , ,Y,Y, ,Y, ,Y, ,Y, , , , ,N,N,N,N,N,N, , , 
5408271.92770654,3303717.8783093,3350,48349,48330,RAS AL KHAFJI,SA,28.433333,48.583333,28,26,N,48,35,E,172,62448,S,OR,F,Y, , ,Y, ,C,G,J,C,1,L,Y, ,Y,N,Y,Y,Y, ,Y, ,Y,Y, , ,N, ,Y,Y,Y, ,Y,Y,Y, , ,Y, , ,N, , , , , , , ,Y, , , , ,Y,Y,Y,Y, , ,N, , 
-72357.6690156278,4530099.85811138,3351,38433,38340,ISLAS HORMIGAS,ES,37.65,-0.65,37,39,N,0,39,W,131,52061, , , , , , , , , , , , ,0, , , , , , , , , , , , , , , , , , , , , , , , , , , , , , , , , , , , , , , , , , , , , , , , , , , 
354367.045691921,5141027.6349241,3352,38585,38340,LAS HORMIGAS,ES,41.866667,3.183333,41,52,N,3,11,E,131,52124, , , , , , , , , , , , ,0, , , , , , , , , , , , , , , , , , , , , , , , , , , , , , , , , , , , , , , , , , , , , , , , , , , 
-569584.72789225,7722738.8810442,3353,33200,32790,FORT WILLIAM,GB,56.816667,-5.116667,56,49,N,5,7,W,141,UK 2372,V,RB,F,Y,Y, , , ,J,G,J, ,4,M,N,Y, , , , , , , , , , , , , , , , , , ,Y, , , , , , , , , , , , , , , , , , , , ,Y,Y, , , , , , , 
-615967.849056114,7672060.04632575,3354,33210,32790,GLENSANDA,GB,56.566667,-5.533333,56,34,N,5,32,W,141,UK 2389,V,RN,G,N,N,N,Y, ,C,A,J, ,4,L,Y, ,Y,N,Y,Y,Y,Y,Y, ,N, , , ,Y,Y,Y,Y, , ,Y, , , , , ,Y, ,Y, , , , , , , ,Y, , , , , , , , , , ,N, , 
-641942.396907878,7668693.38646484,3355,33160,32790,LOCHALINE,GB,56.55,-5.766667,56,33,N,5,46,W,141,35097,V,RB,F,Y, , , , ,Q,G,L, ,5,M,Y, , , , , , ,Y, , , , ,N, ,Y,Y, , , , ,Y, , , , , , , , , , , , , , , , , , , , ,Y,Y, , , , ,C, , 
0.0,-0.000000000708115,3356,38505,38340,ISLAS  COLUMBRETES,ES,0,0,0,0, ,0,0, ,131,52080, , , , , , , , , , , , ,0, , , , , , , , , , , , , , , , , , , , , , , , , , , , , , , , , , , , , , , , , , , , , , , , , , , 
-959202.945668707,4453054.67886608,3357,38010,37930,LAGOS,PT,37.1,-8.616667,37,6,N,8,37,W,143,51155, , , , , , , , , , , , ,0, , , , , , , , , , , , , , , , , , , , , , , , , , , , , , , , , , , , , , , , , , , , , , , , , , , 
5649464.15775863,3030077.60649697,3358,48327,48305,KHALIFA BIN SALMAN,BH,26.25,50.75,26,15,N,50,45,E,172,62453,M,CB,F, , , , , ,G,G,G, ,2,L,Y,Y,Y,Y,Y,Y,Y, , , ,Y,Y,Y, ,Y, ,Y,Y,Y, ,Y, , , , ,Y, , ,Y,Y,Y, , , , , , , , , , , , , , , , , , , 
13475224.3605258,4875634.83237397,3359,60205,59850,SUIZHANG GANG,CN,40.066667,121.05,40,4,N,121,3,E,157,94420,V,OR,N,N,N,N, ,N,J, ,H, ,0,L, , , , , , , , , , , , , , , , , , , , ,Y,Y, , , , , , , , , , , , , , , , , , , , , , , , , , , , 
3053864.6974288,4443754.0430613,3360,44790,44360,BODRUM,TR,37.033333,27.433333,37,2,N,27,26,E,132,54409C,V,CN,F,N,N,N,N,N, ,E,B, ,1,L,Y, , , , ,Y,Y, , , ,Y, , , ,Y,Y,Y,Y, , ,Y, , , , ,Y, , , , , , , , , , , , , , , , ,Y,Y,Y, , ,C, , 
4246838.57376339,-1951888.82505044,3361,46925,46860,PEBANE,MZ,-17.266667,38.15,17,16,S,38,9,E,171,61150,S,RN,F, , , ,Y, ,L,J, , ,0,M, , , , ,Y,Y, , , , ,Y, , , ,Y, ,Y, , , , ,Y, , , ,Y, , , , , , , , , , , , , , , , , , , , , , , , 
4552967.17344489,-252390.021832347,3362,47110,47090,LAMU,KE,-2.266667,40.9,2,16,S,40,54,E,171,61221,S,CN,F, , ,N,Y,N,N,N,N, ,3, , ,N, , , ,Y, , , , , , , , , , , , ,Y, , , , , , ,Y, , ,N, , , , , , , , , , , , , ,Y, , , , ,N, , 
4508439.37712758,-1455924.27237054,3363,46940,46860,PEMBA,MZ,-12.966667,40.5,12,58,S,40,30,E,171,61182,V,CB,G,N,N,N,Y, ,A,F,M, ,3, ,Y, ,Y,N,Y,Y,N,Y,Y,N,N,Y, ,Y,Y,Y,Y, ,Y, ,Y, , , , ,Y,N, ,N,Y, , , , ,Y,Y,Y,Y, , , , ,Y,Y,Y, , ,C, , 
14226630.9233804,4143515.38091163,3364,60376,60315,GWANGYANG HANG,KR,34.85,127.8,34,51,N,127,48,E,157,95136,M,CN,G,N,N,N, ,N,C,G,B,A,4,L,Y, ,Y, ,Y,Y,Y, , , , , , , ,Y,Y, ,Y, , ,Y,Y, , , ,Y, , , , , , ,Y,Y, , ,Y, , , , ,Y,Y,Y,Y, , ,B,M, 
4521426.65105346,-1383667.57582033,3365,46950,46860,IBO,MZ,-12.333333,40.616667,12,20,S,40,37,E,171,61182,V,CN,F, , , ,Y, ,K,J, , ,3, ,Y, , , ,Y, ,N,Y,Y, , , , , , ,Y, , ,Y, , ,Y, , , ,Y, , , , , , , , , , , , , , , , ,Y, , , , ,D, , 
13475224.3605258,4875634.83237397,3366,0,0, , ,40.066667,121.05,0,0, ,0,0, , , , , , , , , , , , , , , ,0, , , , , , , , , , , , , , , , , , , , , , , , , , , , , , , , , , , , , , , , , , , , , , , , , , , 
4387843.26210153,-975976.799314758,3367,47000,46965,KILWA KIVINJE,TZ,-8.733333,39.416667,8,44,S,39,25,E,171,61190,V,OR,F, ,Y, ,Y, ,K,L,L, ,1, , , , , , , , , , , , , , , , ,Y, , ,Y, , ,Y, , , , , , , , , , , , , , , , , , , ,Y,Y, , , , , , , 
3053864.6974288,4443754.0430613,3368,0,0, , ,37.033333,27.433333,0,0, ,0,0, , , , , , , , , , , , , , , ,0, , , , , , , , , , , , , , , , , , , , , , , , , , , , , , , , , , , , , , , , , , , , , , , , , , , 
4382277.28756187,-760624.379117102,3369,47005,46965,MJIMWEMA TERMINAL,TZ,-6.816667,39.366667,6,49,S,39,22,E,171,61191,V,OR,P,N,Y,N,Y, ,A,E, ,F,3,M,Y,Y,N,N,Y, ,Y,Y, , , ,Y, ,Y, , ,Y,Y,Y, , ,Y, , , ,Y, , ,Y, , , , , , , , , , , , ,Y,Y,Y,N,N,N,N, , 
4354447.41486355,-566617.912505072,3370,47030,46965,TANGA,TZ,-5.083333,39.116667,5,5,S,39,7,E,171,61200,S,CN,F,N,N,N,Y, ,E,L,N,O,4,M,Y, ,N,Y,Y,Y,Y, , , ,Y,Y, , ,Y, ,Y,Y,Y,Y, ,Y, , , ,Y, , ,N,Y,Y, ,Y, ,Y,Y,Y,Y, ,Y,Y, ,Y,N,N, , ,B, , 
4361868.71424977,-687799.380708751,3371,47050,46965,ZANZIBAR,TZ,-6.166667,39.183333,6,10,S,39,11,E,171,61204/3,S,CN,G,N,N,N,Y,Y,J,H,N, ,3,M,Y, , , ,Y,Y,Y, , , ,Y,Y, ,Y,Y, ,Y, ,Y, , ,Y, , , ,Y, , ,N,N,Y, , , , ,Y,Y, , , , ,Y,Y,Y,Y, , ,C,S, 
4736644.33325379,-40817.4252321053,3372,47130,47120,KISMAAYO,SO,-0.366667,42.55,0,22,S,42,33,E,171,61231,V,CB,G,N,Y,N,Y, ,L,L,L, ,2,L,Y, ,Y,N,Y,Y, ,Y, , ,Y,Y, , ,N, ,Y, ,Y, ,Y,Y, , , ,Y, , ,N, , , , , , , ,Y,Y, , , ,Y,Y,N,N,N,N,C, , 
4903623.5694437,122458.962902235,3373,47140,47120,BARAAWE,SO,1.1,44.05,1,6,N,44,3,E,171,61240,V,OR,F, , , , , ,A,F, , ,5, , , , , , , , , , , , , , , , , ,Y, , , , ,Y, , , ,Y, , , ,Y, , , , , , , , , , , ,Y,Y,Y, , , , , , 
6172665.76448702,-514481.996256397,3374,47220,47210,VICTORIA,SC,-4.616667,55.45,4,37,S,55,27,E,171,61542,V,CN,F,N,Y,N,Y,Y,P,G,K,M,2,M,Y,Y,Y,N,Y,Y,Y, ,Y, ,Y,Y,Y, ,Y,Y,Y,Y,Y, ,Y,Y, ,Y, ,Y,Y, ,N,Y, , , ,Y,Y,Y,Y,Y, , , , ,Y,Y,Y,Y,Y,N, , 
4814567.97680908,-1311585.30722595,3375,47300,47295,MORONI,KM,-11.7,43.25,11,42,S,43,15,E,171,61311,V,OR,P, , , ,Y, ,A,B,O,O,3,M,N, , ,Y,Y, ,N, , , , , , ,Y, , ,Y, ,Y, , ,Y, , , ,Y,Y, , , , , , , , , , , , , , ,N,N, , , , , , , 
5037206.95839563,-1434989.35446842,3376,47340,47295,DZAOUDZI,KM,-12.783333,45.25,12,47,S,45,15,E,171,61311,V,OR,P, , , ,Y, ,N,K,J,J,4,M,Y, , , ,Y,Y,Y, , , ,Y, , , ,Y, ,Y, ,Y, , ,Y, , , ,Y,Y, ,N,Y, , , , ,Y, ,Y, , , , ,Y,Y,Y,Y, , ,C, , 
5376731.40531511,-1505468.57179593,3377,47360,47350,ANDOANY,MG,-13.4,48.3,13,24,S,48,18,E,171,61420,V,OR,F, ,Y, , , ,C,F,L,N,4, , ,Y, , ,Y, ,N, ,Y, ,Y, , , , , ,Y, ,Y, , ,Y, , , ,Y, , , ,Y,Y, , , ,Y,Y,Y,Y, , , , ,Y,N,N,N,N,D, , 
3603040.85200895,3458639.47704752,3378,48030,47950,NORTH AIN SUKHNA PORT,EG,29.65,32.366667,29,39,N,32,22,E,172,62194,S,CB,F, , , ,N, ,F,A,F, ,1,M, ,Y, , ,Y,Y,Y, , , ,Y, , , , , ,Y, , , , ,Y, , , ,Y, , ,Y,Y,Y, , ,Y,Y, , , , , , , ,Y, ,Y, , , , , 
4931453.44214202,-2306626.02930323,3379,47430,47350,MORONDAVA,MG,-20.283333,44.3,20,17,S,44,18,E,171,61460,V,OR,P, ,Y, , , ,G,L,P, ,5, , , , , , , ,N, , ,N,Y, , , , , ,Y, ,Y, , ,Y, , , ,Y, , , ,Y,Y, , , , ,Y,Y, , , , , ,Y, , , , , , , 
3406376.41827417,4413583.20023031,3380,44808,44360,ANTALYA OFFSHORE TERMINAL,TR,36.816667,30.6,36,49,N,30,36,E,132,54423,V,OR,P, , , ,Y, , ,D, ,C,0,M, , , , ,Y,Y,Y, , , ,Y,Y, , ,Y, , , ,Y, , ,Y,Y, , ,Y, , ,N, , , , , , , , , , , , , ,Y, , , , ,N, , 
4860951.09797295,-2676421.40784122,3381,47460,47350,TOLIARA,MG,-23.366667,43.666667,23,22,S,43,40,E,171,61472,V,OR,F, , , ,Y, ,J,K,L,L,3,M,Y, , , ,Y,Y, , ,Y, ,Y, , , , , ,Y, ,Y,N,Y,Y, , , ,Y, , ,N,Y,Y, , , ,Y,Y,Y,Y, , , , ,Y,N,N,N,N, , , 
3692096.44464357,3369283.69317099,3382,48025,47950,RAS BADRAN OIL TERMINAL,EG,28.95,33.166667,28,57,N,33,10,E,172,62195,V,OR,P,Y,Y, , , ,A,A,N,A,1,M,Y, , , ,Y,Y,Y, ,Y,Y,Y,Y, ,Y,Y,Y,Y,Y, , , , ,Y, , ,Y, , ,Y, , , , , , , ,Y, , , , ,N,N,N,N, , ,N, , 
3115090.41736511,5012341.66384751,3383,44542,44360,BOTAS NATURAL GAS TERMINAL,TR,41,27.983333,41,0,N,27,59,E,132,55042,V,OR,P, , , ,Y, , , , ,J,0,M, , , , ,Y,Y,Y, , , ,Y, , , ,Y, ,Y, , , ,Y, , , , , ,Y, ,N,Y, , , , , ,Y, , , , , ,Y,Y,Y,Y, , , , , 
3603040.85200895,3462909.89484148,3384,48035,47950,SOKHNA PORT GAS TANKER TERMINAL,EG,29.683333,32.366667,29,41,N,32,22,E,172,62194,V,CB,F, , , , , ,L,A, ,L,0,M, , , , ,Y,Y,Y, , , ,Y, , , , , ,Y, , , , ,Y, , , , , , , , , , , , , , , , , , , , , , , , , , , , 
5380442.05500822,-2421713.50403926,3385,47510,47350,MANANJARY,MG,-21.25,48.333333,21,15,S,48,20,E,171,61530,V,OR,F,Y, , , , ,A,G,P, ,1, , , , , , , ,N, ,N, ,N, , , , , ,Y, ,Y, , ,Y, , , ,Y, , , ,Y, , , , , ,Y,Y,Y, , , ,N,N,N,N,N,N,D, , 
4022344.26733029,4420538.0995859,3386,44802,44360,BOTAS DORTYOL OIL TERMINAL,TR,36.866667,36.133333,36,52,N,36,8,E,132,54481,V,OR,P, , , , , , ,K, ,G,0,M, , , , ,Y,Y,Y, , , , ,Y,Y, ,Y,Y, , , , , , , , , , , , , , , , , , , , , , , , , , ,Y,Y,Y, , , , , 
-17599611.4944166,2423704.29175595,3387,56270,56045,BARBERS POINT TERMINAL,US,21.266667,-158.1,21,16,N,158,6,W,CP07,19339,V,OR,P, , , ,Y, , ,B, ,B,0,M,N,Y, , ,Y,Y,Y, , , ,Y, , ,Y,Y,Y,Y, , , , ,Y,Y, , ,Y,Y, ,Y, , , , , , , , , , , , ,Y, , , , , , , , 
4003791.01886474,4427497.55186868,3388,44801,44360,TOROS GUBRE,TR,36.916667,35.966667,36,55,N,35,58,E,132,54481,V,OR,P, ,Y, ,Y, , ,A,N,N,0, ,Y, , , ,Y,Y,Y, , , , , ,Y,Y,Y,Y,Y, , ,Y, , ,Y, , ,Y,Y, , ,Y,Y, ,Y,Y, ,Y, , , , , , ,Y,N,N, , ,C, , 
5501038.17003427,-2057065.83704824,3389,47540,47350,TOAMASINA,MG,-18.166667,49.416667,18,10,S,49,25,E,171,61538,S,CB,G,Y,Y,N,Y, ,K,G,N,H,1,M,Y, ,Y,N,Y,Y,Y, ,Y,Y,Y, ,Y, ,N, ,Y, ,Y,Y,Y,Y, , , ,Y,Y, ,N,Y,Y,Y, , ,Y,Y,Y,Y, , , ,Y,Y,Y,Y, , ,C, ,M
-1495391.82632297,3133887.01127107,3390,45809,45805,LAAYOUNE,EH,27.083333,-13.433333,27,5,N,13,26,W,143,51400,V,CN, , ,Y, ,Y, , ,A,M, ,2,M,Y, , , , ,Y, , , , ,Y, , ,Y, , ,Y, ,Y, ,Y, ,Y, , , ,N, , , , , , , , , , , , , , , ,N,N, , , ,N, , 
5847983.91633997,3190264.18667092,3391,48475,48410,BANDAR-E PARS TERMINAL,IR,27.533333,52.533333,27,32,N,52,32,E,172,62520,V,OR,P,Y,Y, , , , ,A,L,A,0,M, , , ,N, , ,Y, , , , , , , , , , , , , , , , , , , , , , , , , , , , , , , , , , , , , , , , , , , 
4027910.24186995,4399687.01535857,3392,44803,44360,YAKACIK,TR,36.716667,36.183333,36,43,N,36,11,E,132,54481,V,CB,F, , , ,Y, ,E,D,N,G,0,M,Y,Y, , , , , , , , ,Y, , , ,Y,Y,Y, , , , , , , , ,Y,Y, , , ,Y, ,Y,Y,Y,Y,Y, , , , ,Y,Y,Y,Y, , ,N, ,S
5486195.57126183,-1376071.92210791,3393,47630,47350,ANTISRANANA,MG,-12.266667,49.283333,12,16,S,49,17,E,171,61562,S,CB,G,Y,N,N,Y, ,G,L,L,L,2,L,Y, ,Y,N,Y,Y,Y,N,Y, ,Y,Y, , , , ,Y,Y,Y, ,Y,Y,N,N,N,Y,N,N,N,Y,Y, , , , ,Y,Y,Y, ,Y,Y,Y,Y,N,N,Y,Y,B,M, 
77923.6435552915,6698306.30555927,3394,31375,31330,ISLE OF GRAIN,GB,51.433333,0.7,51,26,N,0,42,E,192,37030,S,CN,F,Y, , ,Y, ,J,G,H,H,4,L, , , , ,Y,Y,Y, , , ,Y, ,Y,Y,Y, ,Y, ,Y,Y,Y, , , , ,Y,Y, ,Y,Y,Y, , , , ,Y,Y, , , , , ,Y,Y,Y, , ,C, ,S
2627139.98272126,4645561.54422652,3395,42327,42010,CHALKIS,GR,38.466667,23.6,38,28,N,23,36,E,132,54347,S,CN,F, ,Y, ,Y,Y,M,N,N,O,0,M, , , , ,Y,Y,Y, , , ,Y,Y,Y,Y, , ,Y,Y, ,Y,Y,Y, , , ,Y, , ,Y, ,Y,Y, ,Y, ,Y, , , , , ,Y,Y, , , , ,A, , 
5584527.78812922,3469318.17797235,3396,48464,48410,BARKAN OIL-LOADING TERMINAL,IR,29.733333,50.166667,29,44,N,50,10,E,172,62540,V,OR,P,Y,Y, ,Y, ,E,A, ,F,2,M, , , , ,Y,Y,Y, ,Y, ,Y,Y, , , ,Y,Y, ,Y, , , ,Y, , ,Y,N, ,N, , , , , , , , , , , , ,Y,N,Y, , , ,N, , 
6172665.76448702,-2375987.09505349,3397,47680,47670,SAINT-DENIS,RE,-20.866667,55.45,20,52,S,55,27,E,171,61582,V,OR,F, ,Y, ,Y, ,A,E, , ,0,L, , , , , , ,Y, , , , , , , , ,Y,Y, , ,Y, , , , , ,Y, , , , , , , , , , , , , , , , , , , , , , , , 
146570.66287781,6791089.85724533,3398,31560,31330,FELIXSTOWE,GB,51.95,1.316667,51,57,N,1,19,E,192,37054,V,RN,F,Y,N,N,Y, ,G,J,M,L,2,L, , ,Y,N,Y,Y,Y, ,Y, ,Y, ,Y,Y,Y,Y,Y, ,Y,Y,Y, , , , ,Y,Y, ,Y,Y,Y, , , ,Y,Y,Y,Y,N,Y,Y, ,Y,Y,Y,Y,Y,B, ,S
4026054.91702339,4418219.2944757,3399,44804,44360,DELTA TERMINAL,TR,36.85,36.166667,36,51,N,36,10,E,132,54481,V,OR,P, , , ,Y, , ,A, ,M,0,M, , , ,N,Y,Y,Y, , , ,Y,Y, , , , ,Y, , , ,Y,Y,Y, , ,Y, , ,N, , , , , , , , ,Y, ,Y,Y,Y, ,Y,Y, ,Y,B, , 
-2454594.77199168,9362472.49364681,3400,75,60,STRAUMSVIK,IS,64.05,-22.05,64,3,N,22,3,W,181,38604,V,CN,F,N,N, ,Y,N, ,A, , ,0,L,Y,Y,N,N,N, ,Y, , , , , , , ,Y, , , ,Y, ,Y,Y, , , ,Y, , ,N, , , , , , , , , , , , , , , , , , , , , 
6154112.51602147,-2383931.07319847,3401,47695,47670,PORT OUEST,RE,-20.933333,55.283333,20,56,S,55,17,E,171,61582,S,CB,F, ,Y, ,Y, ,K,A,L, ,1,L, , , , ,Y,Y,Y, , , ,Y,Y,Y, ,Y,Y, , ,Y, ,Y,Y, , , ,Y,Y, ,N,Y, , , , , , , , , , , , ,Y,Y,Y, , ,C, , 
5332203.6089978,3527137.46882994,3402,48404,48375,KHAWR AL ZUBAIR,IQ,30.183333,47.9,30,11,N,47,54,E,172,62570,V,RN,F,Y,Y, ,Y, ,O,J,L, ,3,M, , , , ,Y,Y, , , , ,Y, ,Y, , , ,Y, ,Y,Y, , , , , ,Y, , , , , , , , , ,Y, , , , , , ,Y,Y, , , , , ,S
-2586322.83609706,9922610.51737228,3403,185,60,BOLUNGAVIK,IS,66.166667,-23.233333,66,10,N,23,14,W,181,38690,V,CB,F,N, ,Y, , ,A, ,M, ,0,L, , ,N,N,N, , , , , , , , , ,Y, , , ,Y, ,Y, , , , ,Y, , , , , , , , , , , , , , , , , , , , , , , , 
6400870.72061323,-2290808.9779104,3404,47720,47710,PORT LOUIS,MU,-20.15,57.5,20,9,S,57,30,E,171,61592,S,CB,G,Y,Y,N,Y, ,J,C,L,J,1,M, ,Y,Y,Y,Y,Y,Y, , ,Y,Y,Y,Y, , ,Y,Y,Y,Y, ,Y,Y,Y, , ,Y,Y, ,N,Y,Y, , , ,Y,Y, , , ,Y,Y,Y,Y,Y,Y,Y,Y,B,M, 
2985217.67810629,4724059.21083097,3405,44740,44360,DIKILI,TR,39.016667,26.816667,39,1,N,26,49,E,132,54382,V,OR,F, , , ,N,N, ,C,M, ,0,M, , , , ,Y,Y, , , , , , , , , , , , , , , , , , , ,Y, , , , , , , , , , , , , , , , ,Y, , , , , , ,S
-2061265.90452212,9872285.89589324,3406,280,200,DALVIK,IS,65.983333,-18.516667,65,59,N,18,31,W,181,38681,V,CB,F, , , , , ,N,B,B, ,0, ,Y, , , , ,N, , , , , , , , ,Y, , , , , ,Y, , , , ,Y, , , , , , , , , , , , , , , , , , , , , , , , 
7059511.0411401,-2235554.90360731,3407,47750,47740,PORT MATHURIN,MU,-19.683333,63.416667,19,41,S,63,25,E,171,61601,V,CN,F, ,Y, ,Y, ,L,F, , ,4, , ,Y, , , ,Y, , , , ,Y, , , , ,Y, , , , , , , , , , , , , ,Y, , , , ,Y,Y, , , , , ,Y, , , , , , , , 
3289490.95294123,4977985.73170289,3408,44622,44360,GEBZE,TR,40.766667,29.55,40,46,N,29,33,E,132,55049,V,OR,F, , , , ,N, ,E,L,G,0,L, , , , , , , , , , ,Y, , , ,Y,Y, , , ,Y, , ,Y, , , , , , ,N,N,N, , , , , , , , , , ,Y,Y, , , , , ,S
-666061.619913087,7179631.38818729,3409,33145,32790,KILKEEL,GB,54.05,-5.983333,54,3,N,5,59,W,141,36006,V,CN,F, , , ,Y,N,P,J,P, ,4,M,Y, , , ,Y, , , , , , , , , , , ,Y,Y, , , , , , , ,Y, , , , , , , , , , , ,Y, , ,Y,Y,Y,Y,Y,Y,Y,B, , 
5334058.93384436,3520700.13954776,3410,48406,48375,KHAWR AL ZUBAIR LNG TERMINAL,IQ,30.133333,47.916667,30,8,N,47,55,E,172,62570,V,RN,F,Y,Y, ,Y, ,O,J, ,L,3,M, , , , ,Y,Y, , , , ,Y, ,Y, , , ,Y, ,Y,Y, , , , , ,Y, , , , , , , , , ,Y, , , , , , ,Y,Y, , , , , ,S
-7178251.83131959,6246628.71898454,3411,5510,5501,GASPE,CA,48.833333,-64.483333,48,50,N,64,29,W,145,14187,S,CN,G,N,N,Y,N,Y,B,M,K,L,2,L,Y, ,Y,N,N,N,N,Y,Y,N,Y,Y,Y, ,Y,Y,Y, ,Y,Y,Y, , , , ,Y, , ,N, , , , , , , ,Y,Y, , , ,Y,Y,Y,Y, , ,C,M, 
3074273.27074091,4474011.08822948,3412,44751,44360,GULLUK,TR,37.25,27.616667,37,15,N,27,37,E,132,54400,V,CB,F, , , , , , ,C,L, ,1, ,Y, , , ,Y,Y, , , , ,N, , , , , ,Y, , , , , , , , ,Y, , , ,N,N,N, , , , , , , , , , ,Y, ,Y, , , , , 
-4699537.8363227,8745434.75360475,3413,542,540,QUTDLEQ,GL,61.516667,-42.216667,61,31,N,42,13,W,181,38060,V,CN,G,N,N,N,Y,N,A,A, , ,0,M,Y, ,N,N,N, ,N, ,N, ,N, , , , , , , , , , , , ,Y, ,N,N,N,N, , , , , , , ,N, , , , , , , , , , ,N, , 
3306188.87656022,4982886.31657054,3414,44603,44360,YARIMCA,TR,40.8,29.7,40,48,N,29,42,E,132,55049,S,OR,F, , , , , , ,G,M,K,0, , , , , ,Y,Y,Y, , , ,Y, ,Y,Y,Y,Y,Y, , , , , , , , , , , , ,Y,N,N, ,Y, , ,Y, , , , , ,Y, , , , , , ,S
-7627240.44418579,6182047.99917679,3415,2030,1930,RIMOUSKI,CA,48.45,-68.516667,48,27,N,68,31,W,145,BA312,S,RN,G,N,N,Y,Y,N,N,L,M,N,5,M,Y,Y,Y,N,Y,N,Y,N,Y, ,N,Y,Y, ,Y,Y,Y, ,Y,Y,Y, , , , ,Y, , ,N, ,Y, , , , , ,Y,Y, , , ,Y,Y,Y,Y, , ,C,S, 
5571540.51420334,3106823.36425411,3416,48342,48330,JU AYMAH LPG TERMINAL,SA,26.866667,50.05,26,52,N,50,3,E,172,62415,V,OR,P,Y,Y, ,Y, ,C,C, ,A,0,M, , , , , ,Y,Y, ,Y, , , , , ,Y,Y,Y, , , , , ,Y, , ,Y, , , ,Y, , , , , , , , , , , , , ,Y, , , , , , 
4237561.94953061,5550954.22762416,3417,44210,44030,GELENDZHIK,RU,44.55,38.066667,44,33,N,38,4,E,BA24,55129,V,CN,F,N,N,Y,Y, ,N,B,O, ,0,M, , ,N,N,Y,Y,Y, , ,N,Y, ,Y,Y, , ,Y, ,Y,Y, , ,Y, , ,Y, , ,N, ,Y, , , , ,Y, , , , , ,Y,Y,Y, , , , , , 
-7911105.14570864,6179251.23314155,3418,2130,1930,CHICOUTIMI (PORT SAGUENAY),CA,48.433333,-71.066667,48,26,N,71,4,W,145,14246,S,RN,G,Y,N,Y,Y,Y,N,A,H,L,5,M,Y,Y,Y, ,Y,Y,Y,N,Y,Y,Y,Y,N, , , ,Y,Y,Y, ,Y, ,Y, , ,Y, , ,N, ,Y, , , ,Y,Y,Y, , , , ,Y,Y,Y,Y,Y,Y,C,S, 
-4699537.8363227,8804026.25096174,3419,543,540,KUSANARTOQ,GL,61.766667,-42.216667,61,46,N,42,13,W,181,38060,S,CN,G,N,N,Y,Y,N,H,E, , ,6,M,Y, ,N,N,N, ,N, ,N, ,N, , , , , , , , , , ,Y, , , , , ,N,N, , , , , , , ,N, , , , , ,Y, , , , ,D, , 
3122511.71675132,5517172.0260157,3420,43566,43540,CERNAVODA,RO,44.333333,28.05,44,20,N,28,3,E,BA24,BA2230,V,RN,P, , , ,Y,Y,M, ,P,P,0,M, , , , ,Y, , , , , , ,Y,Y, , , ,Y, , , ,Y, , , , , ,Y, ,Y,Y,Y, , , , ,Y, , , , , , ,Y,Y,Y, , ,C, , 
-395184.192316121,7082265.97417405,3421,34650,34580,LIVERPOOL BAY TERMINAL,GB,53.533333,-3.55,53,32,N,3,33,W, ,36025,V,OR,P, , , ,Y, , , , ,A,8,M, ,Y,Y,N,Y,Y,Y, , , ,Y, , , ,Y,Y,Y, , , , , ,Y, , ,Y,N, ,N, , , , , , , , , , , , ,N,N,N, , , ,C, , 
5551131.94089124,3110983.61619924,3422,48341,48330,RAS AL GHAR,SA,26.9,49.866667,26,54,N,49,52,E,172,62418,V,CB,F,Y,Y, , , ,K,K,J, ,0, , , , , ,Y,Y,Y, , , , , , , , , , , , , , , , , , ,Y,N, ,N, , , , , , , , , , , , , , , , , , , , , 
3165184.18822208,5491270.56421986,3423,43558,43540,BASARABI,RO,44.166667,28.433333,44,10,N,28,26,E,BA24,BA2214,V,RN,P, , , ,Y, ,M, ,M,M,0, , , , , , , , , , , , , , , , , ,Y, , ,Y,Y, , , , ,Y,Y, ,N,Y,Y, , , , ,Y, , , , , , ,Y, , , , , , ,S
133583.388951928,6636047.68341713,3424,35700,35220,FOLKESTONE HARBOUR,GB,51.083333,1.2,51,5,N,1,12,E,191,37121,S,CB,G,Y,N,N,Y, ,Q,E,N, ,6,M,N,N,Y,N,Y,Y,Y, ,N, , , , , ,Y, ,Y, ,Y,Y,Y, , , , ,Y, , ,Y, ,Y, , , , ,Y, , , , , ,Y,Y,Y,Y, , ,C, , 
2679089.07842478,4537132.13004294,3425,42120,42010,LAVRIO,GR,37.7,24.066667,37,42,N,24,4,E,132,54344,V,CB,F, , , , , ,N,H,N,N,0,M, , , , ,Y,Y,Y, , , ,Y,Y, ,Y, , ,Y,Y,Y,Y, , , , , ,Y,Y, ,Y,N,N,N, , , , ,Y, , , , , ,Y,Y,Y, , ,C, , 
3137354.31552376,5506802.63108863,3426,43565,43540,DANUBE-BLACK SEA CANAL,RO,44.266667,28.183333,44,16,N,28,11,E,BA24,BA2230,M,LC,P, , , ,Y,Y,M, , , ,0, , , ,Y,N,Y,Y,Y, , , ,Y, , , , , ,Y, ,Y, ,Y, , , , ,Y, , , , , , , , , , ,Y, , , , , ,Y,N,N, , ,N, , 
6226470.1850371,2997016.85183576,3427,48280,48260,HULAYLAH OIL TERMINAL,AE,25.983333,55.933333,25,59,N,55,56,E,172,62392,V,OR,P,Y,Y, ,Y,Y,C,A, ,C,0,M, , , ,N,Y,Y,Y, , , ,Y, , , ,Y,Y,Y, , , , , ,Y, , , , , , , , , , , , , , , , , , , , , , , , , , , 
3146630.93975653,5504212.12046413,3428,43562,43540,MEDGIDIA,RO,44.25,28.266667,44,15,N,28,16,E, ,BA2230,V,LC,P, , , ,Y,Y,N, ,M,M,0,L, , , ,N,Y, , , , , ,Y,Y,Y, ,Y,Y, , ,Y,Y,Y, , , , , ,Y, , ,Y,Y, , , , ,Y, , , , , , ,Y, , , , ,N, ,S
3150341.58944964,5690000.89058299,3429,43925,43620,RENI,UA,45.433333,28.3,45,26,N,28,18,E,BA24,BA2214,V,RN,F, , ,Y,Y, ,M,K,O,M,6, , , , ,N,Y,Y,Y, , , ,Y, ,Y, , , ,Y,Y, , , , , , , , ,N, ,Y,Y,Y,Y, ,Y,Y,Y,Y, , , , ,Y,Y,Y, ,Y, ,C, , 
3191158.73607384,5519766.2160404,3430,43568,43540,MIDIA,RO,44.35,28.666667,44,21,N,28,40,E, ,BA2282,V,OR,F,Y,Y, ,Y, ,N,C,L, ,0, , , , ,N,Y, , , , , ,Y,Y, , ,Y, ,Y, ,Y,Y, , , , , , ,Y, ,Y,Y, , , , , ,Y, , , , , , ,Y,Y,Y, , ,B,M,S
5334058.93384436,1572304.49439729,3431,48214,48195,RUDUM TERMINAL,YE,13.983333,47.916667,13,59,N,47,55,E,172,62302,V,OR,P,Y,Y, , , , ,M, , ,0,M, , , , ,Y, , ,Y, , , , , , , , ,Y, , , , , , , , , , , , , , , , , , , , , , , , , , , , , , , , , 
3207856.65969283,5647798.01509962,3432,43572,43540,TULCEA,RO,45.166667,28.816667,45,10,N,28,49,E, ,55100,V,RN,F, , , , , , , ,P, ,0,L, , , ,N,Y,Y,Y, , , ,Y,Y,Y, , , ,Y, ,Y,Y, , , , , ,Y,Y, ,Y,Y,Y, , , , ,Y,Y, , , , , ,Y,Y,Y, , ,B,M,S
3380401.87042241,5809777.34710771,3433,43700,43620,BELGOROD-DNESTROVSKY,UA,46.183333,30.366667,46,11,N,30,22,E,BA24,55085,V,CN,F, , , ,Y,Y,N,G,O, ,0,M,Y, , ,N,Y,Y,Y,Y, , ,Y, , , , , ,Y, ,Y,Y,Y, , , , , , , , ,Y,Y,Y, , ,Y,Y, , , , , , ,Y,Y,Y, , ,C, ,M
5363744.13138923,1570392.57913098,3434,48216,48195,BALHAF,YE,13.966667,48.183333,13,58,N,48,11,E,172,62302,V,OR,P,Y,Y, , , , ,M,L, ,0,M, , , , ,Y, , ,Y, , , , , , , , ,Y, , , , , , , , , , , , , , , , , , , , , , , , , , , , , , , , , 
3549236.43145887,5898655.39066796,3435,43677,43620,DNIPRO-BUZKYY,UA,46.733333,31.883333,46,44,N,31,53,E,BA24,BA2203,S,CB,F, , ,Y,Y,Y,K,K,N, ,0,M, ,Y, ,N,Y,Y,Y, , , ,Y,Y,Y, ,Y,Y,Y, , , ,Y, ,Y, , , , , ,N,Y,Y, , , ,Y,Y, , , , , , ,Y,Y,Y, , ,C,S, 
3554802.40599854,5914912.13450823,3436,43673,43620,PORT OKTYABRSK,UA,46.833333,31.933333,46,50,N,31,56,E,BA24,55101,V,CN,F, , , ,Y,Y,K,M,K, ,0,M,Y, , , ,Y,Y, , , , ,Y, , , , , , , , ,Y,Y,Y, , , , , , , ,Y,Y, , , ,Y,Y,Y, , , , , , , , , , , , ,L
16345411.8981457,-5032028.23677554,3437,54940,54700,PORT DALRYMPLE,AU,-41.133333,146.833333,41,8,S,146,50,E,127,75207,M,CN,G,Y, , , , ,K,M, , ,0,L,Y,Y, , ,Y,Y, ,Y, , , , , , , , ,Y, , , , , , , , , , , , , , , , , , , , , , , , , , , , , , , , , 
4643878.09092606,5175970.74920631,3438,44345,44275,SUPSA MARINE TERMINAL,GE,42.1,41.716667,42,6,N,41,43,E,BA24,55138,V,OR,P, , , ,Y,Y,A,G, , ,0,M, , ,Y, , ,Y,Y, , ,Y,Y, ,Y,Y, , ,Y, ,N, , , ,Y, , ,Y,N, ,N, , , , , , , , ,Y, ,Y,Y,N,N,N,N, , ,B, , 
3306188.87656022,5695290.24714939,3439,43747,43620,UST-DUNAISK,UA,45.466667,29.7,45,28,N,29,42,E,BA24,55131,V,CN,P, , , ,Y,Y,J,J,Q, ,0,M,Y, , ,N,Y,Y, , , , , , , , ,Y, ,Y,Y, , , , , , , ,Y,Y, ,Y, , ,Y, ,Y, , ,Y, , , , , ,Y,Y,Y, , ,N, , 
12621774.9311107,-2779832.19962795,3440,54565,53290,CAPE CUVIER,AU,-24.216667,113.383333,24,13,S,113,23,E,175,74530,V,OR,P,Y,Y, ,Y, ,E,G,G, ,1,M,Y, , ,N,Y,Y,Y, , , ,Y,Y,Y,Y, , ,Y, ,N, , , ,Y, , ,N, , ,N, , , , , , , ,Y, , , , ,N,N,N,N, , ,N, , 
-3146630.93975653,4636087.52713946,3441,38083,38060,LAJES,PT,38.4,-28.266667,38,24,N,28,16,W,143,51061,V,CB, , , , , , ,P,A, , ,0, , , , , , ,Y, , ,Y, , , , , , , , ,Y,Y, , , , , , , , , , , , , , , , , , , , , , , , , , , , , , , 
2716195.57535587,5002513.31317556,3442,42600,42010,KAVALA,GR,40.933333,24.4,40,56,N,24,24,E,132,54365,S,CB,G,Y,N,N,Y, ,J,A,L,A,1,M,Y, ,Y,N,Y,Y,Y, , , ,Y,Y,Y, , , ,Y,Y,Y,Y,Y, ,Y, , ,Y, , ,Y, ,Y, , , , ,Y, , , , , ,Y,Y,Y,Y, , ,C, ,S
7842458.12638612,2625973.10225468,3443,48635,48610,NAVLAKHI,IN,22.95,70.45,22,57,N,70,27,E,173,63065,V,OR,P,Y,N,N,Y,N,J,J, , ,6,L,Y, ,Y,N,Y,Y,Y,Y,Y, ,Y,Y, , ,Y,Y,Y,Y,Y,Y,N,Y, , , ,Y, , , , ,Y,Y, , , ,Y,Y, , , , , ,Y,Y, , , ,C,S,S
2998204.95203217,4697826.04287959,3444,43334,43325,ALIAGA,TR,38.833333,26.933333,38,50,N,26,56,E,132,54382,V,CB,F, , , ,Y, , ,L, ,M,1,M,Y, , , ,Y,Y,Y, , ,Y,Y, ,Y, ,Y, ,Y, , ,Y,Y,Y, , , ,Y,Y, ,Y,Y, , ,Y,Y,Y,Y,Y, , , , ,Y,Y,Y,Y, , ,N, ,S
10781292.6833285,1465445.23065524,3445,49685,49610,YETAGUN MARINE TERMINAL,MM,13.05,96.85,13,3,N,96,51,E,173,63430,V,OR,P,Y,Y, ,Y, ,A, , ,A,1, , , , , ,Y,Y,Y, ,Y,Y,Y, , ,Y,Y,Y,Y,Y,N, , ,Y,Y, , ,Y,N, ,N, , , , , , , , , , , , , ,N,N,N, , ,N, , 
15336115.18162,-4159352.19935812,3446,54210,53290,KLEIN POINT,AU,-34.966667,137.766667,34,58,S,137,46,E,175,75136,V,OR,P, , , ,Y, ,M,N,M, ,2,M, , , , , , , , , , ,Y, ,Y, , , ,Y, , , , , , , , ,Y,Y, ,N, , , , , , , , , , , , , ,N,N,N, , ,N, , 
3194869.38576695,5007426.24734648,3447,43388,43325,AMBARLI,TR,40.966667,28.7,40,58,N,28,42,E,BA24,55046,V,CN,G, , , ,Y, , ,N,N,J,0, , , , , ,Y,Y,Y, , , ,Y,Y,Y, , , ,Y, , , , , , , , , ,Y, , ,Y,Y, ,Y,Y,Y,Y,Y, , , , , ,Y,Y,Y, , ,C, , 
-3029745.4744236,4671660.35828889,3448,38090,38060,ANGRA DO HEROISMO,PT,38.65,-27.216667,38,39,N,27,13,W,143,51064/1,V,CN,F, , , ,Y, ,H,A,M, ,2,M,N, , ,Y,Y,Y, , , , , ,Y,Y, , , ,Y,Y,Y, ,Y,Y, , , ,Y,N, , ,Y, , , , , ,Y,Y,N,N,N,N, ,Y,Y,Y,N,N, , , 
-3011192.22595805,4681167.38350058,3449,38095,38060,PRAIA DE VITORIA,PT,38.716667,-27.05,38,43,N,27,3,W,143,51064,V,CN,F,Y,Y, ,Y, ,E,A,H, ,2,M,Y, , ,Y,Y,Y,Y, , ,N,N,Y,Y, , , ,Y, ,Y, , ,Y, , , ,Y,N, , ,Y, , , , ,Y,Y,Y,Y,N,N,N,Y,Y,Y,Y,N,N, , , 
-2857200.26369402,4541822.94653286,3450,38100,38060,PONTA DELGADA,PT,37.733333,-25.666667,37,44,N,25,40,W,143,51082,S,CB,G,N,N,N,Y, ,L,H,J, ,2,M,Y,Y,Y,Y,Y,Y,Y, ,Y,N,Y, ,Y,Y,Y, ,Y, ,Y, ,Y,Y,N,N,N,Y,Y, ,N, ,Y, , , ,Y,Y,Y,Y,N,N,N,Y,Y,Y,Y,N,N,C,S,S
-2799685.19345083,4429818.38300524,3451,38110,38060,VILA DO PORTO,PT,36.933333,-25.15,36,56,N,25,9,W,143,51081,V,CN,F, , , , , ,H,A,N,J,2,L, , , , , ,Y,Y, , , , , , , , , ,Y, , , , , , , , , , , , , , , , , , , , , , , , ,Y,Y,Y, , , ,D, , 
12926048.2059456,678469.495833374,3452,49845,49820,SAPANGAR BAY,MY,6.083333,116.116667,6,5,N,116,7,E,163,71320,S,CN,F, , , , , ,J,B,K,J,1, , , , , ,Y, ,Y, , , , , , , , , , ,Y, , , , , , , , , , , , , , , , , , , , , , , , , ,Y, , , , , , 
11668137.9599816,516343.382172659,3453,49875,49820,MALONG MARINE TERMINAL,MY,4.633333,104.816667,4,38,N,104,49,E,161,93110,V,OR,P, , , ,Y, ,A,A, ,A,3,L, , , , , , ,Y,Y,Y,Y,Y, ,Y, , ,Y,Y,Y, , , ,Y,Y, , ,N,N, ,N, ,Y, , , , ,Y, , , , , ,N,N,N, , , ,N, , 
11669993.2848282,-332253.314542874,3454,50300,50020,SUNGAIGERONG,ID,-2.983333,104.833333,2,59,S,104,50,E,163,71223,V,RN,G,Y,Y,N,Y,Y,N, ,K,L,2,M,Y,Y,Y,N,Y,Y,Y, ,Y, ,Y,Y, ,Y, , ,Y,Y,Y,Y,Y, , , , ,Y,N, ,Y, ,Y, ,Y,Y,Y,Y,Y, , , , ,Y,Y,Y,Y,Y,Y,C,S,S
12623630.2559572,-3009405.79978153,3455,54555,53290,USELESS LOOP,AU,-26.083333,113.4,26,5,S,113,24,E,175,74535,V,OR,P, , , , ,Y,K,H,K, ,2, , , , , ,Y,Y,Y, , ,N,N,Y,Y, , , ,Y, ,Y, , , ,Y, , ,Y,N, ,N, , , , , , , ,Y, , , , ,N,N,N,N, , ,N, , 
205941.057967556,6615399.55871095,3456,35750,35720,CALAIS,FR,50.966667,1.85,50,58,N,1,51,E,191,37126,S,CB,G,Y,N,N,Y,Y,L,D,J, ,6,M,Y, ,Y,N,Y,Y,Y, ,Y, ,Y,Y,Y,Y,Y,Y,Y, ,Y,Y,Y, , , , ,Y,Y, ,Y,Y,Y, , , ,Y,Y,Y, , , , ,Y,Y,Y,Y,Y,Y,A,S,S
-17601466.8192631,2429678.00821494,3457,56272,56050,BARBER'S POINT,US,21.316667,-158.116667,21,19,N,158,7,W,CP07,193991,V,CB,F, , , ,Y,Y,H,A,J,N,1,M, , , , , ,Y,Y, , ,N,N, ,Y,Y,Y,Y,Y, , , , , , , , ,Y,N, , , , , , , , , , ,Y,Y,Y,Y,Y,Y,Y,Y,Y,Y,A,M, 
-8152297.37576074,-417746.445889447,3458,12570,12565,IQUITOS,PE,-3.75,-73.233333,3,45,S,73,14,W,124,BRP4116,S,RN,E, , , ,Y, ,M, ,M,M,2,L, , , , ,Y, ,Y, , , , ,Y, ,Y, , ,Y,Y,Y, ,Y, , , , ,Y, , ,N, , , , , , ,Y,Y, , , , ,N,Y,Y,N, , ,C, , 
17497568.6278561,-917826.540022466,3459,56975,56940,PORT NORO,SB,-8.216667,157.183333,8,13,S,157,11,E,126,82304,S,OR,F, , , ,Y, ,A,A,L, ,0,L, ,Y, , ,Y, ,Y, , ,N,N, , , , , , ,Y,Y, , , , , , ,Y, , , , , , , , , , ,Y, , , , ,N,N,N,N, , , , , 
-4938874.74152824,-285815.635872249,3460,12585,12575,ITAQUI,BR,-2.566667,-44.366667,2,34,S,44,22,W,124,24271/4,S,CN,G,Y, , ,Y,Y,F,D,E,D,7,L,Y,Y,Y,N,Y,Y,Y, , , ,Y,Y, ,Y,Y,Y,Y,Y,Y,Y,Y,Y,Y, , ,Y,N, ,Y,Y,Y, ,Y, , ,Y,Y,Y,N,N,N,Y,Y,Y, ,N,N,N, ,L
11885210.9670285,1211322.6749887,3461,57657,57510,THANH HOA,VN,10.816667,106.766667,10,49,N,106,46,E,161,93600,V,CN,F, , , ,Y, ,O,M, , ,2, , , ,Y, ,Y,Y,Y, , , ,Y,Y,Y,Y, , ,Y,Y, , , , , , , , , , , , , , , , , ,Y, , , , , ,Y,Y,Y,Y, , , , , 
-4283945.07069448,-414027.905050434,3462,12650,12575,PORTO DE MUCURIPE,BR,-3.716667,-38.483333,3,43,S,38,29,W,124,24251,S,OR,G,Y,N,N,N,Y,K,M,K,K,2,L,Y,Y,N,N,Y,Y,Y, ,Y,N,Y,Y, ,Y,Y, ,Y, ,Y,Y,Y,Y, , ,N,Y,Y,N,N,Y, ,Y, , ,N,Y,Y,Y,N, , , ,Y,Y,Y, , ,B, ,S
-3918446.07592323,-644893.739140545,3463,12690,12575,NATAL,BR,-5.783333,-35.2,5,47,S,35,12,W,124,24234/3,S,RN,G,Y,N,N,Y,Y,L,K,L,M,2,L,Y,Y,Y,N,Y,Y,Y, ,Y,N,N,Y, , ,Y,Y,Y,Y, ,Y,Y,Y, , , ,Y,N,N,N,Y, , , , , ,Y,N,Y, , , , ,Y,Y,Y,Y,Y,C,S,M
11773891.4762352,2127483.86308856,3464,57660,57510,NGHE TINH,VN,18.766667,105.766667,18,46,N,105,46,E,161,93580,S,RN,F,Y,Y,N,Y,N,O,L,O, ,2, , , ,Y,N,Y,Y,Y,Y,Y, ,Y,Y,Y,Y, ,Y,Y, , , ,Y, , , , ,Y, , ,N, , , ,Y, ,Y, , , , , , , ,Y,Y, , , ,C,S, 
-4124387.13389079,-1222657.88219819,3465,12760,12700,PORT DE ARACAJU,BR,-10.916667,-37.05,10,55,S,37,3,W,124,24211,S,RN,F,Y,N,N,Y, ,P,K,N,G,2,L,Y, ,Y, ,Y,Y,Y,Y, ,N,N,Y, ,Y,Y, ,Y, ,Y,Y,Y,Y, , , ,Y,N, ,N,Y,Y, , , ,Y, , ,Y, , , , ,Y,Y,Y, , ,C, ,M
1369229.73675727,5658330.14730236,3466,40745,40390,PORTO DI CHIOGGIA,IT,45.233333,12.3,45,14,N,12,18,E,131,54125/61,V,RB,G, ,Y, ,N, ,L,N,M, ,1,L, , , ,N,Y,Y, , , , ,Y,Y,Y, , , ,Y,Y,Y,Y, ,Y, , , ,Y, , , , ,Y,Y,Y,Y,Y,Y,Y, , , , ,Y,Y,Y, , , ,B, , 
11887066.2918751,1203767.9720651,3467,57575,57510,CAT LAI,VN,10.75,106.783333,10,45,N,106,47,E,161,93406,V,CN,F, , , ,Y, ,L,N,K,K,3,M, , , , ,Y, ,Y, , , , ,Y,Y,Y,Y,Y,Y, , , , , , , , , ,Y, , , ,Y,Y, ,Y,Y, ,Y, , , , , , , , , , , , , 
-4287655.72038759,-1455924.27237054,3468,12770,12700,PORT DE SALVADOR,BR,-12.966667,-38.516667,12,58,S,38,31,W,124,24203,M,CB,G,N,N,N,Y,Y,J,H,K,K,2,L,Y,Y,Y, ,Y, ,Y, , ,N,Y,Y, ,Y,Y, ,Y, ,Y,Y,Y,Y, , , ,Y,Y, ,Y,Y,Y, , , ,Y,Y,Y, , , , ,Y,Y,Y,Y,Y,Y,C,S,M
-4489886.12866203,-2310582.41435355,3469,12850,12700,VITORIA,BR,-20.316667,-40.333333,20,19,S,40,20,W,124,24171,M,RN,E,Y,Y,N,N,Y,K,C,K,L,1,L, ,Y,Y,N,Y,Y,Y, ,Y, ,Y,Y, ,Y,Y, ,Y, ,Y,Y,Y, , , , ,Y, , ,N,Y, , , , ,Y,Y,Y, , , , ,Y,Y,Y, , , ,C, ,M
-4480609.50442926,-2306626.02930323,3470,12855,12700,TUBARAO,BR,-20.283333,-40.25,20,17,S,40,15,W,124,24171,L,CB,P,N,Y,N,N, ,B,E,A,L,2,L,Y,Y, , ,Y,Y,Y, , , ,Y,Y, ,Y, , ,Y, ,Y,Y,Y,Y, , , ,Y,Y, ,N,Y,Y, , ,Y,Y,Y,Y, , , , , ,Y,Y,Y, , ,C, ,L
13376892.1436584,2727028.47086198,3471,57953,57880,MAILIAO,TW,23.783333,120.166667,23,47,N,120,10,E,157,94060,V,CB,P, , , ,Y, ,B,B,G,D,5, ,N, , , ,Y,Y,Y, , , ,Y, , ,Y,Y,Y,Y, , ,Y, , , , , ,Y,Y, , ,Y,Y, , , ,Y, ,Y, , , , , ,Y,Y,Y, , ,C,M, 
13033657.0470458,2706766.3594001,3472,57862,57855,CHAOZHOU,CN,23.616667,117.083333,23,37,N,117,5,E,157,94040,M,CN,F, , , ,N,N, ,H, , ,2,M, , , , , ,Y,Y, , , , , , , , , ,Y, , , ,Y, , , , , , , , ,Y,Y, , , ,Y, , , , , , , , , ,Y, , , , , 
-4805291.35257631,-2619929.80049161,3473,12920,12700,RIO DE JANEIRO,BR,-22.9,-43.166667,22,54,S,43,10,W,124,24162/0,L,CN,E,N,N,N,Y,Y,F,A,H,J,1,L,Y,Y,Y,Y,Y,Y,Y, ,Y,Y,Y,Y, ,Y,Y,Y,Y, ,Y,Y,Y,Y,Y, , ,Y,Y, ,Y,Y,Y,Y, , ,Y,Y,Y,Y,Y,Y,Y,Y,Y,Y,Y,Y,Y,A,L,S
13464092.4114464,3732720.82184087,3474,59974,59850,CHANGSHU,CN,31.766667,120.95,31,46,N,120,57,E,157,UK 1619,S,OR,F, , , , , ,M,H,M,L,3,M, , , , ,Y,Y,Y, , , ,Y,Y, ,Y, , ,Y, , , ,Y, , , , , , , , , ,Y,Y,Y,Y,Y,Y, , , , , , ,Y,Y, , , , , , 
-4799725.37803665,-2617915.86183886,3475,12930,12700,NITEROI,BR,-22.883333,-43.116667,22,53,S,43,7,W,124,24162,S,CN,E, , , , ,Y,M,K,L, ,1, ,Y,Y,Y,N,Y,Y,Y, ,Y,N,Y,Y, ,Y, , ,Y, ,Y,Y,Y,Y, , , ,Y,Y, ,N,Y, , , , ,Y,Y,Y,Y, , , ,Y,Y,Y, , , ,B,M,S
-5400850.62832032,-2937284.43742384,3476,12980,12700,PARANAGUA,BR,-25.5,-48.516667,25,30,S,48,31,W,124,24133,S,CN,G, ,N,N,Y,Y,J,F,J,J,2,L,Y,Y,Y,N,Y,Y,Y, , ,N,Y,Y, ,Y,Y, ,Y, , ,Y,Y,Y, , , ,Y,N,N,Y,Y,Y, ,Y, ,Y,Y,Y,Y,Y,N,N,Y,Y,Y,Y,Y,Y,B, ,M
-5413837.9022462,-3030077.60649698,3477,13000,12700,SAO FRANCISCO,BR,-26.25,-48.633333,26,15,S,48,38,W,124,24132,S,RN,P,N,N,N,N,Y,J,L,K, ,2,L,Y,Y,Y,N,Y,Y,Y, , , ,Y,N, ,Y, , ,Y,Y, ,Y,Y,Y, , , ,Y,Y, ,N,Y, , , ,Y, , ,Y,Y,N,N,N,Y,Y,Y, ,Y,Y,B, ,S
-6258010.70742853,-4150299.8337326,3478,13120,13090,MONTEVIDEO,UY,-34.9,-56.216667,34,54,S,56,13,W,124,24057,M,CB,G,N,N,N,Y,Y,J,L,K,L,1,L,N,Y,Y,Y,Y,Y,Y, , , ,Y,Y,Y,Y,Y, ,Y, ,Y,Y,Y, , , , ,Y,Y, ,Y,Y,Y,Y,Y, ,Y, ,Y, , , , ,Y,Y,Y,Y, , ,C,M,M
-6439832.54239088,-4091637.41398396,3479,13140,13090,COLONIA,UY,-34.466667,-57.85,34,28,S,57,51,W,124,24052,V,OR,F, , , ,Y, ,P,M,N, ,1,M,Y, , ,N,Y,Y,Y, , ,N,N,Y, , ,Y, ,Y, , ,Y,Y,Y, , , ,Y,Y, ,N,Y,Y, , , , ,Y,Y, , , , ,Y,Y,N,N, , ,C, , 
-6502913.58717373,-4013147.28042359,3480,13150,13090,NUEVA PALMIRA,UY,-33.883333,-58.416667,33,53,S,58,25,W,124,24058,V,RN,G, , , , , ,K,O,L, ,0, , , , ,N,Y,Y,Y, ,Y,N,Y,Y, , ,Y,Y,Y, ,Y, ,Y, , , , ,Y,Y, ,Y,Y, , , , , ,Y, , , , , , ,Y,Y,N,N,N,C, , 
-6421279.29392533,-2908534.32882817,3481,13250,13190,PUERTO DE ASUNCION,PY,-25.266667,-57.683333,25,16,S,57,41,W,124,BA2039,V,RN,E, , , , , ,P, ,P, ,0, , , , , ,Y,Y,Y, , , ,Y, , , ,Y,Y,Y,Y,Y,Y,Y, , , , ,Y,Y, , ,Y,Y, , , , ,Y,Y,Y,Y,Y,N,Y,Y,Y,Y,Y,Y, , , 
-6757093.09115171,-3717454.86609199,3482,13560,13310,SANTA FE,AR,-31.65,-60.7,31,39,S,60,42,W,124,24052,S,RN,E,N,N,N,Y,Y,O, ,M, ,0,L, , ,Y,N,Y,Y,Y, ,Y,N,Y,Y,Y,Y,Y,Y,Y,Y,Y,Y,Y, , , , ,Y,N, ,N,Y,Y, ,Y, ,Y,Y,Y,Y,N,Y,Y,Y,Y,Y,Y,N,N,B, , 
-6760803.74084482,-3862167.46491245,3483,13610,13310,SAN LORENZO,AR,-32.75,-60.733333,32,45,S,60,44,W,124,24052,V,RN,E,N,N,N,Y,N,L, ,J,M,0,L, , ,Y,N,Y,Y,Y, , ,N,Y,Y,Y,Y,Y,Y,Y,Y,Y,Y,Y, , , , ,Y,Y, ,Y,N,N,Y,N,N,N,N,Y, , , , ,Y,Y,Y,Y, , ,C, ,S
-6749671.79176549,-3888669.17866055,3484,13630,13310,ROSARIO,AR,-32.95,-60.633333,32,57,S,60,38,W,124,24052,M,RN,E,N,N,N,Y,N,M, ,L,N,0,L, , ,Y,N,Y,Y,Y, ,Y, ,Y,Y,Y,Y,Y,Y,Y,Y,Y,Y,Y, , , , ,Y,Y, ,Y,Y,Y,Y, ,Y,Y,Y,Y, , , , ,Y,Y,Y,Y, , ,B, ,S
-6658760.87428431,-3972990.15311531,3485,13670,13310,SAN PEDRO,AR,-33.583333,-59.816667,33,35,S,59,49,W,124,24052,V,RN,E,N,N,N, ,Y,L,M, ,M,0,L, ,Y, , ,Y,Y,Y, , ,N,Y,Y,Y,Y, , ,Y,Y,N,N, , , , , ,Y, , , , ,Y, , , , ,Y, , , , , ,Y,Y,Y,N, , ,C, , 
-6588258.53011524,-3995282.32962424,3486,13690,13310,PUERTO IBICUY,AR,-33.75,-59.183333,33,45,S,59,11,W,124,24052,V,RN,E, , , , , , ,L,M, ,0, , , , ,N, , ,Y, , ,N,Y,Y,Y,Y, ,Y,Y,Y, ,Y,Y, , , , ,Y, , , ,Y,Y, , , , ,Y, , , , , ,Y,Y,Y,N,N,N,N, , 
-6482505.01386163,-3826924.20245512,3487,13740,13310,CONCEPCION DEL URUGUAY,AR,-32.483333,-58.233333,32,29,S,58,14,W,124,24052,S,RN,E,N,N,N,Y, ,N, ,N,N,0,L, ,Y, ,N,Y,Y,Y, , , ,Y,Y,Y,Y,Y,Y,Y, ,Y, ,Y, , , , ,Y, , , ,Y,Y,Y, , , ,Y, , , , , ,Y,Y,Y,Y, , ,C, ,S
-6497347.61263407,-4109654.73355267,3488,13760,13310,BUENOS AIRES,AR,-34.6,-58.366667,34,36,S,58,22,W,124,24053,L,CB,E,Y,N,N,Y,Y,M,M,L,K,1,L,N,Y,Y,Y,Y,Y, , ,Y,Y,Y,Y,Y,Y,Y,Y,Y,Y,Y,Y,Y,Y,Y, , ,Y,Y, ,Y,Y,Y,Y,Y,Y,Y,Y,Y,Y,Y,Y,Y,Y,Y,Y,Y,Y,Y,A,L,L
-6534454.10956516,-4662162.17540326,3489,13790,13310,QUEQUEN,AR,-38.583333,-58.7,38,35,S,58,42,W,124,23131,V,CB,P,N,Y,N,Y,Y,L,E,J, ,1,L, , ,Y,N,Y,Y,Y, ,Y, ,Y,Y,Y,Y,Y,Y,N,Y,Y,Y,Y,Y, , , ,Y,Y, ,Y,Y,Y, , , ,Y,Y,Y,Y,N,Y,Y,Y,Y,Y,Y,Y,Y,C, ,M
-8139310.10183485,5788365.37885147,3490,2220,1930,SOREL,CA,46.05,-73.116667,46,3,N,73,7,W,145,14221,S,RN,G,N,N,Y,Y,Y,J,K,K, ,2,L,Y,Y,Y,N,Y,Y, ,Y,Y, ,Y,Y,Y, ,Y,Y,Y,Y,Y,Y,Y, ,Y, , ,Y,Y, ,N,Y,Y, ,Y, , ,Y,Y,Y, , , ,Y,Y,Y,Y,Y,Y,A,M,L
6430555.9181581,2953738.12438691,3491,48540,48410,JASK,IR,25.633333,57.766667,25,38,N,57,46,E,172,62391A,V,CN, , , , ,Y, ,A,M, , ,6, , , , , , , , , , , , , , , ,Y, , , , , , ,Y, , , , , , , , , , , , , , , , , , , ,N,N,N,N, , ,D, , 
4796014.72834354,1300219.20818828,3492,47855,47840,DORALEH,DJ,11.6,43.083333,11,36,N,43,5,E,172, ,S,CN, , , , , , , , ,E,D,0,L, , , , ,Y,Y, , , , , , , , ,Y, , ,Y, , ,Y, , , , , , , , , , , , , , , , , , , , , , , , , , , , , 
5475063.62218251,1264253.24221196,3493,47830,47810,BOOSAASO,SO,11.283333,49.183333,11,17,N,49,11,E,172,62070,S,CB, , , , ,Y, , ,E,M, ,0,M,Y, , , , , ,Y, , , , , , , , , , , , , , , , , , , , , , , , , , , , , , , , , , , , , , , , , , , 
4146651.03204944,2223735.81625728,3494,47942,47910,AL KHAIR OIL TERMINAL,SD,19.583333,37.25,19,35,N,37,15,E,172,62142,S,CN, , , , , , , , , ,G,0, , , , , ,Y,Y, , , , , , , , ,Y, ,Y,Y, , , , , , , , , , , , , , , , , , , , , , , , , , , , , , , , 
4154072.33143566,2202086.51105503,3495,47944,47910,BESHAYER OIL TERMINAL,SD,19.4,37.316667,19,24,N,37,19,E,172,62142,M,OR, , , , ,Y, , , , ,A,0, , , , , ,Y,Y, , , , , , , , ,Y, ,Y,Y, , , , , , , , , , , , , , , , , , , , , , , , , , , , , , , , 
4157782.98112877,2170640.06128977,3496,47946,47910,SAWAKIN HARBOR,SD,19.133333,37.35,19,8,N,37,21,E,172,62144,S,CN, , , , , , , , ,J, ,0, , , , , , , ,Y, , , , , , , ,Y, ,Y,Y, , , , , , , , , , , , , , , , , , , , , , , , , , , , , , , , 
6187508.36325946,2947565.84451667,3497,48273,48260,UMM AL QAYWAYN,AE,25.583333,55.583333,25,35,N,55,35,E,172,62406,S,CN,P, , , ,Y,Y,K,H,K,K,1,M, ,Y, , , ,Y,Y,Y, , , ,Y,Y, , ,Y,Y,Y,Y, ,Y, , , , ,Y,Y, , ,Y, , , , ,Y, ,Y, , , , , ,Y,Y,Y, , ,C, , 
6167099.78994736,2947565.84451667,3498,48272,48260,SHARJAH OFFSHORE TERMINAL,AE,25.583333,55.4,25,35,N,55,24,E,172,62406,S,OR,P, , , ,Y, , ,J, ,B,1,L,N,Y, , ,Y,Y,Y, , , ,Y,Y, , , , ,Y,Y,Y, , ,Y,Y, , ,Y,N, , , , , , , , , , , , , , ,N,N,N,N, , ,N, , 
6163389.14025425,2927010.16041141,3499,48271,48260,ASH SHARIQAH,AE,25.416667,55.366667,25,25,N,55,22,E,172,62512,S,CB,F, , , ,Y, ,G,N,N, ,1,L, , ,N,N,Y,Y,Y, , , ,Y,Y, ,Y, , ,Y,Y,Y, ,Y,N, , , ,Y,N, ,Y, ,Y, , , ,Y,Y,Y, , , , ,Y,Y,Y,Y,Y,Y,B,M, 
10809122.5560269,583383.741822186,3500,50652,50020,BLANGLANCANG,ID,5.233333,97.1,5,14,N,97,6,E,174,71081,S,TH,F, , , ,Y, ,G,B,M,G,0,M, ,Y, ,Y,Y,Y,Y, , , ,Y, ,Y,Y,Y,Y,Y,Y,Y,Y,Y,Y, , , ,Y, , ,N, ,Y, , , ,Y,Y, , , , , , , , , , , ,N, ,S
12569825.8354071,-741942.266017879,3501,50971,50915,POLENG OIL FIELD,ID,-6.65,112.916667,6,39,S,112,55,E,163,72035,V,OR,P, , , ,Y, , ,A, ,A,0, , , ,Y, ,Y, ,Y, , , , ,Y, ,Y, , ,Y,Y, , ,Y, ,Y, , , , , , , , , , , , , , , , , , ,N,N,N, , , , , , 
6170810.43964046,2927010.16041141,3502,48270,48260,AJMAN,AE,25.416667,55.433333,25,25,N,55,26,E,172,62510,V,OR,F, , , , , ,M,K,N, ,2,M, , , , ,Y,Y, , , , ,Y, , ,Y, , , , ,Y, ,Y, ,Y, , ,Y,Y, ,Y, , , ,Y,Y,Y,Y,Y, , , , , ,Y,Y,Y, , ,B,L, 
3239397.18208426,4926677.17450392,3503,43384,43325,BORUSAN FERTILIZER JETTY,TR,40.416667,29.1,40,25,N,29,6,E,BA24,55043,V,CN,F, , , ,Y,N, ,A,M, ,0,M, , , , ,Y,Y, , , , ,Y, , , , , ,Y, , , ,Y, , , , ,Y, , ,Y,Y,Y, , ,Y,Y, ,Y, , , , ,Y,Y,Y,Y, , ,C, , 
11386128.5833053,-436341.302430882,3504,50441,50020,PULAU BAAI,ID,-3.916667,102.283333,3,55,S,102,17,E,174,71015,V,OR,P, , , , , ,K,J,K,J,1,M,Y, , ,N,Y,Y, , , , ,Y, , ,Y, , , ,Y,Y, , , , , , ,Y,Y, , , ,Y, , , , ,Y,Y, , , , , ,Y,N,Y, , ,N, , 
11592069.6412729,-291387.309536635,3505,50231,50020,RAMBA,ID,-2.616667,104.133333,2,37,S,104,8,E,161,BA1312,V,OR,P, , , ,Y, ,N, ,N, ,0,M, , ,Y, ,Y,N, ,Y, , , ,Y,Y, , , ,Y,Y, , ,Y, , , , ,Y, , , , , , , , , , , , , , , , ,Y,Y, , , , , , 
-8057675.80858645,5844682.85105605,3506,2200,1930,PORT DE BECANCOUR,CA,46.4,-72.383333,46,24,N,72,23,W,SCOR, ,V,RN,E,N,N,Y,N,N,K,K,K, ,0,M,Y, , , ,Y,Y, , , , ,Y, , , , , , , , , ,Y, , , , , , , , , , , , , , , , , , , , , , , , , , , , , 
2612297.38394882,4697826.04287959,3507,42420,42010,KYMASSI,GR,38.833333,23.466667,38,50,N,23,28,E,132,54340,V,CN,F, ,Y, ,Y, , ,A,L, ,0, ,N, , , ,Y, ,Y,Y, ,N,N,Y, , , , ,Y,Y, , ,Y,Y, , , , , , ,N, , , , , , , , , , , , , ,Y, ,Y, , , , , 
6209772.26141811,2964031.00554835,3508,48269,48260,AL JAZEERA PORT,AE,25.716667,55.783333,25,43,N,55,47,E,172,62460,S,CN, , , , , , , ,C,N, ,1, , , , , ,Y,Y, , , , , , , , , ,Y, ,Y, , , , , , , , , , , , , , , , , , , , , , , , , , , , , , , , 
12712685.8485918,516343.382172659,3509,51646,51548,KUALA BELAIT,BN,4.633333,114.2,4,38,N,114,12,E,163,71330,V,CN,G, , , , , ,Q,P, ,P,0, , , , , , , , , , , ,Y, , , , , , , ,Y, , , ,Y, , , , , , , ,Y, , , , , , , , , , ,Y,Y, , , , ,C, , 
11369430.6596863,250533.254857218,3510,49962,49820,PELABUHAN SUNGAI UDANG,MY,2.25,102.133333,2,15,N,102,8,E,174,71262,V,OR,P,Y,Y, ,Y, ,E,D,N,L,2,M, , ,Y,N,Y,N,N, ,N, ,Y, ,Y,Y, , ,Y,Y,N, ,Y,Y, , , ,Y,N, ,Y, , , , , , , , , , , , ,Y,Y,Y,Y, , ,C, , 
11566095.0934211,159574.581821074,3511,49982,49820,JOHOR,MY,1.433333,103.9,1,26,N,103,54,E,174,71265,L,RN,F, ,Y, ,Y,Y,K,K,N,G,3,L, , ,Y, ,Y,Y,Y,Y,Y, ,Y,Y,Y,Y, , ,Y,Y,Y,Y,Y,Y, , , ,Y, , , ,Y,Y, , ,Y,Y,Y,Y,Y,Y,Y,Y, ,Y,Y, ,Y,Y,A,L, 
12944601.4544112,-356407.70811401,3512,51855,51760,NORTH PULAU LAUT COAL TERMINAL,ID,-3.2,116.283333,3,12,S,116,17,E,163,72084/0,V,OR,P, , , ,Y,Y,H,E,E, ,2,M, , , , ,Y,Y, , , , ,Y, , ,Y, , ,Y,Y, , , , , , , ,Y,Y, ,N, ,Y, , ,Y, , , , , , , , ,N,N, , , , , , 
5899933.0120435,2877791.88770133,3513,48266,48260,ZIRKUH PETROLEUM PORT,AE,25.016667,53,25,1,N,53,0,E,172,62408,M,OR, , , , , , ,C, , ,C,2, , , , , ,Y,Y, , , , , , , , , , , , , , , , , , , , , , , , , , , , , , , , , , , , , , , , , , , , 
2627139.98272126,4584135.76568303,3514,42378,42010,ASPROPIRGOS,GR,38.033333,23.6,38,2,N,23,36,E,132,54339,V,OR,P, , , ,Y, ,L,A, ,J,0,M, , , , ,Y,Y,Y, , , ,Y,Y,Y,Y, , ,Y,Y,Y,Y,Y,Y, , , ,Y, , , , , , , , , , ,Y, , , , , ,Y,Y,Y, , ,C, ,S
13820314.7819849,4839336.4351672,3515,60233,59850,DANDONG,CN,39.816667,124.15,39,49,N,124,9,E,157,UK 1251,V,OR,F, , ,N, ,Y,N,N,M,O,5,M, , , , ,Y,Y,Y, , , ,Y,Y, ,Y, , ,Y,Y,Y,Y, ,Y, , , ,Y,N, ,N,Y,Y, , , ,Y,Y, , , , , ,Y,Y,Y, , , ,C, ,M
2539939.71493319,4707357.53626792,3516,42434,42010,ACHLADI,GR,38.9,22.816667,38,54,N,22,49,E,132,54349,V,CN,F, , , ,Y,Y, ,A,F, ,0,M,Y, , , ,Y,Y,Y, , , , ,Y, , , , ,Y, , , ,Y,Y, , , ,Y,Y, ,Y, ,Y, , ,Y, , ,Y, , , , ,Y,Y,Y,Y, , ,C, , 
12747937.0206764,2597790.03591062,3517,57859,57855,HUIZHOU,CN,22.716667,114.516667,22,43,N,114,31,E,157,93730,V,CN,F, , , ,Y, ,K,J,L,K,1,M, ,Y, ,N,Y,Y,Y, , ,Y,Y,Y, ,Y, , ,Y,Y,Y, , , , , , ,Y,N, ,N,Y,Y,Y, , ,Y,Y,Y, , , , , ,Y,N,N, , ,N, , 
12931614.1804853,-202264.301242961,3518,51865,51760,TANAH MERAH,ID,-1.816667,116.166667,1,49,S,116,10,E,163,72100,V,CN,P, , , ,Y,Y,K,G,K, ,2,M, ,Y, , , ,Y,Y, , , ,Y,Y,Y,Y, , ,Y, , , ,Y,Y, , , , , , , , , , , , , , ,Y, , , , ,Y,N,N,N, , , , , 
11382417.9336122,-421465.128525241,3519,50440,50020,BENGKULU,ID,-3.783333,102.25,3,47,S,102,15,E,174,71015,V,OR,P,Y,Y,N,Y, ,P,J,K,K,3,M,Y, , , ,Y,Y, , , , ,Y,Y,Y, ,Y, ,Y, ,Y, ,Y,Y, , , ,Y, , ,N, ,Y, , ,Y, ,Y,Y, , , , ,Y,Y, ,Y, , ,N, , 
13087461.4675959,40817.4252321049,3520,51803,51760,TANJUNG SANGATA,ID,0.366667,117.566667,0,22,N,117,34,E,163,72110,V,OR,P, , , ,Y, , , , ,E,0, , , , , ,Y, ,Y, , , ,Y,Y, ,Y, , ,Y,Y,Y, , ,Y, , , , , , , , , , , , , , , , , , , , ,N,N, , , , , , 
-7345231.0675095,5653062.5386325,3521,6545,6070,CANAPORT (ST. JOHN),CA,45.2,-65.983333,45,12,N,65,59,W,145,14044,L,OR,G, , , , , ,A, , ,A,0,L,Y,Y, , ,Y,Y, , , , ,Y, , , , ,Y,Y, , , ,Y, , , , ,N, , , , , , , , , , , , , , , , ,Y,Y, , , , , , 
2348841.25573807,4647931.41644073,3522,42345,42010,ASTAKOS,GR,38.483333,21.1,38,29,N,21,6,E,132,54285,S,CN,F, , , , , , ,E,O, ,0, ,Y, , , ,Y,N,Y, , , , , , , , , ,Y,Y, , ,Y, , , , ,Y,Y, , , , , , , , , , , , , , ,Y,Y,Y,Y, , ,N, , 
13081895.4930562,2722973.97683601,3523,57864,57855,DONGSHAN,CN,23.75,117.516667,23,45,N,117,31,E,157,94040,S,CN,F,Y,Y, , , ,M,N, ,N,2,M,Y, , , ,Y,Y,Y, , , , ,Y,Y,Y, , ,Y,Y, , , ,Y, , , , , , , ,Y,Y, , , ,Y,Y, , , , , ,Y,Y, ,Y, , ,C, , 
2630850.63241437,4234317.64432925,3524,43093,42870,AKRA KAVONISI,GR,35.516667,23.633333,35,31,N,23,38,E,132,54318,V,CB,F, , , , ,N, , ,L, ,1,M, ,Y, ,N,Y, ,Y,Y,Y,N,N,Y, , , , ,Y, , , , , , , , ,Y,Y, , , ,Y, , , , , ,Y, , , , , ,Y, , , , ,C,S, 
11514145.9977176,109469.540086538,3525,50516,50515,TANJUNG BALAI KARIMUN,ID,0.983333,103.433333,0,59,N,103,26,E,174,71241,V,CN,P,Y,Y, ,Y, ,B,D,L,B,3,L,N, , , ,Y, ,Y, , , ,Y,Y,Y,Y, , ,Y,Y,Y, , ,Y, , , ,Y, , , , , , , , , , ,Y, , , , ,Y,Y, , , , , , , 
-7360073.66628194,5439686.25476551,3526,6460,6070,YARMOUTH,CA,43.833333,-66.116667,43,50,N,66,7,W,145,14065,S,CN,E,Y,N,N,Y, ,K,B,M, ,4, ,Y,Y,Y,N,Y,N,Y, ,Y,N,Y,Y,Y, ,Y,Y,Y,Y,Y,Y,Y, , , , ,Y, , ,N,Y,Y, , , , ,Y,Y,Y, , , ,Y,Y,Y,Y,Y,Y,C, ,M
13287836.5510238,3516410.39829306,3527,60125,59850,LANSHAN,CN,30.1,119.366667,30,6,N,119,22,E,157,94280,V,OR,F, , , ,Y,Y,G,H,H,L,3,M, ,Y, , ,Y,Y,Y, , , ,Y,Y, ,Y, , ,Y,Y, , ,Y,Y, , , , , , , , , , , , ,Y,Y,Y, , , , , ,Y,N,N, , , , , 
-7196805.07978514,5470602.04329525,3528,6410,6070,LIVERPOOL (BROOKLYN),CA,44.033333,-64.65,44,2,N,64,39,W,145,14081,S,CN,G,N,N,N,Y, ,L,H,L, ,2,M,Y,Y,Y,N,Y,N,Y, ,Y,N,Y,Y,Y, ,Y,Y, , , ,Y,Y, , , , ,Y, , ,N,Y,Y, , ,Y, ,Y,Y,Y, , , ,Y,Y,Y,Y,Y,Y,B, ,L
11072578.6842376,373132.951554407,3529,50518,50515,KUALA TANJUNG,ID,3.35,99.466667,3,21,N,99,28,E,174,71295,V,OR,P, ,Y, ,Y, ,L,G,K, ,2,L,Y,Y, , ,Y,Y,Y, , , ,Y,Y, , ,Y, ,Y, , , ,Y, , , , ,Y, , , ,Y, , , , ,Y, , , , , , ,Y,Y,Y, , , , , , 
2723616.87474209,4213821.99711229,3530,43120,43080,RETHIMNON,GR,35.366667,24.466667,35,22,N,24,28,E,132,54318,V,CB,F, ,Y, , , , ,F,N, ,0,M,Y, , ,N,Y,N, , ,Y,N,N,Y, , , , ,Y,Y, , ,Y, , , , ,Y,Y, , , , , , , , , , , , , , ,Y,Y,Y,Y, , , , , 
11567950.4182677,126170.317487721,3531,50055,50020,SEKUPANG,ID,1.133333,103.916667,1,8,N,103,55,E,174,71252,V,OR,P, ,Y, ,Y, ,K,F,J, ,0,M, ,N, , ,Y, ,N, , , , ,Y,Y,Y, , ,Y,Y,Y, , , , , , , , , , , ,Y, , , ,Y,Y,Y, , , , , ,Y,N, , , , , , 
13451105.1375206,4553559.23640091,3532,60165,59850,PENGLAI,CN,37.816667,120.833333,37,49,N,120,50,E,157,94420,V,CN,F, , , , , ,O,N,L, ,2,M, , , , ,Y, , ,Y, , ,Y, , ,Y, , ,Y, , , , , , , , , , , , ,Y, , , , , ,Y,Y, , , , ,Y,Y,Y, , , , , , 
11798010.6992404,-665410.081912915,3533,50932,50920,TANJUNG GEREM,ID,-5.966667,105.983333,5,58,S,105,59,E,163,71180,V,OR,P,Y,Y, ,Y, ,H,A, ,J,0,M, , , , , ,Y, , , , , , , , , , , ,Y, , , , , , , , , , ,Y, , , , , , , , , , , , , ,Y,Y,Y, , , , , 
15499383.7681168,4581780.52151212,3534,61875,61100,EASTERN PART OF NIIGATA-KO,JP,38.016667,139.233333,38,1,N,139,14,E,159,95273,S,CB, , , , , , ,J, ,M,M,0,L, , ,Y, ,Y,N,Y, , , ,Y,Y,Y, , , ,Y,Y,Y,Y,Y, , , , ,Y, , , ,Y, ,Y,Y,Y, ,Y,Y, , , , ,Y,Y,Y,Y, , ,C, , 
13202491.6080822,2861421.54201451,3535,57874,57855,QUANZHOU,CN,24.883333,118.6,24,53,N,118,36,E,157,94060,S,CN,F, ,Y, ,Y, ,N,J,N,F,5, ,Y, ,Y, , ,Y,Y, , , ,Y,Y, ,Y, , ,Y, ,Y, , ,Y, , , ,Y,Y, ,Y, ,Y,Y, ,Y,Y,Y,Y, , , , ,Y,Y,Y,Y, , ,N, , 
1565894.17049205,5629396.40045314,3536,40980,40877,ZALIV RASA,HR,45.05,14.066667,45,3,N,14,4,E,132,54180,V,CN,F, , , ,Y, ,A,K,G, ,1, , , , , ,Y,Y,Y, , , ,Y,Y,Y,Y, , ,Y, ,Y,Y, , , , , , ,N, ,N,Y, , , , , ,Y, , , , , , ,Y,Y,Y, , , , ,S
-6810897.51170179,5658330.14730236,3537,6110,6070,WHITEHAVEN HARBOR,CA,45.233333,-61.183333,45,14,N,61,11,W,145,14105,V,CN,G,N,N,Y,Y, ,J,H,O, ,2,M,Y, ,N,N,Y,N,N, , ,N,N,Y,Y, , ,Y, , , , ,Y, , , , , , , ,N, , , , , , , , , , , , , , , , , , , , , 
15579162.7365186,4254851.62450995,3538,61379,61100,FUNABASHI,JP,35.666667,139.95,35,40,N,139,57,E,158,97157,V,CB,F, , , ,Y, ,J,H,K, ,3, , , ,Y,N,Y, ,Y, , , ,Y,Y, ,Y, , , ,Y, ,Y,Y,Y, , , , , , , , ,Y,Y,Y,Y, ,Y,Y,Y, , , , ,Y,Y, , , ,C, ,S
13310100.4491824,4216097.40707307,3539,60133,59850,RIZHAO,CN,35.383333,119.566667,35,23,N,119,34,E,157,94280,V,CN,P, , , , ,Y,G,E,J,N,5,M,Y,Y, , ,Y, , , , , ,Y,Y, ,Y,Y,Y,Y, ,Y,Y,Y, , , , ,Y,Y, ,Y,Y,Y, , , ,Y,Y, , , , , ,Y,Y,Y, , , ,C, , 
643797.721754432,4415900.99482931,3540,45530,45470,JIJEL,DZ,36.833333,5.783333,36,50,N,5,47,E,131,52220,V,CB,F, ,N,N,Y, , , ,O, ,0,M,Y, , , ,Y,N,Y, ,N,Y,Y,Y, , , , ,Y, ,Y, ,Y,Y, , , ,Y, , ,Y, ,Y, , , , ,Y,Y, , , , , ,Y,N, , , ,C, ,S
1853469.521708,5380719.20330741,3541,41350,40877,DUGI RAT,HR,43.45,16.65,43,27,N,16,39,E,132,54220,V,CN,F,Y, , ,Y, ,A,L, , ,0,M,N, , , ,Y,Y, , , ,N,N,Y,Y, , , ,Y, ,Y, , , , , , ,Y, , , , , , , , , ,Y, , , , , ,Y,Y, , , , , , , 
-6701433.34575507,5804419.49507922,3542,6000,5860,SYDNEY,CA,46.15,-60.2,46,9,N,60,12,W,145,14310,M,CN,E,N,N,Y,N, ,J,J,J,J,1,L,Y, ,Y,N,Y,Y,Y, ,N,N,N,Y,Y, ,Y,Y,Y,Y,Y,Y,Y, , , , ,Y,Y, ,N,Y,Y, , , ,Y,Y,Y,Y, , , ,Y,Y,Y,Y,Y,Y,B,S,L
15690482.2273119,4555908.08335298,3543,61353,61100,SOMA,JP,37.833333,140.95,37,50,N,140,57,E,158,97080,V,CB,P, , , ,Y, ,M, ,N,M,0, , , , , ,Y,N,Y, ,Y, ,Y,Y, ,Y, , , ,Y, ,Y, , , , , , , , , , , , , , , , ,Y, , , , ,Y,Y,Y, , , ,C, ,S
1907273.94225809,5301829.99932276,3544,41420,40877,KORCULA,HR,42.933333,17.133333,42,56,N,17,8,E,132,54226,V,CN,F, , , ,Y, ,A,M,A, ,0,M, , , , ,Y,Y, , , , , , ,Y, , , ,Y, , , , , , , , ,Y,Y, , ,Y, , ,Y, , , , , , , , ,Y,Y,Y,Y, , ,C, , 
-6675458.79790331,5767005.03690885,3545,6020,5860,LOUISBURG,CA,45.916667,-59.966667,45,55,N,59,58,W,145,14125,V,CN,E,N,N,Y,Y, ,L,K,M, ,2,M,Y,N,Y,N,N,Y,Y, ,Y,N,N,Y,Y, ,Y,Y, , ,Y,Y,Y, , , , ,Y, , ,N, , , , , , , , , , , , ,Y,Y,Y,Y, , ,C, , 
14686751.4853259,4022090.22204838,3546,61695,61100,HIKARI,JP,33.95,131.933333,33,57,N,131,56,E,159,97272,S,CN,F, , , ,Y,N,H, ,J, ,0,M, , , , ,Y,N,Y, ,Y, ,Y,Y, ,Y, , , ,Y, ,Y, , , , , ,Y, , , , , ,Y, , , ,Y,Y, , , , , ,Y,Y, , , ,C,M,S
1525077.02386785,4577071.63931433,3547,40120,40090,TERMINI IMERESE,IT,37.983333,13.7,37,59,N,13,42,E,131,53180,V,CB,F, ,Y, , , ,M,G,L,H,0,M,Y, , , , , ,Y,Y,Y, , , , , ,Y,Y, ,Y, ,Y,Y,Y,Y, , ,Y,N, , ,Y, , , , , ,Y, ,N, , , ,Y,Y,N,Y,N,N,C, ,S
15345391.8058528,4443754.0430613,3548,61862,61100,HIMEKAWA,JP,37.033333,137.85,37,2,N,137,51,E,159,95270,V,CN,F, , , , , ,L,B,K, ,0, , , , , ,Y,N,Y, ,Y, , ,Y, ,Y, , , ,Y, ,Y,Y,N, , , , , , , ,Y,Y,N, ,Y,Y, ,Y, , , , , ,Y,Y, , , , , ,S
1150301.40486383,5284108.14638928,3549,39720,39620,PORTOFERRAIO,IT,42.816667,10.333333,42,49,N,10,20,E,131,53125/0,S,OR,F, ,Y, ,Y, ,K,H,M, ,0, ,N, , , ,Y,Y, , ,N, ,N, , , , , ,Y, ,Y, ,Y, , , , , ,Y, ,N, , , , , , , , , , , , ,N,Y,N,N, , ,C, ,S
-6929638.30188128,5836615.46584879,3550,5730,5705,SOURIS HARBOUR,CA,46.35,-62.25,46,21,N,62,15,W,145,14156,S,CB,G,N,N,Y,Y,N,M,M,M, ,2,M,Y,Y,N,N,Y,N,Y,N,N,N,N,Y, , ,Y,Y,Y,Y, ,Y,Y, , , , ,Y, , ,N, , , ,N,N,N,N, , , , , ,Y,Y,Y,Y,Y,Y,C, , 
-6909229.72856918,-4712126.63848943,3551,13800,13310,PUERTO ROSALES,AR,-38.933333,-62.066667,38,56,S,62,4,W,124,23122,V,CB,G, , , ,Y, ,Q,E,N,N,2,L, , ,Y,N,Y,Y, , ,Y, ,Y,Y,Y,Y,Y,Y,Y,Y,Y,Y,Y, , , , ,Y, , ,N,Y,Y, , , ,Y,Y, , , , , ,Y,Y,Y, , , ,C, ,S
14987314.1104677,4132217.11298388,3552,61564,61100,HIROHATA,JP,34.766667,134.633333,34,46,N,134,38,E,159,97218,V,CB,F,Y, , ,Y, ,E, ,M, ,1, , , ,Y, ,Y,Y,Y, , , ,Y,Y, ,Y, , ,Y,Y, ,Y, , , , , , , , , ,Y,Y,Y, , ,Y, ,Y, , , , , ,Y,Y, , , ,C, ,L
-7027970.51874867,5817820.21984907,3553,5750,5705,CHARLOTTETOWN,CA,46.233333,-63.133333,46,14,N,63,8,W,145,14162,S,CN,G,N,N,Y,Y,Y,K,K,L,L,3,L,Y,Y,Y,N,Y,Y,Y, ,Y,N,Y,Y, , ,N,Y,Y,Y,Y,Y,Y, , , , ,Y, , ,N, , , , , , , , , , , , ,Y,Y,Y,Y,Y,Y,C, , 
951781.646282489,4846585.51798388,3554,39460,39130,ORISTANO,IT,39.866667,8.55,39,52,N,8,33,E,131,53266,V,CB,P, , , ,Y, ,H,L,L,N,0, , ,Y, , ,Y,Y,Y,Y,Y, ,Y,Y,Y, , , ,Y,Y, ,Y, , ,Y, , ,Y,Y, , , ,Y, ,Y,Y,Y,Y,Y, , , , ,Y,Y,Y,Y, , ,C,L,S
13491922.2841448,3717454.86609199,3555,59976,59850,TAICANG,CN,31.65,121.2,31,39,N,121,12,E,157,94220,V,CB,F, , , ,Y, ,K,J,J,N,2,M, , , , ,Y,Y,Y, ,Y, ,Y,Y, ,Y, , ,Y, , , , , , , , , , , ,Y,Y,Y, , , ,Y,Y, , , , , , ,Y,Y, , , ,C, , 
14564300.0454533,4019853.83052532,3556,62118,61100,HIBIKINADA,JP,33.933333,130.833333,33,56,N,130,50,E,159,95342,V,CN,F, , , ,Y,Y,K,A,L, ,1,M, ,Y,Y, ,Y,Y,Y, , , ,Y,Y, ,Y, , , ,Y, ,Y,Y,Y, , , ,Y, , , ,Y,Y, , , ,Y, ,Y,Y, ,Y,Y,Y,Y,Y, , ,Y,B,M, 
13248874.7292461,4750360.4811166,3557,60193,59850,TANGSHAN (JINGTANG),CN,39.2,119.016667,39,12,N,119,1,E,157,94360,V,CB,F, , , , ,Y,J, ,K, ,2,M, , , , ,Y,Y,Y, , , ,Y,Y, ,Y, , ,Y, , ,Y,Y, , , , , , , , ,Y, ,Y,Y, ,Y,Y,Y, , , , ,Y,Y,Y, , , , , ,S
-7387903.53898025,6117952.96765396,3558,5560,5555,DALHOUSIE,CA,48.066667,-66.366667,48,4,N,66,22,W,145,14183,S,OR,F,N,N,Y,Y,N,K,J,K,K,2,L,Y,Y,Y,N,Y,N,Y,Y,Y,N,N,Y, , ,Y,Y,Y, ,Y,Y,Y, , , , ,Y, , ,N, ,Y, , , , , , ,Y, , , ,Y,Y,Y,Y, , ,C,M, 
1599290.01773003,4980435.7166981,3559,40505,40390,TORRE DEL GRECO,IT,40.783333,14.366667,40,47,N,14,22,E,131,53161/62,V,CB,P, , , ,Y, ,L,O,A, ,0, , , , , ,Y, ,Y, ,Y, ,Y,Y,Y, , , ,Y, , ,Y,Y,Y,Y, , ,Y, , , , , , , , , , , , , , , , ,Y,Y,Y, , ,C, ,S
14994735.4098539,4134475.85298165,3560,61932,61100,MEGA,JP,34.783333,134.7,34,47,N,134,42,E,159,97231,V,CB,E, , , , , ,G, ,J,D,2,M, , , , ,Y,Y,Y, , , ,Y,Y, ,Y, , ,Y,Y, , , , , , , , , , , , , , , , , , , , , , , , ,Y,Y, , , ,C, , 
-7126302.73561606,6495489.54349374,3561,1900,1871,MINGAN,CA,50.283333,-64.016667,50,17,N,64,1,W,145,14260,V,CN,G,N,N,Y,Y,N,A,H,N, ,6,M,Y,Y,N,N,N,N,N, , ,N,N, , , , ,Y, , ,Y, ,Y, , , , , , , ,N, , , , , , , , , , , , , , , , , , , , , 
13245164.079553,2904431.69334937,3562,57876,57855,XIUYU,CN,25.233333,118.983333,25,14,N,118,59,E,157,94060,V,CB,F, , , , ,N,H,L,O,N,5,M, , , , , ,Y,Y, , , ,Y, , , , , ,Y, , , ,Y,Y, , , , , , , , ,Y,Y, , , ,Y, , , , , ,Y,Y,Y, , , , , , 
-7510354.97885286,-5759008.1443025,3563,13920,13310,COMODORO RIVADAVIA,AR,-45.866667,-67.466667,45,52,S,67,28,W,124,23010,V,CB,F,Y,Y,N,Y, ,A,H,K,A,5,L,Y, ,Y,N,Y,Y,Y, ,Y,Y,Y,Y, , ,Y,Y,Y,Y,Y,Y,Y,Y, , , ,Y,N, ,N,Y,Y, , ,Y,Y,Y,Y,Y,Y,Y,Y,Y,Y,Y,Y,Y,Y,C, , 
2578901.53671084,4476342.15032831,3564,42070,42010,SPETSES,GR,37.266667,23.166667,37,16,N,23,10,E,132,54341,V,OR,F,N,N,N,Y,N,A,A, , ,0,M,Y,Y,Y,N,Y, , , , , , , , , , , ,Y, ,Y, , , , , , , , , ,N, , , , , , , , , , , , ,Y, , , , , , , , 
-7335954.44327673,-6065364.06159726,3565,13930,13310,PUERTO DESEADO,AR,-47.75,-65.9,47,45,S,65,54,W,124,23071,V,RN,G,Y,N,N,Y, ,M,G,L, ,3,L, , , ,N,Y,Y,Y, , ,N,N,Y,Y,Y,Y,Y,Y,Y,Y,Y,Y, , , , ,Y,N, , ,Y, , , , , ,Y,Y,Y,Y,N,N,Y,Y,Y,Y,Y,Y,C, , 
-202230.408274447,4464691.99124329,3566,38398,38340,PUERTO DE GARRUCHA,ES,37.183333,-1.816667,37,11,N,1,49,W,131,52066,V,CB,F, , , , , , ,A,L, ,0,M, , , , ,Y,Y,Y, , , ,Y, , , ,Y,Y,Y, ,Y, , , , , , ,Y, , , ,Y, , , , , , , , , , , , ,Y,Y,Y, , ,C, , 
13152397.8372253,2836899.09716861,3567,57872,57855,ZHANGZHOU,CN,24.683333,118.15,24,41,N,118,9,E,157,94060,S,CN,F, , , ,Y, ,J,H,M, ,4, ,Y, , , , ,Y,Y, , , ,Y,Y, ,Y, , ,Y, , ,Y, , , , , , , , , ,Y,Y, ,Y,Y,Y,Y,Y, , , , ,Y,Y,Y, , , , , ,S
14751687.8549553,4053445.85927031,3568,61642,61100,MITSUKOJIMA,JP,34.183333,132.516667,34,11,N,132,31,E,159,97267,V,CN,F, , , , ,N,E, , , ,4,M, , , ,N,Y,N,Y, , , , ,Y, ,Y, , ,Y,Y,Y, , , , , , ,Y, , , , , ,Y, ,Y, , , , , , , , ,Y,Y, , , ,C, , 
-7534474.20185807,-7129228.54278687,3569,13970,13310,RIO GRANDE,AR,-53.783333,-67.683333,53,47,S,67,41,W,124,22036,V,RN,G,Y, , ,Y, , , , , ,6, , , ,Y,N,Y,Y, ,Y, , , ,Y,Y,Y, , ,Y,Y,Y, , , , , , ,Y, , , ,Y, , , , , ,Y, , , , , ,Y,Y,Y,Y, , ,C, , 
192953.784041674,5046819.43632106,3570,38543,38340,VILANOVA Y GELTRU,ES,41.233333,1.733333,41,14,N,1,44,E,131,52125,V,CB,F, , ,N,Y, ,M,M,M, ,0,M, , , , ,Y,Y,Y, , , ,Y,Y,Y, ,Y,Y,Y, ,Y,Y,Y, , ,N,N, , , ,Y,Y,Y, , , , ,Y, , ,Y, , , , , , , , , , ,S
14427006.0068083,3886458.41794008,3571,62333,61100,MATSU-SHIMA,JP,32.933333,129.6,32,56,N,129,36,E,159,97397,V,OR,P, , , , , , ,K,L,L,3,L, , , ,N,Y,Y,Y, , , ,Y,Y, ,Y,Y, ,Y,Y,Y, , , , , , ,Y, , , , , , , , , , ,Y, , , , ,Y,Y,Y, , , ,C, , 
13478935.0102189,3578754.45115166,3572,59963,59850,ZHAPU,CN,30.583333,121.083333,30,35,N,121,5,E,157,94206,S,OR,F,Y,Y, ,Y,N,L,J,J,H,2,M,Y, , , ,Y,Y,Y, , , ,Y,Y, ,Y, , ,Y, , , , , , , , , ,Y, ,Y,Y,Y,Y, ,Y,Y,Y,Y, , , , ,Y,Y,Y, , , ,C,S, 
-701312.791997624,7116677.92504748,3573,34025,33840,DROGHEDA,IE,53.716667,-6.3,53,43,N,6,18,W,142,36006,V,RB,F,Y, , ,Y,Y,N,P,J,P,5,M, ,Y, , ,Y,Y,Y,Y,Y, , , ,Y,Y, , ,Y, ,Y,Y, , , , , ,Y, , ,Y, ,Y, ,Y,Y,Y,Y, , , , , , ,Y,Y, , , ,C, ,S
-6437977.21754432,-6746062.31756098,3574,14000,13990,STANLEY,FK,-51.7,-57.833333,51,42,S,57,50,W,124,23153,M,CN,G,N,N,N,Y, ,L,N,M,O,2,M,Y,Y,Y,N,Y,N,Y, ,Y,N,N, , ,Y,Y, ,Y,Y,Y, ,Y,Y, , , ,Y,Y, ,Y,Y, , , , , ,Y,Y,Y, , ,Y, ,Y,Y, ,Y,Y,B, ,S
12183918.2673238,2074647.33032402,3575,57816,57815,SANYA,CN,18.316667,109.45,18,19,N,109,27,E,161,93698,V,OR,F, , , , ,Y,M,N,O, ,0,M,Y, , , ,Y, , , , , , ,Y, ,Y, , ,Y, , , , , , , , , , , , , , , , ,Y, , ,Y, , , , ,Y,Y,Y, , , ,C, , 
-1146590.75517072,6788080.23045503,3576,34196,33840,VALENTIA,IE,51.933333,-10.3,51,56,N,10,18,W,142,35138,V,CN,F,Y,Y, ,Y, ,N,P,H, ,3,M,Y, , , , ,N,Y,Y,Y, , , , , , , , , , , , , , , , ,Y, , , , , , , , , , , , , , , , ,Y,Y,Y, , ,C, , 
12154233.0697789,2241467.21251904,3577,57817,57815,YANGPU,CN,19.733333,109.183333,19,44,N,109,11,E,161,93610,V,CB,P, , , ,Y, ,L,L,H, ,2,M, , , , ,Y,Y,Y, , , ,Y,Y, ,Y, , ,Y, , , ,Y,Y, , , , , , , , ,Y, , , ,Y,Y,Y, , , , ,Y,Y,Y, , , ,C, , 
-4063161.41395449,-7220822.40847358,3578,14060,14010,GRYTVIKEN,GS,-54.266667,-36.5,54,16,S,36,30,W,124,29040,V,CN,F, , , ,Y, , , ,M,J,0, , , ,Y, , , , , , , , , , , , , , ,Y, , ,Y, , , , ,Y, , , , , , , , , , , , , , , , , , , , , , , , 
-747695.913161487,8886859.52607463,3579,32702,32660,RUNAVIK,FO,62.116667,-6.716667,62,7,N,6,43,W,141,35180,V,CN,F, , , ,Y, ,G,A,N, ,0,M,Y, , , , ,Y, , , , , , , , , , , , , , , , , , , ,Y, , , , , , , , , , , , , , , ,Y,Y,Y,Y, , ,C, , 
12248854.6369532,2269082.55385799,3580,57818,57815,CHIWAN,CN,19.966667,110.033333,19,58,N,110,2,E,157,93721,V,CB,F,Y,Y, , , ,K,O,O,N,2,M, ,Y, , , ,Y,Y, , , ,Y, , , , , ,Y, , ,Y, , , , , , , , , , ,Y, , ,Y,Y,Y,Y, , , , ,Y,Y,Y,Y, , ,C, ,S
-7742270.58467218,-6884948.62443561,3581,14080,14070,PUNTA DELGADA,CL,-52.466667,-69.55,52,28,S,69,33,W,124,22471,V,OR,F, , , , , , ,N, , ,0, ,Y, , , , , ,Y, , , ,Y, , , ,Y, , , , , , ,Y, , , , , , , , , , , , , , , , , , , , , , , , , , , , 
-756972.53739426,8737658.20120857,3582,32676,32660,VAGUR,FO,61.483333,-6.8,61,29,N,6,48,W,141,35180,V,CN,F, , , , , ,J,J,M,L,0,M,Y, ,Y, ,Y,Y, , ,Y, , , , ,Y, , ,Y, , , , , , , , ,Y,Y, ,N, , , , , , , , , , , , ,Y,Y, ,Y, , ,C, , 
12365740.1022861,2449605.12396886,3583,57819,57815,SHUI DONG,CN,21.483333,111.083333,21,29,N,111,5,E,161,93720,V,CB,F, , , ,Y,N,K,K,N,M,2,M,Y,Y, , ,Y,Y,Y, , , ,Y,Y, ,Y, , ,Y, , , , ,Y, , , , ,N, ,N,Y,Y, , ,Y, , ,Y, , , , ,Y,Y,Y, , , ,C, , 
-7892551.8972431,-7013886.44302104,3584,14100,14070,RADA PUNTA ARENAS,CL,-53.166667,-70.9,53,10,S,70,54,W,124,22482,S,OR,F,N,N,N,Y, , ,E,K,K,2,L,Y, ,Y,N,Y,Y,Y, ,Y,Y,Y,Y,Y, ,Y,Y,Y,Y,Y, ,Y,Y,Y, , ,Y,Y, ,Y,Y,Y, , , , ,Y,Y,Y,Y,Y,Y,Y,Y,Y,Y,Y,Y,B, ,S
-703168.116844178,6431856.46378481,3585,35210,35030,ST. MARY'S (SCILLY ISL.),GB,49.916667,-6.316667,49,55,N,6,19,W,191,36049,S,CB,G,Y,N,N,Y,Y,J,N,N, ,5,M, , , , ,Y,Y,Y,Y,Y,N,N, , , ,Y, ,Y, ,Y,Y, , , , , ,Y,Y, ,Y, , , , , , , , , , , , , ,Y, , , , ,C, ,S
12644038.8292693,2539562.83711313,3586,57821,57815,ZHUHAI,CN,22.233333,113.583333,22,14,N,113,35,E,161,93721,V,CB,G,Y,Y, ,Y, ,L,O,N,M,1,M, , , , ,Y, , , , , ,Y,Y, ,Y, , ,Y, , , , , , , , ,Y, , , ,Y,Y,Y, ,Y,Y,Y,Y, , , , ,Y,Y,Y, , , ,C, , 
-7899973.19662932,-7054221.39316292,3587,14110,14070,BAHIA AGUA FRESCA,CL,-53.383333,-70.966667,53,23,S,70,58,W,124,22410,V,CN,F, , , , , , ,N, , ,0, ,Y, , , , , , , , , , , , , , , , , , , , ,Y, , , , , , , , , , , , , , , , , , , , ,Y, , , , , , , 
-630810.44782855,7294232.42307169,3588,33577,32790,BANGOR,GB,54.65,-5.666667,54,39,N,5,40,W,141,36025,V,RB,F,Y,N,N,Y,N,N,L,P, ,3,M,Y, ,N,N,N,N,Y,N,N,N,N, , , ,Y, ,Y, ,Y,Y, , , , , ,Y,Y, ,Y, ,Y, , , , ,Y,N, , , , ,Y,Y,Y,Y, , ,C, ,S
-330247.822686712,6722149.29949787,3589,31895,31870,BIRD PORT,GB,51.566667,-2.966667,51,34,N,2,58,W,192,36042,V,RN,P,Y, , ,Y,Y,P,N,K, ,6,M, , , , ,Y, , , ,Y, , , , , , , ,Y, , , ,Y, , , , ,Y,Y, , , ,Y, , , , ,Y, , , , , ,Y,Y,Y,Y, , ,C, ,S
-322826.523300493,7048002.68909937,3590,34648,34580,GARLSTON,GB,53.35,-2.9,53,21,N,2,54,W,142,36025,V,RT,F,Y, , ,Y,Y,M,M,N, ,8,M, , , ,N,Y,Y,Y,Y,Y, ,Y, ,Y,Y,Y, ,Y,Y,Y,Y,Y,Y, , , ,Y,Y, ,Y,Y,Y, , , , , , , , , ,Y, ,Y,Y,Y,Y, ,C, ,L
12087441.375303,2479538.66725307,3591,57820,57815,QINZHOU,CN,21.733333,108.583333,21,44,N,108,35,E,161,UK3990,V,CN,F, , , ,N,N,H,J,K,M,5,L, , ,Y, ,Y, , , , , ,Y,Y, ,Y,Y,Y,Y, , ,Y, , , , , , , , , , , , , , , ,Y, , , , , , ,Y, ,Y, , , ,S, 
-7809062.27914814,-7148091.91317381,3592,14150,14070,PUERTO YARTOU,CL,-53.883333,-70.15,53,53,S,70,9,W,124,22410,V,CN,F, ,Y, , , ,A,G,P, ,0, , , , , , , , , , , , , , , , , , , , , , , , , , , , , , , , , , , , , , , , , , , , , , , , , , , 
12625485.5808038,2642099.51029632,3593,57822,57815,HUANGPU,CN,23.083333,113.416667,23,5,N,113,25,E,161,93726,S,RN,F,Y,Y,N,Y,Y,K,K,L, ,2,M, ,Y,Y,N,Y,Y,Y, , , ,Y,Y, ,Y, , ,Y, ,Y,Y,Y, , , , ,Y, , ,Y, ,Y,Y,Y, ,Y,Y,Y, , , , ,Y,Y,Y,Y, , ,C,S,S
18070864.0054414,1269929.41328197,3594,56350,56340,ENITWETAK ISLAND,MH,11.333333,162.333333,11,20,N,162,20,E,126,81523,V,OR,G,N,N,N,Y,N,H,C,L, ,1, , , ,Y,Y,Y, ,N, , , , , , , ,Y, ,Y,Y, , , ,Y, , , ,Y,N, ,N, , , , , , , ,Y,N,N,N,N,Y,Y,Y, , , ,C, , 
18671989.2557251,974099.752891083,3595,56370,56340,KWAJALEIN,MH,8.716667,167.733333,8,43,N,167,44,E,126,81711,V,OR,G,N,N,N,Y, ,G,G,L,L,1,M,Y, ,Y, ,Y,Y, ,Y,Y,Y,Y, , , ,Y,Y, , ,Y, ,Y, , , , ,Y,Y, ,N, ,Y,Y, , ,Y,Y,Y,N,N,Y,Y, ,Y,Y, ,N,N,C, , 
13356483.5703463,3758935.90405001,3596,59986,59850,CHANGZHOU,CN,31.966667,119.983333,31,58,N,119,59,E,157,UK 1641,S,OR,P, , , ,Y,Y,K,N,J, ,2,M, , , , , ,Y,Y, , , ,Y, , ,Y, , ,Y, , , ,Y, , , , , , , , ,Y,Y, , , ,Y,Y, , , , , , ,Y,Y, , , ,C, , 
13447394.4878274,3763310.62714465,3597,59991,59850,NANTONG,CN,32,120.8,32,0,N,120,48,E,157,UK 1619,S,RN,F, ,Y, ,Y,Y,K,K,L,M,2,M,Y, , , ,Y,Y,Y, , , ,Y, ,Y, , , ,Y, , ,Y, , , , , ,Y, , , ,Y,Y,Y,Y, ,Y,Y,Y, , , , ,Y,Y,Y,Y, , ,C,M, 
17610743.4434959,779312.989530525,3598,56590,56560,POHNPEI HARBOR,FM,6.983333,158.2,6,59,N,158,12,E,126,81453,S,CN,F,N,N,N,Y,N,K,A,K,L,2,M,Y,Y, ,Y,Y,Y,Y,Y,Y,N,N,Y,Y, ,Y,Y,Y, ,Y, , , , , , ,Y,Y, ,N, , , , , , , , , , , , , ,Y,Y, , , ,D, , 
16902009.352112,829805.966428332,3599,56600,56560,MOEN,FM,7.433333,151.833333,7,26,N,151,50,E,126,81327,V,OR,G,N,N,N,Y,N,L, ,L,L,1, ,Y,Y,Y,N,N, , , , ,N,N, , , ,Y,Y,Y, ,Y, ,Y,Y, , , ,Y,Y, ,N,Y, , , , , ,Y,Y,Y,N,N,N,Y,Y,Y, ,N,N,D, , 
13402866.6915101,3758935.90405001,3600,59990,59850,ZHANGJIANGANG,CN,31.966667,120.4,31,58,N,120,24,E,157,UK 1619,S,RN,F, , , ,Y, ,K,L,K,M,3,M, , , , ,Y,Y,Y, , , ,Y,Y, ,Y, , ,Y, , , ,Y, , , , , , , ,Y, ,Y,Y, , ,Y,Y,Y, , , , ,Y,Y,Y, , , ,C, , 
14070783.6362698,4441430.16033216,3601,60323,60315,DAESAN HANG,KR,37.016667,126.4,37,1,N,126,24,E,157,95066,V,OR,F,Y,Y, ,Y, ,C,A,F,L,1, , , , , ,Y, ,Y, ,Y, ,Y,Y,Y,Y,Y,Y, , ,N, , , ,Y, , ,Y,N, , ,Y, , , , , ,Y, , , , , ,Y,Y,Y, , , ,N, , 
16786979.2116257,-287672.83599971,3602,56760,56700,KAVIENG HARBOR,PG,-2.583333,150.8,2,35,S,150,48,E,126,82107,S,CN,E,N,N,N,Y, ,E, , , ,1,M,Y,Y,Y, ,Y, ,Y, , , ,N,Y, , , , ,Y, ,Y, ,Y, , , , ,Y,Y, ,N, ,Y, , , , ,Y,Y,Y,N,N,N,Y,Y,Y,Y, , ,N, ,S
16940971.1738897,-467961.143605214,3603,56810,56700,RABAUL,PG,-4.2,152.183333,4,12,S,152,11,E,126,82192,S,CN,E,Y,Y,N,Y,N,A,G,A,L,0,M,Y,Y,Y, ,Y,Y,Y, , ,N,Y,Y, , ,Y,Y,Y, , , ,Y,Y, , , ,Y,Y, ,N, , , , , , , ,Y,Y,N,Y,Y,Y,Y,Y,Y, , ,C, , 
14814768.8997382,5273996.3836122,3604,60725,60530,VOSTOCHNYY,RU,42.75,133.083333,42,45,N,133,5,E,155,96044,V,OR,P,N,N,Y,N,N,B,B,F,J,0,M,Y, , , ,Y,Y,Y, , , ,Y, , ,Y,Y,Y,Y, , ,Y, ,Y, , , ,Y, , ,N,Y,Y, , ,Y,Y,Y,Y,Y, , ,Y,Y,Y,Y,Y, , ,B, ,S
17488292.0036233,-906580.544296662,3605,57005,56940,RINGGI COVE,SB,-8.116667,157.1,8,7,S,157,6,E,126,82304,S,CN,F,N,N,N, , ,A, ,L, ,1,M,Y,Y,Y,N,N, ,N, , , , , , , , , , ,Y,Y, , ,Y,Y, , , , , ,Y, , , , , , , ,Y, , , , , , ,Y, , , , , , 
15258191.5380647,4118674.23677268,3606,61416,61100,ATSUMI,JP,34.666667,137.066667,34,40,N,137,4,E,158,97182/8,V,CN,P, , , ,Y, ,L, ,J,J,2,M, , , , ,Y,Y,Y, , , ,Y,Y, ,Y, , ,Y,Y, , , , , , , ,Y, , ,N, , , , , , , ,Y, , , , , ,Y,N,N, , , , , 
14794360.3264261,4044478.28759784,3607,61664,61100,NAMIKATA,JP,34.116667,132.9,34,7,N,132,54,E,159,97262/3,V,OR,P, , , ,Y,Y,A, , ,B,4,M, , , , ,Y,Y,Y, ,Y, ,Y,Y, , , , , ,Y, ,Y, , , , , , , , , , , , , , , , , , , , , , , ,N,N, , ,N, , 
15584728.7110583,4897477.82337874,3608,61277,61100,NOSHIRO KO,JP,40.216667,140,40,13,N,140,0,E,159,95250,V,CN,F, , , , , ,K, ,M,M,0, , , , , ,Y, , , , , , ,Y,Y, ,N,Y,Y,N,Y,Y, , , , , ,Y,Y, , , , , , , , , ,Y, , , , ,Y,Y,N, , , ,C, , 
18527273.9176938,-2545576.95105055,3609,57320,57260,NOUMEA,NC,-22.283333,166.433333,22,17,S,166,26,E,126,82690,S,CN,E,N,N,N,Y, ,L,L,K,K,1,M,Y, ,Y,N,Y,Y,Y, ,Y, ,Y,Y,Y,Y,Y,Y,Y,Y,Y, ,Y, , , , ,Y,Y, ,N, ,Y, , ,Y, , ,Y,Y,Y,Y,Y, ,Y,Y,Y,Y,Y,B, , 
14831466.8233571,4236597.29950394,3610,61760,61100,SAKAIMINATO,JP,35.533333,133.233333,35,32,N,133,14,E,159,95300,V,CN,F, , , ,Y, ,L, ,N,M,1, , , ,Y, ,Y,Y,Y, , , ,Y,Y, ,Y, , ,Y,Y,Y,Y,Y,N, , , , , , , , , , , , , , ,Y, , , , ,Y,Y,Y, , , ,C, ,S
14989169.4353143,4132217.11298388,3611,61566,61100,SHIKAMA,JP,34.766667,134.65,34,46,N,134,39,E,159,97219,S,CB,G, , , , , ,J, ,N,M,1,M, , , , ,Y,Y,Y, , , ,Y,Y, ,Y, ,Y,Y, , , , , , , , , , , , , , , , , , , , , , , , , ,Y,Y, , , ,C, ,S
18428941.7008264,-2409773.49896499,3612,57325,57260,BAIE UGUE,NC,-21.15,165.55,21,9,S,165,33,E,126,82684,V,OR,F, , , ,Y,Y, ,G,J, ,1,L, , , , ,Y, ,Y, , , ,Y,Y,Y,Y,Y, ,Y,Y, , ,Y,Y, , , , ,Y, ,Y, , , , , , , ,Y, , , , , , , , , , , , , 
-98332.2168673916,7119813.71294607,3613,31665,31330,HOWDENDYKE,GB,53.733333,-0.883333,53,44,N,0,53,W,192,37062,V,RN,F, , , ,Y,Y,O,N, , ,0,M, , , ,N,Y,Y,Y, , , ,Y, ,Y,Y, , ,Y, , , ,Y,Y, , , , ,Y, , , , , , , , , ,Y, , , , , ,Y,Y,Y, , ,C, ,S
14562444.7206067,4017617.87665371,3614,62115,61100,TOBATA,JP,33.916667,130.816667,33,55,N,130,49,E,159,95342,V,CN,P, ,Y, ,Y,Y,K, ,L, ,2,M, , , , ,Y,Y,Y, , , ,Y,Y, ,Y, , ,Y,Y, ,Y,Y, , , , , , , , , , ,Y,Y,Y, , , , , , , ,Y,Y,Y, , , ,C, , 
1217093.09933979,-432622.039910022,3615,46454,46410,M'BYA OIL TERMINAL,GA,-3.883333,10.933333,3,53,S,10,56,E,123,57220,V,OR,P,N,N,N,Y, ,A,A, ,A,1,L,Y, , , ,Y,Y,Y, , ,N,Y, , , ,Y, ,Y, , , , , , , , ,N,N, ,N, , , , , , , , , , , , ,N,N,N,N,N,N,N, , 
-636376.422368214,7310282.61055974,3616,33780,33630,KILROOT,GB,54.733333,-5.716667,54,44,N,5,43,W,142,36011,S,CN,F,Y,Y, ,Y, , ,K,K,M,0,M, , , , ,Y,Y,Y, , , ,Y, , , , , ,Y, , ,Y,Y, ,Y, , , , , , , , , , , , , , , , , , , , ,Y,Y, , , , ,S
14709015.3834845,4022090.22204838,3617,62113,61100,YANAI,JP,33.95,132.133333,33,57,N,132,8,E,159,97266,V,OR,P, , , , , , ,E,O,G,1,M, , , , , , , , , , ,Y, , , , , , , , , , ,Y, , , , , , , , , , , , , , , , , , , , , ,Y, , , , , , 
-309839.249374611,7179631.38818729,3618,33985,33840,LANCASTER,GB,54.05,-2.783333,54,3,N,2,47,W,142,36025,S,RB,F,Y,Y, ,Y,Y, ,L,O, ,3,M, , , ,N,Y,N,Y, ,Y,N,N,Y,Y, , , ,Y, , ,Y, , , , , ,Y, ,Y, , , , , , , , ,Y, , , , ,Y,Y,Y,Y, , ,C, ,S
14562444.7206067,4010912.63734518,3619,62121,61100,YAHATA,JP,33.866667,130.816667,33,52,N,130,49,E,159,95342/1,S,RB,F, ,Y, ,Y,Y,L, ,L, ,2, , , , , ,Y,Y,Y, , , ,Y,Y, ,Y, , , ,Y,Y,Y, , , , , , , , , , ,Y,Y,Y, ,Y,Y,Y, , , , ,Y,Y,Y, , , ,C, ,M
-363643.669924694,7041788.84576557,3620,34685,34580,MOSTYN,GB,53.316667,-3.266667,53,19,N,3,16,W,142,36027,V,CN,F, , , ,Y, ,J,F,P, ,5,M, , , , ,Y,Y,Y, , , ,Y, ,Y,Y, , ,Y, , ,Y,Y, , , , , ,Y, ,Y,Y,Y,Y, ,Y,Y,Y,Y, , , , , ,Y, , , , ,C, ,S
1530642.99840751,-1201879.55749779,3621,46570,46540,PORTO AMBOIM,AO,-10.733333,13.75,10,44,S,13,45,E,123,57280,V,OR,P, ,Y, , , ,A,D,O, ,1, ,Y, , , ,Y, , , ,N, , ,Y, ,Y, , ,Y, ,Y,Y, ,Y, , , ,Y, , , ,Y, , , ,Y,Y,Y,Y,Y, , , ,Y,N,Y,N,N,N, , , 
-40817.1466242003,7113543.37942064,3622,31668,31330,NEW HOLLAND,GB,53.7,-0.366667,53,42,N,0,22,W,192,37062,V,OR,P, , , ,Y, ,Q,N,Q, ,5,M, , , , ,Y,Y,Y, , , , , ,Y,Y,Y,Y,Y, , , ,Y, , , , , ,Y, , , ,Y,Y, , ,Y,Y,Y, , , , ,Y,Y,Y,Y, , ,C, , 
15039263.2061713,4022090.22204838,3623,61541,61100,YURA,JP,33.95,135.1,33,57,N,135,6,E,159,97200, , , , , , , , ,O,L, , ,0, ,Y, , , , ,Y,Y, , , ,Y, , , , , , , , , , , , , , , , , , , , , , , , , , , , , , ,Y,Y,Y, , , ,C,L, 
37106.4969310912,6704260.51875775,3624,31430,31330,TILBURY,GB,51.466667,0.333333,51,28,N,0,20,E,192,37035,S,RT,G, , , , ,Y, ,M,K, ,3,M, , , , ,Y,Y,Y, ,Y, ,Y, , , ,Y, ,Y, , , , , , , , , ,Y, ,N,Y, , , , ,Y,Y,Y, , , , ,Y,Y,Y,Y, , ,C, ,S
17204427.3021004,-575931.772675862,3625,56945,56695,QUEEN CAROLA HARBOR,PG,-5.166667,154.55,5,10,S,154,33,E,126,82244,V,CN,G,N,N,N,Y, ,E,J,P, ,2,M,Y,Y,Y,N,Y,Y,Y,N,Y,Y,Y, , ,Y,N, ,Y, ,Y, ,Y,Y, , , ,Y, , ,N, ,Y, , , , ,Y,Y, , , , ,Y,N, ,Y, , ,C, , 
1539919.62264028,-1254795.15079517,3626,46580,46540,SUMBE,AO,-11.2,13.833333,11,12,S,13,50,E,123,57280,V,OR,P, ,Y, , , ,A,L,O, ,1, , , , , , ,N, , , , , , , , , , ,Y, ,Y, , ,Y, , , ,Y, , , , ,Y, , , , ,Y,Y,Y, , , ,N,N,N,N,N,N,C, , 
-695746.81745796,7189117.89087744,3627,33680,33630,WARREN POINT,GB,54.1,-6.25,54,6,N,6,15,W,142,36006,V,CN,P, , , ,Y, ,N,M, , ,3,M,Y, , ,N,Y,Y,Y, , , ,Y, , , , , ,Y, , ,Y,Y, , , , ,Y,Y, ,N,Y,Y, , , ,Y, ,Y, , , ,Y, ,Y,Y,Y,Y, ,B, ,S
14321252.4905546,4182015.40636637,3628,60385,60315,CHINAE,KR,35.133333,128.65,35,8,N,128,39,E,157,95147,S,CN,F, ,Y, , ,Y,K,F,O, ,1,M,Y,Y, , ,Y,N, , , , ,Y, , , , , ,Y, ,Y,Y, ,Y, , , ,Y,Y, , , ,Y,Y, ,Y,Y,Y,Y,N, , , , ,Y, , , , , ,S, 
16697.923618991,6921576.72499912,3629,31600,31330,WISBECH,GB,52.666667,0.15,52,40,N,0,9,E,192,UK 1200,S,LC,G, ,Y, ,Y,Y,Q,N,O, ,4,M, ,Y, , ,Y,Y,Y, ,Y, ,Y, ,Y,Y, , ,Y, , , ,Y, , , , ,Y,Y, ,N, ,Y, , , ,Y, , , , , ,Y,Y,Y,Y,Y,Y, ,C, , 
760683.187087369,7066673.42237981,3630,30985,30980,EEMSHAVEN,NL,53.45,6.833333,53,27,N,6,50,E,192,37222,S,RB,F, , ,Y,Y, ,L,K,J,L,2,M, , , ,N, ,Y, , , , ,Y, ,Y, ,Y,Y,Y,Y,Y,Y,Y,Y, , , , ,Y,Y,Y, ,Y,Y, ,Y, ,Y,Y, , , , , ,Y,Y, , , ,C,M,S
16180287.9868023,-1683438.49161116,3631,53318,53290,CAPE FLATTERY HARBOR,AU,-14.95,145.35,14,57,S,145,21,E,127,74266,S,OR,F, , , ,Y,Y, ,M,G,H,1,M, , , , ,Y,Y,Y, , , ,N, , , , , ,Y, ,Y, , ,Y, , , ,N,N, ,N, , , , , , , ,Y, , , , , ,N,N, , , , , , 
-636376.422368214,-1795074.30772541,3632,46690,46660,JAMESTOWN,SH,-15.916667,-5.716667,15,55,S,5,43,W,123,57485,V,OR,P,Y,Y,N,Y, ,A,A,P, ,1,L,N, ,Y,N,Y,N,N,Y,Y,N,N,Y,Y, , ,Y,Y,Y,Y, ,Y,Y, , , ,Y, , ,N,Y, , , , , ,Y,Y, , , , ,Y,Y,N,N,N,N, , , 
445277.963173094,6701282.86877362,3633,31215,30980,HANSWEERT,NL,51.45,4,51,27,N,4,0,E,192,37246,V,CT,F, , , ,Y,Y,N,J, , ,3,M, , ,Y, ,Y, ,Y, , , ,Y, ,Y, ,Y, ,Y, , ,Y,Y, , , , , , , ,Y, , , , , , , , , , , , , ,Y,Y,Y, , , , ,S
-1784822.50238549,2041450.52175859,3634,45814,45810,NOUAKCHOTT,MR,18.033333,-16.033333,18,2,N,16,2,W,143,51027,S,OR,P, ,Y, ,Y, ,J,K,L,K,1,M,Y, , ,Y,Y,Y,Y, , , ,Y, , , , , ,Y, ,Y, ,Y, , , , ,Y,N, ,N,Y,Y, , , ,Y,Y,Y, , , , , ,Y, , , , ,N, , 
16807387.7849378,-590836.505198557,3635,56840,56700,BIALLA,PG,-5.3,150.983333,5,18,S,150,59,E,126,82215,V,CN,F, , , , , , , , ,H,1, , , , , , ,Y,Y, , ,N,N, , ,Y,Y, ,Y, , , , , , , , , , , , , , , , , , , , , , , , , ,N, ,Y, , , , , 
-1369229.73675727,-4446078.43585835,3636,46710,46700,EDINBURGH OF THE SEVEN SEAS,SH,-37.05,-12.3,37,3,S,12,18,W,123,57486,V,OR,P, , , ,Y, ,A,A, , ,2,M, , , , , , , ,Y, , , , , ,Y,Y, ,Y,Y, , , ,Y, , , ,Y,N, , , , , , , , , , , , , , , , , , , , , , , 
-6695867.3712154,7082265.97417405,3637,1330,1230,NORTH WEST RIVER,CA,53.533333,-60.15,53,32,N,60,9,W,146,15067,V,RN,F,N,N,Y,Y,Y,L,J,P, ,0,M, , ,N,N, ,N,N, , ,N,N,Y,N, , , , ,Y, , ,Y,Y, , , ,Y, , ,N, , , , , , , , , , , , , , , , , , , , , 
987032.818367026,7195448.58121483,3638,30695,30650,BUSUM,DE,54.133333,8.866667,54,8,N,8,52,E,192,37165,V,CN,F, , , ,Y,Y,M,P,P, ,3,M, , , , ,Y,N,Y, ,Y, ,Y,Y, ,Y, , ,Y, , , ,Y, , , , ,Y,Y, ,Y, , , , , , , , , , , , , ,Y, ,Y, , ,C, ,S
-7389758.86382681,6480984.63295101,3639,1955,1930,SEPT ILES,CA,50.2,-66.383333,50,12,N,66,23,W,145,14263,M,RN,G,N,N,Y,Y,N,J,J,E,J,10,L,Y,Y,Y,N,Y,Y, , , ,N,Y, ,N, , , ,Y,Y,Y,Y, , ,Y, , ,Y,Y, ,N,Y,Y, ,Y,Y, , , , , , , ,Y,Y,Y,Y, , ,C, , 
6304393.82859239,2816493.77278205,3640,48257,48225,PORT OF SOHAR,OM,24.516667,56.633333,24,31,N,56,38,E,172,62364,S,CB,F, , , ,Y, ,F,A,F,F,3, , , , , ,Y,Y, , , , ,Y, , , , , ,Y, , , ,Y, , , , , ,Y, ,N,Y,Y,Y, ,Y, ,Y, , , , , , , , , , , , , , 
1059390.48738265,7104147.18368998,3641,30785,30650,BUTZFLETH,DE,53.65,9.516667,53,39,N,9,31,E,192,37229,S,OR,G, , , ,Y, ,H,M,G,K,3,M, , , , ,Y,Y, , , , ,Y, ,Y, ,Y,Y,Y, , ,Y,Y, , , , ,Y,Y, , , , , , , , , ,Y, , , , , ,Y,Y,Y, , ,C, ,S
11113395.8308618,704596.882081486,3642,49830,49820,PELABUHAN BASS,MY,6.316667,99.833333,6,19,N,99,50,E,174,71315,V,CN,G,N,N,N,Y,N,A,O,N, ,2,M, , , , ,Y,Y, , , , , ,Y,Y,Y, , ,Y,Y, , , , , , , ,Y, , ,N, , , , , , , , , , , , , ,Y,Y, , , , , , 
1059390.48738265,7154389.72865747,3643,30725,30650,ITZEHOE,DE,53.916667,9.516667,53,55,N,9,31,E,192,37228,V,RN,F,Y, , ,Y,Y,N,J,P, ,2,M, , , , , , ,Y, , ,N,N, , , ,Y,Y, , , ,Y,Y, , , , ,Y,Y, , ,Y, , , , , ,Y,Y,Y, ,Y, , ,Y,Y,Y,Y,Y,C, ,S
-6413857.99453911,6040565.20878006,3644,1790,1780,BURGEO,CA,47.6,-57.616667,47,36,N,57,37,W,146,14329,V,CN,G,N,N,Y,Y,N,M,A,N, ,0,M,Y,Y,N,N,N,N,Y, ,Y, ,N,Y,N, , ,Y, , , , ,Y, , , , ,Y, , ,N, , , , , ,Y, , ,Y, ,Y, , , , , , , ,C, , 
1005586.06683257,7132369.31229549,3645,30740,30650,NEUHAUS,DE,53.8,9.033333,53,48,N,9,2,E,192,37228,V,RN,F, , , ,Y,Y,O,J,P, ,0,M, , , , ,Y, ,Y, , , ,N, , , , , ,Y, ,Y,Y,Y, , , , ,Y, , , , , , , , , , , , , , , , ,Y,Y,Y, , , , ,S
1230080.37326567,7255845.78476699,3646,28912,28826,ORTH,DE,54.45,11.05,54,27,N,11,3,E,194,44069,V,CB,P, , ,Y,Y, ,P,O,P, ,0,M, , , , ,Y,N,Y, , , ,N, , , , , , , , ,Y,Y, , , , , , , , , , , , , , , ,Y, , , , , ,Y,Y,Y, , , , ,S
-6252444.73288887,5906779.98796641,3647,1750,1740,PORT DE ST PIERRE,CA,46.783333,-56.166667,46,47,N,56,10,W,146,14342,S,CB,G,N,N,N, , ,L,G,L,K,2,M,Y,Y,Y,N,Y,Y, , ,Y,N,N,Y,Y, ,Y,Y,Y,Y,Y, ,Y, , , , ,Y,N, ,N,Y, , , , , ,Y,Y,N,N,Y,Y,Y,Y,N,Y,Y,Y,C, ,M
-6013107.82768333,6073646.22335063,3648,1715,1680,COME BY CHANCE HARBOR,CA,47.8,-54.016667,47,48,N,54,1,W,146,14355,S,OR,P,N,N,Y,Y,N,A,A,G,A,9,L,Y,Y,Y,N,Y,Y, , , ,Y,Y,Y,N, , , ,Y,Y, , ,Y, , , , ,Y, , ,Y, , , , , , , , ,Y,Y,Y,Y,Y,Y,Y,Y, , ,N, , 
10985378.4164495,421465.12852524,3649,50730,50515,BELAWAN,ID,3.783333,98.683333,3,47,N,98,41,E,174,71071,M,RN,G,N,N,N,Y,N,L,L,K,N,2,L,Y,Y,Y,N,Y,Y,Y, ,Y, ,Y, ,Y,Y, , ,Y, ,Y,Y,Y,Y, , , ,Y, , ,N,Y,Y,Y, , ,Y,Y,Y,Y,N,Y,Y,Y,Y,Y,Y,Y,Y,C,S, 
3296912.25232745,3645742.86800353,3650,45172,45120,SIDI KERIR (KURAYR),EG,31.1,29.616667,31,6,N,29,37,E,132,56101,S,OR,P,N,N,N,Y, , ,A, ,B,0,L,Y,Y,Y,Y,Y,Y,Y, , , ,Y,Y,Y,Y, , ,Y, ,Y,Y,Y,Y, , , ,N, , ,Y, , , , , , , ,N,N,N,N,N,N,N,N,N,N,N,N, ,M
12540140.6378623,-798008.260025989,3651,51120,50920,GRESIK,ID,-7.15,112.65,7,9,S,112,39,E,163,72234,S,OR,G, , , ,Y, ,G,C,C,L,0,M, , , , ,Y,Y,Y,Y,Y, ,Y,Y, ,Y, , ,Y,Y,Y,Y,Y, , , , ,Y,Y, ,N, ,Y, , , , ,Y, , , , , , ,Y,N, , , ,C, ,M
-6128137.96816971,6317388.11793081,3652,1560,1410,LEWISPORTE,CA,49.25,-55.05,49,15,N,55,3,W,146,14384,V,CN,G,N,N,Y,Y,N,J,F,M,L,1,L,Y,Y,Y,N,Y,Y,Y, , ,N,N,Y,N, , ,Y, , , ,Y,Y, , , , , , , ,N, , , , , , , , ,Y, , , ,Y,Y,Y,Y,N,N,C, , 
-6148546.54148181,6365846.23161067,3653,1525,1410,FORTUNE HARBOR,CA,49.533333,-55.233333,49,32,N,55,14,W,146,14380,S,CN,F,N,Y,Y,Y,N,H,J,N, ,1,M, , ,N,N, ,N,N, , ,N,N,Y,N, , , , , , , ,Y, , , , , , , ,N, , , , , , , , , , , , , , , , , , , , , 
-6241312.78380954,6360130.74092142,3654,1515,1410,SPRINGDALE,CA,49.5,-56.066667,49,30,N,56,4,W,146,14380,S,CN,N,N,N,Y,Y,N,K,L,K, ,2,M,Y, ,N,N, ,N,Y, , ,N,N,Y,N, ,Y, , , , , ,Y, ,Y, , ,Y, , ,N, , , , , , , , , , , , ,Y,Y,Y,Y, , , , , 
3896182.17776457,3870994.73626066,3655,45080,45060,HAIFA,IL,32.816667,35,32,49,N,35,0,E,132,56064,M,CB,G,N,Y,N,Y,N,H,E,H, ,1,L,Y,Y,Y,N,Y,Y,Y, ,Y, ,Y,Y, ,Y, , ,Y, ,Y,Y,Y, , , , ,Y,Y, ,Y,Y,Y, , ,Y,Y,Y,Y, , ,Y, , , , , , , ,B, ,M
3951841.92316121,4015382.36007316,3656,45030,45020,BAYRUT,LB,33.9,35.5,33,54,N,35,30,E,132,56043,L,CB,E,N,Y,N,Y, ,G,A,F,K,0,M,Y, ,Y, ,Y,Y,Y, , ,Y,Y,Y,Y, , , ,Y, ,Y,Y,Y,Y,Y, , ,Y,Y, ,N,Y,Y, ,Y,Y,Y,Y,Y,N,N,Y,Y,Y,Y, ,Y,Y,Y,B,L,L
-6222759.53534399,6600682.6286094,3657,1430,1410,CONCHE,CA,50.883333,-55.9,50,53,N,55,54,W,146,14404,V,CN,F,N,N,Y,Y,N,A,L,O, ,1,M,Y, ,N,N,N,N,Y, , ,N,N,Y,N, , , , , , , ,Y,Y,Y, , , , , ,N, , , , , , , , , , , , ,Y, , , , , , , , 
-6723697.24391372,7048002.68909937,3658,1340,1230,TERRINGTON BASIN,CA,53.35,-60.4,53,21,N,60,24,W,146,15066,V,CN,G,N,N,Y,Y, ,K,J,M,L,1,M,Y, , , ,Y, ,Y, , ,N,N,Y, , ,Y, ,Y,Y,Y, ,Y, , , , ,Y, , , , , , , , , , , , , , , ,Y,Y, ,Y, , ,C, , 
2001895.50943237,4960853.01004374,3659,40500,40390,BRINDISI,IT,40.65,17.983333,40,39,N,17,59,E,131,54082/3,L,CB,F,N,N,N,Y,Y,G,A,J,K,1,L, , ,Y,N,Y,Y,Y, ,Y, ,Y, , ,Y, , ,Y, ,Y,Y,Y, , , , ,Y,Y, ,Y, ,Y,Y, ,Y,Y,Y,Y, , , , , ,Y,Y,Y,Y,Y,C,M,M
14625525.7653896,5291699.12433899,3660,62535,62530,SLAVYANKA,RU,42.866667,131.383333,42,52,N,131,23,E,155,96039,S,CN,G, , ,Y,Y, , ,G,N,N,0, , , , , ,Y,Y,Y, ,Y, ,Y, , , , , ,Y, , ,Y, , ,Y, , ,Y, , , ,Y,Y,Y, , , , , , , , , , ,Y,Y, , , , ,L,S
15042973.8558644,4044478.28759784,3661,61542,61100,SHIMOTSU,JP,34.116667,135.133333,34,7,N,135,8,E,159,97222,S,CN,F,Y,Y,N,Y, ,J,B,L,A,2,L,Y,Y,Y,N,Y,N,Y, ,Y, ,Y,Y, ,Y, , , ,Y, ,Y,Y, , , , ,Y, , ,Y, , ,Y, , ,Y, ,Y, , , , , ,Y,Y,Y,Y,Y,C,S, 
14979892.8110815,4129958.82902869,3662,61571,61100,O0KIHAMA,JP,34.75,134.566667,34,45,N,134,34,E,159,97218,V,CN,F, , , , , ,K, ,M,M,1,M, , , , ,Y,N,Y, , , ,Y,Y, ,Y, , , ,Y, ,Y, , , , , , , , , , , ,Y, , , , , , , , , ,Y,Y,Y, , , ,C, , 
15736865.3484758,5347555.26673179,3663,61232,61100,ISIKARI WAN,JP,43.233333,141.366667,43,14,N,141,22,E,159,96941,V,CB,F, , , ,Y,N,L,J,M,M,0, , , , , ,Y,N,Y, ,Y, ,Y,Y, , , , ,Y,Y, ,Y, , , , , ,Y, , ,Y, ,Y, , , ,Y, ,Y, , , , , ,Y,N,N, , ,N, ,S
15146872.0472714,4252568.16933,3664,61810,61100,TSURUGA,JP,35.65,136.066667,35,39,N,136,4,E,159,95281,S,CB,G,Y,Y,N,Y, ,G,C,K,F,0,L, , ,Y,N,Y,N,Y, ,Y, ,Y,Y,Y, , , ,Y,Y, ,Y,Y, , , , ,Y, , ,Y,Y,Y, , , ,Y,Y,Y, , , , ,Y,Y,Y,Y, , ,C,S,S
15389919.6021701,4464691.99124329,3665,61865,61100,NAOETSU,JP,37.183333,138.25,37,11,N,138,15,E,159,95274,V,CB,P,N,N,N,Y, ,J,A,K,M,1,L,Y, ,Y,N,Y,N,Y, , , ,Y,Y, ,Y, , ,Y,Y,N,Y, , , , , ,Y,N, ,N,Y,Y, ,Y, , , ,Y, , , ,Y,Y,Y,Y,Y, , ,C, ,S
8267327.51624712,1654650.28731549,3666,49000,48610,BELEKERI,IN,14.7,74.266667,14,42,N,74,16,E,173,63110,V,OR,N,N,Y,N,Y,N,N,K, , ,0,M,Y,N,Y,N,Y,N,Y, , , , ,Y,N, ,Y, ,N, , ,Y, ,Y, , , ,Y, , , , , , , , , , ,Y, , , , ,N,Y,N,N, , ,C, ,S
11170910.901105,603880.783090856,3667,49850,49820,PULAU PINANG,MY,5.416667,100.35,5,25,N,100,21,E,174,71061/59,M,CN,G,Y,N,N,Y,Y,K,L,M,L,2,L, , ,Y, ,Y,Y,Y, , ,N,Y,Y,Y,Y,Y,Y,Y,Y,Y,Y,Y,Y, , , ,Y, , ,Y,Y,Y, , , ,Y,Y,Y, , , , ,Y,Y,Y,Y, , ,C,L,M
11571661.0679608,155862.797533267,3668,49995,49990,SERANGOON HARBOR,SG,1.4,103.95,1,24,N,103,57,E,174,71251,V,CN,G,N,N,N,Y,N,H,J,L, ,0,M,Y, , , , , , , , , , , , , , , , , , , ,Y,Y, , , , , , ,N, , , , , , , , , , , , , , , , , , , , , 
8217233.74539014,1746891.55707536,3669,48960,48610,PANAJI,IN,15.5,73.816667,15,30,N,73,49,E,173,63111/0,V,CN,P,N,N,N,N,N,O,G,O, ,2,M,Y, ,Y,N,Y,Y,Y,Y, , , ,Y, , ,Y,Y,Y,Y,Y, , ,Y, , , ,Y,N, ,N,N,N,N, , , , , , , , , ,Y,Y, , , , , , , 
11560529.1188815,142871.959874711,3670,50000,49990,KEPPEL - (EAST SINGAPORE),SG,1.283333,103.85,1,17,N,103,51,E,174,71247,L,CN,G, ,Y,N,Y,Y,H,C,G, ,3,L, ,Y,Y,Y,Y,Y,Y, ,Y, ,Y,Y,Y, ,Y,Y,Y,Y,Y, ,Y,Y, , , ,Y,Y, , ,Y,Y, ,Y, ,Y,Y, ,Y, ,Y,Y,Y,Y,Y,Y,Y,Y,A,L,S
7758968.50829117,2573671.3573378,3671,48615,48610,VADINAR TERMINAL,IN,22.516667,69.7,22,31,N,69,42,E,173,63062,V,OR,P,N,N,N,Y,N,A,E,G,A,6,L, ,Y,N,Y,Y,Y,Y, ,Y,Y,Y,Y, , , ,Y,Y,Y, , , , , , , ,Y,N, ,N, ,Y, , , , ,Y, , , , , ,Y,Y, , , , ,C, ,S
14239618.1973062,3032146.41500556,3672,62505,62470,NAKAGUSUKU,JP,26.266667,127.916667,26,16,N,127,55,E,158,97469,V,OR,P, ,N,N,Y,N,A,A,J,A,2,L, , ,Y,N,Y,N,Y, ,Y,N,Y,Y, , ,Y,Y,Y,Y,Y, ,Y,Y,Y, , ,Y, , ,Y,Y,Y, , , , ,Y, , , , , , ,Y,Y, , , ,C, , 
11547541.8449556,142871.959874711,3673,50017,49990,JURONG ISLAND,SG,1.283333,103.733333,1,17,N,103,44,E,174,71253,L,CN,G, , , ,Y, ,G,K,E,E,1,L, ,Y,Y,Y,Y,Y,Y, ,Y, ,Y,Y,Y, ,Y,Y,Y,Y,Y, ,Y, , , , ,Y,Y, ,Y,Y,Y,Y,Y,Y, ,Y,Y,Y, ,Y,Y,Y,Y,Y,Y, , ,A,L,S
14367635.6117185,3893091.95104291,3674,62340,61100,AOKATA,JP,32.983333,129.066667,32,59,N,129,4,E,159,97392,V,OR,P, , , , , ,A,F, ,B,0, , , , , , , ,Y, , , ,Y,Y, ,Y,Y,Y, , , , ,Y, , , , , , , , , , , , , , , , , , , , , , ,N,N, , , , , 
179966.510115792,6478086.69050416,3675,35790,35720,SAINT-VALERY-SUR-SOMME,FR,50.183333,1.616667,50,11,N,1,37,E,191,37115,V,CB,E,Y,N,N,Y, ,Q, ,O, ,5,M,N, ,Y,N,Y, ,Y,Y,Y, ,Y,Y, , ,Y, ,Y, ,Y, ,Y, , , , ,Y, , ,N,Y,Y, , , , ,Y, , , , , , ,Y,Y,Y, , ,D, , 
152136.637417474,6457829.34819993,3676,35800,35720,LE TREPORT,FR,50.066667,1.366667,50,4,N,1,22,E,191,37112,V,RT,F,Y,Y,N,Y,Y,Q,G,M, ,9,M,N, ,Y,N,Y,Y,Y, ,Y,N,N, , , ,Y, ,Y, ,Y,Y, , , , , ,Y,Y, ,Y,Y,Y, , , , ,Y, , , , , , ,Y,Y,Y, , ,C, ,S
15161714.6460439,4309798.48421546,3677,61805,61100,FUKUI,JP,36.066667,136.2,36,4,N,136,12,E,159,95267,V,OR,P, ,Y, , , ,L,J,M,A,1, , , , , ,Y,N,Y, , , , ,Y, ,Y, , , ,Y,Y,Y, , , , , , , , , , , , , , , , ,Y, , , , ,Y,Y,Y, , , ,N, ,S
120596.115026046,6434738.34362662,3678,35810,35720,DIEPPE,FR,49.933333,1.083333,49,56,N,1,5,E,191,37111,S,LC,G,Y,Y,N,Y,Y,N,J,L, ,9,M,Y, ,Y,N,Y,Y,Y, ,Y, ,Y,Y,Y, ,Y,Y,Y,Y,Y,Y, , , , , ,Y,Y, ,Y,Y,Y, , , ,Y,Y,Y,Y,Y,Y,Y,Y,Y,Y,Y,Y,Y,A,S,S
15423315.4494081,4490339.37365759,3679,61867,61100,KASHIWAZAKI,JP,37.366667,138.55,37,22,N,138,33,E,159,95274,V,CN,F, , , ,N, ,L,A,N, ,1, ,Y, , , ,Y,N, , ,Y, ,Y,Y, ,Y, , , ,Y,Y,Y, , , , , , , , , , , , , , , , , , , , , ,Y,Y,Y, , , ,C, ,S
16697.923618991,6385881.20257608,3680,35835,35720,PORT DU HAVRE-ANTIFER,FR,49.65,0.15,49,39,N,0,9,E,191,37261,S,CB,F,Y,Y, ,Y,N,A,A, ,A,7,L,Y,Y,Y,Y,Y,Y,Y, , ,Y,Y,Y,Y, ,Y,Y,Y, ,Y, ,Y, , , , ,Y,Y, ,Y,Y,Y, , , , ,Y, , , , , , ,Y,Y,Y, , , , , 
14825900.8488175,4066910.51684625,3681,61617,61100,INNOSHIMA,JP,34.283333,133.183333,34,17,N,133,11,E,159,97243,V,CB,F, , , , , ,L,J,K, ,0,L, , , ,N,Y,Y,Y, , , , ,N, , , , , ,Y, , , , , , , ,Y, , , , , ,Y, , , , ,Y,Y,Y,Y,Y,Y,Y,Y, ,Y,Y,A,M, 
12987.2739258819,6357274.45549558,3682,35840,35720,PORT OF LE HAVRE,FR,49.483333,0.116667,49,29,N,0,7,E,191,37262,L,RT,E,Y,N,N,Y,Y,G,M,F,C,7,L, ,Y,Y,Y,Y,Y,Y, ,Y,Y,Y,Y,Y, ,Y,Y,Y, ,Y,Y,Y, , , , ,Y,Y, ,Y,Y,Y,Y,Y,Y,Y,Y,Y,Y,Y,Y,Y,Y,Y,Y,Y,Y,Y,A,L,M
14226630.9233804,3025940.87946879,3683,62497,61100,NISHIHARA,JP,26.216667,127.8,26,13,N,127,48,E,158,97465,V,OR,F, , , , , , , , ,H,1,L, , , , ,Y, ,Y, ,Y, ,Y,Y, ,Y, , ,Y,Y,Y, , , , , , ,Y, , ,Y, , , , , , , , , , , , , ,Y,Y, , , , , , 
11233991.9458879,1415970.80121844,3684,57446,57431,SATTAHIP,TH,12.616667,100.916667,12,37,N,100,55,E,161,93248,M,CB,P, , , , , ,L,A,L,J,0, , , , , ,Y,Y,Y, , , , ,Y, , , , , ,Y, , ,Y, , , , , , , , , , , , , , , , , , , , , , , , , , , , , 
-9078104.47419146,2638066.41274581,3685,10110,10030,MATANZAS,CU,23.05,-81.55,23,3,N,81,33,W,147,27083,S,CN,G,N,Y,N,Y,N,G,N,J,E,1,L,Y,Y,N,N,Y,Y,Y, , , ,Y,Y, , , , ,Y, ,N,Y,Y,Y, , , ,Y, , ,N, , , , , , , ,Y,Y, , , , ,Y,Y,N, , ,C, ,S
118740.790179492,6351564.79996172,3686,35850,35720,PORT OF ROUEN,FR,49.45,1.066667,49,27,N,1,4,E,191,37259,L,RN,E,Y,N,N,Y,Y,K,H,J,J,3,M,Y,Y,Y,N,Y,Y,Y, ,Y,N,Y,Y,Y, , , ,Y, ,Y,Y,Y, ,Y, , ,Y,Y, ,Y,Y,Y,Y, ,Y,Y,Y,Y, , ,Y,Y,Y,Y,Y,Y,Y,Y,A,S,L
-8519651.69537854,2425695.30487774,3687,10160,10030,PUERTO PADRE,CU,21.283333,-76.533333,21,17,N,76,32,W,147,27042/1,S,CN,G,N,N,N,Y,N,L,N,L,L,1,L,Y,Y, ,N,Y,Y,Y, , , ,Y,Y, ,Y, , ,Y,Y, ,Y,Y,Y, , , ,Y, , ,N, , , , , , , ,Y, , , , , ,Y,N,N,N,N,C, ,S
-8386068.30642661,2354159.27744118,3688,10270,10030,BAHIA DE SAGUA DE TANAMO,CU,20.683333,-75.333333,20,41,N,75,20,W,147,26245,L,OR,E,Y,N,N,Y,N,C,J,M,M,1,L,Y,Y, ,N,Y,Y,Y, , , ,Y,Y, ,Y, , ,Y, , , ,Y, , , , , , , ,N, , , , , , , ,Y, , , , , ,Y,N,N,N,N,N, , 
-8363804.40826796,2271056.63600926,3689,10320,10310,PUERTO GUANTANAMO,CU,19.983333,-75.133333,19,59,N,75,8,W,147,26230,L,CN,F,N,N,N,Y,N,H,K,N, ,0,L,Y,Y, ,N,Y,Y,Y, , , ,Y,Y, ,Y, , ,Y, ,Y,Y,Y, ,Y, , ,Y, , ,N, , , , , , , ,Y, , , , , ,Y, ,N, , , , ,M
